window_start,reconstruction_mse,is_reconstruction_anomaly,split,supply_temp_c_reconstruction_mse,is_supply_temp_c_channel_anomaly,return_temp_c_reconstruction_mse,is_return_temp_c_channel_anomaly,derived_flow_kg_s_reconstruction_mse,is_derived_flow_kg_s_channel_anomaly,dominant_anomalous_feature
2024-03-20 10:45:00,1.0635619,False,train,1.1898053,True,1.8690367,True,0.13184375,False,return_temp_c
2024-03-20 22:45:00,0.039058372,False,train,0.046252277,False,0.016691353,False,0.054231483,False,derived_flow_kg_s
2024-03-21 10:45:00,0.23394781,False,train,0.10790577,False,0.072817065,False,0.5211206,False,derived_flow_kg_s
2024-03-23 10:45:00,0.28689793,False,train,0.09650653,False,0.6999526,True,0.06423458,False,return_temp_c
2024-03-23 22:45:00,0.07355644,False,train,0.10401175,False,0.04232577,False,0.07433177,False,supply_temp_c
2024-03-24 10:45:00,0.47870773,False,train,0.22652411,False,0.21763122,False,0.9919679,False,derived_flow_kg_s
2024-03-24 22:45:00,0.5802152,False,train,0.21548767,False,0.38567662,False,1.1394813,False,derived_flow_kg_s
2024-03-25 10:45:00,2.8048635,True,train,0.40899786,False,0.5849169,True,7.4206753,True,derived_flow_kg_s
2024-03-25 22:45:00,2.7829847,True,train,0.39203188,False,0.49951568,True,7.4574065,True,derived_flow_kg_s
2024-03-26 10:45:00,1.5832276,True,train,0.31341776,False,0.2956694,False,4.1405954,True,derived_flow_kg_s
2024-03-26 22:45:00,1.566697,True,train,0.3538307,False,0.27670336,False,4.069557,True,derived_flow_kg_s
2024-03-27 10:45:00,0.1388403,False,train,0.11225465,False,0.058489744,False,0.24577652,False,derived_flow_kg_s
2024-03-27 22:45:00,0.08140216,False,train,0.07501336,False,0.033963826,False,0.1352293,False,derived_flow_kg_s
2024-03-28 10:45:00,0.08926904,False,train,0.0710306,False,0.041144963,False,0.15563159,False,derived_flow_kg_s
2024-03-28 22:45:00,0.08495864,False,train,0.09489944,False,0.03034115,False,0.12963533,False,derived_flow_kg_s
2024-03-29 10:45:00,0.09793542,False,train,0.098218985,False,0.0549528,False,0.1406345,False,derived_flow_kg_s
2024-03-29 22:45:00,0.09170604,False,train,0.07867398,False,0.05631863,False,0.1401255,False,derived_flow_kg_s
2024-03-30 10:45:00,0.058043703,False,train,0.07233086,False,0.03517097,False,0.06662927,False,supply_temp_c
2024-03-30 22:45:00,0.0772345,False,train,0.1100302,False,0.035422787,False,0.08625052,False,supply_temp_c
2024-03-31 10:45:00,0.11187349,False,train,0.09879296,False,0.052427292,False,0.18440025,False,derived_flow_kg_s
2024-03-31 22:45:00,0.103633314,False,train,0.060803603,False,0.04678033,False,0.20331602,False,derived_flow_kg_s
2024-04-01 10:45:00,0.1842729,False,train,0.12171938,False,0.10668851,False,0.32441083,False,derived_flow_kg_s
2024-04-01 22:45:00,0.17756563,False,train,0.12130296,False,0.11856187,False,0.2928321,False,derived_flow_kg_s
2024-04-02 10:45:00,0.05608298,False,train,0.048158173,False,0.043674648,False,0.07641612,False,derived_flow_kg_s
2024-04-02 22:45:00,0.07224979,False,train,0.042948168,False,0.061758935,False,0.11204225,False,derived_flow_kg_s
2024-04-03 10:45:00,0.068841554,False,train,0.04579778,False,0.061601624,False,0.09912526,False,derived_flow_kg_s
2024-04-03 22:45:00,0.06741716,False,train,0.061351437,False,0.03188707,False,0.10901297,False,derived_flow_kg_s
2024-04-04 10:45:00,0.5738442,False,train,0.19529335,False,0.20716502,False,1.3190743,False,derived_flow_kg_s
2024-04-04 22:45:00,0.59635735,False,train,0.2102005,False,0.22659554,False,1.3522758,False,derived_flow_kg_s
2024-04-05 10:45:00,0.17245205,False,train,0.12689199,False,0.067278124,False,0.32318604,False,derived_flow_kg_s
2024-04-05 22:45:00,0.15038697,False,train,0.10689261,False,0.05622332,False,0.28804496,False,derived_flow_kg_s
2024-04-06 10:45:00,0.635391,False,train,0.16312522,False,0.15715897,False,1.585889,False,derived_flow_kg_s
2024-04-06 22:45:00,0.6303174,False,train,0.15301569,False,0.1732648,False,1.5646716,False,derived_flow_kg_s
2024-04-07 10:45:00,0.06341144,False,train,0.09196081,False,0.04517813,False,0.053095367,False,supply_temp_c
2024-04-09 10:45:00,0.3691208,False,train,0.09495476,False,0.9241627,True,0.088245064,False,return_temp_c
2024-04-09 22:45:00,0.10038804,False,train,0.098528005,False,0.116289,False,0.08634713,False,return_temp_c
2024-04-10 10:45:00,0.26447958,False,train,0.12418294,False,0.12799397,False,0.5412618,False,derived_flow_kg_s
2024-04-10 22:45:00,0.26265085,False,train,0.10349271,False,0.08419446,False,0.60026544,False,derived_flow_kg_s
2024-04-11 10:45:00,0.27897394,False,train,0.110438555,False,0.092008375,False,0.634475,False,derived_flow_kg_s
2024-04-11 22:45:00,0.26486835,False,train,0.12592141,False,0.08792467,False,0.5807588,False,derived_flow_kg_s
2024-04-12 10:45:00,0.16084585,False,train,0.09929091,False,0.057939623,False,0.325307,False,derived_flow_kg_s
2024-04-12 22:45:00,0.15724334,False,train,0.07658715,False,0.07498168,False,0.32016122,False,derived_flow_kg_s
2024-04-13 10:45:00,0.07460907,False,train,0.06201611,False,0.052066203,False,0.109744914,False,derived_flow_kg_s
2024-04-13 22:45:00,0.08110689,False,train,0.072691254,False,0.05944122,False,0.11118821,False,derived_flow_kg_s
2024-04-14 10:45:00,0.10143605,False,train,0.07955591,False,0.04872718,False,0.17602508,False,derived_flow_kg_s
2024-04-14 22:45:00,0.09199506,False,train,0.07640346,False,0.034957528,False,0.16462417,False,derived_flow_kg_s
2024-04-15 10:45:00,0.05896077,False,train,0.078494795,False,0.03638589,False,0.062001605,False,supply_temp_c
2024-04-15 22:45:00,0.060406003,False,train,0.09870986,False,0.029484661,False,0.0530235,False,supply_temp_c
2024-04-16 10:45:00,0.062357962,False,train,0.08215992,False,0.034042142,False,0.07087182,False,supply_temp_c
2024-04-16 22:45:00,0.05978383,False,train,0.07533022,False,0.030410139,False,0.073611125,False,supply_temp_c
2024-04-17 10:45:00,0.06143042,False,train,0.08567971,False,0.03628364,False,0.062327918,False,supply_temp_c
2024-04-17 22:45:00,0.05831726,False,train,0.07781886,False,0.04082467,False,0.056308236,False,supply_temp_c
2024-04-18 10:45:00,0.08908981,False,train,0.07625192,False,0.068162896,False,0.12285459,False,derived_flow_kg_s
2024-04-18 22:45:00,0.11003524,False,train,0.0791215,False,0.07564955,False,0.17533469,False,derived_flow_kg_s
2024-04-19 10:45:00,0.11667029,False,train,0.07103985,False,0.0637837,False,0.21518731,False,derived_flow_kg_s
2024-04-19 22:45:00,0.1057402,False,train,0.06026834,False,0.062081654,False,0.19487059,False,derived_flow_kg_s
2024-04-20 10:45:00,0.14706334,False,train,0.13015224,False,0.122361474,False,0.18867634,False,derived_flow_kg_s
2024-04-20 22:45:00,0.26482496,False,train,0.14106531,False,0.13621436,False,0.51719517,False,derived_flow_kg_s
2024-04-21 10:45:00,0.20470503,False,train,0.058558483,False,0.08292642,False,0.4726301,False,derived_flow_kg_s
2024-04-21 22:45:00,2.6193373,True,train,0.42072716,True,0.26399577,False,7.173288,True,derived_flow_kg_s
2024-04-22 10:45:00,2.6843956,True,train,0.37060568,False,0.33918944,False,7.3433914,True,derived_flow_kg_s
2024-04-22 22:45:00,0.1886621,False,train,0.09170744,False,0.15698813,False,0.3172907,False,derived_flow_kg_s
2024-04-23 10:45:00,0.16755246,False,train,0.09706226,False,0.1364169,False,0.26917818,False,derived_flow_kg_s
2024-04-23 22:45:00,0.16759835,False,train,0.09269198,False,0.09769031,False,0.31241277,False,derived_flow_kg_s
2024-04-24 10:45:00,0.12605065,False,train,0.09324611,False,0.034733128,False,0.25017264,False,derived_flow_kg_s
2024-04-24 22:45:00,0.19438449,False,train,0.09520298,False,0.061834827,False,0.42611563,False,derived_flow_kg_s
2024-04-25 10:45:00,0.4772439,False,train,0.15395021,False,0.11897621,False,1.1588053,False,derived_flow_kg_s
2024-04-25 22:45:00,0.4138723,False,train,0.15441127,False,0.11221715,False,0.97498864,False,derived_flow_kg_s
2024-04-26 10:45:00,0.7991245,False,train,0.17042585,False,0.2107008,False,2.016247,False,derived_flow_kg_s
2024-04-26 22:45:00,0.7998578,False,train,0.15667377,False,0.21692355,False,2.025976,False,derived_flow_kg_s
2024-04-27 10:45:00,0.11444555,False,train,0.038062084,False,0.097287446,False,0.20798714,False,derived_flow_kg_s
2024-04-27 22:45:00,0.1274246,False,train,0.04747067,False,0.039076794,False,0.29572633,False,derived_flow_kg_s
2024-04-28 10:45:00,0.17510287,False,train,0.11049112,False,0.13415754,False,0.2806599,False,derived_flow_kg_s
2024-04-28 22:45:00,0.14328566,False,train,0.12389179,False,0.12628533,False,0.1796798,False,derived_flow_kg_s
2024-04-29 10:45:00,0.18381089,False,train,0.17103918,False,0.124860734,False,0.25553274,False,derived_flow_kg_s
2024-04-29 22:45:00,0.23052722,False,train,0.15136452,False,0.20100391,False,0.33921313,False,derived_flow_kg_s
2024-04-30 10:45:00,0.18923543,False,train,0.16222233,False,0.16075711,False,0.24472694,False,derived_flow_kg_s
2024-04-30 22:45:00,0.09661165,False,train,0.095476486,False,0.032416422,False,0.16194203,False,derived_flow_kg_s
2024-05-01 10:45:00,0.88921523,False,train,0.30159965,False,0.2694585,False,2.0965874,False,derived_flow_kg_s
2024-05-01 22:45:00,0.9107373,False,train,0.31012687,False,0.28075102,False,2.1413338,False,derived_flow_kg_s
2024-05-02 10:45:00,0.2552509,False,train,0.11843451,False,0.0820466,False,0.5652716,False,derived_flow_kg_s
2024-05-02 22:45:00,0.20519978,False,train,0.084913366,False,0.07097098,False,0.459715,False,derived_flow_kg_s
2024-05-03 10:45:00,0.16229889,False,train,0.07792399,False,0.07973087,False,0.32924184,False,derived_flow_kg_s
2024-05-03 22:45:00,0.18626927,False,train,0.09835181,False,0.095445134,False,0.36501083,False,derived_flow_kg_s
2024-05-04 10:45:00,0.0830489,False,train,0.065134406,False,0.054735556,False,0.12927674,False,derived_flow_kg_s
2024-05-04 22:45:00,0.07397274,False,train,0.038424827,False,0.031174438,False,0.15231895,False,derived_flow_kg_s
2024-05-05 10:45:00,0.077524334,False,train,0.060506467,False,0.048470642,False,0.12359587,False,derived_flow_kg_s
2024-05-05 22:45:00,0.08300755,False,train,0.07970359,False,0.05937287,False,0.10994619,False,derived_flow_kg_s
2024-05-06 10:45:00,0.44972038,False,train,0.17042817,False,0.13255987,False,1.0461731,False,derived_flow_kg_s
2024-05-06 22:45:00,0.47310147,False,train,0.1802087,False,0.13012263,False,1.1089729,False,derived_flow_kg_s
2024-05-07 10:45:00,0.11729351,False,train,0.08581245,False,0.03502502,False,0.23104304,False,derived_flow_kg_s
2024-05-07 22:45:00,0.099575676,False,train,0.07545654,False,0.0451163,False,0.17815416,False,derived_flow_kg_s
2024-05-08 10:45:00,0.10885168,False,train,0.09271777,False,0.059844572,False,0.1739927,False,derived_flow_kg_s
2024-05-08 22:45:00,0.102224976,False,train,0.10782081,False,0.060676977,False,0.13817713,False,derived_flow_kg_s
2024-05-09 10:45:00,0.11345523,False,train,0.13102178,False,0.06326253,False,0.1460814,False,derived_flow_kg_s
2024-05-09 22:45:00,0.11337067,False,train,0.11602486,False,0.062901616,False,0.16118552,False,derived_flow_kg_s
2024-05-10 10:45:00,1.0092386,False,train,0.2283197,False,0.25720277,False,2.5421932,False,derived_flow_kg_s
2024-05-10 22:45:00,1.011309,False,train,0.23823708,False,0.250588,False,2.5451014,False,derived_flow_kg_s
2024-05-11 10:45:00,0.06674498,False,train,0.080894664,False,0.036151513,False,0.08318878,False,derived_flow_kg_s
2024-05-11 22:45:00,0.11713804,False,train,0.10980769,False,0.04689904,False,0.19470741,False,derived_flow_kg_s
2024-05-12 10:45:00,0.19799727,False,train,0.15235858,False,0.1954992,False,0.24613406,False,derived_flow_kg_s
2024-05-12 22:45:00,0.14970475,False,train,0.13348202,False,0.19486672,False,0.12076554,False,return_temp_c
2024-05-13 10:45:00,0.17134,False,train,0.09613267,False,0.08501533,False,0.332872,False,derived_flow_kg_s
2024-05-13 22:45:00,0.16890615,False,train,0.09222722,False,0.06552871,False,0.34896246,False,derived_flow_kg_s
2024-05-14 10:45:00,0.08887175,False,train,0.10943655,False,0.032314166,False,0.12486457,False,derived_flow_kg_s
2024-05-14 22:45:00,0.097085714,False,train,0.098880254,False,0.04081911,False,0.15155779,False,derived_flow_kg_s
2024-05-15 10:45:00,0.40568817,False,train,0.123125754,False,0.1016723,False,0.9922664,False,derived_flow_kg_s
2024-05-15 22:45:00,0.5486219,False,train,0.12572648,False,0.11380764,False,1.4063315,False,derived_flow_kg_s
2024-05-16 10:45:00,0.37429568,False,train,0.11784484,False,0.108203076,False,0.89683914,False,derived_flow_kg_s
2024-05-16 22:45:00,0.24679644,False,train,0.099880695,False,0.09074382,False,0.5497649,False,derived_flow_kg_s
2024-05-17 10:45:00,0.11081692,False,train,0.073686786,False,0.047635887,False,0.2111281,False,derived_flow_kg_s
2024-05-17 22:45:00,0.15352,False,train,0.07916596,False,0.09512792,False,0.28626612,False,derived_flow_kg_s
2024-05-18 10:45:00,0.36162192,False,train,0.09793436,False,0.1794589,False,0.80747247,False,derived_flow_kg_s
2024-05-18 22:45:00,0.311563,False,train,0.07895585,False,0.13745171,False,0.71828145,False,derived_flow_kg_s
2024-05-19 10:45:00,0.099481106,False,train,0.06657824,False,0.05367659,False,0.17818849,False,derived_flow_kg_s
2024-05-19 22:45:00,0.08455648,False,train,0.07832042,False,0.05495679,False,0.12039224,False,derived_flow_kg_s
2024-05-20 10:45:00,0.46566948,False,train,0.14656094,False,0.12027842,False,1.130169,False,derived_flow_kg_s
2024-05-20 22:45:00,0.44784063,False,train,0.13824968,False,0.110099494,False,1.0951728,False,derived_flow_kg_s
2024-05-21 10:45:00,0.05993271,False,train,0.07307909,False,0.034056205,False,0.07266284,False,supply_temp_c
2024-05-21 22:45:00,0.65331227,False,train,0.15536435,False,0.16622137,False,1.6383511,False,derived_flow_kg_s
2024-05-22 10:45:00,0.7493408,False,train,0.1626366,False,0.197196,False,1.8881897,False,derived_flow_kg_s
2024-05-22 22:45:00,0.16442809,False,train,0.071746565,False,0.058357928,False,0.3631797,False,derived_flow_kg_s
2024-05-23 10:45:00,0.30101168,False,train,0.10940737,False,0.07907403,False,0.71455365,False,derived_flow_kg_s
2024-05-23 22:45:00,0.3063756,False,train,0.10373672,False,0.0828735,False,0.7325165,False,derived_flow_kg_s
2024-05-24 10:45:00,0.14204302,False,train,0.054260653,False,0.045399975,False,0.3264684,False,derived_flow_kg_s
2024-05-24 22:45:00,0.14158905,False,train,0.05345064,False,0.047837377,False,0.32347915,False,derived_flow_kg_s
2024-05-25 10:45:00,0.077954635,False,train,0.04749027,False,0.04195195,False,0.1444217,False,derived_flow_kg_s
2024-05-25 22:45:00,0.092029504,False,train,0.06561404,False,0.044041727,False,0.16643275,False,derived_flow_kg_s
2024-05-26 10:45:00,0.11221455,False,train,0.13770445,False,0.06670268,False,0.13223651,False,supply_temp_c
2024-05-26 22:45:00,0.1429809,False,train,0.1455701,False,0.08401803,False,0.19935463,False,derived_flow_kg_s
2024-05-27 10:45:00,0.14925289,False,train,0.13559556,False,0.06800407,False,0.24415904,False,derived_flow_kg_s
2024-05-27 22:45:00,0.11083093,False,train,0.10724604,False,0.049811628,False,0.17543514,False,derived_flow_kg_s
2024-05-28 10:45:00,0.13101251,False,train,0.16887347,False,0.062305424,False,0.16185863,False,supply_temp_c
2024-05-28 22:45:00,0.3449173,False,train,0.1387483,False,0.1682771,False,0.7277264,False,derived_flow_kg_s
2024-05-29 10:45:00,0.3376903,False,train,0.12079545,False,0.14581212,False,0.7464633,False,derived_flow_kg_s
2024-05-29 22:45:00,0.074830316,False,train,0.060100973,False,0.023038423,False,0.14135154,False,derived_flow_kg_s
2024-05-30 10:45:00,0.060793333,False,train,0.073708735,False,0.026020614,False,0.08265064,False,derived_flow_kg_s
2024-05-30 22:45:00,0.05564866,False,train,0.06385846,False,0.02233535,False,0.08075217,False,derived_flow_kg_s
2024-05-31 10:45:00,0.04980251,False,train,0.05865076,False,0.017539449,False,0.073217325,False,derived_flow_kg_s
2024-05-31 22:45:00,0.04778652,False,train,0.053411722,False,0.015349182,False,0.07459863,False,derived_flow_kg_s
2024-06-01 10:45:00,0.052696235,False,train,0.060705844,False,0.017916912,False,0.079465955,False,derived_flow_kg_s
2024-06-01 22:45:00,0.06272422,False,train,0.077015504,False,0.023387946,False,0.08776922,False,derived_flow_kg_s
2024-06-02 10:45:00,0.060553808,False,train,0.0871151,False,0.021197615,False,0.0733487,False,supply_temp_c
2024-06-02 22:45:00,0.05717198,False,train,0.07751494,False,0.024026588,False,0.0699744,False,supply_temp_c
2024-06-03 10:45:00,0.06074563,False,train,0.08086469,False,0.02917178,False,0.072200425,False,supply_temp_c
2024-06-03 22:45:00,0.07169399,False,train,0.09819502,False,0.03719842,False,0.07968853,False,supply_temp_c
2024-06-04 10:45:00,0.12533988,False,train,0.099413,False,0.054882977,False,0.22172368,False,derived_flow_kg_s
2024-06-04 22:45:00,0.12156114,False,train,0.10311518,False,0.046217505,False,0.21535073,False,derived_flow_kg_s
2024-06-05 10:45:00,0.06993946,False,train,0.11000962,False,0.022698374,False,0.07711037,False,supply_temp_c
2024-06-05 22:45:00,0.06595311,False,train,0.10348178,False,0.019186104,False,0.07519145,False,supply_temp_c
2024-06-06 10:45:00,0.06957661,False,train,0.11776028,False,0.019543463,False,0.07142611,False,supply_temp_c
2024-06-06 22:45:00,0.07188756,False,train,0.1066672,False,0.030292919,False,0.07870256,False,supply_temp_c
2024-06-07 10:45:00,0.07839966,False,train,0.12355104,False,0.029703947,False,0.081943974,False,supply_temp_c
2024-06-07 22:45:00,0.07232985,False,train,0.1133579,False,0.03205354,False,0.07157809,False,supply_temp_c
2024-06-08 10:45:00,0.071380764,False,train,0.1100975,False,0.032016948,False,0.07202787,False,supply_temp_c
2024-06-08 22:45:00,0.055697575,False,train,0.08007393,False,0.019466719,False,0.06755207,False,supply_temp_c
2024-06-09 10:45:00,0.050030112,False,train,0.07599666,False,0.014081537,False,0.060012136,False,supply_temp_c
2024-06-09 22:45:00,0.056495946,False,train,0.07730091,False,0.032705314,False,0.059481606,False,supply_temp_c
2024-06-10 10:45:00,0.079790756,False,train,0.09067288,False,0.048912417,False,0.09978699,False,derived_flow_kg_s
2024-06-10 22:45:00,0.07686975,False,train,0.08627906,False,0.033927243,False,0.11040292,False,derived_flow_kg_s
2024-06-11 10:45:00,0.057182804,False,train,0.07302736,False,0.028599486,False,0.06992158,False,supply_temp_c
2024-06-11 22:45:00,0.055566974,False,train,0.06496296,False,0.0393946,False,0.062343363,False,supply_temp_c
2024-06-12 10:45:00,0.06934948,False,train,0.08492499,False,0.042791214,False,0.08033225,False,supply_temp_c
2024-06-12 22:45:00,0.06277181,False,train,0.07442061,False,0.03551332,False,0.078381516,False,derived_flow_kg_s
2024-06-13 10:45:00,0.06353875,False,train,0.07944284,False,0.033129737,False,0.07804368,False,supply_temp_c
2024-06-13 22:45:00,0.0716026,False,train,0.08415044,False,0.038112003,False,0.09254534,False,derived_flow_kg_s
2024-06-14 10:45:00,0.066195205,False,train,0.07490744,False,0.03848963,False,0.08518854,False,derived_flow_kg_s
2024-06-14 22:45:00,0.058093414,False,train,0.06957058,False,0.03470946,False,0.070000194,False,derived_flow_kg_s
2024-06-15 10:45:00,0.05957218,False,train,0.06593142,False,0.03666837,False,0.076116756,False,derived_flow_kg_s
2024-06-15 22:45:00,0.059757695,False,train,0.06792725,False,0.037522085,False,0.07382375,False,derived_flow_kg_s
2024-06-16 10:45:00,0.072585404,False,train,0.079510815,False,0.039158832,False,0.099086575,False,derived_flow_kg_s
2024-06-16 22:45:00,0.08302335,False,train,0.09461093,False,0.04403664,False,0.1104225,False,derived_flow_kg_s
2024-06-17 10:45:00,0.07310876,False,train,0.088608034,False,0.042381037,False,0.08833721,False,supply_temp_c
2024-06-17 22:45:00,0.06337095,False,train,0.061928745,False,0.040816918,False,0.0873672,False,derived_flow_kg_s
2024-06-18 10:45:00,0.055872075,False,train,0.057694126,False,0.035092503,False,0.074829586,False,derived_flow_kg_s
2024-06-18 22:45:00,0.059807844,False,train,0.06271716,False,0.034672406,False,0.08203396,False,derived_flow_kg_s
2024-06-19 10:45:00,0.06460586,False,train,0.086695135,False,0.027682567,False,0.07943986,False,supply_temp_c
2024-06-19 22:45:00,0.059164125,False,train,0.077407025,False,0.025544176,False,0.074541174,False,supply_temp_c
2024-06-20 10:45:00,0.14116329,False,train,0.1279462,False,0.06614985,False,0.22939384,False,derived_flow_kg_s
2024-06-20 22:45:00,0.7156842,False,train,0.31543472,False,0.27877447,False,1.5528432,False,derived_flow_kg_s
2024-06-21 10:45:00,0.6427145,False,train,0.29285508,False,0.24144684,False,1.3938416,False,derived_flow_kg_s
2024-06-21 22:45:00,0.04768373,False,train,0.068747744,False,0.02562161,False,0.04868183,False,supply_temp_c
2024-06-22 10:45:00,0.05010117,False,train,0.06917633,False,0.02453497,False,0.0565922,False,supply_temp_c
2024-06-22 22:45:00,0.056779247,False,train,0.062482562,False,0.028707257,False,0.07914793,False,derived_flow_kg_s
2024-06-23 10:45:00,0.058770053,False,train,0.07280875,False,0.02866596,False,0.07483544,False,derived_flow_kg_s
2024-06-23 22:45:00,0.048465397,False,train,0.070196815,False,0.017558258,False,0.057641115,False,supply_temp_c
2024-06-24 10:45:00,0.04985872,False,train,0.07998956,False,0.01677853,False,0.052808065,False,supply_temp_c
2024-06-24 22:45:00,0.038768176,False,train,0.05960681,False,0.013967953,False,0.042729754,False,supply_temp_c
2024-06-25 10:45:00,0.035808925,False,train,0.0565847,False,0.021551108,False,0.029290965,False,supply_temp_c
2024-06-25 22:45:00,0.045196783,False,train,0.0584121,False,0.03452089,False,0.042657364,False,supply_temp_c
2024-06-26 10:45:00,0.045782283,False,train,0.056815777,False,0.030751383,False,0.049779687,False,supply_temp_c
2024-06-26 22:45:00,0.0430343,False,train,0.066479586,False,0.013179435,False,0.04944386,False,supply_temp_c
2024-06-27 10:45:00,0.045983493,False,train,0.06373057,False,0.018374437,False,0.055845495,False,supply_temp_c
2024-06-27 22:45:00,0.043475173,False,train,0.05889666,False,0.019580727,False,0.051948134,False,supply_temp_c
2024-06-28 10:45:00,0.047208395,False,train,0.057545725,False,0.024431393,False,0.05964807,False,derived_flow_kg_s
2024-06-28 22:45:00,0.05305757,False,train,0.06346322,False,0.036395255,False,0.05931424,False,supply_temp_c
2024-06-29 10:45:00,0.053145584,False,train,0.062138807,False,0.037509352,False,0.059788596,False,supply_temp_c
2024-06-29 22:45:00,0.05310227,False,train,0.06989134,False,0.03498803,False,0.05442744,False,supply_temp_c
2024-06-30 10:45:00,0.047105517,False,train,0.06333948,False,0.019048871,False,0.058928188,False,supply_temp_c
2024-06-30 22:45:00,0.050798245,False,train,0.054081384,False,0.022880197,False,0.07543316,False,derived_flow_kg_s
2024-07-01 10:45:00,0.0470357,False,train,0.05594337,False,0.021637196,False,0.06352654,False,derived_flow_kg_s
2024-07-01 22:45:00,0.04650195,False,train,0.06715205,False,0.026410833,False,0.04594295,False,supply_temp_c
2024-07-02 10:45:00,0.049410775,False,train,0.06996025,False,0.027181415,False,0.05109067,False,supply_temp_c
2024-07-02 22:45:00,0.04734017,False,train,0.0647763,False,0.017314315,False,0.059929892,False,supply_temp_c
2024-07-03 10:45:00,0.043471836,False,train,0.058731426,False,0.018208135,False,0.053475957,False,supply_temp_c
2024-07-03 22:45:00,0.048630968,False,train,0.06966034,False,0.024019064,False,0.052213505,False,supply_temp_c
2024-07-04 10:45:00,0.04317571,False,train,0.04654945,False,0.027419006,False,0.05555868,False,derived_flow_kg_s
2024-07-04 22:45:00,0.047038272,False,train,0.05052502,False,0.034846578,False,0.05574319,False,derived_flow_kg_s
2024-07-05 10:45:00,0.051656682,False,train,0.05217969,False,0.040605523,False,0.06218483,False,derived_flow_kg_s
2024-07-05 22:45:00,0.04579114,False,train,0.049690947,False,0.02812732,False,0.05955516,False,derived_flow_kg_s
2024-07-06 10:45:00,0.055931456,False,train,0.04867169,False,0.03607343,False,0.08304925,False,derived_flow_kg_s
2024-07-06 22:45:00,0.05182422,False,train,0.041075636,False,0.032830734,False,0.08156629,False,derived_flow_kg_s
2024-07-07 10:45:00,0.04994388,False,train,0.042792544,False,0.040121976,False,0.06691713,False,derived_flow_kg_s
2024-07-07 22:45:00,0.05365543,False,train,0.052131135,False,0.041378792,False,0.06745636,False,derived_flow_kg_s
2024-07-08 10:45:00,0.049244393,False,train,0.04601341,False,0.038906623,False,0.06281314,False,derived_flow_kg_s
2024-07-08 22:45:00,0.048872303,False,train,0.04102908,False,0.037039988,False,0.068547845,False,derived_flow_kg_s
2024-07-09 10:45:00,0.048934374,False,train,0.04894347,False,0.030219516,False,0.067640126,False,derived_flow_kg_s
2024-07-09 22:45:00,0.047884464,False,train,0.053963184,False,0.026453337,False,0.06323688,False,derived_flow_kg_s
2024-07-10 10:45:00,0.052355025,False,train,0.050603196,False,0.036046866,False,0.07041503,False,derived_flow_kg_s
2024-07-10 22:45:00,0.058121458,False,train,0.059285283,False,0.04265282,False,0.07242625,False,derived_flow_kg_s
2024-07-11 10:45:00,0.051199034,False,train,0.051934242,False,0.037704207,False,0.06395864,False,derived_flow_kg_s
2024-07-11 22:45:00,0.048111096,False,train,0.05202614,False,0.029521873,False,0.06278526,False,derived_flow_kg_s
2024-07-12 10:45:00,0.050930664,False,train,0.058596384,False,0.02785703,False,0.06633858,False,derived_flow_kg_s
2024-07-12 22:45:00,0.04538655,False,train,0.056051318,False,0.027303964,False,0.052804355,False,supply_temp_c
2024-07-13 10:45:00,0.05482769,False,train,0.0503561,False,0.042724013,False,0.071402945,False,derived_flow_kg_s
2024-07-13 22:45:00,0.054109663,False,train,0.049679175,False,0.036590435,False,0.07605939,False,derived_flow_kg_s
2024-07-14 10:45:00,0.050934993,False,train,0.05028522,False,0.038902726,False,0.063617036,False,derived_flow_kg_s
2024-07-14 22:45:00,0.049252704,False,train,0.046794366,False,0.040014084,False,0.060949657,False,derived_flow_kg_s
2024-07-15 10:45:00,0.05049614,False,train,0.06484503,False,0.028036552,False,0.058606822,False,supply_temp_c
2024-07-15 22:45:00,0.060727358,False,train,0.071392,False,0.030519852,False,0.08027022,False,derived_flow_kg_s
2024-07-16 10:45:00,0.07395284,False,train,0.083794914,False,0.050708722,False,0.08735487,False,derived_flow_kg_s
2024-07-16 22:45:00,0.071913965,False,train,0.07402427,False,0.059216887,False,0.08250073,False,derived_flow_kg_s
2024-07-17 10:45:00,0.07980792,False,train,0.06216879,False,0.068533145,False,0.10872185,False,derived_flow_kg_s
2024-07-17 22:45:00,0.08577815,False,train,0.053011168,False,0.08354903,False,0.12077425,False,derived_flow_kg_s
2024-07-18 10:45:00,0.061713345,False,train,0.06540611,False,0.04236007,False,0.077373855,False,derived_flow_kg_s
2024-07-18 22:45:00,0.052682407,False,train,0.053997297,False,0.030183772,False,0.07386615,False,derived_flow_kg_s
2024-07-19 10:45:00,0.056413844,False,train,0.056904208,False,0.031884097,False,0.08045323,False,derived_flow_kg_s
2024-07-19 22:45:00,0.048484515,False,train,0.05819115,False,0.029385934,False,0.057876453,False,supply_temp_c
2024-07-20 10:45:00,0.048721626,False,train,0.06246907,False,0.024808101,False,0.0588877,False,supply_temp_c
2024-07-20 22:45:00,0.052043192,False,train,0.06027025,False,0.031701457,False,0.06415787,False,derived_flow_kg_s
2024-07-21 10:45:00,0.056580763,False,train,0.06727858,False,0.033951227,False,0.06851248,False,derived_flow_kg_s
2024-07-21 22:45:00,0.051528536,False,train,0.052480917,False,0.033683207,False,0.06842149,False,derived_flow_kg_s
2024-07-22 10:45:00,0.055597834,False,train,0.054927904,False,0.035512168,False,0.076353446,False,derived_flow_kg_s
2024-07-22 22:45:00,0.061215058,False,train,0.070521794,False,0.03045666,False,0.082666725,False,derived_flow_kg_s
2024-07-23 10:45:00,0.05857779,False,train,0.058843423,False,0.050751884,False,0.06613807,False,derived_flow_kg_s
2024-07-23 22:45:00,0.051575813,False,train,0.04733594,False,0.044051055,False,0.06334044,False,derived_flow_kg_s
2024-07-24 10:45:00,0.06093516,False,train,0.04773702,False,0.032831427,False,0.10223702,False,derived_flow_kg_s
2024-07-24 22:45:00,0.07439098,False,train,0.056920465,False,0.047690626,False,0.11856183,False,derived_flow_kg_s
2024-07-25 10:45:00,0.06433779,False,train,0.06151384,False,0.052144837,False,0.07935471,False,derived_flow_kg_s
2024-07-25 22:45:00,0.056942362,False,train,0.056327403,False,0.03923367,False,0.075266026,False,derived_flow_kg_s
2024-07-26 10:45:00,0.049982235,False,train,0.055479813,False,0.03366552,False,0.060801387,False,derived_flow_kg_s
2024-07-26 22:45:00,0.04709742,False,train,0.050292626,False,0.034270063,False,0.056729585,False,derived_flow_kg_s
2024-07-27 10:45:00,0.049974766,False,train,0.05844596,False,0.03702874,False,0.0544496,False,supply_temp_c
2024-07-27 22:45:00,0.052216977,False,train,0.05652221,False,0.043473545,False,0.056655172,False,derived_flow_kg_s
2024-07-28 10:45:00,0.0508451,False,train,0.046696573,False,0.04315464,False,0.06268411,False,derived_flow_kg_s
2024-07-28 22:45:00,0.054980922,False,train,0.049336825,False,0.042547066,False,0.07305887,False,derived_flow_kg_s
2024-07-29 10:45:00,0.055062227,False,train,0.046894196,False,0.042620122,False,0.075672336,False,derived_flow_kg_s
2024-07-29 22:45:00,0.050335247,False,train,0.054207534,False,0.033332717,False,0.0634655,False,derived_flow_kg_s
2024-07-30 10:45:00,0.05191582,False,train,0.05361152,False,0.03424419,False,0.06789177,False,derived_flow_kg_s
2024-07-30 22:45:00,0.05572258,False,train,0.051720824,False,0.040408324,False,0.075038575,False,derived_flow_kg_s
2024-07-31 10:45:00,0.053830728,False,train,0.065797426,False,0.03358726,False,0.062107485,False,supply_temp_c
2024-07-31 22:45:00,0.05172101,False,train,0.055527236,False,0.032262612,False,0.067373164,False,derived_flow_kg_s
2024-08-01 10:45:00,0.056484,False,train,0.059493437,False,0.036613327,False,0.07334524,False,derived_flow_kg_s
2024-08-01 22:45:00,0.056330614,False,train,0.052402187,False,0.03880887,False,0.077780776,False,derived_flow_kg_s
2024-08-02 10:45:00,0.047938485,False,train,0.045616645,False,0.037815467,False,0.06038335,False,derived_flow_kg_s
2024-08-02 22:45:00,0.055097472,False,train,0.061727334,False,0.034167454,False,0.06939763,False,derived_flow_kg_s
2024-08-03 10:45:00,0.054131154,False,train,0.054878186,False,0.032942243,False,0.07457304,False,derived_flow_kg_s
2024-08-03 22:45:00,0.044912446,False,train,0.04596472,False,0.03061544,False,0.05815718,False,derived_flow_kg_s
2024-08-04 10:45:00,0.042477548,False,train,0.045733403,False,0.025859566,False,0.055839673,False,derived_flow_kg_s
2024-08-04 22:45:00,0.04839747,False,train,0.0499237,False,0.034303952,False,0.060964774,False,derived_flow_kg_s
2024-08-05 10:45:00,0.049982645,False,train,0.048924778,False,0.043514926,False,0.057508226,False,derived_flow_kg_s
2024-08-05 22:45:00,0.11329264,False,train,0.056617245,False,0.08021189,False,0.20304878,False,derived_flow_kg_s
2024-08-06 10:45:00,0.15683174,False,train,0.063935444,False,0.15230018,False,0.25425962,False,derived_flow_kg_s
2024-08-06 22:45:00,0.11060962,False,train,0.06643462,False,0.12740995,False,0.13798432,False,derived_flow_kg_s
2024-08-07 10:45:00,0.09811747,False,train,0.07127299,False,0.1014865,False,0.12159293,False,derived_flow_kg_s
2024-08-07 22:45:00,0.16509077,False,train,0.060274553,False,0.24850433,False,0.18649341,False,return_temp_c
2024-08-09 10:45:00,0.13222015,False,train,0.09543216,False,0.15747978,False,0.1437485,False,return_temp_c
2024-08-09 22:45:00,0.071864314,False,train,0.048052747,False,0.075204015,False,0.092336185,False,derived_flow_kg_s
2024-08-10 10:45:00,0.07813069,False,train,0.059484024,False,0.084346615,False,0.09056142,False,derived_flow_kg_s
2024-08-10 22:45:00,0.0574048,False,train,0.05335763,False,0.0453117,False,0.07354509,False,derived_flow_kg_s
2024-08-11 10:45:00,0.049416993,False,train,0.051074266,False,0.036251668,False,0.060925048,False,derived_flow_kg_s
2024-08-11 22:45:00,0.050367802,False,train,0.05828692,False,0.03989603,False,0.052920464,False,supply_temp_c
2024-08-12 10:45:00,0.06671166,False,train,0.05096354,False,0.05759287,False,0.091578566,False,derived_flow_kg_s
2024-08-12 22:45:00,0.06552743,False,train,0.0573891,False,0.054286037,False,0.084907174,False,derived_flow_kg_s
2024-08-13 10:45:00,0.08116974,False,train,0.04983671,False,0.09040058,False,0.103271954,False,derived_flow_kg_s
2024-08-13 22:45:00,0.07764999,False,train,0.047304377,False,0.0828598,False,0.10278582,False,derived_flow_kg_s
2024-08-14 10:45:00,0.04539203,False,train,0.0426572,False,0.034260664,False,0.059258226,False,derived_flow_kg_s
2024-08-14 22:45:00,0.05260069,False,train,0.056523312,False,0.033977035,False,0.067301705,False,derived_flow_kg_s
2024-08-15 10:45:00,0.11172375,False,train,0.07483714,False,0.11038362,False,0.1499505,False,derived_flow_kg_s
2024-08-15 22:45:00,0.15276027,False,train,0.080829054,False,0.13621026,False,0.24124153,False,derived_flow_kg_s
2024-08-16 10:45:00,0.10043586,False,train,0.07123143,False,0.07828668,False,0.15178947,False,derived_flow_kg_s
2024-08-16 22:45:00,0.053066734,False,train,0.06973722,False,0.028113952,False,0.061349038,False,supply_temp_c
2024-08-17 10:45:00,0.19802652,False,train,0.1956746,False,0.0971851,False,0.3012199,False,derived_flow_kg_s
2024-08-17 22:45:00,0.22911835,False,train,0.14421135,False,0.14405268,False,0.39909098,False,derived_flow_kg_s
2024-08-18 10:45:00,0.12964904,False,train,0.118620135,False,0.11600039,False,0.1543266,False,derived_flow_kg_s
2024-08-18 22:45:00,0.063167416,False,train,0.068255015,False,0.05124819,False,0.06999905,False,derived_flow_kg_s
2024-08-19 10:45:00,0.12092238,False,train,0.10517836,False,0.097286075,False,0.16030271,False,derived_flow_kg_s
2024-08-19 22:45:00,0.14094368,False,train,0.084718086,False,0.15216409,False,0.18594885,False,derived_flow_kg_s
2024-08-20 10:45:00,0.11010063,False,train,0.09529406,False,0.11403883,False,0.120969,False,derived_flow_kg_s
2024-08-20 22:45:00,0.05959458,False,train,0.07694757,False,0.03976123,False,0.06207492,False,supply_temp_c
2024-08-21 10:45:00,0.04046817,False,train,0.052697197,False,0.029183893,False,0.03952342,False,supply_temp_c
2024-08-21 22:45:00,0.046737928,False,train,0.05215469,False,0.03656465,False,0.051494453,False,supply_temp_c
2024-08-22 10:45:00,0.04779935,False,train,0.058485955,False,0.035847377,False,0.04906471,False,supply_temp_c
2024-08-22 22:45:00,0.046555962,False,train,0.061328337,False,0.025744183,False,0.052595373,False,supply_temp_c
2024-08-23 10:45:00,0.049345497,False,train,0.08105135,False,0.018185457,False,0.04879969,False,supply_temp_c
2024-08-23 22:45:00,0.06768024,False,train,0.09197549,False,0.028349744,False,0.082715504,False,supply_temp_c
2024-08-24 10:45:00,0.08718684,False,train,0.079538725,False,0.04898113,False,0.13304068,False,derived_flow_kg_s
2024-08-24 22:45:00,0.08221638,False,train,0.07915208,False,0.059265714,False,0.10823134,False,derived_flow_kg_s
2024-08-25 10:45:00,0.07465291,False,train,0.09463107,False,0.049165353,False,0.08016231,False,supply_temp_c
2024-08-25 22:45:00,0.06382522,False,train,0.065687165,False,0.051438976,False,0.0743495,False,derived_flow_kg_s
2024-08-26 10:45:00,0.07792709,False,train,0.09259778,False,0.06252231,False,0.07866118,False,supply_temp_c
2024-08-26 22:45:00,0.06778856,False,train,0.082916595,False,0.04184128,False,0.07860782,False,supply_temp_c
2024-08-27 10:45:00,0.055429056,False,train,0.096036814,False,0.01717773,False,0.053072616,False,supply_temp_c
2024-08-27 22:45:00,0.055303138,False,train,0.086231016,False,0.021053715,False,0.058624685,False,supply_temp_c
2024-08-28 10:45:00,0.0515481,False,train,0.08640405,False,0.015204594,False,0.053035658,False,supply_temp_c
2024-08-28 22:45:00,0.04831666,False,train,0.07951566,False,0.014705424,False,0.0507289,False,supply_temp_c
2024-08-29 10:45:00,0.048443746,False,train,0.08004352,False,0.015119318,False,0.0501684,False,supply_temp_c
2024-08-29 22:45:00,0.04389474,False,train,0.06404101,False,0.02001611,False,0.04762711,False,supply_temp_c
2024-08-30 10:45:00,0.10736224,False,train,0.1356247,False,0.05646208,False,0.12999992,False,supply_temp_c
2024-08-30 22:45:00,0.13198866,False,train,0.1375043,False,0.116833664,False,0.14162807,False,derived_flow_kg_s
2024-08-31 10:45:00,0.0633461,False,train,0.06122193,False,0.06370739,False,0.06510901,False,derived_flow_kg_s
2024-08-31 22:45:00,0.08478747,False,train,0.0502464,False,0.08993148,False,0.114184536,False,derived_flow_kg_s
2024-09-01 10:45:00,0.08982379,False,train,0.054082323,False,0.08610576,False,0.12928331,False,derived_flow_kg_s
2024-09-01 22:45:00,0.04889195,False,train,0.047208756,False,0.0360168,False,0.0634503,False,derived_flow_kg_s
2024-09-02 10:45:00,0.07459822,False,train,0.06482754,False,0.06742086,False,0.09154627,False,derived_flow_kg_s
2024-09-02 22:45:00,0.09922026,False,train,0.062178697,False,0.10886357,False,0.12661852,False,derived_flow_kg_s
2024-09-03 10:45:00,0.11486787,False,train,0.08616188,False,0.11340085,False,0.14504085,False,derived_flow_kg_s
2024-09-03 22:45:00,0.10846283,False,train,0.07744687,False,0.12540497,False,0.12253668,False,return_temp_c
2024-09-04 10:45:00,0.060644515,False,train,0.06194039,False,0.046049546,False,0.07394361,False,derived_flow_kg_s
2024-09-04 22:45:00,0.051449623,False,train,0.046209443,False,0.032788914,False,0.075350516,False,derived_flow_kg_s
2024-09-05 10:45:00,0.047708143,False,train,0.056706846,False,0.023384375,False,0.063033216,False,derived_flow_kg_s
2024-09-05 22:45:00,0.044463728,False,train,0.06144649,False,0.016182544,False,0.05576214,False,supply_temp_c
2024-09-06 10:45:00,0.04021573,False,train,0.05227987,False,0.01387073,False,0.054496583,False,derived_flow_kg_s
2024-09-06 22:45:00,0.046660833,False,train,0.06346119,False,0.015780173,False,0.060741145,False,supply_temp_c
2024-09-07 10:45:00,0.04492157,False,train,0.06121554,False,0.014325243,False,0.059223924,False,supply_temp_c
2024-09-07 22:45:00,0.02882633,False,train,0.029980974,False,0.009832307,False,0.0466657,False,derived_flow_kg_s
2024-09-08 10:45:00,0.04871349,False,train,0.031352546,False,0.03433307,False,0.080454856,False,derived_flow_kg_s
2024-09-08 22:45:00,0.060990766,False,train,0.05242069,False,0.03795706,False,0.092594534,False,derived_flow_kg_s
2024-09-09 10:45:00,0.041110184,False,train,0.056065466,False,0.013579357,False,0.053685725,False,supply_temp_c
2024-09-09 22:45:00,0.0997718,False,train,0.089366645,False,0.09579169,False,0.11415703,False,derived_flow_kg_s
2024-09-10 10:45:00,0.103790164,False,train,0.054102078,False,0.13297234,False,0.12429607,False,return_temp_c
2024-09-10 22:45:00,0.0777449,False,train,0.060236577,False,0.08551675,False,0.08748141,False,derived_flow_kg_s
2024-09-11 10:45:00,0.061185583,False,train,0.042689443,False,0.05733502,False,0.083532274,False,derived_flow_kg_s
2024-09-11 22:45:00,0.043705486,False,train,0.06336812,False,0.0144539885,False,0.053294342,False,supply_temp_c
2024-09-12 10:45:00,0.097876936,False,train,0.112641014,False,0.05670899,False,0.12428077,False,derived_flow_kg_s
2024-09-12 22:45:00,0.12966952,False,train,0.10204303,False,0.12535076,False,0.16161476,False,derived_flow_kg_s
2024-09-13 10:45:00,0.08081649,False,train,0.06954818,False,0.083724864,False,0.089176446,False,derived_flow_kg_s
2024-09-13 22:45:00,0.042931687,False,train,0.06187704,False,0.01932756,False,0.047590468,False,supply_temp_c
2024-09-14 10:45:00,0.037389114,False,train,0.04816158,False,0.015604623,False,0.048401143,False,derived_flow_kg_s
2024-09-14 22:45:00,0.041376494,False,train,0.055502847,False,0.019205708,False,0.049420927,False,supply_temp_c
2024-09-15 10:45:00,0.047343682,False,train,0.067801245,False,0.019588564,False,0.054641232,False,supply_temp_c
2024-09-15 22:45:00,0.049902078,False,train,0.07392526,False,0.017939938,False,0.05784103,False,supply_temp_c
2024-09-16 10:45:00,0.045439813,False,train,0.06508541,False,0.017767057,False,0.053466976,False,supply_temp_c
2024-09-16 22:45:00,0.050239988,False,train,0.07016844,False,0.01679698,False,0.06375455,False,supply_temp_c
2024-09-17 10:45:00,0.04904185,False,train,0.06687585,False,0.017565731,False,0.06268396,False,supply_temp_c
2024-09-17 22:45:00,0.0504804,False,train,0.068010814,False,0.020951807,False,0.06247856,False,supply_temp_c
2024-09-18 10:45:00,0.05460109,False,train,0.0811724,False,0.01770876,False,0.064922094,False,supply_temp_c
2024-09-18 22:45:00,0.054645162,False,train,0.08031869,False,0.016564772,False,0.06705202,False,supply_temp_c
2024-09-19 10:45:00,0.042318262,False,train,0.051441748,False,0.013814985,False,0.06169806,False,derived_flow_kg_s
2024-09-19 22:45:00,0.04802294,False,train,0.025589058,False,0.011847172,False,0.1066326,False,derived_flow_kg_s
2024-09-20 10:45:00,0.037694316,False,train,0.007999741,False,0.006847266,False,0.09823596,False,derived_flow_kg_s
2024-09-20 22:45:00,0.051849622,False,train,0.032330904,False,0.016989738,False,0.10622823,False,derived_flow_kg_s
2024-09-21 10:45:00,5.546476,True,train,1.1395941,True,0.31649914,False,15.183335,True,derived_flow_kg_s
2024-09-21 22:45:00,5.685512,True,train,1.4182998,True,0.32987538,False,15.30836,True,derived_flow_kg_s
2024-09-22 10:45:00,0.40889192,False,train,0.6938761,True,0.09693908,False,0.4358605,False,supply_temp_c
2024-09-22 22:45:00,0.52233887,False,train,0.5918823,True,0.20967622,False,0.76545805,False,derived_flow_kg_s
2024-09-23 10:45:00,0.46155632,False,train,0.33290234,False,0.43955517,True,0.6122115,False,derived_flow_kg_s
2024-09-23 22:45:00,1.1495973,False,train,0.18703003,False,0.2879806,False,2.9737813,False,derived_flow_kg_s
2024-09-24 10:45:00,1.0672565,False,train,0.17116451,False,0.045334492,False,2.9852703,False,derived_flow_kg_s
2024-09-24 22:45:00,0.07438317,False,train,0.070670426,False,0.020880036,False,0.13159905,False,derived_flow_kg_s
2024-09-25 10:45:00,0.08257385,False,train,0.08591569,False,0.023120543,False,0.13868533,False,derived_flow_kg_s
2024-09-25 22:45:00,0.064704224,False,train,0.06635567,False,0.015277498,False,0.11247953,False,derived_flow_kg_s
2024-09-26 10:45:00,0.05084088,False,train,0.05081239,False,0.0146723725,False,0.08703787,False,derived_flow_kg_s
2024-09-26 22:45:00,0.06220673,False,train,0.065511666,False,0.01789772,False,0.10321083,False,derived_flow_kg_s
2024-09-27 10:45:00,0.089554764,False,train,0.069380514,False,0.018676784,False,0.18060702,False,derived_flow_kg_s
2024-09-27 22:45:00,0.09656606,False,train,0.055011477,False,0.01883181,False,0.21585488,False,derived_flow_kg_s
2024-09-28 10:45:00,0.08460633,False,train,0.04907516,False,0.019519143,False,0.18522467,False,derived_flow_kg_s
2024-09-28 22:45:00,0.060595393,False,train,0.045130964,False,0.013750975,False,0.12290424,False,derived_flow_kg_s
2024-09-29 10:45:00,0.111322775,False,train,0.099352986,False,0.094527565,False,0.14008783,False,derived_flow_kg_s
2024-09-29 22:45:00,0.109590076,False,train,0.09165826,False,0.09537267,False,0.14173932,False,derived_flow_kg_s
2024-09-30 10:45:00,0.041595552,False,train,0.019207003,False,0.010643485,False,0.09493619,False,derived_flow_kg_s
2024-09-30 22:45:00,0.044540517,False,train,0.026621578,False,0.010814312,False,0.096185654,False,derived_flow_kg_s
2024-10-01 10:45:00,0.04589143,False,train,0.028815934,False,0.015201799,False,0.09365656,False,derived_flow_kg_s
2024-10-01 22:45:00,0.049639627,False,train,0.027760541,False,0.018391931,False,0.10276642,False,derived_flow_kg_s
2024-10-02 10:45:00,0.53014284,False,train,0.11054342,False,0.09211474,False,1.3877707,False,derived_flow_kg_s
2024-10-02 22:45:00,0.54576564,False,train,0.11005086,False,0.10920455,False,1.4180416,False,derived_flow_kg_s
2024-10-03 10:45:00,0.110640824,False,train,0.043797255,False,0.04547058,False,0.2426546,False,derived_flow_kg_s
2024-10-03 22:45:00,0.124317795,False,train,0.04418829,False,0.047215104,False,0.28154996,False,derived_flow_kg_s
2024-10-04 10:45:00,0.12692519,False,train,0.047930807,False,0.056237444,False,0.27660736,False,derived_flow_kg_s
2024-10-04 22:45:00,0.1125154,False,train,0.045193836,False,0.045753792,False,0.24659859,False,derived_flow_kg_s
2024-10-05 10:45:00,0.28410283,False,train,0.07097903,False,0.07241339,False,0.708916,False,derived_flow_kg_s
2024-10-05 22:45:00,0.29603046,False,train,0.063614614,False,0.074701935,False,0.7497747,False,derived_flow_kg_s
2024-10-06 10:45:00,0.13504991,False,train,0.03011085,False,0.041512355,False,0.33352658,False,derived_flow_kg_s
2024-10-06 22:45:00,0.14990734,False,train,0.09274197,False,0.050786983,False,0.30619308,False,derived_flow_kg_s
2024-10-07 10:45:00,0.12393902,False,train,0.052511994,False,0.07002761,False,0.24927749,False,derived_flow_kg_s
2024-10-07 22:45:00,0.100214206,False,train,0.04293877,False,0.057022136,False,0.2006817,False,derived_flow_kg_s
2024-10-08 10:45:00,0.055609915,False,train,0.029268233,False,0.012543532,False,0.12501796,False,derived_flow_kg_s
2024-10-08 22:45:00,0.073522486,False,train,0.031175077,False,0.022695726,False,0.16669668,False,derived_flow_kg_s
2024-10-09 10:45:00,0.12068599,False,train,0.04089553,False,0.032027643,False,0.28913483,False,derived_flow_kg_s
2024-10-09 22:45:00,0.1306569,False,train,0.03903607,False,0.04099476,False,0.31193987,False,derived_flow_kg_s
2024-10-10 10:45:00,0.1469391,False,train,0.048549857,False,0.04696409,False,0.3453034,False,derived_flow_kg_s
2024-10-10 22:45:00,0.14042288,False,train,0.05489413,False,0.049029488,False,0.31734508,False,derived_flow_kg_s
2024-10-11 10:45:00,0.08613116,False,train,0.046869125,False,0.043770567,False,0.16775377,False,derived_flow_kg_s
2024-10-11 22:45:00,0.06821644,False,train,0.047981452,False,0.023007117,False,0.13366078,False,derived_flow_kg_s
2024-10-12 10:45:00,0.10376168,False,train,0.063962266,False,0.020916501,False,0.22640629,False,derived_flow_kg_s
2024-10-12 22:45:00,0.10018313,False,train,0.07385924,False,0.017193694,False,0.20949648,False,derived_flow_kg_s
2024-10-13 10:45:00,0.06323311,False,train,0.07116394,False,0.01713215,False,0.10140323,False,derived_flow_kg_s
2024-10-13 22:45:00,0.067285694,False,train,0.07964522,False,0.016039854,False,0.10617205,False,derived_flow_kg_s
2024-10-14 10:45:00,0.0697726,False,train,0.07681654,False,0.019535432,False,0.11296586,False,derived_flow_kg_s
2024-10-14 22:45:00,0.06805358,False,train,0.06541538,False,0.026900446,False,0.11184492,False,derived_flow_kg_s
2024-10-15 10:45:00,0.06820331,False,train,0.073278114,False,0.023138883,False,0.10819295,False,derived_flow_kg_s
2024-10-15 22:45:00,0.06392581,False,train,0.07097533,False,0.01411003,False,0.10669202,False,derived_flow_kg_s
2024-10-16 10:45:00,0.062135298,False,train,0.051422626,False,0.024217539,False,0.110765725,False,derived_flow_kg_s
2024-10-16 22:45:00,0.071868554,False,train,0.05596961,False,0.029663594,False,0.12997244,False,derived_flow_kg_s
2024-10-17 10:45:00,0.09708074,False,train,0.06992941,False,0.03449718,False,0.18681562,False,derived_flow_kg_s
2024-10-17 22:45:00,0.096642695,False,train,0.08013496,False,0.025391713,False,0.18440141,False,derived_flow_kg_s
2024-10-18 10:45:00,0.089626566,False,train,0.07080344,False,0.028804282,False,0.16927196,False,derived_flow_kg_s
2024-10-18 22:45:00,0.109592676,False,train,0.046972767,False,0.031623002,False,0.25018224,False,derived_flow_kg_s
2024-10-19 10:45:00,0.121761,False,train,0.04340178,False,0.031388503,False,0.29049274,False,derived_flow_kg_s
2024-10-19 22:45:00,0.11369324,False,train,0.036913354,False,0.03199487,False,0.27217153,False,derived_flow_kg_s
2024-10-20 10:45:00,0.111078754,False,train,0.03656188,False,0.029979816,False,0.26669458,False,derived_flow_kg_s
2024-10-20 22:45:00,0.11380144,False,train,0.042297617,False,0.035531327,False,0.2635754,False,derived_flow_kg_s
2024-10-21 10:45:00,0.0922828,False,train,0.035378788,False,0.031328272,False,0.21014135,False,derived_flow_kg_s
2024-10-21 22:45:00,0.09488799,False,train,0.09767345,False,0.027056297,False,0.15993424,False,derived_flow_kg_s
2024-10-22 10:45:00,0.11885379,False,train,0.1274119,False,0.035947237,False,0.19320224,False,derived_flow_kg_s
2024-10-22 22:45:00,0.14810188,False,train,0.09757039,False,0.04275391,False,0.3039814,False,derived_flow_kg_s
2024-10-23 10:45:00,0.14041297,False,train,0.09003589,False,0.04637951,False,0.2848235,False,derived_flow_kg_s
2024-10-23 22:45:00,0.110006504,False,train,0.09800011,False,0.027750619,False,0.20426881,False,derived_flow_kg_s
2024-10-24 10:45:00,0.11643069,False,train,0.09507424,False,0.028964095,False,0.22525376,False,derived_flow_kg_s
2024-10-24 22:45:00,0.13793631,False,train,0.07597698,False,0.027441928,False,0.31039003,False,derived_flow_kg_s
2024-10-25 10:45:00,0.13622893,False,train,0.06582963,False,0.027344441,False,0.3155127,False,derived_flow_kg_s
2024-10-25 22:45:00,0.15578231,False,train,0.08513266,False,0.06799015,False,0.31422418,False,derived_flow_kg_s
2024-10-26 10:45:00,0.14446741,False,train,0.071307465,False,0.07218634,False,0.2899085,False,derived_flow_kg_s
2024-10-26 22:45:00,0.072948545,False,train,0.04649262,False,0.04713821,False,0.1252148,False,derived_flow_kg_s
2024-10-27 10:45:00,1.5039878,False,train,0.4162211,False,0.60064054,True,3.495102,False,derived_flow_kg_s
2024-10-27 22:45:00,1.5123168,False,train,0.43617785,True,0.57764,True,3.523133,False,derived_flow_kg_s
2024-10-28 10:45:00,0.09385031,False,train,0.09317588,False,0.04492505,False,0.14345,False,derived_flow_kg_s
2024-10-28 22:45:00,0.1062298,False,train,0.0657791,False,0.068709284,False,0.184201,False,derived_flow_kg_s
2024-10-29 10:45:00,0.11000529,False,train,0.07126799,False,0.054881155,False,0.20386672,False,derived_flow_kg_s
2024-10-29 22:45:00,0.1031259,False,train,0.10552039,False,0.05735387,False,0.14650346,False,derived_flow_kg_s
2024-10-30 10:45:00,0.0887703,False,train,0.11953575,False,0.04829609,False,0.09847903,False,supply_temp_c
2024-10-30 22:45:00,0.08799548,False,train,0.13911648,False,0.031293835,False,0.09357611,False,supply_temp_c
2024-10-31 10:45:00,0.08728382,False,train,0.12972502,False,0.05151085,False,0.08061559,False,supply_temp_c
2024-10-31 22:45:00,0.06867657,False,train,0.08143405,False,0.06637446,False,0.05822121,False,supply_temp_c
2024-11-01 10:45:00,0.07031776,False,train,0.1024163,False,0.0448501,False,0.0636869,False,supply_temp_c
2024-11-01 22:45:00,0.08823249,False,train,0.14636613,False,0.0479977,False,0.070333615,False,supply_temp_c
2024-11-02 10:45:00,0.107316114,False,train,0.1963618,False,0.051666874,False,0.07391966,False,supply_temp_c
2024-11-02 22:45:00,0.09292878,False,train,0.17653127,False,0.036138926,False,0.06611616,False,supply_temp_c
2024-11-03 10:45:00,0.09875833,False,train,0.1637518,False,0.02885773,False,0.1036655,False,supply_temp_c
2024-11-03 22:45:00,0.091689736,False,train,0.14282225,False,0.03125609,False,0.10099087,False,supply_temp_c
2024-11-04 10:45:00,0.062402844,False,train,0.08741844,False,0.025314895,False,0.07447522,False,supply_temp_c
2024-11-04 22:45:00,0.07940439,False,train,0.10620377,False,0.023144191,False,0.108865224,False,derived_flow_kg_s
2024-11-05 10:45:00,0.1111178,False,train,0.19377911,False,0.027420824,False,0.11215345,False,supply_temp_c
2024-11-05 22:45:00,0.12196549,False,train,0.19460483,False,0.04428984,False,0.12700182,False,supply_temp_c
2024-11-06 10:45:00,0.107409745,False,train,0.11347414,False,0.04534595,False,0.16340916,False,derived_flow_kg_s
2024-11-06 22:45:00,0.09034786,False,train,0.10444116,False,0.025460875,False,0.14114155,False,derived_flow_kg_s
2024-11-07 10:45:00,0.11065629,False,train,0.1839407,False,0.04264633,False,0.10538184,False,supply_temp_c
2024-11-07 22:45:00,0.087510735,False,train,0.15553199,False,0.041785847,False,0.06521439,False,supply_temp_c
2024-11-08 10:45:00,0.08260042,False,train,0.12927125,False,0.06049271,False,0.05803727,False,supply_temp_c
2024-11-08 22:45:00,0.08560253,False,train,0.13808958,False,0.05044723,False,0.068270765,False,supply_temp_c
2024-11-09 10:45:00,0.075067155,False,train,0.112120114,False,0.03688077,False,0.07620058,False,supply_temp_c
2024-11-09 22:45:00,0.0788636,False,train,0.1140781,False,0.038084988,False,0.08442772,False,supply_temp_c
2024-11-10 10:45:00,0.069990985,False,train,0.091823734,False,0.038772643,False,0.07937658,False,supply_temp_c
2024-11-10 22:45:00,0.06985182,False,train,0.07643697,False,0.047496725,False,0.085621774,False,derived_flow_kg_s
2024-11-11 10:45:00,0.5764497,False,train,0.23234056,False,0.23087454,False,1.2661341,False,derived_flow_kg_s
2024-11-11 22:45:00,0.6702458,False,train,0.2428018,False,0.29650357,False,1.4714317,False,derived_flow_kg_s
2024-11-12 10:45:00,0.25610077,False,train,0.2033969,False,0.17090712,False,0.39399827,False,derived_flow_kg_s
2024-11-12 22:45:00,0.17870721,False,train,0.1379465,False,0.12427699,False,0.27389815,False,derived_flow_kg_s
2024-11-13 10:45:00,0.17558783,False,train,0.14170118,False,0.1620227,False,0.22303963,False,derived_flow_kg_s
2024-11-13 22:45:00,0.106588,False,train,0.088374205,False,0.10890523,False,0.122484565,False,derived_flow_kg_s
2024-11-14 10:45:00,0.07832751,False,train,0.07263808,False,0.061296534,False,0.101047896,False,derived_flow_kg_s
2024-11-14 22:45:00,0.0713791,False,train,0.06404672,False,0.055820033,False,0.094270565,False,derived_flow_kg_s
2024-11-15 10:45:00,0.096255735,False,train,0.10117733,False,0.09588166,False,0.091708206,False,supply_temp_c
2024-11-15 22:45:00,0.11199032,False,train,0.09834647,False,0.11621913,False,0.121405326,False,derived_flow_kg_s
2024-11-16 10:45:00,0.08941874,False,train,0.05792683,False,0.07918403,False,0.13114534,False,derived_flow_kg_s
2024-11-16 22:45:00,0.076785155,False,train,0.049466673,False,0.058091845,False,0.12279693,False,derived_flow_kg_s
2024-11-17 10:45:00,0.10564697,False,train,0.08350098,False,0.110976614,False,0.122463316,False,derived_flow_kg_s
2024-11-17 22:45:00,0.11909783,False,train,0.08999303,False,0.12424916,False,0.1430513,False,derived_flow_kg_s
2024-11-18 10:45:00,0.1460842,False,train,0.11405306,False,0.149723,False,0.17447656,False,derived_flow_kg_s
2024-11-18 22:45:00,0.1221672,False,train,0.09531354,False,0.14220662,False,0.12898147,False,return_temp_c
2024-11-19 10:45:00,0.23939794,False,train,0.16546662,False,0.13815442,False,0.41457283,False,derived_flow_kg_s
2024-11-19 22:45:00,0.2611831,False,train,0.18527158,False,0.13181435,False,0.46646348,False,derived_flow_kg_s
2024-11-20 10:45:00,0.12008189,False,train,0.099739164,False,0.08613113,False,0.17437537,False,derived_flow_kg_s
2024-11-20 22:45:00,0.09391758,False,train,0.105513155,False,0.060045306,False,0.11619425,False,derived_flow_kg_s
2024-11-21 10:45:00,0.09489163,False,train,0.12029321,False,0.07051187,False,0.09386978,False,supply_temp_c
2024-11-21 22:45:00,0.13044113,False,train,0.1266115,False,0.0911291,False,0.17358275,False,derived_flow_kg_s
2024-11-22 10:45:00,0.13828884,False,train,0.11456398,False,0.08170413,False,0.21859843,False,derived_flow_kg_s
2024-11-22 22:45:00,0.10964761,False,train,0.1072573,False,0.029106246,False,0.19257927,False,derived_flow_kg_s
2024-11-23 10:45:00,0.096755885,False,train,0.07708945,False,0.0306795,False,0.1824987,False,derived_flow_kg_s
2024-11-23 22:45:00,0.077735916,False,train,0.06329833,False,0.03075052,False,0.13915889,False,derived_flow_kg_s
2024-11-24 10:45:00,0.07734946,False,train,0.06721469,False,0.044394866,False,0.12043881,False,derived_flow_kg_s
2024-11-24 22:45:00,0.093789324,False,train,0.12470412,False,0.06894652,False,0.087717354,False,supply_temp_c
2024-11-25 10:45:00,0.08622609,False,train,0.11560637,False,0.070610404,False,0.0724615,False,supply_temp_c
2024-11-25 22:45:00,0.059116244,False,train,0.04817462,False,0.06226778,False,0.06690635,False,derived_flow_kg_s
2024-11-26 10:45:00,0.07104348,False,train,0.066539854,False,0.060742076,False,0.08584851,False,derived_flow_kg_s
2024-11-26 22:45:00,0.07861362,False,train,0.071440734,False,0.06340327,False,0.10099686,False,derived_flow_kg_s
2024-11-27 10:45:00,0.0852673,False,train,0.06733409,False,0.07847874,False,0.10998908,False,derived_flow_kg_s
2024-11-27 22:45:00,0.07569393,False,train,0.06329059,False,0.0660497,False,0.09774148,False,derived_flow_kg_s
2024-11-28 10:45:00,0.0574338,False,train,0.062417004,False,0.047612693,False,0.062271673,False,supply_temp_c
2024-11-28 22:45:00,0.09200278,False,train,0.08025477,False,0.1154786,False,0.08027498,False,return_temp_c
2024-11-29 10:45:00,0.12710182,False,train,0.12132906,False,0.14221929,False,0.117757134,False,return_temp_c
2024-11-29 22:45:00,0.11981387,False,train,0.106936544,False,0.08567133,False,0.16683371,False,derived_flow_kg_s
2024-11-30 10:45:00,0.10297489,False,train,0.08885013,False,0.063997716,False,0.1560768,False,derived_flow_kg_s
2024-11-30 22:45:00,0.08346192,False,train,0.066655785,False,0.06851322,False,0.11521673,False,derived_flow_kg_s
2024-12-01 10:45:00,0.07592914,False,train,0.048850615,False,0.06952986,False,0.109406985,False,derived_flow_kg_s
2024-12-01 22:45:00,0.06374976,False,train,0.06006225,False,0.03976463,False,0.0914224,False,derived_flow_kg_s
2024-12-02 10:45:00,0.06892575,False,train,0.07924054,False,0.036798492,False,0.09073823,False,derived_flow_kg_s
2024-12-02 22:45:00,0.11178633,False,train,0.062318917,False,0.063643,False,0.20939706,False,derived_flow_kg_s
2024-12-03 10:45:00,0.11830611,False,train,0.056845132,False,0.073703825,False,0.22436933,False,derived_flow_kg_s
2024-12-03 22:45:00,0.08812389,False,train,0.055596966,False,0.07362803,False,0.13514669,False,derived_flow_kg_s
2024-12-04 10:45:00,0.09041489,False,train,0.07663867,False,0.0730676,False,0.12153839,False,derived_flow_kg_s
2024-12-04 22:45:00,0.13428012,False,train,0.10618251,False,0.13825722,False,0.15840061,False,derived_flow_kg_s
2024-12-05 10:45:00,0.19047669,False,train,0.14665897,False,0.21370769,False,0.21106334,False,return_temp_c
2024-12-05 22:45:00,0.20251,False,train,0.09354062,False,0.14373241,False,0.370257,False,derived_flow_kg_s
2024-12-06 10:45:00,0.19288068,False,train,0.10855025,False,0.14006042,False,0.3300313,False,derived_flow_kg_s
2024-12-06 22:45:00,0.187866,False,train,0.091498114,False,0.11689678,False,0.35520306,False,derived_flow_kg_s
2024-12-07 10:45:00,0.58378744,False,train,0.20434344,False,0.32592544,False,1.2210935,False,derived_flow_kg_s
2024-12-07 22:45:00,0.70665616,False,train,0.35206306,False,0.31126562,False,1.4566394,False,derived_flow_kg_s
2024-12-08 10:45:00,0.38672248,False,train,0.33057866,False,0.20218636,False,0.62740254,False,derived_flow_kg_s
2024-12-08 22:45:00,0.20988116,False,train,0.20451821,False,0.19046141,False,0.2346638,False,derived_flow_kg_s
2024-12-09 10:45:00,0.18316975,False,train,0.1664799,False,0.23689117,False,0.14613816,False,return_temp_c
2024-12-09 22:45:00,0.16373718,False,train,0.10761071,False,0.11340053,False,0.2702003,False,derived_flow_kg_s
2024-12-10 10:45:00,0.15597029,False,train,0.10082904,False,0.08204031,False,0.28504148,False,derived_flow_kg_s
2024-12-10 22:45:00,0.07204174,False,train,0.07715648,False,0.04172342,False,0.09724534,False,derived_flow_kg_s
2024-12-11 10:45:00,0.06525285,False,train,0.07875937,False,0.022572028,False,0.094427146,False,derived_flow_kg_s
2024-12-11 22:45:00,0.08185937,False,train,0.11371085,False,0.047809616,False,0.08405764,False,supply_temp_c
2024-12-12 10:45:00,0.069482215,False,train,0.09525991,False,0.040315177,False,0.072871566,False,supply_temp_c
2024-12-12 22:45:00,0.07832649,False,train,0.094577216,False,0.039412048,False,0.100990236,False,derived_flow_kg_s
2024-12-13 10:45:00,0.090634555,False,train,0.11199054,False,0.054043252,False,0.10586987,False,supply_temp_c
2024-12-13 22:45:00,0.08742664,False,train,0.115870334,False,0.052734416,False,0.093675174,False,supply_temp_c
2024-12-14 10:45:00,0.08139742,False,train,0.09579616,False,0.060494225,False,0.08790187,False,supply_temp_c
2024-12-14 22:45:00,0.09858518,False,train,0.08604869,False,0.054477617,False,0.15522921,False,derived_flow_kg_s
2024-12-15 10:45:00,0.0967309,False,train,0.08159708,False,0.055503864,False,0.15309177,False,derived_flow_kg_s
2024-12-15 22:45:00,0.05313512,False,train,0.04954016,False,0.038052227,False,0.07181297,False,derived_flow_kg_s
2024-12-16 10:45:00,0.06838704,False,train,0.08358916,False,0.030639775,False,0.09093218,False,derived_flow_kg_s
2024-12-16 22:45:00,0.06539682,False,train,0.07464032,False,0.027700536,False,0.09384964,False,derived_flow_kg_s
2024-12-17 10:45:00,0.04830943,False,train,0.035168324,False,0.02457823,False,0.08518174,False,derived_flow_kg_s
2024-12-17 22:45:00,0.08136745,False,train,0.07190168,False,0.0377116,False,0.13448907,False,derived_flow_kg_s
2024-12-18 10:45:00,0.10473549,False,train,0.10479438,False,0.040320832,False,0.16909127,False,derived_flow_kg_s
2024-12-18 22:45:00,0.081531554,False,train,0.07934774,False,0.025632763,False,0.13961414,False,derived_flow_kg_s
2024-12-19 10:45:00,0.06723353,False,train,0.06865517,False,0.029954365,False,0.10309109,False,derived_flow_kg_s
2024-12-19 22:45:00,0.06377371,False,train,0.07557633,False,0.029124314,False,0.08662048,False,derived_flow_kg_s
2024-12-20 10:45:00,0.056291655,False,train,0.053769145,False,0.030082665,False,0.08502314,False,derived_flow_kg_s
2024-12-20 22:45:00,0.059519887,False,train,0.0509575,False,0.027614484,False,0.09998766,False,derived_flow_kg_s
2024-12-21 10:45:00,0.06848584,False,train,0.044569645,False,0.043289144,False,0.11759878,False,derived_flow_kg_s
2024-12-21 22:45:00,0.062799826,False,train,0.038756933,False,0.05150676,False,0.09813578,False,derived_flow_kg_s
2024-12-22 10:45:00,0.05468507,False,train,0.045007795,False,0.04855035,False,0.07049707,False,derived_flow_kg_s
2024-12-22 22:45:00,0.06525722,False,train,0.062525876,False,0.03954316,False,0.09370261,False,derived_flow_kg_s
2024-12-23 10:45:00,0.112075225,False,train,0.12386557,False,0.06920061,False,0.14315946,False,derived_flow_kg_s
2024-12-23 22:45:00,0.106532305,False,train,0.1069434,False,0.073337376,False,0.13931619,False,derived_flow_kg_s
2024-12-24 10:45:00,0.10102648,False,train,0.09742653,False,0.0944849,False,0.111168,False,derived_flow_kg_s
2024-12-24 22:45:00,0.08386067,False,train,0.08223479,False,0.040676963,False,0.12867026,False,derived_flow_kg_s
2024-12-25 10:45:00,0.07413733,False,train,0.046356525,False,0.051395997,False,0.12465947,False,derived_flow_kg_s
2024-12-25 22:45:00,0.060744934,False,train,0.046459753,False,0.028625377,False,0.10714968,False,derived_flow_kg_s
2024-12-26 10:45:00,0.063577294,False,train,0.08284515,False,0.029358702,False,0.07852805,False,supply_temp_c
2024-12-26 22:45:00,0.0682089,False,train,0.09225705,False,0.03198002,False,0.08038964,False,supply_temp_c
2024-12-27 10:45:00,0.06638943,False,train,0.058507163,False,0.031580348,False,0.10908077,False,derived_flow_kg_s
2024-12-27 22:45:00,0.06630455,False,train,0.06511515,False,0.021066219,False,0.11273229,False,derived_flow_kg_s
2024-12-28 10:45:00,0.05924825,False,train,0.056027085,False,0.029312955,False,0.0924047,False,derived_flow_kg_s
2024-12-28 22:45:00,0.068513,False,train,0.0633411,False,0.034087602,False,0.10811029,False,derived_flow_kg_s
2024-12-29 10:45:00,0.07195402,False,train,0.07608347,False,0.046240527,False,0.09353804,False,derived_flow_kg_s
2024-12-29 22:45:00,0.07066435,False,train,0.07860065,False,0.026190767,False,0.10720164,False,derived_flow_kg_s
2024-12-30 10:45:00,0.07703038,False,train,0.08044854,False,0.04141065,False,0.10923193,False,derived_flow_kg_s
2024-12-30 22:45:00,0.078493446,False,train,0.08640201,False,0.043733615,False,0.10534471,False,derived_flow_kg_s
2024-12-31 10:45:00,0.113481864,False,train,0.1122635,False,0.10192304,False,0.12625907,False,derived_flow_kg_s
2024-12-31 22:45:00,0.09469493,False,train,0.09150031,False,0.0635207,False,0.12906377,False,derived_flow_kg_s
2025-01-01 10:45:00,0.08624316,False,train,0.06582316,False,0.07943749,False,0.11346883,False,derived_flow_kg_s
2025-01-01 22:45:00,0.059762128,False,train,0.0419815,False,0.03863236,False,0.09867253,False,derived_flow_kg_s
2025-01-02 10:45:00,0.073710866,False,train,0.07309639,False,0.048898634,False,0.09913757,False,derived_flow_kg_s
2025-01-02 22:45:00,0.0662297,False,train,0.07907761,False,0.03251698,False,0.08709452,False,derived_flow_kg_s
2025-01-03 10:45:00,0.07026903,False,train,0.074758306,False,0.06039384,False,0.075654946,False,derived_flow_kg_s
2025-01-03 22:45:00,0.06766164,False,train,0.077346556,False,0.04159944,False,0.08403895,False,derived_flow_kg_s
2025-01-04 10:45:00,0.11222225,False,train,0.11879208,False,0.08108572,False,0.13678893,False,derived_flow_kg_s
2025-01-04 22:45:00,0.092136845,False,train,0.09213411,False,0.055945773,False,0.12833068,False,derived_flow_kg_s
2025-01-05 10:45:00,0.09806448,False,train,0.11519941,False,0.07269147,False,0.10630258,False,supply_temp_c
2025-01-05 22:45:00,0.06629351,False,train,0.06791276,False,0.026367337,False,0.10460041,False,derived_flow_kg_s
2025-01-06 10:45:00,0.07596514,False,train,0.06803896,False,0.026123159,False,0.13373329,False,derived_flow_kg_s
2025-01-06 22:45:00,0.07109764,False,train,0.0584173,False,0.03296102,False,0.1219146,False,derived_flow_kg_s
2025-01-07 10:45:00,0.06476791,False,train,0.057038177,False,0.037492007,False,0.09977356,False,derived_flow_kg_s
2025-01-07 22:45:00,0.076399975,False,train,0.073583834,False,0.032612026,False,0.12300408,False,derived_flow_kg_s
2025-01-08 10:45:00,0.11442643,False,train,0.085414,False,0.06874206,False,0.18912323,False,derived_flow_kg_s
2025-01-08 22:45:00,0.1286469,False,train,0.09126515,False,0.07694423,False,0.21773128,False,derived_flow_kg_s
2025-01-09 10:45:00,0.11676375,False,train,0.110074334,False,0.04677279,False,0.19344415,False,derived_flow_kg_s
2025-01-09 22:45:00,0.093312316,False,train,0.08870802,False,0.024341876,False,0.16688703,False,derived_flow_kg_s
2025-01-10 10:45:00,0.1060472,False,train,0.11973739,False,0.037368096,False,0.16103613,False,derived_flow_kg_s
2025-01-10 22:45:00,0.10622295,False,train,0.10110953,False,0.06763307,False,0.14992623,False,derived_flow_kg_s
2025-01-11 10:45:00,0.14611278,False,train,0.1420536,False,0.10385964,False,0.19242512,False,derived_flow_kg_s
2025-01-11 22:45:00,0.11605957,False,train,0.119165875,False,0.067443386,False,0.16156943,False,derived_flow_kg_s
2025-01-12 10:45:00,0.10529538,False,train,0.13890068,False,0.07103124,False,0.10595425,False,supply_temp_c
2025-01-12 22:45:00,0.094011314,False,train,0.12055988,False,0.048975717,False,0.11249837,False,supply_temp_c
2025-01-13 10:45:00,0.08024433,False,train,0.077235855,False,0.06856394,False,0.09493318,False,derived_flow_kg_s
2025-01-13 22:45:00,0.06304132,False,train,0.043876965,False,0.07095396,False,0.07429305,False,derived_flow_kg_s
2025-01-14 10:45:00,0.082045786,False,train,0.052060988,False,0.04189993,False,0.15217645,False,derived_flow_kg_s
2025-01-14 22:45:00,0.083142504,False,train,0.07557284,False,0.046323907,False,0.12753075,False,derived_flow_kg_s
2025-01-15 10:45:00,0.06390592,False,train,0.06292709,False,0.020435221,False,0.10835544,False,derived_flow_kg_s
2025-01-15 22:45:00,0.07443249,False,train,0.08776615,False,0.032511692,False,0.103019625,False,derived_flow_kg_s
2025-01-16 10:45:00,0.097394794,False,train,0.10414213,False,0.07656864,False,0.11147362,False,derived_flow_kg_s
2025-01-16 22:45:00,0.17780529,False,train,0.14914122,False,0.19063373,False,0.19364096,False,derived_flow_kg_s
2025-01-17 10:45:00,0.1481807,False,train,0.10338638,False,0.16267799,False,0.17847772,False,derived_flow_kg_s
2025-01-17 22:45:00,0.11761834,False,train,0.15334445,False,0.087430604,False,0.112079926,False,supply_temp_c
2025-01-18 10:45:00,0.14359684,False,train,0.15684003,False,0.13243003,False,0.1415205,False,supply_temp_c
2025-01-18 22:45:00,0.10597378,False,train,0.11038522,False,0.07769886,False,0.12983726,False,derived_flow_kg_s
2025-01-19 10:45:00,0.08213556,False,train,0.07283465,False,0.053708535,False,0.11986351,False,derived_flow_kg_s
2025-01-19 22:45:00,0.12107001,False,train,0.09967343,False,0.10508228,False,0.15845431,False,derived_flow_kg_s
2025-01-20 10:45:00,0.11384107,False,train,0.10734514,False,0.10115004,False,0.13302802,False,derived_flow_kg_s
2025-01-20 22:45:00,0.06492494,False,train,0.06243294,False,0.030800879,False,0.10154098,False,derived_flow_kg_s
2025-01-21 10:45:00,0.062389594,False,train,0.060482573,False,0.028007656,False,0.09867856,False,derived_flow_kg_s
2025-01-21 22:45:00,0.078278296,False,train,0.07233185,False,0.023790156,False,0.13871284,False,derived_flow_kg_s
2025-01-22 10:45:00,0.08738878,False,train,0.07051941,False,0.015257309,False,0.17638959,False,derived_flow_kg_s
2025-01-22 22:45:00,0.0950055,False,train,0.0630269,False,0.023730597,False,0.198259,False,derived_flow_kg_s
2025-01-23 10:45:00,0.09679507,False,train,0.054156143,False,0.020243505,False,0.21598558,False,derived_flow_kg_s
2025-01-23 22:45:00,0.095275044,False,train,0.05192387,False,0.030615823,False,0.20328544,False,derived_flow_kg_s
2025-01-24 10:45:00,0.124133654,False,train,0.111449994,False,0.075712964,False,0.18523796,False,derived_flow_kg_s
2025-01-24 22:45:00,0.110180706,False,train,0.11515841,False,0.08742386,False,0.12795983,False,derived_flow_kg_s
2025-01-25 10:45:00,0.09054466,False,train,0.101406604,False,0.044939604,False,0.12528776,False,derived_flow_kg_s
2025-01-25 22:45:00,0.092943735,False,train,0.1027985,False,0.029266236,False,0.14676648,False,derived_flow_kg_s
2025-01-26 10:45:00,0.07832801,False,train,0.051202357,False,0.030494696,False,0.15328701,False,derived_flow_kg_s
2025-01-26 22:45:00,0.089808024,False,train,0.061825488,False,0.02307394,False,0.18452466,False,derived_flow_kg_s
2025-01-27 10:45:00,0.09327226,False,train,0.07865415,False,0.029109836,False,0.1720528,False,derived_flow_kg_s
2025-01-27 22:45:00,0.10146001,False,train,0.07547428,False,0.048613753,False,0.18029203,False,derived_flow_kg_s
2025-01-28 10:45:00,0.09329714,False,train,0.07130477,False,0.030867333,False,0.1777193,False,derived_flow_kg_s
2025-01-28 22:45:00,0.08074986,False,train,0.06195359,False,0.030789042,False,0.14950697,False,derived_flow_kg_s
2025-01-29 10:45:00,0.08786407,False,train,0.08884931,False,0.020395536,False,0.1543474,False,derived_flow_kg_s
2025-01-29 22:45:00,0.0914494,False,train,0.1104347,False,0.026971526,False,0.13694197,False,derived_flow_kg_s
2025-01-30 10:45:00,0.08528585,False,train,0.094035156,False,0.032767646,False,0.12905474,False,derived_flow_kg_s
2025-01-30 22:45:00,0.09489045,False,train,0.11935868,False,0.047411818,False,0.11790085,False,supply_temp_c
2025-01-31 10:45:00,0.09641012,False,train,0.116015784,False,0.0630716,False,0.11014295,False,supply_temp_c
2025-01-31 22:45:00,0.09345647,False,train,0.10092538,False,0.056135785,False,0.12330824,False,derived_flow_kg_s
2025-02-01 10:45:00,0.071476094,False,train,0.064481005,False,0.03438822,False,0.115559064,False,derived_flow_kg_s
2025-02-01 22:45:00,0.07740861,False,train,0.083159894,False,0.04340728,False,0.10565865,False,derived_flow_kg_s
2025-02-02 10:45:00,0.07206173,False,train,0.07593752,False,0.034936782,False,0.105310895,False,derived_flow_kg_s
2025-02-02 22:45:00,0.06313988,False,train,0.053685725,False,0.02518549,False,0.11054841,False,derived_flow_kg_s
2025-02-03 10:45:00,0.06592975,False,train,0.06544032,False,0.022410406,False,0.109938525,False,derived_flow_kg_s
2025-02-03 22:45:00,0.07246929,False,train,0.06836181,False,0.025828749,False,0.12321731,False,derived_flow_kg_s
2025-02-04 10:45:00,0.07799987,False,train,0.059119165,False,0.02156719,False,0.15331325,False,derived_flow_kg_s
2025-02-04 22:45:00,0.085262135,False,train,0.068434745,False,0.022173308,False,0.16517836,False,derived_flow_kg_s
2025-02-05 10:45:00,0.07513974,False,train,0.046231806,False,0.025157861,False,0.15402956,False,derived_flow_kg_s
2025-02-05 22:45:00,0.07364123,False,train,0.053888246,False,0.029763034,False,0.13727239,False,derived_flow_kg_s
2025-02-06 10:45:00,0.06739128,False,train,0.06635048,False,0.024002463,False,0.111820884,False,derived_flow_kg_s
2025-02-06 22:45:00,0.08828977,False,train,0.0628934,False,0.029899204,False,0.17207672,False,derived_flow_kg_s
2025-02-07 10:45:00,0.11495291,False,train,0.10382957,False,0.053303715,False,0.18772547,False,derived_flow_kg_s
2025-02-07 22:45:00,0.101395994,False,train,0.11015388,False,0.037369803,False,0.15666427,False,derived_flow_kg_s
2025-02-08 10:45:00,0.08091402,False,train,0.07736582,False,0.04010427,False,0.12527198,False,derived_flow_kg_s
2025-02-08 22:45:00,0.0689708,False,train,0.062279284,False,0.04242228,False,0.10221083,False,derived_flow_kg_s
2025-02-09 10:45:00,0.07418924,False,train,0.07017074,False,0.043709442,False,0.10868755,False,derived_flow_kg_s
2025-02-09 22:45:00,0.07118964,False,train,0.072229154,False,0.027886167,False,0.1134536,False,derived_flow_kg_s
2025-02-10 10:45:00,0.06943658,False,train,0.0661223,False,0.017550725,False,0.1246367,False,derived_flow_kg_s
2025-02-10 22:45:00,0.068082444,False,train,0.05483822,False,0.019608306,False,0.12980083,False,derived_flow_kg_s
2025-02-11 10:45:00,0.07764167,False,train,0.055066913,False,0.024732953,False,0.15312514,False,derived_flow_kg_s
2025-02-11 22:45:00,0.08013134,False,train,0.06078112,False,0.028553413,False,0.15105946,False,derived_flow_kg_s
2025-02-12 10:45:00,0.08417922,False,train,0.070011966,False,0.021152461,False,0.16137323,False,derived_flow_kg_s
2025-02-12 22:45:00,0.08423546,False,train,0.07345281,False,0.02842556,False,0.15082799,False,derived_flow_kg_s
2025-02-13 10:45:00,0.081256524,False,train,0.08271885,False,0.017699778,False,0.1433509,False,derived_flow_kg_s
2025-02-13 22:45:00,0.09982341,False,train,0.08425045,False,0.042211186,False,0.1730086,False,derived_flow_kg_s
2025-02-14 10:45:00,0.096811265,False,train,0.09045983,False,0.03683572,False,0.16313823,False,derived_flow_kg_s
2025-02-14 22:45:00,0.07857396,False,train,0.08648595,False,0.037400354,False,0.11183556,False,derived_flow_kg_s
2025-02-15 10:45:00,0.06961474,False,train,0.075395726,False,0.031193344,False,0.10225513,False,derived_flow_kg_s
2025-02-15 22:45:00,0.07135374,False,train,0.062605225,False,0.03355998,False,0.11789601,False,derived_flow_kg_s
2025-02-16 10:45:00,0.079712085,False,train,0.06136391,False,0.029792838,False,0.14797951,False,derived_flow_kg_s
2025-02-16 22:45:00,0.08899698,False,train,0.0658628,False,0.039214138,False,0.16191402,False,derived_flow_kg_s
2025-02-17 10:45:00,0.08269353,False,train,0.05444771,False,0.022414887,False,0.17121798,False,derived_flow_kg_s
2025-02-17 22:45:00,0.0905054,False,train,0.06769423,False,0.02312351,False,0.18069845,False,derived_flow_kg_s
2025-02-18 10:45:00,0.09168466,False,train,0.059639007,False,0.019739928,False,0.19567506,False,derived_flow_kg_s
2025-02-18 22:45:00,0.10174904,False,train,0.06645324,False,0.024159089,False,0.21463484,False,derived_flow_kg_s
2025-02-19 10:45:00,0.10799567,False,train,0.081825726,False,0.025485182,False,0.2166761,False,derived_flow_kg_s
2025-02-19 22:45:00,0.113108024,False,train,0.123019464,False,0.04597552,False,0.1703291,False,derived_flow_kg_s
2025-02-20 10:45:00,0.14419204,False,train,0.17621998,False,0.068741605,False,0.18761449,False,derived_flow_kg_s
2025-02-20 22:45:00,0.1410744,False,train,0.16824299,False,0.048518714,False,0.20646153,False,derived_flow_kg_s
2025-02-21 10:45:00,0.08642513,False,train,0.06602251,False,0.043007433,False,0.15024544,False,derived_flow_kg_s
2025-02-21 22:45:00,0.06036171,False,train,0.041018575,False,0.039692692,False,0.10037384,False,derived_flow_kg_s
2025-02-22 10:45:00,0.058767922,False,train,0.045733675,False,0.023390735,False,0.10717935,False,derived_flow_kg_s
2025-02-22 22:45:00,0.07210531,False,train,0.04337528,False,0.032843795,False,0.14009686,False,derived_flow_kg_s
2025-02-23 10:45:00,0.08136522,False,train,0.03462056,False,0.033639953,False,0.17583519,False,derived_flow_kg_s
2025-02-23 22:45:00,0.08694799,False,train,0.03846843,False,0.036217924,False,0.1861576,False,derived_flow_kg_s
2025-02-24 10:45:00,0.10313462,False,train,0.03561439,False,0.04591283,False,0.22787665,False,derived_flow_kg_s
2025-02-24 22:45:00,0.34250957,False,train,0.09027589,False,0.15319988,False,0.7840529,False,derived_flow_kg_s
2025-02-25 10:45:00,0.32110617,False,train,0.07935145,False,0.13237433,False,0.75159264,False,derived_flow_kg_s
2025-02-25 22:45:00,0.077364065,False,train,0.055547226,False,0.021519272,False,0.15502574,False,derived_flow_kg_s
2025-02-26 10:45:00,0.08576499,False,train,0.06807437,False,0.022539293,False,0.16668129,False,derived_flow_kg_s
2025-02-26 22:45:00,0.09334441,False,train,0.07955409,False,0.023542566,False,0.17693657,False,derived_flow_kg_s
2025-02-27 10:45:00,0.087033,False,train,0.07256419,False,0.01797014,False,0.17056467,False,derived_flow_kg_s
2025-02-27 22:45:00,0.15071593,False,train,0.13999712,False,0.05204019,False,0.26011053,False,derived_flow_kg_s
2025-02-28 10:45:00,0.9512558,False,train,0.38973165,False,0.35085046,False,2.1131852,False,derived_flow_kg_s
2025-02-28 22:45:00,0.9100116,False,train,0.34636322,False,0.32986122,False,2.0538101,False,derived_flow_kg_s
2025-03-01 10:45:00,0.12785201,False,train,0.11024284,False,0.1089121,False,0.1644011,False,derived_flow_kg_s
2025-03-01 22:45:00,0.07990363,False,train,0.07452474,False,0.026147598,False,0.13903856,False,derived_flow_kg_s
2025-03-02 10:45:00,0.07819797,False,train,0.07224062,False,0.023466533,False,0.13888673,False,derived_flow_kg_s
2025-03-02 22:45:00,0.08564851,False,train,0.08021998,False,0.03866215,False,0.13806337,False,derived_flow_kg_s
2025-03-03 10:45:00,0.08688024,False,train,0.05826184,False,0.033475664,False,0.16890317,False,derived_flow_kg_s
2025-03-03 22:45:00,0.10392665,False,train,0.063723356,False,0.07565675,False,0.17239983,False,derived_flow_kg_s
2025-03-04 10:45:00,0.093757994,False,train,0.05608968,False,0.07239624,False,0.15278806,False,derived_flow_kg_s
2025-03-04 22:45:00,0.05744891,False,train,0.035936642,False,0.013156964,False,0.12325313,False,derived_flow_kg_s
2025-03-05 10:45:00,0.05089382,False,train,0.03284293,False,0.017328622,False,0.10250989,False,derived_flow_kg_s
2025-03-05 22:45:00,0.06865546,False,train,0.045217633,False,0.036623202,False,0.12412556,False,derived_flow_kg_s
2025-03-06 10:45:00,0.18637751,False,train,0.08754349,False,0.1552651,False,0.316324,False,derived_flow_kg_s
2025-03-06 22:45:00,0.18476021,False,train,0.09941191,False,0.15285873,False,0.30200997,False,derived_flow_kg_s
2025-03-07 10:45:00,0.08236326,False,train,0.04405317,False,0.09339112,False,0.10964548,False,derived_flow_kg_s
2025-03-07 22:45:00,0.050425105,False,train,0.030951679,False,0.034535192,False,0.085788436,False,derived_flow_kg_s
2025-03-08 10:45:00,0.061866418,False,train,0.04442655,False,0.043361146,False,0.09781157,False,derived_flow_kg_s
2025-03-08 22:45:00,0.06949684,False,train,0.038315892,False,0.03635633,False,0.13381831,False,derived_flow_kg_s
2025-03-09 10:45:00,0.067635745,False,train,0.041345794,False,0.025161108,False,0.13640033,False,derived_flow_kg_s
2025-03-09 22:45:00,0.0741841,False,train,0.08048213,False,0.032084215,False,0.10998595,False,derived_flow_kg_s
2025-03-10 10:45:00,0.08646887,False,train,0.1002719,False,0.03017238,False,0.12896232,False,derived_flow_kg_s
2025-03-10 22:45:00,0.066577666,False,train,0.048625607,False,0.025489248,False,0.12561814,False,derived_flow_kg_s
2025-03-11 10:45:00,0.05787651,False,train,0.039419856,False,0.020573406,False,0.113636255,False,derived_flow_kg_s
2025-03-11 22:45:00,0.11524442,False,train,0.052982796,False,0.0822086,False,0.21054183,False,derived_flow_kg_s
2025-03-12 10:45:00,0.12058052,False,train,0.08997246,False,0.07607483,False,0.19569428,False,derived_flow_kg_s
2025-03-12 22:45:00,0.07958732,False,train,0.08719653,False,0.061081897,False,0.09048354,False,derived_flow_kg_s
2025-03-13 10:45:00,0.084263116,False,train,0.107887655,False,0.06355233,False,0.08134935,False,supply_temp_c
2025-03-13 22:45:00,0.076695465,False,train,0.10132698,False,0.03404535,False,0.09471407,False,supply_temp_c
2025-03-14 10:45:00,0.08215974,False,train,0.083742596,False,0.075650774,False,0.087085895,False,derived_flow_kg_s
2025-03-14 22:45:00,0.14352438,False,train,0.10303102,False,0.08335591,False,0.24418621,False,derived_flow_kg_s
2025-03-15 10:45:00,0.1930905,False,train,0.19559388,False,0.08168577,False,0.3019918,False,derived_flow_kg_s
2025-03-15 22:45:00,0.27059537,False,train,0.20376211,False,0.18015462,False,0.42786947,False,derived_flow_kg_s
2025-03-16 10:45:00,0.23859252,False,train,0.1471077,False,0.16156858,False,0.40710127,False,derived_flow_kg_s
2025-03-16 22:45:00,0.39718208,False,train,0.41744927,False,0.4184368,False,0.35566017,False,return_temp_c
2025-03-17 10:45:00,0.38712448,False,train,0.41977343,True,0.40331712,False,0.3382829,False,supply_temp_c
2025-03-17 22:45:00,0.07023451,False,train,0.039954085,False,0.0632712,False,0.107478224,False,derived_flow_kg_s
2025-03-18 10:45:00,0.05569646,False,train,0.04097767,False,0.053336006,False,0.072775684,False,derived_flow_kg_s
2025-03-18 22:45:00,0.048032466,False,train,0.024545336,False,0.024708671,False,0.09484338,False,derived_flow_kg_s
2025-03-19 10:45:00,0.10223154,False,train,0.024656689,False,0.088625334,False,0.19341265,False,derived_flow_kg_s
2025-03-19 22:45:00,0.16375035,False,train,0.0754594,False,0.18671788,False,0.22907376,False,derived_flow_kg_s
2025-03-20 10:45:00,0.12241435,False,train,0.060915127,False,0.13702928,False,0.16929865,False,derived_flow_kg_s
2025-03-20 22:45:00,0.07570019,False,train,0.04149961,False,0.03696912,False,0.14863189,False,derived_flow_kg_s
2025-03-21 10:45:00,0.072254226,False,train,0.055932563,False,0.04258227,False,0.11824783,False,derived_flow_kg_s
2025-03-21 22:45:00,0.07851629,False,train,0.07825943,False,0.055072162,False,0.102217294,False,derived_flow_kg_s
2025-03-22 10:45:00,0.08604208,False,train,0.07921525,False,0.08602017,False,0.09289079,False,derived_flow_kg_s
2025-03-22 22:45:00,0.06929593,False,train,0.050146688,False,0.07142193,False,0.08631917,False,derived_flow_kg_s
2025-03-23 10:45:00,0.0683893,False,train,0.045627404,False,0.080386005,False,0.07915449,False,return_temp_c
2025-03-23 22:45:00,0.06052212,False,train,0.041845515,False,0.04632594,False,0.093394905,False,derived_flow_kg_s
2025-03-24 10:45:00,0.06688144,False,train,0.0480074,False,0.03841149,False,0.11422541,False,derived_flow_kg_s
2025-03-24 22:45:00,0.07310742,False,train,0.052139044,False,0.028933294,False,0.13824995,False,derived_flow_kg_s
2025-03-25 10:45:00,0.08139493,False,train,0.06472298,False,0.024748655,False,0.15471317,False,derived_flow_kg_s
2025-03-25 22:45:00,0.0727834,False,train,0.053721685,False,0.030360213,False,0.1342683,False,derived_flow_kg_s
2025-03-26 10:45:00,0.070052415,False,train,0.06258334,False,0.019111626,False,0.12846227,False,derived_flow_kg_s
2025-03-26 22:45:00,0.070854336,False,train,0.043578386,False,0.026832312,False,0.14215234,False,derived_flow_kg_s
2025-03-27 10:45:00,0.07619408,False,train,0.046836525,False,0.021221973,False,0.16052376,False,derived_flow_kg_s
2025-03-27 22:45:00,0.089851275,False,train,0.039651003,False,0.042276386,False,0.18762644,False,derived_flow_kg_s
2025-03-28 10:45:00,0.07822097,False,train,0.038380478,False,0.04238801,False,0.15389444,False,derived_flow_kg_s
2025-03-28 22:45:00,0.047850933,False,train,0.033036113,False,0.04019706,False,0.07031962,False,derived_flow_kg_s
2025-03-29 10:45:00,0.050278943,False,train,0.03247859,False,0.04326989,False,0.07508835,False,derived_flow_kg_s
2025-03-29 22:45:00,0.07294064,False,train,0.04809928,False,0.057055075,False,0.11366757,False,derived_flow_kg_s
2025-03-30 10:45:00,0.08027391,False,train,0.047964644,False,0.03732575,False,0.15553136,False,derived_flow_kg_s
2025-03-30 22:45:00,0.09198665,False,train,0.04178545,False,0.030927548,False,0.20324695,False,derived_flow_kg_s
2025-03-31 10:45:00,0.09863589,False,train,0.04303426,False,0.030726835,False,0.22214659,False,derived_flow_kg_s
2025-03-31 22:45:00,0.1028598,False,train,0.03858728,False,0.040238187,False,0.22975393,False,derived_flow_kg_s
2025-04-01 10:45:00,0.096830465,False,train,0.052541148,False,0.023629054,False,0.21432118,False,derived_flow_kg_s
2025-04-01 22:45:00,0.07550048,False,train,0.05243359,False,0.021423876,False,0.152644,False,derived_flow_kg_s
2025-04-02 10:45:00,0.13820624,False,train,0.12681931,False,0.07026424,False,0.21753518,False,derived_flow_kg_s
2025-04-02 22:45:00,0.1522284,False,train,0.13009904,False,0.07293137,False,0.25365475,False,derived_flow_kg_s
2025-04-03 10:45:00,0.09936358,False,train,0.071696825,False,0.024772463,False,0.20162147,False,derived_flow_kg_s
2025-04-03 22:45:00,0.13426691,False,train,0.06910398,False,0.11934314,False,0.21435362,False,derived_flow_kg_s
2025-04-04 10:45:00,0.114677586,False,train,0.04525586,False,0.10847908,False,0.1902978,False,derived_flow_kg_s
2025-04-04 22:45:00,0.072547644,False,train,0.03527121,False,0.04635817,False,0.13601355,False,derived_flow_kg_s
2025-04-05 10:45:00,0.0728771,False,train,0.0334623,False,0.031811446,False,0.15335755,False,derived_flow_kg_s
2025-04-05 22:45:00,0.09343208,False,train,0.028295388,False,0.039293252,False,0.21270762,False,derived_flow_kg_s
2025-04-06 10:45:00,0.10461147,False,train,0.035290323,False,0.050473094,False,0.22807099,False,derived_flow_kg_s
2025-04-06 22:45:00,0.115222864,False,train,0.038046364,False,0.04780647,False,0.25981575,False,derived_flow_kg_s
2025-04-07 10:45:00,0.115984574,False,train,0.028823592,False,0.040541094,False,0.278589,False,derived_flow_kg_s
2025-04-07 22:45:00,0.12769493,False,train,0.047426436,False,0.039743632,False,0.29591474,False,derived_flow_kg_s
2025-04-08 10:45:00,0.1273826,False,test,0.05454907,False,0.038536828,False,0.28906193,False,derived_flow_kg_s
2025-04-08 22:45:00,0.13007097,False,test,0.053420413,False,0.030680837,False,0.30611166,False,derived_flow_kg_s
2025-04-09 10:45:00,0.13828257,False,test,0.071808964,False,0.029788243,False,0.31325045,False,derived_flow_kg_s
2025-04-09 22:45:00,0.10488072,False,test,0.06400197,False,0.03925633,False,0.21138388,False,derived_flow_kg_s
2025-04-10 10:45:00,0.06442947,False,test,0.0405008,False,0.036748003,False,0.11603958,False,derived_flow_kg_s
2025-04-10 22:45:00,0.05598884,False,test,0.028919369,False,0.03265357,False,0.106393576,False,derived_flow_kg_s
2025-04-11 10:45:00,0.07236484,False,test,0.035176877,False,0.061034683,False,0.12088296,False,derived_flow_kg_s
2025-04-11 22:45:00,0.06120254,False,test,0.049174953,False,0.05083817,False,0.0835945,False,derived_flow_kg_s
2025-04-12 10:45:00,0.07748919,False,test,0.06005134,False,0.09297961,False,0.07943661,False,return_temp_c
2025-04-12 22:45:00,0.084510654,False,test,0.04743365,False,0.08789721,False,0.11820111,False,derived_flow_kg_s
2025-04-13 10:45:00,0.05915447,False,test,0.032380547,False,0.03337555,False,0.11170729,False,derived_flow_kg_s
2025-04-13 22:45:00,0.058160536,False,test,0.04134738,False,0.023842419,False,0.109291814,False,derived_flow_kg_s
2025-04-14 10:45:00,0.059932053,False,test,0.042195316,False,0.03460486,False,0.10299597,False,derived_flow_kg_s
2025-04-14 22:45:00,0.07926055,False,test,0.039809078,False,0.042106334,False,0.15586622,False,derived_flow_kg_s
2025-04-15 10:45:00,0.11846486,False,test,0.03875065,False,0.055310722,False,0.2613332,False,derived_flow_kg_s
2025-04-15 22:45:00,0.11313166,False,test,0.048241507,False,0.06241587,False,0.22873761,False,derived_flow_kg_s
2025-04-16 10:45:00,0.09035173,False,test,0.06403119,False,0.07533044,False,0.13169353,False,derived_flow_kg_s
2025-04-16 22:45:00,0.14408183,False,test,0.06434525,False,0.092666276,False,0.27523398,False,derived_flow_kg_s
2025-04-17 10:45:00,0.14140771,False,test,0.047867775,False,0.10504737,False,0.271308,False,derived_flow_kg_s
2025-04-17 22:45:00,0.06579414,False,test,0.041792203,False,0.04007843,False,0.115511775,False,derived_flow_kg_s
2025-04-18 10:45:00,0.07722197,False,test,0.03355262,False,0.06779048,False,0.13032283,False,derived_flow_kg_s
2025-04-18 22:45:00,0.076444834,False,test,0.033289935,False,0.060449615,False,0.13559498,False,derived_flow_kg_s
2025-04-19 10:45:00,0.07863063,False,test,0.03006916,False,0.06620958,False,0.13961315,False,derived_flow_kg_s
2025-04-19 22:45:00,0.07666942,False,test,0.042460587,False,0.042141702,False,0.145406,False,derived_flow_kg_s
2025-04-20 10:45:00,0.073080674,False,test,0.03820679,False,0.04562008,False,0.13541514,False,derived_flow_kg_s
2025-04-20 22:45:00,0.059602294,False,test,0.036809035,False,0.026358107,False,0.11563974,False,derived_flow_kg_s
2025-04-21 10:45:00,0.04607278,False,test,0.022972718,False,0.021007232,False,0.09423839,False,derived_flow_kg_s
2025-04-21 22:45:00,0.05319756,False,test,0.022542426,False,0.019157533,False,0.11789271,False,derived_flow_kg_s
2025-04-22 10:45:00,0.054555833,False,test,0.024777554,False,0.022360707,False,0.11652925,False,derived_flow_kg_s
2025-04-22 22:45:00,0.042159237,False,test,0.020626696,False,0.017318808,False,0.08853221,False,derived_flow_kg_s
2025-04-23 10:45:00,0.060465865,False,test,0.023526872,False,0.012120016,False,0.14575072,False,derived_flow_kg_s
2025-04-23 22:45:00,0.053169973,False,test,0.026884852,False,0.012413729,False,0.12021133,False,derived_flow_kg_s
2025-04-24 10:45:00,0.03323341,False,test,0.030328816,False,0.0110314125,False,0.05834,False,derived_flow_kg_s
2025-04-24 22:45:00,0.059312966,False,test,0.040988002,False,0.040728662,False,0.096222244,False,derived_flow_kg_s
2025-04-25 10:45:00,0.07016752,False,test,0.04794633,False,0.039023798,False,0.123532444,False,derived_flow_kg_s
2025-04-25 22:45:00,0.12758003,False,test,0.06359383,False,0.15128611,False,0.1678601,False,derived_flow_kg_s
2025-04-26 10:45:00,0.20457022,False,test,0.09472247,False,0.25598463,False,0.2630035,False,derived_flow_kg_s
2025-04-26 22:45:00,0.15694031,False,test,0.08139877,False,0.17979568,False,0.20962645,False,derived_flow_kg_s
2025-04-27 10:45:00,0.09188496,False,test,0.055895384,False,0.08053719,False,0.13922235,False,derived_flow_kg_s
2025-04-29 10:45:00,0.050061446,False,test,0.038629774,False,0.015356245,False,0.09619832,False,derived_flow_kg_s
2025-04-29 22:45:00,0.04386127,False,test,0.044764828,False,0.010506148,False,0.07631283,False,derived_flow_kg_s
2025-04-30 10:45:00,0.034969196,False,test,0.031712532,False,0.009213183,False,0.06398187,False,derived_flow_kg_s
2025-04-30 22:45:00,0.034117695,False,test,0.02793408,False,0.011875235,False,0.06254377,False,derived_flow_kg_s
2025-05-01 10:45:00,0.03544897,False,test,0.039498296,False,0.01088209,False,0.055966515,False,derived_flow_kg_s
2025-05-01 22:45:00,0.07511434,False,test,0.03472131,False,0.04435609,False,0.14626558,False,derived_flow_kg_s
2025-05-02 10:45:00,0.09181352,False,test,0.030183146,False,0.05653258,False,0.18872483,False,derived_flow_kg_s
2025-05-02 22:45:00,0.054729156,False,test,0.02945184,False,0.026693359,False,0.10804228,False,derived_flow_kg_s
2025-05-03 10:45:00,0.044703662,False,test,0.033128045,False,0.03523141,False,0.065751515,False,derived_flow_kg_s
2025-05-03 22:45:00,0.046752714,False,test,0.0336986,False,0.049313474,False,0.057246063,False,derived_flow_kg_s
2025-05-04 10:45:00,0.045942433,False,test,0.028217593,False,0.022641152,False,0.08696855,False,derived_flow_kg_s
2025-05-04 22:45:00,0.054313984,False,test,0.029924126,False,0.015205828,False,0.117812,False,derived_flow_kg_s
2025-05-05 10:45:00,0.055691227,False,test,0.030102924,False,0.023743922,False,0.11322682,False,derived_flow_kg_s
2025-05-05 22:45:00,0.066238895,False,test,0.027591249,False,0.031637747,False,0.1394877,False,derived_flow_kg_s
2025-05-06 10:45:00,0.07914969,False,test,0.026912434,False,0.034566816,False,0.17596985,False,derived_flow_kg_s
2025-05-06 22:45:00,0.12276753,False,test,0.027301366,False,0.03275954,False,0.30824167,False,derived_flow_kg_s
2025-05-07 10:45:00,0.11830017,False,test,0.03978658,False,0.031400252,False,0.2837137,False,derived_flow_kg_s
2025-05-09 10:45:00,0.17132483,False,test,0.106996894,False,0.26416424,False,0.14281338,False,return_temp_c
2025-05-09 22:45:00,0.10679484,False,test,0.05027293,False,0.10362458,False,0.166487,False,derived_flow_kg_s
2025-05-10 10:45:00,0.11262623,False,test,0.07811959,False,0.10674433,False,0.15301481,False,derived_flow_kg_s
2025-05-10 22:45:00,0.18219596,False,test,0.09650429,False,0.117128186,False,0.33295533,False,derived_flow_kg_s
2025-05-11 10:45:00,0.18711919,False,test,0.0638837,False,0.14468108,False,0.35279283,False,derived_flow_kg_s
2025-05-11 22:45:00,0.10007319,False,test,0.050807267,False,0.08082215,False,0.16859014,False,derived_flow_kg_s
2025-05-12 10:45:00,0.08253415,False,test,0.04240672,False,0.05484851,False,0.15034723,False,derived_flow_kg_s
2025-05-12 22:45:00,0.05313959,False,test,0.03778496,False,0.04940057,False,0.07223324,False,derived_flow_kg_s
2025-05-13 10:45:00,0.048420668,False,test,0.0323682,False,0.040341925,False,0.072551884,False,derived_flow_kg_s
2025-05-13 22:45:00,0.073610276,False,test,0.033508606,False,0.051181618,False,0.13614064,False,derived_flow_kg_s
2025-05-14 10:45:00,0.06571752,False,test,0.041998398,False,0.04311801,False,0.11203616,False,derived_flow_kg_s
2025-05-14 22:45:00,0.056042537,False,test,0.03734998,False,0.033312153,False,0.097465485,False,derived_flow_kg_s
2025-05-15 10:45:00,0.062598914,False,test,0.029492473,False,0.03274383,False,0.12556045,False,derived_flow_kg_s
2025-05-15 22:45:00,0.06260351,False,test,0.06497329,False,0.035017435,False,0.08781985,False,derived_flow_kg_s
2025-05-16 10:45:00,0.051189404,False,test,0.06628343,False,0.028987085,False,0.058297697,False,supply_temp_c
2025-05-16 22:45:00,0.0462872,False,test,0.056329876,False,0.026734209,False,0.055797532,False,supply_temp_c
2025-05-17 10:45:00,0.051836528,False,test,0.073084064,False,0.0214976,False,0.060927916,False,supply_temp_c
2025-05-17 22:45:00,0.055408925,False,test,0.07995451,False,0.01929432,False,0.06697795,False,supply_temp_c
2025-05-18 10:45:00,0.060892753,False,test,0.074062966,False,0.041700214,False,0.06691508,False,supply_temp_c
2025-05-18 22:45:00,0.058621015,False,test,0.07010708,False,0.04617397,False,0.059581984,False,supply_temp_c
2025-05-19 10:45:00,0.06874585,False,test,0.06387484,False,0.036962893,False,0.10539982,False,derived_flow_kg_s
2025-05-19 22:45:00,0.061541174,False,test,0.04439829,False,0.032995593,False,0.10722964,False,derived_flow_kg_s
2025-05-20 10:45:00,0.047345374,False,test,0.06472897,False,0.027861252,False,0.049445897,False,supply_temp_c
2025-05-20 22:45:00,0.041025504,False,test,0.06375246,False,0.022041375,False,0.037282664,False,supply_temp_c
2025-05-21 10:45:00,0.03569564,False,test,0.046445962,False,0.022158323,False,0.038482636,False,supply_temp_c
2025-05-21 22:45:00,0.03831895,False,test,0.043919783,False,0.025008572,False,0.0460285,False,derived_flow_kg_s
2025-05-22 10:45:00,0.04064515,False,test,0.055521592,False,0.019964064,False,0.046449784,False,supply_temp_c
2025-05-22 22:45:00,0.03535081,False,test,0.04143567,False,0.015049067,False,0.04956769,False,derived_flow_kg_s
2025-05-23 10:45:00,0.039467555,False,test,0.045972213,False,0.021848021,False,0.05058242,False,derived_flow_kg_s
2025-05-23 22:45:00,0.046324797,False,test,0.05123989,False,0.025894845,False,0.06183966,False,derived_flow_kg_s
2025-05-24 10:45:00,0.046588134,False,test,0.045401245,False,0.02131916,False,0.073043995,False,derived_flow_kg_s
2025-05-24 22:45:00,0.04322331,False,test,0.05682376,False,0.017426087,False,0.055420097,False,supply_temp_c
2025-05-25 10:45:00,0.04568291,False,test,0.0680034,False,0.02724301,False,0.04180232,False,supply_temp_c
2025-05-25 22:45:00,0.050086454,False,test,0.065034606,False,0.02289276,False,0.062331993,False,supply_temp_c
2025-05-26 10:45:00,0.04306783,False,test,0.04532324,False,0.02090847,False,0.062971786,False,derived_flow_kg_s
2025-05-26 22:45:00,0.038260102,False,test,0.054619033,False,0.025173984,False,0.034987297,False,supply_temp_c
2025-05-27 10:45:00,0.044593815,False,test,0.062709086,False,0.03364154,False,0.037430804,False,supply_temp_c
2025-05-27 22:45:00,0.06545737,False,test,0.0734612,False,0.053784087,False,0.06912681,False,supply_temp_c
2025-05-28 10:45:00,0.05605732,False,test,0.048623204,False,0.046104398,False,0.073444344,False,derived_flow_kg_s
2025-05-28 22:45:00,0.03226327,False,test,0.04687954,False,0.01906746,False,0.030842816,False,supply_temp_c
2025-05-29 10:45:00,0.031217553,False,test,0.044003323,False,0.01615887,False,0.03349046,False,supply_temp_c
2025-05-29 22:45:00,0.03424995,False,test,0.03990809,False,0.012715577,False,0.0501262,False,derived_flow_kg_s
2025-05-30 10:45:00,0.051548205,False,test,0.061472204,False,0.015532796,False,0.07763963,False,derived_flow_kg_s
2025-05-30 22:45:00,0.056244195,False,test,0.08438828,False,0.021964064,False,0.06238024,False,supply_temp_c
2025-05-31 10:45:00,0.039570797,False,test,0.06666937,False,0.024034798,False,0.028008237,False,supply_temp_c
2025-05-31 22:45:00,0.031036777,False,test,0.059205633,False,0.012103113,False,0.021801585,False,supply_temp_c
2025-06-01 10:45:00,0.03794641,False,test,0.06814181,False,0.022914784,False,0.022782637,False,supply_temp_c
2025-06-01 22:45:00,0.044503495,False,test,0.07929938,False,0.029996129,False,0.024214985,False,supply_temp_c
2025-06-02 10:45:00,0.040493656,False,test,0.0703237,False,0.025707096,False,0.025450163,False,supply_temp_c
2025-06-02 22:45:00,0.052062973,False,test,0.066736154,False,0.038955573,False,0.0504972,False,supply_temp_c
2025-06-03 10:45:00,0.07686636,False,test,0.08591628,False,0.03819515,False,0.10648763,False,derived_flow_kg_s
2025-06-03 22:45:00,0.0929711,False,test,0.09194154,False,0.052476555,False,0.13449521,False,derived_flow_kg_s
2025-06-04 10:45:00,0.084040016,False,test,0.108536504,False,0.03613336,False,0.10745022,False,supply_temp_c
2025-06-04 22:45:00,0.079570815,False,test,0.1230947,False,0.029569566,False,0.08604816,False,supply_temp_c
2025-06-05 10:45:00,0.07688398,False,test,0.11032397,False,0.031188965,False,0.08913899,False,supply_temp_c
2025-06-05 22:45:00,0.07769993,False,test,0.10842989,False,0.03603546,False,0.08863446,False,supply_temp_c
2025-06-06 10:45:00,0.09089896,False,test,0.09088429,False,0.043339193,False,0.13847339,False,derived_flow_kg_s
2025-06-06 22:45:00,0.09750045,False,test,0.08372694,False,0.046214808,False,0.16255958,False,derived_flow_kg_s
2025-06-07 10:45:00,0.0735121,False,test,0.083198704,False,0.038798776,False,0.098538816,False,derived_flow_kg_s
2025-06-07 22:45:00,0.064671986,False,test,0.082361445,False,0.03887084,False,0.07278369,False,supply_temp_c
2025-06-08 10:45:00,0.06350097,False,test,0.08737952,False,0.030688291,False,0.0724351,False,supply_temp_c
2025-06-08 22:45:00,0.05996842,False,test,0.09160297,False,0.025892938,False,0.062409338,False,supply_temp_c
2025-06-09 10:45:00,0.059023693,False,test,0.085608274,False,0.027198052,False,0.064264745,False,supply_temp_c
2025-06-09 22:45:00,0.08248925,False,test,0.117082745,False,0.031928208,False,0.09845677,False,supply_temp_c
2025-06-10 10:45:00,0.08733363,False,test,0.12006348,False,0.029812843,False,0.11212453,False,supply_temp_c
2025-06-10 22:45:00,0.07809284,False,test,0.09361964,False,0.028173903,False,0.112484954,False,derived_flow_kg_s
2025-06-11 10:45:00,0.08474512,False,test,0.0941976,False,0.036588576,False,0.12344918,False,derived_flow_kg_s
2025-06-11 22:45:00,0.089062974,False,test,0.10622111,False,0.037853956,False,0.12311387,False,derived_flow_kg_s
2025-06-12 10:45:00,0.08626272,False,test,0.09696474,False,0.037899148,False,0.12392423,False,derived_flow_kg_s
2025-06-12 22:45:00,0.08788106,False,test,0.10353002,False,0.030258058,False,0.1298551,False,derived_flow_kg_s
2025-06-13 10:45:00,0.08766779,False,test,0.10013477,False,0.040090457,False,0.12277814,False,derived_flow_kg_s
2025-06-13 22:45:00,0.07427145,False,test,0.08265755,False,0.038893722,False,0.101263076,False,derived_flow_kg_s
2025-06-14 10:45:00,0.086771935,False,test,0.09722672,False,0.03246302,False,0.13062608,False,derived_flow_kg_s
2025-06-14 22:45:00,0.109070405,False,test,0.099880874,False,0.042071838,False,0.18525851,False,derived_flow_kg_s
2025-06-15 10:45:00,0.10196671,False,test,0.0939224,False,0.047899347,False,0.16407837,False,derived_flow_kg_s
2025-06-15 22:45:00,0.07431874,False,test,0.06928755,False,0.046488743,False,0.10717991,False,derived_flow_kg_s
2025-06-16 10:45:00,0.073398724,False,test,0.07228928,False,0.03927162,False,0.108635284,False,derived_flow_kg_s
2025-06-16 22:45:00,0.07456682,False,test,0.06880461,False,0.029206641,False,0.1256892,False,derived_flow_kg_s
2025-06-17 10:45:00,0.07195628,False,test,0.06279238,False,0.036077496,False,0.11699894,False,derived_flow_kg_s
2025-06-17 22:45:00,0.08271746,False,test,0.08181038,False,0.051270057,False,0.11507196,False,derived_flow_kg_s
2025-06-18 10:45:00,0.079518,False,test,0.07726627,False,0.048106637,False,0.113181114,False,derived_flow_kg_s
2025-06-18 22:45:00,0.06590883,False,test,0.07525062,False,0.031945314,False,0.090530545,False,derived_flow_kg_s
2025-06-19 10:45:00,0.0428738,False,test,0.06510445,False,0.01694785,False,0.046569105,False,supply_temp_c
2025-06-19 22:45:00,0.09019469,False,test,0.051891852,False,0.032427665,False,0.18626456,False,derived_flow_kg_s
2025-06-20 10:45:00,0.093112946,False,test,0.05202788,False,0.03367371,False,0.19363724,False,derived_flow_kg_s
2025-06-20 22:45:00,0.042568907,False,test,0.076747276,False,0.013677802,False,0.03728162,False,supply_temp_c
2025-06-21 10:45:00,0.036258753,False,test,0.06873708,False,0.010696436,False,0.029342754,False,supply_temp_c
2025-06-21 22:45:00,0.037217014,False,test,0.067256235,False,0.007910262,False,0.036484558,False,supply_temp_c
2025-06-22 10:45:00,0.040169578,False,test,0.07577226,False,0.009129034,False,0.03560745,False,supply_temp_c
2025-06-22 22:45:00,0.034001097,False,test,0.057761237,False,0.01054253,False,0.033699524,False,supply_temp_c
2025-06-23 10:45:00,0.03504567,False,test,0.058566958,False,0.010225946,False,0.036344092,False,supply_temp_c
2025-06-23 22:45:00,0.038633287,False,test,0.07274976,False,0.00881798,False,0.03433213,False,supply_temp_c
2025-06-24 10:45:00,0.04502885,False,test,0.090611935,False,0.010162418,False,0.034312204,False,supply_temp_c
2025-06-24 22:45:00,0.045348413,False,test,0.08629195,False,0.009844339,False,0.039908953,False,supply_temp_c
2025-06-25 10:45:00,0.032585535,False,test,0.050840322,False,0.012067591,False,0.034848686,False,supply_temp_c
2025-06-25 22:45:00,0.030235596,False,test,0.043626305,False,0.015109898,False,0.03197058,False,supply_temp_c
2025-06-26 10:45:00,0.030599667,False,test,0.04907011,False,0.009689611,False,0.03303929,False,supply_temp_c
2025-06-26 22:45:00,0.03080174,False,test,0.04899342,False,0.014917298,False,0.028494505,False,supply_temp_c
2025-06-27 10:45:00,0.03152253,False,test,0.046389807,False,0.016728142,False,0.03144964,False,supply_temp_c
2025-06-27 22:45:00,0.03429303,False,test,0.05020993,False,0.013064955,False,0.039604206,False,supply_temp_c
2025-06-28 10:45:00,0.04458058,False,test,0.053857725,False,0.021053644,False,0.058830377,False,derived_flow_kg_s
2025-06-28 22:45:00,0.044129446,False,test,0.04192412,False,0.02687023,False,0.06359399,False,derived_flow_kg_s
2025-06-29 10:45:00,0.037091997,False,test,0.049118195,False,0.018917644,False,0.043240145,False,supply_temp_c
2025-06-29 22:45:00,0.11741587,False,test,0.08153375,False,0.050593276,False,0.22012056,False,derived_flow_kg_s
2025-06-30 10:45:00,0.12167629,False,test,0.046317905,False,0.070963286,False,0.24774767,False,derived_flow_kg_s
2025-06-30 22:45:00,0.24044615,False,test,0.16508327,False,0.076169826,False,0.48008525,False,derived_flow_kg_s
2025-07-01 10:45:00,0.26946387,False,test,0.14784765,False,0.10327268,False,0.55727124,False,derived_flow_kg_s
2025-07-01 22:45:00,0.19304161,False,test,0.18279193,False,0.08158717,False,0.31474572,False,derived_flow_kg_s
2025-07-02 10:45:00,0.18642657,False,test,0.27013585,False,0.053689674,False,0.23545414,False,supply_temp_c
2025-07-02 22:45:00,0.13769259,False,test,0.23015986,False,0.041653063,False,0.14126477,False,supply_temp_c
2025-07-03 10:45:00,0.06571066,False,test,0.10358924,False,0.029440448,False,0.06410226,False,supply_temp_c
2025-07-03 22:45:00,0.037610404,False,test,0.058228325,False,0.017099492,False,0.03750339,False,supply_temp_c
2025-07-04 10:45:00,0.043357637,False,test,0.05846869,False,0.025218898,False,0.04638532,False,supply_temp_c
2025-07-04 22:45:00,0.05401822,False,test,0.06963293,False,0.0302734,False,0.062148336,False,supply_temp_c
2025-07-05 10:45:00,0.0574676,False,test,0.07634613,False,0.024809875,False,0.071246795,False,supply_temp_c
2025-07-05 22:45:00,0.05556322,False,test,0.079206355,False,0.024459628,False,0.06302368,False,supply_temp_c
2025-07-06 10:45:00,0.055247582,False,test,0.07524506,False,0.03230277,False,0.058194917,False,supply_temp_c
2025-07-06 22:45:00,0.06693137,False,test,0.06705817,False,0.053076986,False,0.080658935,False,derived_flow_kg_s
2025-07-07 10:45:00,0.072895736,False,test,0.043951947,False,0.09130951,False,0.08342576,False,return_temp_c
2025-07-07 22:45:00,0.08703237,False,test,0.09558871,False,0.07588228,False,0.089626126,False,supply_temp_c
2025-07-08 10:45:00,2.2753482,True,test,0.39157495,False,0.12151929,False,6.31295,True,derived_flow_kg_s
2025-07-08 22:45:00,2.253921,True,test,0.35977593,False,0.120427705,False,6.2815604,True,derived_flow_kg_s
2025-07-09 10:45:00,0.04188736,False,test,0.044995528,False,0.032231446,False,0.04843511,False,derived_flow_kg_s
2025-07-09 22:45:00,0.086900264,False,test,0.10993141,False,0.03913651,False,0.11163286,False,derived_flow_kg_s
2025-07-10 10:45:00,0.17081168,False,test,0.25362206,False,0.03890412,False,0.21990885,False,supply_temp_c
2025-07-10 22:45:00,0.20355776,False,test,0.3377047,False,0.03538299,False,0.23758559,False,supply_temp_c
2025-07-11 10:45:00,0.18804257,False,test,0.3203961,False,0.036926385,False,0.20680527,False,supply_temp_c
2025-07-11 22:45:00,0.18272237,False,test,0.30607796,False,0.036016934,False,0.20607226,False,supply_temp_c
2025-07-12 10:45:00,0.17565572,False,test,0.28761056,False,0.03623939,False,0.2031172,False,supply_temp_c
2025-07-12 22:45:00,0.18242659,False,test,0.29734728,False,0.03281245,False,0.21711998,False,supply_temp_c
2025-07-13 10:45:00,0.18868524,False,test,0.32280517,False,0.03402135,False,0.20922922,False,supply_temp_c
2025-07-13 22:45:00,0.17926274,False,test,0.3114203,False,0.03464385,False,0.1917241,False,supply_temp_c
2025-07-14 10:45:00,0.17425752,False,test,0.29561788,False,0.037243824,False,0.18991083,False,supply_temp_c
2025-07-14 22:45:00,0.17978594,False,test,0.30554208,False,0.038239602,False,0.19557612,False,supply_temp_c
2025-07-15 10:45:00,0.18665989,False,test,0.31730667,False,0.035018403,False,0.20765461,False,supply_temp_c
