window_start,reconstruction_mse,is_reconstruction_anomaly,split,supply_temp_c_reconstruction_mse,is_supply_temp_c_channel_anomaly,return_temp_c_reconstruction_mse,is_return_temp_c_channel_anomaly,derived_flow_kg_s_reconstruction_mse,is_derived_flow_kg_s_channel_anomaly,dominant_anomalous_feature
2024-01-03 17:00:00,0.053790376,False,train,0.072410665,False,0.07203237,False,0.016928075,False,supply_temp_c
2024-01-04 05:00:00,0.054820463,False,train,0.07080626,False,0.07627181,False,0.01738331,False,return_temp_c
2024-01-04 17:00:00,0.05413192,False,train,0.087638356,False,0.055726122,False,0.019031288,False,supply_temp_c
2024-01-05 05:00:00,0.05808637,False,train,0.08329581,False,0.06993424,False,0.021029063,False,supply_temp_c
2024-01-05 17:00:00,0.05062592,False,train,0.059143458,False,0.07389457,False,0.018839734,False,return_temp_c
2024-01-06 05:00:00,0.052968357,False,train,0.067600414,False,0.06791689,False,0.023387773,False,return_temp_c
2024-01-06 17:00:00,0.050402343,False,train,0.06684842,False,0.06234688,False,0.022011718,False,supply_temp_c
2024-01-07 05:00:00,0.07675243,False,train,0.09577545,False,0.10875591,False,0.025725953,False,return_temp_c
2024-01-07 17:00:00,0.10431382,False,train,0.13653226,False,0.13968946,False,0.036719754,False,return_temp_c
2024-01-08 05:00:00,0.090547636,False,train,0.13543712,False,0.10621714,False,0.029988676,False,supply_temp_c
2024-01-08 17:00:00,0.08526108,False,train,0.12838735,False,0.105223306,False,0.022172606,False,supply_temp_c
2024-01-09 05:00:00,0.08465604,False,train,0.105366945,False,0.12398282,False,0.024618333,False,return_temp_c
2024-01-09 17:00:00,0.07280122,False,train,0.07671944,False,0.11913378,False,0.022550419,False,return_temp_c
2024-01-10 05:00:00,0.06644267,False,train,0.09069735,False,0.09213686,False,0.016493816,False,return_temp_c
2024-01-10 17:00:00,0.06599985,False,train,0.09292991,False,0.089821815,False,0.015247849,False,supply_temp_c
2024-01-11 05:00:00,0.060129542,False,train,0.08660085,False,0.07234775,False,0.021440022,False,supply_temp_c
2024-01-11 17:00:00,0.05748581,False,train,0.08185414,False,0.0716278,False,0.018975489,False,supply_temp_c
2024-01-12 05:00:00,0.06186476,False,train,0.0856309,False,0.08532104,False,0.0146423355,False,supply_temp_c
2024-01-12 17:00:00,0.058803175,False,train,0.07794111,False,0.08613002,False,0.012338377,False,return_temp_c
2024-01-13 05:00:00,0.05404608,False,train,0.06638754,False,0.080431916,False,0.015318784,False,return_temp_c
2024-01-13 17:00:00,0.05608435,False,train,0.07470759,False,0.07274573,False,0.02079971,False,supply_temp_c
2024-01-14 05:00:00,0.07866394,False,train,0.10618591,False,0.10849557,False,0.021310322,False,return_temp_c
2024-01-14 17:00:00,0.07460031,False,train,0.09059733,False,0.11581596,False,0.017387632,False,return_temp_c
2024-01-15 05:00:00,0.059586506,False,train,0.07430696,False,0.09070674,False,0.013745822,False,return_temp_c
2024-01-15 17:00:00,0.10320102,False,train,0.13604759,False,0.15377231,False,0.019783143,False,return_temp_c
2024-01-16 05:00:00,0.10694801,False,train,0.14069593,False,0.15427281,False,0.02587527,False,return_temp_c
2024-01-16 17:00:00,0.075820394,False,train,0.10084636,False,0.10551387,False,0.021100983,False,return_temp_c
2024-01-17 05:00:00,0.069691695,False,train,0.070671946,False,0.10805989,False,0.030343251,False,return_temp_c
2024-01-17 17:00:00,0.056086197,False,train,0.0719525,False,0.0695072,False,0.026798898,False,supply_temp_c
2024-01-18 05:00:00,0.068241596,False,train,0.09722876,False,0.08490316,False,0.022592852,False,supply_temp_c
2024-01-18 17:00:00,0.06664571,False,train,0.0891858,False,0.08403719,False,0.026714163,False,supply_temp_c
2024-01-19 05:00:00,0.07045351,False,train,0.09245641,False,0.092995726,False,0.025908394,False,return_temp_c
2024-01-19 17:00:00,0.07033874,False,train,0.09671635,False,0.09292362,False,0.021376232,False,supply_temp_c
2024-01-20 05:00:00,0.0657251,False,train,0.084989585,False,0.09006425,False,0.022121482,False,return_temp_c
2024-01-20 17:00:00,0.060036346,False,train,0.072511114,False,0.085997045,False,0.021600867,False,return_temp_c
2024-01-21 05:00:00,0.05634506,False,train,0.065256,False,0.08515799,False,0.018621186,False,return_temp_c
2024-01-21 17:00:00,0.053170547,False,train,0.06697095,False,0.07517467,False,0.01736603,False,return_temp_c
2024-01-22 05:00:00,0.3471171,True,train,0.32193565,True,0.62946016,True,0.089955516,False,return_temp_c
2024-01-22 17:00:00,0.42617804,True,train,0.5377195,True,0.62588793,True,0.11492666,False,return_temp_c
2024-01-23 05:00:00,0.20945115,False,train,0.17503782,False,0.41363612,True,0.039679583,False,return_temp_c
2024-01-23 17:00:00,0.06847116,False,train,0.09524504,False,0.09463113,False,0.015537296,False,supply_temp_c
2024-01-24 05:00:00,0.07093111,False,train,0.091993,False,0.10086509,False,0.019935237,False,return_temp_c
2024-01-24 17:00:00,0.071759254,False,train,0.095906414,False,0.10087049,False,0.018500827,False,return_temp_c
2024-01-25 05:00:00,0.058346953,False,train,0.076048404,False,0.08279615,False,0.016196316,False,return_temp_c
2024-01-25 17:00:00,0.08458011,False,train,0.1173343,False,0.11665296,False,0.019753056,False,supply_temp_c
2024-01-26 05:00:00,0.0827057,False,train,0.118321516,False,0.10952571,False,0.02026987,False,supply_temp_c
2024-01-26 17:00:00,0.06581306,False,train,0.08387215,False,0.095403455,False,0.018163584,False,return_temp_c
2024-01-27 05:00:00,0.05666854,False,train,0.07108951,False,0.07255616,False,0.026359951,False,return_temp_c
2024-01-27 17:00:00,0.0522813,False,train,0.070050865,False,0.062126886,False,0.024666147,False,supply_temp_c
2024-01-28 05:00:00,0.05804337,False,train,0.077028304,False,0.079304315,False,0.01779749,False,return_temp_c
2024-01-28 17:00:00,0.06600751,False,train,0.09754372,False,0.08113835,False,0.019340435,False,supply_temp_c
2024-01-29 05:00:00,0.06934481,False,train,0.1056593,False,0.082088135,False,0.02028702,False,supply_temp_c
2024-01-29 17:00:00,0.056326587,False,train,0.07799348,False,0.07313254,False,0.017853754,False,supply_temp_c
2024-01-30 05:00:00,0.055459615,False,train,0.06416434,False,0.084650725,False,0.01756378,False,return_temp_c
2024-01-30 17:00:00,0.052366294,False,train,0.0719464,False,0.0644412,False,0.020711279,False,supply_temp_c
2024-01-31 05:00:00,0.05920022,False,train,0.0705356,False,0.07321975,False,0.033845317,False,return_temp_c
2024-01-31 17:00:00,0.0841179,False,train,0.1195998,False,0.09979996,False,0.032953907,False,supply_temp_c
2024-02-01 05:00:00,0.0964447,False,train,0.14188023,False,0.12507926,False,0.022374613,False,supply_temp_c
2024-02-01 17:00:00,0.09495075,False,train,0.1479014,False,0.11607503,False,0.020875825,False,supply_temp_c
2024-02-02 05:00:00,0.07426893,False,train,0.12209025,False,0.08033131,False,0.020385211,False,supply_temp_c
2024-02-02 17:00:00,0.061672077,False,train,0.08888713,False,0.07753725,False,0.018591847,False,supply_temp_c
2024-02-03 05:00:00,0.073054045,False,train,0.1107122,False,0.08706931,False,0.021380655,False,supply_temp_c
2024-02-03 17:00:00,0.07225396,False,train,0.12342301,False,0.07330119,False,0.02003766,False,supply_temp_c
2024-02-04 05:00:00,0.06714793,False,train,0.09749874,False,0.08176062,False,0.022184445,False,supply_temp_c
2024-02-04 17:00:00,0.064622924,False,train,0.08752934,False,0.08282545,False,0.023513967,False,supply_temp_c
2024-02-05 05:00:00,0.062066212,False,train,0.090791464,False,0.07677111,False,0.018636033,False,supply_temp_c
2024-02-05 17:00:00,0.07401341,False,train,0.10999947,False,0.09706212,False,0.014978648,False,supply_temp_c
2024-02-06 05:00:00,0.064440854,False,train,0.07503909,False,0.09316883,False,0.025114646,False,return_temp_c
2024-02-06 17:00:00,0.05804033,False,train,0.074150875,False,0.07548589,False,0.02448421,False,return_temp_c
2024-02-07 05:00:00,0.07158702,False,train,0.10181328,False,0.09387875,False,0.019069046,False,supply_temp_c
2024-02-07 17:00:00,0.073269896,False,train,0.10820213,False,0.091780186,False,0.01982735,False,supply_temp_c
2024-02-08 05:00:00,0.072981186,False,train,0.09586183,False,0.103057,False,0.020024719,False,return_temp_c
2024-02-08 17:00:00,0.06914248,False,train,0.09417036,False,0.09660506,False,0.016652038,False,return_temp_c
2024-02-09 05:00:00,0.06176371,False,train,0.07135486,False,0.097084545,False,0.016851736,False,return_temp_c
2024-02-09 17:00:00,0.051695097,False,train,0.054558758,False,0.08254079,False,0.017985743,False,return_temp_c
2024-02-10 05:00:00,0.050015543,False,train,0.06166937,False,0.06734453,False,0.021032738,False,return_temp_c
2024-02-10 17:00:00,0.051287644,False,train,0.059832726,False,0.07597202,False,0.01805817,False,return_temp_c
2024-02-11 05:00:00,0.054465648,False,train,0.06450655,False,0.07802155,False,0.020868853,False,return_temp_c
2024-02-11 17:00:00,0.053629577,False,train,0.058608294,False,0.08134269,False,0.020937746,False,return_temp_c
2024-02-12 05:00:00,0.050806217,False,train,0.0573923,False,0.06979731,False,0.02522906,False,return_temp_c
2024-02-12 17:00:00,0.059763227,False,train,0.07030631,False,0.083280206,False,0.025703156,False,return_temp_c
2024-02-13 05:00:00,0.067538396,False,train,0.085154556,False,0.09704689,False,0.020413738,False,return_temp_c
2024-02-13 17:00:00,0.07303854,False,train,0.09452785,False,0.10691199,False,0.017675748,False,return_temp_c
2024-02-14 05:00:00,0.0704681,False,train,0.10032034,False,0.08729657,False,0.023787394,False,supply_temp_c
2024-02-14 17:00:00,0.074367724,False,train,0.11073768,False,0.088674165,False,0.023691291,False,supply_temp_c
2024-02-15 05:00:00,0.086999804,False,train,0.11962298,False,0.12193545,False,0.019441014,False,return_temp_c
2024-02-15 17:00:00,0.08158021,False,train,0.11565947,False,0.11303154,False,0.016049622,False,supply_temp_c
2024-02-16 05:00:00,0.07113377,False,train,0.111114085,False,0.08463337,False,0.017653864,False,supply_temp_c
2024-02-16 17:00:00,0.06887618,False,train,0.10181481,False,0.08586096,False,0.01895277,False,supply_temp_c
2024-02-17 05:00:00,0.07924717,False,train,0.10445268,False,0.1124729,False,0.020815896,False,return_temp_c
2024-02-17 17:00:00,0.07759665,False,train,0.10497949,False,0.10969603,False,0.018114427,False,return_temp_c
2024-02-18 05:00:00,0.06840506,False,train,0.07789277,False,0.10583044,False,0.021491976,False,return_temp_c
2024-02-18 17:00:00,0.060503066,False,train,0.08284621,False,0.07525697,False,0.023405991,False,supply_temp_c
2024-02-19 05:00:00,0.05608791,False,train,0.06559551,False,0.0670772,False,0.035591014,False,return_temp_c
2024-02-19 17:00:00,0.07398209,False,train,0.1043651,False,0.07839409,False,0.03918711,False,supply_temp_c
2024-02-20 05:00:00,0.07627013,False,train,0.120761335,False,0.082119904,False,0.02592916,False,supply_temp_c
2024-02-20 17:00:00,0.074549556,False,train,0.09996269,False,0.10735568,False,0.01633029,False,return_temp_c
2024-02-21 05:00:00,0.072073,False,train,0.09062109,False,0.10613904,False,0.019458858,False,return_temp_c
2024-02-21 17:00:00,0.05770784,False,train,0.06977643,False,0.08040753,False,0.022939548,False,return_temp_c
2024-02-22 05:00:00,0.060398392,False,train,0.07188189,False,0.09261378,False,0.016699504,False,return_temp_c
2024-02-22 17:00:00,0.064876504,False,train,0.09252581,False,0.08256323,False,0.01954048,False,supply_temp_c
2024-02-23 05:00:00,0.06479866,False,train,0.08701908,False,0.08921347,False,0.018163435,False,return_temp_c
2024-02-23 17:00:00,0.05277645,False,train,0.063139394,False,0.08149684,False,0.013693098,False,return_temp_c
2024-02-24 05:00:00,0.0441412,False,train,0.05125107,False,0.0642997,False,0.016872836,False,return_temp_c
2024-02-24 17:00:00,0.050923888,False,train,0.07077221,False,0.06591252,False,0.016086934,False,supply_temp_c
2024-02-25 05:00:00,0.068431936,False,train,0.107605495,False,0.082767874,False,0.014922439,False,supply_temp_c
2024-02-25 17:00:00,0.06438049,False,train,0.090631396,False,0.0853539,False,0.017156176,False,supply_temp_c
2024-02-26 05:00:00,0.066340186,False,train,0.068737,False,0.092785634,False,0.037497934,False,return_temp_c
2024-02-26 17:00:00,0.06864032,False,train,0.07423917,False,0.0966477,False,0.035034087,False,return_temp_c
2024-02-27 05:00:00,0.06536593,False,train,0.082687944,False,0.09482488,False,0.018584972,False,return_temp_c
2024-02-27 17:00:00,0.07704408,False,train,0.10585987,False,0.10614583,False,0.019126521,False,return_temp_c
2024-02-28 05:00:00,0.07715341,False,train,0.1188342,False,0.09612763,False,0.01649838,False,supply_temp_c
2024-02-28 17:00:00,0.054334737,False,train,0.08394196,False,0.06596429,False,0.013097965,False,supply_temp_c
2024-02-29 05:00:00,0.057866734,False,train,0.066220246,False,0.094634034,False,0.01274592,False,return_temp_c
2024-02-29 17:00:00,0.05371409,False,train,0.06654426,False,0.083154835,False,0.011443189,False,return_temp_c
2024-03-01 05:00:00,0.04597767,False,train,0.056529734,False,0.06498443,False,0.016418843,False,return_temp_c
2024-03-01 17:00:00,0.06616413,False,train,0.098311305,False,0.076668344,False,0.023512756,False,supply_temp_c
2024-03-02 05:00:00,0.07979202,False,train,0.13178508,False,0.09014872,False,0.01744229,False,supply_temp_c
2024-03-02 17:00:00,0.10502762,False,train,0.16854124,False,0.1258897,False,0.02065196,False,supply_temp_c
2024-03-03 05:00:00,0.08371316,False,train,0.11885192,False,0.11257077,False,0.019716812,False,supply_temp_c
2024-03-03 17:00:00,0.09716436,False,train,0.15365507,False,0.1238924,False,0.01394564,False,supply_temp_c
2024-03-04 05:00:00,0.10148667,False,train,0.14483628,False,0.12271347,False,0.036910288,False,supply_temp_c
2024-03-04 17:00:00,0.14737578,False,train,0.24068654,False,0.15741658,False,0.0440242,False,supply_temp_c
2024-03-05 05:00:00,0.13238814,False,train,0.22759783,False,0.13343687,False,0.036129702,False,supply_temp_c
2024-03-05 17:00:00,0.073840186,False,train,0.08795553,False,0.10507361,False,0.02849144,False,return_temp_c
2024-03-06 05:00:00,0.063693576,False,train,0.07907308,False,0.09761128,False,0.014396361,False,return_temp_c
2024-03-06 17:00:00,0.05138781,False,train,0.0654594,False,0.07558766,False,0.013116359,False,return_temp_c
2024-03-07 05:00:00,0.0601307,False,train,0.0788855,False,0.083625354,False,0.017881244,False,return_temp_c
2024-03-07 17:00:00,0.06489279,False,train,0.08694471,False,0.08931274,False,0.018420903,False,return_temp_c
2024-03-08 05:00:00,0.057088263,False,train,0.07457443,False,0.073590346,False,0.023100017,False,supply_temp_c
2024-03-08 17:00:00,0.072963394,False,train,0.0938864,False,0.097397625,False,0.027606184,False,return_temp_c
2024-03-09 05:00:00,0.068347424,False,train,0.08274744,False,0.08246341,False,0.039831426,False,supply_temp_c
2024-03-09 17:00:00,0.09430539,False,train,0.10276917,False,0.13481648,False,0.045330483,False,return_temp_c
2024-03-10 05:00:00,0.052693382,False,train,0.04835282,False,0.07385383,False,0.035873506,False,return_temp_c
2024-03-10 17:00:00,0.093084335,False,train,0.105704196,False,0.1436384,False,0.029910406,False,return_temp_c
2024-03-11 05:00:00,0.097266085,False,train,0.11932895,False,0.13212837,False,0.040340904,False,return_temp_c
2024-03-11 17:00:00,0.0859665,False,train,0.10483665,False,0.113019414,False,0.040043432,False,return_temp_c
2024-03-12 05:00:00,0.07002565,False,train,0.09767189,False,0.08914522,False,0.023259843,False,supply_temp_c
2024-03-12 17:00:00,0.14286783,False,train,0.18033774,False,0.21962918,False,0.028636558,False,return_temp_c
2024-03-13 05:00:00,0.14200169,False,train,0.18400232,False,0.2095303,False,0.032472435,False,return_temp_c
2024-03-13 17:00:00,0.06629511,False,train,0.09579011,False,0.081178725,False,0.0219165,False,supply_temp_c
2024-03-14 05:00:00,0.05424575,False,train,0.0717771,False,0.07461599,False,0.016344164,False,return_temp_c
2024-03-14 17:00:00,0.05586568,False,train,0.068628885,False,0.07896835,False,0.019999804,False,return_temp_c
2024-03-15 05:00:00,0.059295192,False,train,0.07107813,False,0.08163642,False,0.025171027,False,return_temp_c
2024-03-15 17:00:00,0.05789887,False,train,0.07842303,False,0.072512046,False,0.022761563,False,supply_temp_c
2024-03-16 05:00:00,0.057364482,False,train,0.078529485,False,0.072406955,False,0.02115699,False,supply_temp_c
2024-03-16 17:00:00,0.047753796,False,train,0.06521536,False,0.05282713,False,0.025218913,False,supply_temp_c
2024-03-17 05:00:00,0.055758927,False,train,0.06209312,False,0.0680952,False,0.037088457,False,return_temp_c
2024-03-17 17:00:00,0.054451067,False,train,0.061016638,False,0.067304686,False,0.035031892,False,return_temp_c
2024-03-18 05:00:00,0.05507576,False,train,0.059238438,False,0.051348567,False,0.05464026,False,supply_temp_c
2024-03-18 17:00:00,0.059032492,False,train,0.064170144,False,0.060106773,False,0.05282056,False,supply_temp_c
2024-03-19 05:00:00,0.049849242,False,train,0.055189803,False,0.048799623,False,0.045558292,False,supply_temp_c
2024-03-19 17:00:00,0.04974463,False,train,0.046180096,False,0.052162554,False,0.050891235,False,return_temp_c
2024-03-20 05:00:00,0.04786648,False,train,0.04814771,False,0.06115255,False,0.034299176,False,return_temp_c
2024-03-20 17:00:00,0.040505745,False,train,0.035831545,False,0.042834967,False,0.04285073,False,derived_flow_kg_s
2024-03-21 05:00:00,0.038658246,False,train,0.048140556,False,0.028345821,False,0.03948838,False,supply_temp_c
2024-03-21 17:00:00,0.052663516,False,train,0.06898099,False,0.05656292,False,0.03244664,False,supply_temp_c
2024-03-22 05:00:00,0.047474094,False,train,0.0575823,False,0.05186395,False,0.032976028,False,supply_temp_c
2024-03-22 17:00:00,0.04065275,False,train,0.047605366,False,0.042390246,False,0.031962622,False,supply_temp_c
2024-03-23 05:00:00,0.043861736,False,train,0.05335121,False,0.048985537,False,0.02924847,False,supply_temp_c
2024-03-23 17:00:00,0.0501263,False,train,0.062020514,False,0.063339315,False,0.025019074,False,return_temp_c
2024-03-24 05:00:00,0.05152782,False,train,0.06426179,False,0.0687438,False,0.02157789,False,return_temp_c
2024-03-24 17:00:00,0.060546238,False,train,0.08528265,False,0.07781782,False,0.01853822,False,supply_temp_c
2024-03-25 05:00:00,0.08436964,False,train,0.10780118,False,0.11273563,False,0.03257212,False,return_temp_c
2024-03-25 17:00:00,0.07532622,False,train,0.08810676,False,0.10638988,False,0.031482015,False,return_temp_c
2024-03-26 05:00:00,0.06963731,False,train,0.07910696,False,0.09584161,False,0.033963367,False,return_temp_c
2024-03-26 17:00:00,0.0685614,False,train,0.08030737,False,0.091785036,False,0.03359176,False,return_temp_c
2024-03-27 05:00:00,0.064434394,False,train,0.07320616,False,0.10322208,False,0.016874945,False,return_temp_c
2024-03-27 17:00:00,0.07163385,False,train,0.089306206,False,0.106989294,False,0.018606085,False,return_temp_c
2024-03-28 05:00:00,0.058034763,False,train,0.0715854,False,0.08030846,False,0.022210428,False,return_temp_c
2024-03-28 17:00:00,0.05440592,False,train,0.073074594,False,0.06880731,False,0.021335876,False,supply_temp_c
2024-03-29 05:00:00,0.05718053,False,train,0.08040153,False,0.07378667,False,0.017353388,False,supply_temp_c
2024-03-29 17:00:00,0.05508342,False,train,0.08255133,False,0.06570538,False,0.016993558,False,supply_temp_c
2024-03-30 05:00:00,0.060953863,False,train,0.09628645,False,0.07285271,False,0.013722397,False,supply_temp_c
2024-03-30 17:00:00,0.059118375,False,train,0.0892033,False,0.07421595,False,0.013935885,False,supply_temp_c
2024-03-31 05:00:00,0.07771219,False,train,0.08927524,False,0.10654891,False,0.037312403,False,return_temp_c
2024-03-31 17:00:00,0.07013342,False,train,0.07888571,False,0.094599895,False,0.03691465,False,return_temp_c
2024-04-01 05:00:00,0.055490546,False,train,0.06623469,False,0.08215742,False,0.018079532,False,return_temp_c
2024-04-01 17:00:00,0.0529042,False,train,0.07328788,False,0.061754167,False,0.023670534,False,supply_temp_c
2024-04-02 05:00:00,0.050033383,False,train,0.07453496,False,0.047018778,False,0.028546408,False,supply_temp_c
2024-04-02 17:00:00,0.04257409,False,train,0.056209043,False,0.04250896,False,0.029004259,False,supply_temp_c
2024-04-03 05:00:00,0.106468715,False,train,0.1485043,False,0.11890849,False,0.05199336,False,supply_temp_c
2024-04-03 17:00:00,0.24029759,False,train,0.41017523,True,0.22374439,False,0.08697308,False,supply_temp_c
2024-04-04 05:00:00,0.17786105,False,train,0.3139702,True,0.16495825,False,0.05465469,False,supply_temp_c
2024-04-04 17:00:00,0.06682751,False,train,0.092614084,False,0.08220614,False,0.025662353,False,supply_temp_c
2024-04-05 05:00:00,0.07215091,False,train,0.10422268,False,0.08721143,False,0.025018612,False,supply_temp_c
2024-04-05 17:00:00,0.083227664,False,train,0.10401858,False,0.11675748,False,0.028906917,False,return_temp_c
2024-04-06 05:00:00,0.07741469,False,train,0.09105706,False,0.1145119,False,0.026675113,False,return_temp_c
2024-04-06 17:00:00,0.06927373,False,train,0.08418944,False,0.09952734,False,0.02410441,False,return_temp_c
2024-04-07 05:00:00,0.059414618,False,train,0.06158407,False,0.08719236,False,0.029467419,False,return_temp_c
2024-04-07 17:00:00,0.05501528,False,train,0.06012475,False,0.07879048,False,0.026130617,False,return_temp_c
2024-04-08 05:00:00,0.056754198,False,train,0.06157249,False,0.0828683,False,0.025821803,False,return_temp_c
2024-04-08 17:00:00,0.07059237,False,train,0.08873699,False,0.09508567,False,0.027954465,False,return_temp_c
2024-04-09 05:00:00,0.070780665,False,train,0.0880482,False,0.10399198,False,0.020301802,False,return_temp_c
2024-04-09 17:00:00,0.08201048,False,train,0.08705931,False,0.109670885,False,0.049301237,False,return_temp_c
2024-04-10 05:00:00,0.56644034,True,train,0.118017375,False,0.19151084,False,1.3897926,True,derived_flow_kg_s
2024-04-10 17:00:00,0.54979205,True,train,0.108556725,False,0.16486542,False,1.375954,True,derived_flow_kg_s
2024-04-11 05:00:00,0.062316425,False,train,0.0829575,False,0.07737855,False,0.026613228,False,supply_temp_c
2024-04-11 17:00:00,0.059275992,False,train,0.077454954,False,0.08105207,False,0.019320952,False,return_temp_c
2024-04-12 05:00:00,0.057986934,False,train,0.08180088,False,0.06866332,False,0.023496598,False,supply_temp_c
2024-04-12 17:00:00,0.055305865,False,train,0.07388454,False,0.063734196,False,0.028298879,False,supply_temp_c
2024-04-13 05:00:00,0.05725191,False,train,0.07109124,False,0.07397727,False,0.026687207,False,return_temp_c
2024-04-13 17:00:00,0.060270064,False,train,0.071208626,False,0.08585239,False,0.023749182,False,return_temp_c
2024-04-14 05:00:00,0.05535184,False,train,0.06997944,False,0.07214807,False,0.023928,False,return_temp_c
2024-04-14 17:00:00,0.049322918,False,train,0.066952504,False,0.057216495,False,0.023799757,False,supply_temp_c
2024-04-15 05:00:00,0.058004413,False,train,0.056460466,False,0.07064286,False,0.0469099,False,return_temp_c
2024-04-17 05:00:00,0.056122288,False,train,0.060670447,False,0.06329833,False,0.044398095,False,return_temp_c
2024-04-17 17:00:00,0.05820987,False,train,0.06192562,False,0.08169784,False,0.031006135,False,return_temp_c
2024-04-19 05:00:00,0.07176213,False,train,0.06671392,False,0.07599421,False,0.07257825,False,return_temp_c
2024-04-19 17:00:00,0.064163625,False,train,0.058511954,False,0.060104102,False,0.073874824,False,derived_flow_kg_s
2024-04-20 05:00:00,0.062766604,False,train,0.060320552,False,0.05054285,False,0.077436425,False,derived_flow_kg_s
2024-04-20 17:00:00,0.06361968,False,train,0.07972779,False,0.05895415,False,0.052177075,False,supply_temp_c
2024-04-21 05:00:00,0.065878175,False,train,0.08130459,False,0.069954,False,0.046375927,False,supply_temp_c
2024-04-21 17:00:00,0.05343898,False,train,0.052305818,False,0.06292549,False,0.045085635,False,return_temp_c
2024-04-22 05:00:00,0.04303501,False,train,0.042024035,False,0.051132258,False,0.035948746,False,return_temp_c
2024-04-22 17:00:00,0.057789154,False,train,0.07136487,False,0.065457575,False,0.036545012,False,supply_temp_c
2024-04-23 05:00:00,0.06465147,False,train,0.085173,False,0.08443588,False,0.02434553,False,supply_temp_c
2024-04-23 17:00:00,0.07169842,False,train,0.09601066,False,0.098957084,False,0.020127518,False,return_temp_c
2024-04-24 05:00:00,0.075544566,False,train,0.1226812,False,0.08047395,False,0.023478566,False,supply_temp_c
2024-04-24 17:00:00,0.07970478,False,train,0.11015952,False,0.11107224,False,0.017882537,False,return_temp_c
2024-04-25 05:00:00,0.07930961,False,train,0.09090969,False,0.13124579,False,0.015773382,False,return_temp_c
2024-04-25 17:00:00,0.084207825,False,train,0.09600129,False,0.11996768,False,0.036654517,False,return_temp_c
2024-04-26 05:00:00,0.068093486,False,train,0.087852776,False,0.08299022,False,0.03343747,False,supply_temp_c
2024-04-26 17:00:00,0.08121188,False,train,0.09655127,False,0.11970985,False,0.027374508,False,return_temp_c
2024-04-27 05:00:00,0.08767976,False,train,0.09121049,False,0.14408396,False,0.027744802,False,return_temp_c
2024-04-27 17:00:00,0.06441371,False,train,0.07151453,False,0.09418684,False,0.027539754,False,return_temp_c
2024-04-28 05:00:00,0.056701098,False,train,0.05792759,False,0.08401701,False,0.028158708,False,return_temp_c
2024-04-28 17:00:00,0.06724054,False,train,0.076737806,False,0.090924434,False,0.0340594,False,return_temp_c
2024-04-29 05:00:00,0.0836771,False,train,0.1144906,False,0.10600736,False,0.03053332,False,supply_temp_c
2024-04-29 17:00:00,0.08042264,False,train,0.109872736,False,0.10246842,False,0.028926754,False,supply_temp_c
2024-04-30 05:00:00,0.07660183,False,train,0.12785827,False,0.073859446,False,0.028087795,False,supply_temp_c
2024-04-30 17:00:00,0.091112256,False,train,0.13155411,False,0.11815197,False,0.023630671,False,supply_temp_c
2024-05-01 05:00:00,0.09404655,False,train,0.123919345,False,0.13579136,False,0.022428915,False,return_temp_c
2024-05-01 17:00:00,0.07660508,False,train,0.10168084,False,0.110469006,False,0.017665401,False,return_temp_c
2024-05-02 05:00:00,0.08074559,False,train,0.09537699,False,0.112157494,False,0.034702294,False,return_temp_c
2024-05-02 17:00:00,0.069360234,False,train,0.066297665,False,0.085959665,False,0.055823397,False,return_temp_c
2024-05-03 05:00:00,0.060757417,False,train,0.06455351,False,0.077248976,False,0.040469777,False,return_temp_c
2024-05-03 17:00:00,0.059029922,False,train,0.07662812,False,0.07176588,False,0.028695786,False,supply_temp_c
2024-05-04 05:00:00,0.07744252,False,train,0.09009037,False,0.096814655,False,0.045422565,False,return_temp_c
2024-05-04 17:00:00,0.088570386,False,train,0.0977306,False,0.12628876,False,0.04169183,False,return_temp_c
2024-05-05 05:00:00,0.06949783,False,train,0.0872289,False,0.093763016,False,0.02750157,False,return_temp_c
2024-05-05 17:00:00,0.062043726,False,train,0.07354474,False,0.08126574,False,0.031320706,False,return_temp_c
2024-05-06 05:00:00,0.059252754,False,train,0.06426925,False,0.09001711,False,0.023471883,False,return_temp_c
2024-05-06 17:00:00,0.074803546,False,train,0.09834205,False,0.09321662,False,0.032851953,False,supply_temp_c
2024-05-07 05:00:00,0.074823685,False,train,0.10754403,False,0.08310788,False,0.03381911,False,supply_temp_c
2024-05-07 17:00:00,0.06352294,False,train,0.07892103,False,0.09119761,False,0.02045019,False,return_temp_c
2024-05-08 05:00:00,0.054240063,False,train,0.06825219,False,0.07566095,False,0.01880703,False,return_temp_c
2024-05-08 17:00:00,0.059658196,False,train,0.07662102,False,0.079553045,False,0.022800503,False,return_temp_c
2024-05-09 05:00:00,0.05491621,False,train,0.06705337,False,0.07173385,False,0.025961407,False,return_temp_c
2024-05-09 17:00:00,0.058694772,False,train,0.076424815,False,0.07189559,False,0.027763903,False,supply_temp_c
2024-05-10 05:00:00,0.062233772,False,train,0.08021471,False,0.081568964,False,0.024917662,False,return_temp_c
2024-05-10 17:00:00,0.059969172,False,train,0.07436891,False,0.08158221,False,0.023956388,False,return_temp_c
2024-05-11 05:00:00,0.0671747,False,train,0.086942494,False,0.08620182,False,0.028379818,False,supply_temp_c
2024-05-11 17:00:00,0.061863985,False,train,0.0758292,False,0.08348448,False,0.026278265,False,return_temp_c
2024-05-12 05:00:00,0.05518995,False,train,0.05772623,False,0.07967017,False,0.02817344,False,return_temp_c
2024-05-12 17:00:00,0.08291981,False,train,0.117689736,False,0.08526478,False,0.04580492,False,supply_temp_c
2024-05-13 05:00:00,0.08630004,False,train,0.12838352,False,0.086200416,False,0.044316184,False,supply_temp_c
2024-05-13 17:00:00,0.062041804,False,train,0.07607033,False,0.08096293,False,0.029092146,False,return_temp_c
2024-05-14 05:00:00,0.07381067,False,train,0.075095154,False,0.10506248,False,0.041274372,False,return_temp_c
2024-05-14 17:00:00,0.08460632,False,train,0.08591541,False,0.1268095,False,0.04109404,False,return_temp_c
2024-05-15 05:00:00,0.06732116,False,train,0.08106741,False,0.10053205,False,0.02036401,False,return_temp_c
2024-05-15 17:00:00,0.06358383,False,train,0.088784575,False,0.083113976,False,0.018852947,False,supply_temp_c
2024-05-16 05:00:00,0.05351953,False,train,0.060849134,False,0.081867985,False,0.017841458,False,return_temp_c
2024-05-16 17:00:00,0.046360154,False,train,0.054946464,False,0.06478327,False,0.019350752,False,return_temp_c
2024-05-17 05:00:00,0.04938741,False,train,0.071020745,False,0.05806157,False,0.019079907,False,supply_temp_c
2024-05-17 17:00:00,0.066070296,False,train,0.088787526,False,0.08347728,False,0.025946088,False,supply_temp_c
2024-05-18 05:00:00,0.05909633,False,train,0.076460116,False,0.07434518,False,0.026483694,False,supply_temp_c
2024-05-18 17:00:00,0.045696467,False,train,0.055508595,False,0.059937727,False,0.021643087,False,return_temp_c
2024-05-19 05:00:00,0.04492174,False,train,0.061310876,False,0.052017543,False,0.02143679,False,supply_temp_c
2024-05-19 17:00:00,0.05573909,False,train,0.0675284,False,0.07297256,False,0.026716309,False,return_temp_c
2024-05-20 05:00:00,0.055857796,False,train,0.06606021,False,0.07358333,False,0.027929842,False,return_temp_c
2024-05-20 17:00:00,0.05625944,False,train,0.05968885,False,0.07603284,False,0.033056628,False,return_temp_c
2024-05-21 05:00:00,0.053784497,False,train,0.05150794,False,0.08228648,False,0.027559077,False,return_temp_c
2024-05-21 17:00:00,0.050745748,False,train,0.0436388,False,0.0829502,False,0.025648253,False,return_temp_c
2024-05-22 05:00:00,0.054069545,False,train,0.05850586,False,0.07822972,False,0.02547308,False,return_temp_c
2024-05-22 17:00:00,0.059679374,False,train,0.07353369,False,0.07335619,False,0.032148253,False,supply_temp_c
2024-05-23 05:00:00,0.0557538,False,train,0.06692893,False,0.06922488,False,0.031107597,False,return_temp_c
2024-05-23 17:00:00,0.05763139,False,train,0.07002034,False,0.0806311,False,0.022242742,False,return_temp_c
2024-05-24 05:00:00,0.050263356,False,train,0.05627655,False,0.07446326,False,0.02005027,False,return_temp_c
2024-05-24 17:00:00,0.04045846,False,train,0.050424803,False,0.05226621,False,0.01868437,False,return_temp_c
2024-05-25 05:00:00,0.04003911,False,train,0.049526308,False,0.050257456,False,0.020333571,False,return_temp_c
2024-05-25 17:00:00,0.046533074,False,train,0.058974385,False,0.055310193,False,0.025314642,False,supply_temp_c
2024-05-26 05:00:00,0.066372685,False,train,0.10207909,False,0.0719636,False,0.025075352,False,supply_temp_c
2024-05-26 17:00:00,0.070726305,False,train,0.10193422,False,0.08722565,False,0.023019016,False,supply_temp_c
2024-05-27 05:00:00,0.074605994,False,train,0.087330125,False,0.08725616,False,0.049231704,False,supply_temp_c
2024-05-27 17:00:00,0.079817906,False,train,0.09080598,False,0.09512534,False,0.053522397,False,return_temp_c
2024-05-28 05:00:00,0.072875604,False,train,0.09469149,False,0.08816884,False,0.035766494,False,supply_temp_c
2024-05-28 17:00:00,0.0754048,False,train,0.08040664,False,0.11574743,False,0.030060312,False,return_temp_c
2024-05-29 05:00:00,0.06453917,False,train,0.07325442,False,0.09775836,False,0.022604743,False,return_temp_c
2024-05-29 17:00:00,0.055697784,False,train,0.06991967,False,0.057875875,False,0.03929781,False,supply_temp_c
2024-05-30 05:00:00,0.05438368,False,train,0.081323884,False,0.04080351,False,0.041023653,False,supply_temp_c
2024-05-30 17:00:00,0.05080546,False,train,0.07464144,False,0.04394345,False,0.033831496,False,supply_temp_c
2024-05-31 05:00:00,0.0530441,False,train,0.08062989,False,0.0459912,False,0.032511216,False,supply_temp_c
2024-05-31 17:00:00,0.051182523,False,train,0.07187816,False,0.05355391,False,0.028115513,False,supply_temp_c
2024-06-01 05:00:00,0.0484007,False,train,0.06664956,False,0.05224893,False,0.026303614,False,supply_temp_c
2024-06-01 17:00:00,0.04826097,False,train,0.06423102,False,0.04249685,False,0.03805502,False,supply_temp_c
2024-06-02 05:00:00,0.053999785,False,train,0.07309092,False,0.049313962,False,0.039594486,False,supply_temp_c
2024-06-02 17:00:00,0.061667383,False,train,0.07096063,False,0.05718149,False,0.05686006,False,supply_temp_c
2024-06-03 05:00:00,0.06714681,False,train,0.085080035,False,0.052957352,False,0.06340304,False,supply_temp_c
2024-06-03 17:00:00,0.075372264,False,train,0.104632735,False,0.064149976,False,0.05733409,False,supply_temp_c
2024-06-04 05:00:00,0.06908677,False,train,0.09651934,False,0.055184793,False,0.055556167,False,supply_temp_c
2024-06-04 17:00:00,0.060354438,False,train,0.09190204,False,0.04647882,False,0.04268245,False,supply_temp_c
2024-06-05 05:00:00,0.06592008,False,train,0.0983999,False,0.05292629,False,0.046434034,False,supply_temp_c
2024-06-05 17:00:00,0.06715295,False,train,0.09628195,False,0.05935103,False,0.045825854,False,supply_temp_c
2024-06-06 05:00:00,0.06108082,False,train,0.08834088,False,0.059102733,False,0.035798836,False,supply_temp_c
2024-06-06 17:00:00,0.072731405,False,train,0.08970008,False,0.08031697,False,0.048177153,False,supply_temp_c
2024-06-07 05:00:00,0.08068742,False,train,0.10261982,False,0.08664349,False,0.05279893,False,supply_temp_c
2024-06-07 17:00:00,0.07291278,False,train,0.113806225,False,0.061906416,False,0.04302572,False,supply_temp_c
2024-06-08 05:00:00,0.066306785,False,train,0.09537849,False,0.05786443,False,0.04567742,False,supply_temp_c
2024-06-08 17:00:00,0.05425435,False,train,0.08535213,False,0.03859411,False,0.038816813,False,supply_temp_c
2024-06-09 05:00:00,0.04913111,False,train,0.07231096,False,0.049381416,False,0.025700932,False,supply_temp_c
2024-06-09 17:00:00,0.05965411,False,train,0.099273026,False,0.05986442,False,0.01982489,False,supply_temp_c
2024-06-10 05:00:00,0.0596319,False,train,0.08463588,False,0.073958,False,0.020301811,False,supply_temp_c
2024-06-10 17:00:00,0.05322396,False,train,0.057677623,False,0.088073395,False,0.013920876,False,return_temp_c
2024-06-11 05:00:00,0.04202486,False,train,0.06377991,False,0.051875,False,0.010419658,False,supply_temp_c
2024-06-11 17:00:00,0.035849612,False,train,0.05510351,False,0.04159199,False,0.01085332,False,supply_temp_c
2024-06-12 05:00:00,0.030066818,False,train,0.042980198,False,0.039010156,False,0.008210098,False,supply_temp_c
2024-06-12 17:00:00,0.03688817,False,train,0.05551138,False,0.049095046,False,0.0060580987,False,supply_temp_c
2024-06-13 05:00:00,0.038417134,False,train,0.06555063,False,0.043811698,False,0.005889081,False,supply_temp_c
2024-06-13 17:00:00,0.036715027,False,train,0.06643473,False,0.037809353,False,0.0059009907,False,supply_temp_c
2024-06-14 05:00:00,0.037419543,False,train,0.06799009,False,0.037946906,False,0.0063216346,False,supply_temp_c
2024-06-14 17:00:00,0.036426604,False,train,0.065392576,False,0.03680669,False,0.007080545,False,supply_temp_c
2024-06-15 05:00:00,0.039470702,False,train,0.06971228,False,0.04240693,False,0.006292892,False,supply_temp_c
2024-06-15 17:00:00,0.040244557,False,train,0.07337185,False,0.04232874,False,0.0050330707,False,supply_temp_c
2024-06-16 05:00:00,0.04096084,False,train,0.07929408,False,0.038025614,False,0.005562836,False,supply_temp_c
2024-06-16 17:00:00,0.0438706,False,train,0.08426265,False,0.0415735,False,0.0057756645,False,supply_temp_c
2024-06-17 05:00:00,0.04200487,False,train,0.07271351,False,0.04742972,False,0.0058713662,False,supply_temp_c
2024-06-17 17:00:00,0.043444842,False,train,0.07115484,False,0.052315548,False,0.0068641347,False,supply_temp_c
2024-06-18 05:00:00,0.042582233,False,train,0.07063012,False,0.050510332,False,0.0066062454,False,supply_temp_c
2024-06-18 17:00:00,0.040997107,False,train,0.07114053,False,0.045159284,False,0.006691521,False,supply_temp_c
2024-06-19 05:00:00,0.03884913,False,train,0.06627136,False,0.043665987,False,0.006610041,False,supply_temp_c
2024-06-19 17:00:00,0.04125981,False,train,0.07383872,False,0.04445762,False,0.0054830946,False,supply_temp_c
2024-06-20 05:00:00,0.05394474,False,train,0.09998799,False,0.05678119,False,0.00506505,False,supply_temp_c
2024-06-20 17:00:00,0.058476772,False,train,0.079689614,False,0.079129435,False,0.016611261,False,supply_temp_c
2024-06-21 05:00:00,0.060384333,False,train,0.08603928,False,0.06379571,False,0.031318013,False,supply_temp_c
2024-06-21 17:00:00,0.04931094,False,train,0.0747447,False,0.04534042,False,0.0278477,False,supply_temp_c
2024-06-22 05:00:00,0.051516797,False,train,0.07167607,False,0.05273099,False,0.030143334,False,supply_temp_c
2024-06-22 17:00:00,0.052089464,False,train,0.07274543,False,0.052913953,False,0.030609004,False,supply_temp_c
2024-06-23 05:00:00,0.047472972,False,train,0.060329616,False,0.05668844,False,0.02540086,False,supply_temp_c
2024-06-23 17:00:00,0.05321829,False,train,0.07248796,False,0.05172357,False,0.035443332,False,supply_temp_c
2024-06-24 05:00:00,0.05185701,False,train,0.06921715,False,0.049939543,False,0.036414344,False,supply_temp_c
2024-06-24 17:00:00,0.05124804,False,train,0.06416514,False,0.055615276,False,0.033963718,False,supply_temp_c
2024-06-25 05:00:00,0.055284545,False,train,0.07106095,False,0.06424629,False,0.030546406,False,supply_temp_c
2024-06-25 17:00:00,0.051759176,False,train,0.068206534,False,0.05950566,False,0.027565336,False,supply_temp_c
2024-06-26 05:00:00,0.053210486,False,train,0.08336354,False,0.051778752,False,0.024489159,False,supply_temp_c
2024-06-26 17:00:00,0.053372223,False,train,0.07490076,False,0.05407007,False,0.031145848,False,supply_temp_c
2024-06-27 05:00:00,0.046036124,False,train,0.058384273,False,0.047930557,False,0.031793546,False,supply_temp_c
2024-06-27 17:00:00,0.04746799,False,train,0.06631236,False,0.048885923,False,0.02720569,False,supply_temp_c
2024-06-28 05:00:00,0.048798595,False,train,0.06613039,False,0.053643227,False,0.026622156,False,supply_temp_c
2024-06-28 17:00:00,0.047859054,False,train,0.069938116,False,0.04973471,False,0.023904331,False,supply_temp_c
2024-06-29 05:00:00,0.043278858,False,train,0.052261323,False,0.053648103,False,0.023927158,False,return_temp_c
2024-06-29 17:00:00,0.03966472,False,train,0.050386537,False,0.04227969,False,0.026327925,False,supply_temp_c
2024-06-30 05:00:00,0.041791998,False,train,0.054731607,False,0.040894534,False,0.029749868,False,supply_temp_c
2024-06-30 17:00:00,0.106257066,False,train,0.14164747,False,0.14482367,False,0.03230006,False,return_temp_c
2024-07-01 05:00:00,0.103850044,False,train,0.13534407,False,0.14692073,False,0.029285334,False,return_temp_c
2024-07-01 17:00:00,0.03865025,False,train,0.049248755,False,0.04440938,False,0.02229262,False,supply_temp_c
2024-07-02 05:00:00,0.041208792,False,train,0.053902816,False,0.04775721,False,0.021966355,False,supply_temp_c
2024-07-03 17:00:00,0.22983806,False,train,0.1312909,False,0.5406772,True,0.017546156,False,return_temp_c
2024-07-04 05:00:00,0.22683549,False,train,0.13077997,False,0.5340129,True,0.015713597,False,return_temp_c
2024-07-04 17:00:00,0.035295498,False,train,0.060640346,False,0.032071467,False,0.013174673,False,supply_temp_c
2024-07-05 05:00:00,0.040045723,False,train,0.06511858,False,0.04318027,False,0.011838316,False,supply_temp_c
2024-07-05 17:00:00,0.035706554,False,train,0.05867715,False,0.03681092,False,0.01163159,False,supply_temp_c
2024-07-06 05:00:00,0.035663445,False,train,0.058400337,False,0.038510527,False,0.010079482,False,supply_temp_c
2024-07-06 17:00:00,0.03639002,False,train,0.062880255,False,0.035852015,False,0.010437801,False,supply_temp_c
2024-07-07 05:00:00,0.034210835,False,train,0.053402033,False,0.036879484,False,0.012350979,False,supply_temp_c
2024-07-07 17:00:00,0.042674556,False,train,0.068511136,False,0.047017407,False,0.012495123,False,supply_temp_c
2024-07-08 05:00:00,0.040708736,False,train,0.06321683,False,0.046310693,False,0.012598694,False,supply_temp_c
2024-07-08 17:00:00,0.03565474,False,train,0.055050444,False,0.040330052,False,0.0115837315,False,supply_temp_c
2024-07-09 05:00:00,0.03622435,False,train,0.06128189,False,0.03684871,False,0.010542448,False,supply_temp_c
2024-07-09 17:00:00,0.0391216,False,train,0.070092484,False,0.037670925,False,0.009601395,False,supply_temp_c
2024-07-10 05:00:00,0.04131788,False,train,0.068382405,False,0.044302642,False,0.011268578,False,supply_temp_c
2024-07-10 17:00:00,0.041091993,False,train,0.06902236,False,0.04172583,False,0.012527785,False,supply_temp_c
2024-07-11 05:00:00,0.03978155,False,train,0.0672716,False,0.038275696,False,0.013797365,False,supply_temp_c
2024-07-11 17:00:00,0.042837437,False,train,0.06962963,False,0.043886427,False,0.014996257,False,supply_temp_c
2024-07-12 05:00:00,0.041012026,False,train,0.063425936,False,0.04651159,False,0.013098556,False,supply_temp_c
2024-07-12 17:00:00,0.037137866,False,train,0.060986023,False,0.03825577,False,0.012171811,False,supply_temp_c
2024-07-13 05:00:00,0.03889573,False,train,0.0635311,False,0.04212228,False,0.011033811,False,supply_temp_c
2024-07-13 17:00:00,0.03944093,False,train,0.06188783,False,0.045324057,False,0.011110903,False,supply_temp_c
2024-07-14 05:00:00,0.03797347,False,train,0.06398032,False,0.036726024,False,0.013214059,False,supply_temp_c
2024-07-14 17:00:00,0.037047915,False,train,0.060361598,False,0.039490733,False,0.011291426,False,supply_temp_c
2024-07-15 05:00:00,0.036792755,False,train,0.06256285,False,0.038968537,False,0.008846874,False,supply_temp_c
2024-07-15 17:00:00,0.04009537,False,train,0.06503873,False,0.045194853,False,0.010052527,False,supply_temp_c
2024-07-16 05:00:00,0.038214456,False,train,0.05853106,False,0.045670915,False,0.010441389,False,supply_temp_c
2024-07-16 17:00:00,0.036791172,False,train,0.056282524,False,0.044956584,False,0.009134406,False,supply_temp_c
2024-07-17 05:00:00,0.040837273,False,train,0.06428986,False,0.0490934,False,0.00912854,False,supply_temp_c
2024-07-17 17:00:00,0.048530653,False,train,0.06789341,False,0.06763164,False,0.010066923,False,supply_temp_c
2024-07-18 05:00:00,0.04680314,False,train,0.06158692,False,0.06900912,False,0.009813354,False,return_temp_c
2024-07-18 17:00:00,0.040751006,False,train,0.07287008,False,0.036248848,False,0.0131341,False,supply_temp_c
2024-07-19 05:00:00,0.039936494,False,train,0.06724562,False,0.037409734,False,0.015154117,False,supply_temp_c
2024-07-19 17:00:00,0.039463095,False,train,0.06797359,False,0.03553867,False,0.014877029,False,supply_temp_c
2024-07-20 05:00:00,0.039928693,False,train,0.0674321,False,0.03757568,False,0.014778296,False,supply_temp_c
2024-07-20 17:00:00,0.045043472,False,train,0.069941275,False,0.05120505,False,0.013984096,False,supply_temp_c
2024-07-21 05:00:00,0.04545289,False,train,0.07642029,False,0.04385219,False,0.016086183,False,supply_temp_c
2024-07-21 17:00:00,0.043415632,False,train,0.06750847,False,0.04836303,False,0.01437541,False,supply_temp_c
2024-07-22 05:00:00,0.042366713,False,train,0.07017329,False,0.044905156,False,0.012021691,False,supply_temp_c
2024-07-22 17:00:00,0.03664751,False,train,0.057826042,False,0.035821468,False,0.016295012,False,supply_temp_c
2024-07-23 05:00:00,0.03449741,False,train,0.057097856,False,0.03141252,False,0.014981852,False,supply_temp_c
2024-07-23 17:00:00,0.035366908,False,train,0.062401425,False,0.031016434,False,0.012682856,False,supply_temp_c
2024-07-24 05:00:00,0.036235273,False,train,0.057409372,False,0.038744014,False,0.012552428,False,supply_temp_c
2024-07-24 17:00:00,0.061708827,False,train,0.06661884,False,0.09947536,False,0.019032288,False,return_temp_c
2024-07-25 05:00:00,0.06274888,False,train,0.07308035,False,0.09481182,False,0.02035448,False,return_temp_c
2024-07-25 17:00:00,0.033205967,False,train,0.050285935,False,0.038687814,False,0.010644144,False,supply_temp_c
2024-07-26 05:00:00,0.032084618,False,train,0.051168058,False,0.035489585,False,0.009596205,False,supply_temp_c
2024-07-26 17:00:00,0.032256607,False,train,0.052623153,False,0.03238714,False,0.011759524,False,supply_temp_c
2024-07-27 05:00:00,0.03572661,False,train,0.060338467,False,0.034391273,False,0.012450095,False,supply_temp_c
2024-07-27 17:00:00,0.03666779,False,train,0.06051961,False,0.03850015,False,0.010983604,False,supply_temp_c
2024-07-28 05:00:00,0.040464565,False,train,0.06640213,False,0.039637227,False,0.015354338,False,supply_temp_c
2024-07-28 17:00:00,0.0391388,False,train,0.06186982,False,0.04014575,False,0.015400843,False,supply_temp_c
2024-07-29 05:00:00,0.035236493,False,train,0.05890127,False,0.035700984,False,0.011107229,False,supply_temp_c
2024-07-29 17:00:00,0.037664104,False,train,0.06648222,False,0.033655666,False,0.012854424,False,supply_temp_c
2024-07-30 05:00:00,0.037521396,False,train,0.060095247,False,0.039230656,False,0.013238295,False,supply_temp_c
2024-07-30 17:00:00,0.038268574,False,train,0.05833879,False,0.044008255,False,0.012458672,False,supply_temp_c
2024-07-31 05:00:00,0.040094018,False,train,0.066603735,False,0.03674886,False,0.01692946,False,supply_temp_c
2024-07-31 17:00:00,0.041166518,False,train,0.059696596,False,0.04711551,False,0.01668745,False,supply_temp_c
2024-08-01 05:00:00,0.0442999,False,train,0.075676024,False,0.040188354,False,0.017035333,False,supply_temp_c
2024-08-01 17:00:00,0.04122001,False,train,0.06337837,False,0.04303958,False,0.017242072,False,supply_temp_c
2024-08-02 05:00:00,0.037886027,False,train,0.06360581,False,0.0361411,False,0.013911176,False,supply_temp_c
2024-08-02 17:00:00,0.035581745,False,train,0.058848877,False,0.035698276,False,0.012198068,False,supply_temp_c
2024-08-03 05:00:00,0.037206125,False,train,0.06201592,False,0.03935721,False,0.010245229,False,supply_temp_c
2024-08-03 17:00:00,0.0373643,False,train,0.06567315,False,0.033699263,False,0.012720484,False,supply_temp_c
2024-08-04 05:00:00,0.036336914,False,train,0.05872314,False,0.035632413,False,0.014655184,False,supply_temp_c
2024-08-04 17:00:00,0.037551988,False,train,0.06393091,False,0.03641774,False,0.01230731,False,supply_temp_c
2024-08-05 05:00:00,0.037131246,False,train,0.06326512,False,0.037998397,False,0.01013022,False,supply_temp_c
2024-08-05 17:00:00,0.06301669,False,train,0.124165595,False,0.051045027,False,0.013839486,False,supply_temp_c
2024-08-06 05:00:00,0.059973523,False,train,0.073350735,False,0.083278514,False,0.023291325,False,return_temp_c
2024-08-06 17:00:00,0.09749516,False,train,0.15926947,False,0.10883126,False,0.024384761,False,supply_temp_c
2024-08-07 05:00:00,0.05122912,False,train,0.06540062,False,0.072568536,False,0.015718205,False,return_temp_c
2024-08-07 17:00:00,0.060457546,False,train,0.088623285,False,0.07122501,False,0.021524357,False,supply_temp_c
2024-08-09 05:00:00,0.22702466,False,train,0.29269943,True,0.31700376,False,0.07137078,False,return_temp_c
2024-08-09 17:00:00,0.03880386,False,train,0.053045418,False,0.038082797,False,0.02528336,False,supply_temp_c
2024-08-10 05:00:00,0.10386059,False,train,0.07469768,False,0.074243434,False,0.16264065,False,derived_flow_kg_s
2024-08-10 17:00:00,0.108752646,False,train,0.07672425,False,0.08647721,False,0.16305648,False,derived_flow_kg_s
2024-08-11 05:00:00,0.061030798,False,train,0.08322042,False,0.06397445,False,0.035897523,False,supply_temp_c
2024-08-11 17:00:00,0.064985156,False,train,0.08838868,False,0.04886743,False,0.057699353,False,supply_temp_c
2024-08-12 05:00:00,0.0587751,False,train,0.078582555,False,0.054188315,False,0.043554436,False,supply_temp_c
2024-08-12 17:00:00,0.058589254,False,train,0.07684285,False,0.07193845,False,0.026986452,False,supply_temp_c
2024-08-13 05:00:00,0.07508718,False,train,0.096797496,False,0.06992898,False,0.058535066,False,supply_temp_c
2024-08-13 17:00:00,0.07611444,False,train,0.09019655,False,0.086383305,False,0.051763475,False,supply_temp_c
2024-08-14 05:00:00,0.06163872,False,train,0.082182005,False,0.080915414,False,0.021818735,False,supply_temp_c
2024-08-14 17:00:00,0.055686817,False,train,0.06623763,False,0.07637843,False,0.024444396,False,return_temp_c
2024-08-15 05:00:00,0.057678964,False,train,0.07770225,False,0.07088093,False,0.024453713,False,supply_temp_c
2024-08-15 17:00:00,0.21435586,False,train,0.20323728,False,0.38108453,True,0.05874568,False,return_temp_c
2024-08-16 05:00:00,0.2202749,False,train,0.23911901,False,0.36273572,False,0.05897003,False,return_temp_c
2024-08-16 17:00:00,0.050265733,False,train,0.074570745,False,0.05113566,False,0.025090791,False,supply_temp_c
2024-08-17 05:00:00,0.08791939,False,train,0.15965499,False,0.08094322,False,0.023159983,False,supply_temp_c
2024-08-17 17:00:00,0.10363637,False,train,0.13775326,False,0.1382778,False,0.034878068,False,return_temp_c
2024-08-18 05:00:00,0.10702855,False,train,0.15911596,False,0.12620105,False,0.035768647,False,supply_temp_c
2024-08-18 17:00:00,0.050690114,False,train,0.06955385,False,0.06277781,False,0.019738689,False,supply_temp_c
2024-08-19 05:00:00,0.07433352,False,train,0.12974842,False,0.06739796,False,0.025854176,False,supply_temp_c
2024-08-19 17:00:00,0.06935704,False,train,0.086602055,False,0.099859804,False,0.021609263,False,return_temp_c
2024-08-20 05:00:00,0.084339455,False,train,0.13032518,False,0.10816536,False,0.014527805,False,supply_temp_c
2024-08-20 17:00:00,0.050716937,False,train,0.06601419,False,0.07001791,False,0.0161187,False,return_temp_c
2024-08-21 05:00:00,0.045633923,False,train,0.062217418,False,0.05212641,False,0.02255793,False,supply_temp_c
2024-08-21 17:00:00,0.049090985,False,train,0.06758817,False,0.05487816,False,0.024806632,False,supply_temp_c
2024-08-22 05:00:00,0.055244837,False,train,0.06495711,False,0.075489424,False,0.025287976,False,return_temp_c
2024-08-22 17:00:00,0.06069439,False,train,0.06923037,False,0.082822815,False,0.030029966,False,return_temp_c
2024-08-23 05:00:00,0.07969115,False,train,0.08179138,False,0.10190749,False,0.05537458,False,return_temp_c
2024-08-23 17:00:00,0.09674137,False,train,0.11120137,False,0.11760793,False,0.061414797,False,return_temp_c
2024-08-24 05:00:00,0.12735437,False,train,0.09489771,False,0.10761329,False,0.17955214,False,derived_flow_kg_s
2024-08-24 17:00:00,0.13493456,False,train,0.10657936,False,0.10946802,False,0.18875627,False,derived_flow_kg_s
2024-08-25 05:00:00,0.15611747,False,train,0.104387544,False,0.08856952,False,0.2753953,True,derived_flow_kg_s
2024-08-25 17:00:00,0.15126729,False,train,0.0977981,False,0.088717945,False,0.26728582,True,derived_flow_kg_s
2024-08-26 05:00:00,0.07907876,False,train,0.09483298,False,0.09343111,False,0.04897226,False,supply_temp_c
2024-08-26 17:00:00,0.08392643,False,train,0.0784763,False,0.109834045,False,0.063468985,False,return_temp_c
2024-08-27 05:00:00,0.09037258,False,train,0.08533459,False,0.11261561,False,0.07316754,False,return_temp_c
2024-08-27 17:00:00,0.09300331,False,train,0.09415015,False,0.11032352,False,0.07453629,False,return_temp_c
2024-08-28 05:00:00,0.08422569,False,train,0.092377625,False,0.091289125,False,0.06901032,False,supply_temp_c
2024-08-28 17:00:00,0.079910964,False,train,0.095895626,False,0.07556344,False,0.06827382,False,supply_temp_c
2024-08-29 05:00:00,0.094350934,False,train,0.077278554,False,0.1253709,False,0.080403335,False,return_temp_c
2024-08-29 17:00:00,0.089490786,False,train,0.078674875,False,0.123461105,False,0.066336386,False,return_temp_c
2024-08-30 05:00:00,0.08102202,False,train,0.13714238,False,0.07788638,False,0.028037308,False,supply_temp_c
2024-08-30 17:00:00,0.069299154,False,train,0.09108642,False,0.09576837,False,0.02104267,False,return_temp_c
2024-08-31 05:00:00,0.07749004,False,train,0.112467326,False,0.09345361,False,0.026549205,False,supply_temp_c
2024-08-31 17:00:00,0.06651761,False,train,0.117781766,False,0.06318254,False,0.0185885,False,supply_temp_c
2024-09-01 05:00:00,0.060903847,False,train,0.06616118,False,0.09744374,False,0.019106612,False,return_temp_c
2024-09-01 17:00:00,0.068280846,False,train,0.09782362,False,0.08523754,False,0.021781372,False,supply_temp_c
2024-09-02 05:00:00,0.048555393,False,train,0.066524126,False,0.060577553,False,0.018564513,False,supply_temp_c
2024-09-02 17:00:00,0.059156723,False,train,0.06577795,False,0.09317905,False,0.018513175,False,return_temp_c
2024-09-03 05:00:00,0.060196653,False,train,0.0984911,False,0.06888614,False,0.013212703,False,supply_temp_c
2024-09-03 17:00:00,0.050103676,False,train,0.06432071,False,0.06982017,False,0.016170127,False,return_temp_c
2024-09-04 05:00:00,0.05149759,False,train,0.08583749,False,0.051545456,False,0.01710982,False,supply_temp_c
2024-09-04 17:00:00,0.031687573,False,train,0.05409932,False,0.029166361,False,0.01179703,False,supply_temp_c
2024-09-05 05:00:00,0.09021455,False,train,0.06465886,False,0.054227587,False,0.15175721,False,derived_flow_kg_s
2024-09-05 17:00:00,0.11445163,False,train,0.096191436,False,0.07296115,False,0.17420231,False,derived_flow_kg_s
2024-09-06 05:00:00,0.084789716,False,train,0.089970194,False,0.10405889,False,0.060340066,False,return_temp_c
2024-09-06 17:00:00,0.08171138,False,train,0.09000584,False,0.09621367,False,0.058914647,False,return_temp_c
2024-09-07 05:00:00,0.07012626,False,train,0.0789839,False,0.0684982,False,0.06289667,False,supply_temp_c
2024-09-07 17:00:00,0.05319755,False,train,0.048610043,False,0.057504546,False,0.053478066,False,return_temp_c
2024-09-08 05:00:00,0.06269896,False,train,0.044769537,False,0.08532145,False,0.058005888,False,return_temp_c
2024-09-08 17:00:00,0.079127304,False,train,0.06704324,False,0.10939447,False,0.060944214,False,return_temp_c
2024-09-09 05:00:00,0.065339275,False,train,0.07484924,False,0.06850045,False,0.05266815,False,supply_temp_c
2024-09-09 17:00:00,0.061338678,False,train,0.06670984,False,0.06735584,False,0.04995033,False,return_temp_c
2024-09-10 05:00:00,0.077618636,False,train,0.08333533,False,0.11248448,False,0.03703611,False,return_temp_c
2024-09-10 17:00:00,0.072397135,False,train,0.09027091,False,0.095870644,False,0.031049833,False,return_temp_c
2024-09-11 05:00:00,0.07263991,False,train,0.06781995,False,0.108126424,False,0.041973334,False,return_temp_c
2024-09-11 17:00:00,0.08562568,False,train,0.0838537,False,0.12553193,False,0.047491416,False,return_temp_c
2024-09-12 05:00:00,0.08302767,False,train,0.13824962,False,0.07746004,False,0.033373334,False,supply_temp_c
2024-09-12 17:00:00,0.07651261,False,train,0.10772831,False,0.08957573,False,0.032233793,False,supply_temp_c
2024-09-13 05:00:00,0.09000819,False,train,0.14647174,False,0.080053546,False,0.04349931,False,supply_temp_c
2024-09-13 17:00:00,0.055434674,False,train,0.08411471,False,0.037749756,False,0.04443957,False,supply_temp_c
2024-09-14 05:00:00,0.06820324,False,train,0.10596054,False,0.04714529,False,0.051503878,False,supply_temp_c
2024-09-14 17:00:00,0.06231188,False,train,0.08778369,False,0.045800507,False,0.053351436,False,supply_temp_c
2024-09-15 05:00:00,0.06227104,False,train,0.08605368,False,0.047774274,False,0.05298515,False,supply_temp_c
2024-09-15 17:00:00,0.06748893,False,train,0.09842556,False,0.048230603,False,0.055810634,False,supply_temp_c
2024-09-16 05:00:00,0.066204794,False,train,0.08238992,False,0.059744257,False,0.05648017,False,supply_temp_c
2024-09-16 17:00:00,0.06969382,False,train,0.0803655,False,0.0723485,False,0.056367442,False,supply_temp_c
2024-09-17 05:00:00,0.081738874,False,train,0.11767202,False,0.06327141,False,0.06427319,False,supply_temp_c
2024-09-17 17:00:00,0.075089775,False,train,0.104724415,False,0.06469134,False,0.055853557,False,supply_temp_c
2024-09-18 05:00:00,0.06927285,False,train,0.09707422,False,0.05721378,False,0.053530548,False,supply_temp_c
2024-09-18 17:00:00,0.08901348,False,train,0.11087701,False,0.08849203,False,0.067671396,False,supply_temp_c
2024-09-19 05:00:00,0.11529948,False,train,0.087708205,False,0.17548488,False,0.08270531,False,return_temp_c
2024-09-19 17:00:00,0.1038281,False,train,0.062113404,False,0.15372165,False,0.095649235,False,return_temp_c
2024-09-20 05:00:00,0.08316093,False,train,0.027427463,False,0.14394744,False,0.0781079,False,return_temp_c
2024-09-20 17:00:00,0.07352189,False,train,0.022076936,False,0.14469634,False,0.05379239,False,return_temp_c
2024-09-21 05:00:00,0.07046091,False,train,0.088267185,False,0.08356606,False,0.039549477,False,supply_temp_c
2024-09-21 17:00:00,0.26364613,False,train,0.117953815,False,0.108460635,False,0.564524,True,derived_flow_kg_s
2024-09-22 05:00:00,0.24868321,False,train,0.11868443,False,0.07793397,False,0.54943126,True,derived_flow_kg_s
2024-09-22 17:00:00,0.07859254,False,train,0.14254723,False,0.07257155,False,0.020658812,False,supply_temp_c
2024-09-23 05:00:00,0.07077935,False,train,0.087805234,False,0.07792734,False,0.046605483,False,supply_temp_c
2024-09-23 17:00:00,0.041410606,False,train,0.04761684,False,0.044758644,False,0.031856325,False,supply_temp_c
2024-09-24 05:00:00,0.05021643,False,train,0.054082185,False,0.06074862,False,0.035818487,False,return_temp_c
2024-09-24 17:00:00,0.071201354,False,train,0.08410066,False,0.07844003,False,0.051063344,False,supply_temp_c
2024-09-25 05:00:00,0.08227679,False,train,0.1020442,False,0.090115964,False,0.05467022,False,supply_temp_c
2024-09-25 17:00:00,0.072779804,False,train,0.096297555,False,0.074790776,False,0.04725108,False,supply_temp_c
2024-09-26 05:00:00,0.050091445,False,train,0.080117434,False,0.03776677,False,0.032390106,False,supply_temp_c
2024-09-26 17:00:00,0.045607418,False,train,0.060269475,False,0.04263318,False,0.033919614,False,supply_temp_c
2024-09-27 05:00:00,0.048596364,False,train,0.072693616,False,0.038812753,False,0.034282725,False,supply_temp_c
2024-09-27 17:00:00,0.044779114,False,train,0.07164884,False,0.037508484,False,0.025180006,False,supply_temp_c
2024-09-28 05:00:00,0.039180025,False,train,0.06219612,False,0.034342904,False,0.021001041,False,supply_temp_c
2024-09-28 17:00:00,0.04667237,False,train,0.07436415,False,0.042126816,False,0.023526162,False,supply_temp_c
2024-09-29 05:00:00,0.056362495,False,train,0.083209105,False,0.06380444,False,0.02207393,False,supply_temp_c
2024-09-29 17:00:00,0.06807967,False,train,0.0719549,False,0.07891224,False,0.053371865,False,return_temp_c
2024-09-30 05:00:00,0.05452228,False,train,0.06584096,False,0.044080973,False,0.053644914,False,supply_temp_c
2024-09-30 17:00:00,0.03957206,False,train,0.055247907,False,0.030187393,False,0.033280887,False,supply_temp_c
2024-10-01 05:00:00,0.042210322,False,train,0.06248978,False,0.030419553,False,0.033721633,False,supply_temp_c
2024-10-01 17:00:00,0.03880279,False,train,0.06208153,False,0.02905834,False,0.025268504,False,supply_temp_c
2024-10-02 05:00:00,0.03563765,False,train,0.054057017,False,0.037705097,False,0.015150829,False,supply_temp_c
2024-10-02 17:00:00,0.03204398,False,train,0.04501492,False,0.047167834,False,0.003949174,False,return_temp_c
2024-10-03 05:00:00,0.02858595,False,train,0.040524922,False,0.041890893,False,0.0033420313,False,return_temp_c
2024-10-03 17:00:00,0.02015153,False,train,0.028002845,False,0.028527686,False,0.003924049,False,return_temp_c
2024-10-04 05:00:00,0.022337474,False,train,0.035357893,False,0.028449511,False,0.0032050184,False,supply_temp_c
2024-10-04 17:00:00,0.028795838,False,train,0.04613911,False,0.035774868,False,0.0044735353,False,supply_temp_c
2024-10-05 05:00:00,0.029026784,False,train,0.042808637,False,0.039706845,False,0.00456487,False,supply_temp_c
2024-10-05 17:00:00,0.020666016,False,train,0.032406434,False,0.026471308,False,0.0031203043,False,supply_temp_c
2024-10-06 05:00:00,0.021473218,False,train,0.036228508,False,0.024933646,False,0.003257491,False,supply_temp_c
2024-10-06 17:00:00,0.03140725,False,train,0.04896107,False,0.039614707,False,0.005645968,False,supply_temp_c
2024-10-07 05:00:00,0.04344993,False,train,0.049730364,False,0.06964602,False,0.010973406,False,return_temp_c
2024-10-07 17:00:00,0.03421004,False,train,0.037763756,False,0.056430873,False,0.008435493,False,return_temp_c
2024-10-08 05:00:00,0.023438253,False,train,0.031623796,False,0.026000855,False,0.012690105,False,supply_temp_c
2024-10-08 17:00:00,0.035590686,False,train,0.051101502,False,0.037996944,False,0.01767362,False,supply_temp_c
2024-10-09 05:00:00,0.035203382,False,train,0.056852832,False,0.037590716,False,0.011166603,False,supply_temp_c
2024-10-09 17:00:00,0.023636417,False,train,0.034145106,False,0.031456638,False,0.0053075124,False,supply_temp_c
2024-10-10 05:00:00,0.02471054,False,train,0.037495002,False,0.03271119,False,0.003925424,False,supply_temp_c
2024-10-11 17:00:00,0.07623175,False,train,0.07172545,False,0.073003866,False,0.08396593,False,derived_flow_kg_s
2024-10-12 05:00:00,0.058281977,False,train,0.07580834,False,0.048929337,False,0.05010828,False,supply_temp_c
2024-10-12 17:00:00,0.06680315,False,train,0.09273735,False,0.054697305,False,0.052974805,False,supply_temp_c
2024-10-13 05:00:00,0.070527285,False,train,0.10626095,False,0.051985715,False,0.05333517,False,supply_temp_c
2024-10-13 17:00:00,0.05731611,False,train,0.086645246,False,0.0479408,False,0.03736228,False,supply_temp_c
2024-10-14 05:00:00,0.067222625,False,train,0.10514354,False,0.05953024,False,0.03699412,False,supply_temp_c
2024-10-21 17:00:00,0.05032627,False,train,0.075464636,False,0.042089988,False,0.033424184,False,supply_temp_c
2024-10-22 05:00:00,0.059574936,False,train,0.07790294,False,0.06402352,False,0.036798332,False,supply_temp_c
2024-10-22 17:00:00,0.06501457,False,train,0.09795002,False,0.06766047,False,0.029433222,False,supply_temp_c
2024-10-23 05:00:00,0.05791251,False,train,0.07724415,False,0.066861905,False,0.029631471,False,supply_temp_c
2024-10-23 17:00:00,0.056995288,False,train,0.06577635,False,0.07609358,False,0.02911594,False,return_temp_c
2024-10-24 05:00:00,0.0482313,False,train,0.050549835,False,0.06557919,False,0.02856487,False,return_temp_c
2024-10-24 17:00:00,0.04942761,False,train,0.051617507,False,0.0579003,False,0.03876502,False,return_temp_c
2024-10-25 05:00:00,0.041695688,False,train,0.041587047,False,0.048005894,False,0.035494126,False,return_temp_c
2024-10-25 17:00:00,0.04408271,False,train,0.051054966,False,0.054704178,False,0.026488967,False,return_temp_c
2024-10-26 05:00:00,0.04462967,False,train,0.061748937,False,0.04451098,False,0.027629094,False,supply_temp_c
2024-10-26 17:00:00,0.059533495,False,train,0.07652983,False,0.07588128,False,0.026189378,False,supply_temp_c
2024-10-27 05:00:00,0.06276364,False,train,0.082160674,False,0.07899315,False,0.027137095,False,supply_temp_c
2024-10-27 17:00:00,0.09737596,False,train,0.12521304,False,0.13181855,False,0.0350963,False,return_temp_c
2024-10-28 05:00:00,0.085563034,False,train,0.122600056,False,0.103933,False,0.030156063,False,supply_temp_c
2024-10-28 17:00:00,0.04846813,False,train,0.07512162,False,0.05377135,False,0.016511433,False,supply_temp_c
2024-10-29 05:00:00,0.050000105,False,train,0.07463623,False,0.05658553,False,0.018778553,False,supply_temp_c
2024-10-29 17:00:00,0.0522535,False,train,0.06860702,False,0.06802557,False,0.02012792,False,supply_temp_c
2024-10-30 05:00:00,0.077236205,False,train,0.12718226,False,0.07830644,False,0.026219914,False,supply_temp_c
2024-10-30 17:00:00,0.07979945,False,train,0.13542151,False,0.07238621,False,0.031590622,False,supply_temp_c
2024-10-31 05:00:00,0.07933224,False,train,0.14083438,False,0.06824133,False,0.028921003,False,supply_temp_c
2024-10-31 17:00:00,0.09746504,False,train,0.1755054,False,0.091597356,False,0.025292354,False,supply_temp_c
2024-11-01 05:00:00,0.09622332,False,train,0.17168854,False,0.094114326,False,0.022867091,False,supply_temp_c
2024-11-01 17:00:00,0.0791222,False,train,0.12560718,False,0.08584953,False,0.025909921,False,supply_temp_c
2024-11-02 05:00:00,0.08415028,False,train,0.14059925,False,0.086270265,False,0.025581285,False,supply_temp_c
2024-11-02 17:00:00,0.07803824,False,train,0.12685223,False,0.080708705,False,0.026553793,False,supply_temp_c
2024-11-03 05:00:00,0.08200653,False,train,0.13272244,False,0.089822076,False,0.023475064,False,supply_temp_c
2024-11-03 17:00:00,0.08889136,False,train,0.1573412,False,0.08605827,False,0.023274593,False,supply_temp_c
2024-11-04 05:00:00,0.09481876,False,train,0.15862072,False,0.09587874,False,0.02995683,False,supply_temp_c
2024-11-04 17:00:00,0.08235692,False,train,0.12294778,False,0.091703534,False,0.03241944,False,supply_temp_c
2024-11-05 05:00:00,0.07669565,False,train,0.12400643,False,0.076011874,False,0.03006865,False,supply_temp_c
2024-11-05 17:00:00,0.089611694,False,train,0.15980095,False,0.07906274,False,0.029971391,False,supply_temp_c
2024-11-06 05:00:00,0.09014087,False,train,0.13235839,False,0.108733185,False,0.029331058,False,supply_temp_c
2024-11-06 17:00:00,0.07603684,False,train,0.11677515,False,0.08402345,False,0.02731193,False,supply_temp_c
2024-11-07 05:00:00,0.08873312,False,train,0.1477061,False,0.09030958,False,0.028183697,False,supply_temp_c
2024-11-07 17:00:00,0.093819275,False,train,0.15606403,False,0.0969027,False,0.028491087,False,supply_temp_c
2024-11-08 05:00:00,0.08725289,False,train,0.14121445,False,0.09235427,False,0.028189942,False,supply_temp_c
2024-11-08 17:00:00,0.0788612,False,train,0.13155447,False,0.08017864,False,0.024850503,False,supply_temp_c
2024-11-09 05:00:00,0.08650679,False,train,0.14100541,False,0.09241519,False,0.026099766,False,supply_temp_c
2024-11-09 17:00:00,0.09503743,False,train,0.1764872,False,0.08373926,False,0.024885816,False,supply_temp_c
2024-11-10 05:00:00,0.08133139,False,train,0.13043126,False,0.08972361,False,0.023839295,False,supply_temp_c
2024-11-10 17:00:00,0.062885255,False,train,0.1004993,False,0.068727724,False,0.019428758,False,supply_temp_c
2024-11-11 05:00:00,0.05035489,False,train,0.06973068,False,0.06099218,False,0.020341814,False,supply_temp_c
2024-11-11 17:00:00,0.048871405,False,train,0.05714257,False,0.065533474,False,0.02393817,False,return_temp_c
2024-11-12 05:00:00,0.06842552,False,train,0.09315402,False,0.083135225,False,0.02898732,False,supply_temp_c
2024-11-12 17:00:00,0.106326476,False,train,0.15883137,False,0.12468765,False,0.035460394,False,supply_temp_c
2024-11-13 05:00:00,0.0892493,False,train,0.14709891,False,0.09892818,False,0.021720821,False,supply_temp_c
2024-11-13 17:00:00,0.049445014,False,train,0.066596225,False,0.06830881,False,0.013430007,False,return_temp_c
2024-11-14 05:00:00,0.04784653,False,train,0.06325822,False,0.06638771,False,0.013893645,False,return_temp_c
2024-11-14 17:00:00,0.058190603,False,train,0.073736094,False,0.086831026,False,0.014004701,False,return_temp_c
2024-11-15 05:00:00,0.05767456,False,train,0.07266401,False,0.086965054,False,0.013394628,False,return_temp_c
2024-11-15 17:00:00,0.049396083,False,train,0.057018355,False,0.07697727,False,0.014192629,False,return_temp_c
2024-11-16 05:00:00,0.04791013,False,train,0.05604938,False,0.074565865,False,0.013115135,False,return_temp_c
2024-11-16 17:00:00,0.044471662,False,train,0.046123955,False,0.074061416,False,0.013229597,False,return_temp_c
2024-11-17 05:00:00,0.041269317,False,train,0.046296615,False,0.06693661,False,0.010574725,False,return_temp_c
2024-11-17 17:00:00,0.043091647,False,train,0.05364181,False,0.06257745,False,0.013055687,False,return_temp_c
2024-11-18 05:00:00,0.04056488,False,train,0.053559322,False,0.05435815,False,0.013777156,False,return_temp_c
2024-11-18 17:00:00,0.047039405,False,train,0.067785196,False,0.056676704,False,0.016656308,False,supply_temp_c
2024-11-19 05:00:00,0.051165354,False,train,0.075165205,False,0.058492895,False,0.019837959,False,supply_temp_c
2024-11-19 17:00:00,0.110912986,False,train,0.19591016,False,0.10914437,False,0.027684445,False,supply_temp_c
2024-11-20 05:00:00,0.12325006,False,train,0.20946167,False,0.1354379,False,0.024850579,False,supply_temp_c
2024-11-20 17:00:00,0.076129094,False,train,0.103359826,False,0.10862031,False,0.016407143,False,return_temp_c
2024-11-21 05:00:00,0.08065832,False,train,0.113606624,False,0.1058535,False,0.022514803,False,supply_temp_c
2024-11-21 17:00:00,0.06579899,False,train,0.079057135,False,0.1007632,False,0.017576627,False,return_temp_c
2024-11-22 05:00:00,0.061323702,False,train,0.08229718,False,0.08805927,False,0.0136146555,False,return_temp_c
2024-11-22 17:00:00,0.06299631,False,train,0.0931455,False,0.082203776,False,0.013639686,False,supply_temp_c
2024-11-23 05:00:00,0.06712162,False,train,0.09534386,False,0.092878915,False,0.013142078,False,supply_temp_c
2024-11-23 17:00:00,0.062274072,False,train,0.08388522,False,0.08842147,False,0.01451552,False,return_temp_c
2024-11-24 05:00:00,0.047956306,False,train,0.063705124,False,0.06808626,False,0.012077522,False,return_temp_c
2024-11-24 17:00:00,0.051443107,False,train,0.072596006,False,0.06896215,False,0.012771159,False,supply_temp_c
2024-11-25 05:00:00,0.055806525,False,train,0.08182251,False,0.072546,False,0.013051051,False,supply_temp_c
2024-11-25 17:00:00,0.053702734,False,train,0.07615486,False,0.07192495,False,0.01302841,False,supply_temp_c
2024-11-26 05:00:00,0.04708821,False,train,0.056390014,False,0.07336029,False,0.011514336,False,return_temp_c
2024-11-26 17:00:00,0.05068555,False,train,0.05527416,False,0.0850543,False,0.011728187,False,return_temp_c
2024-11-27 05:00:00,0.040335782,False,train,0.04568584,False,0.06343257,False,0.011888943,False,return_temp_c
2024-11-27 17:00:00,0.03995369,False,train,0.05182663,False,0.055980448,False,0.012053996,False,return_temp_c
2024-11-28 05:00:00,0.041404184,False,train,0.053083826,False,0.058764517,False,0.012364213,False,return_temp_c
2024-11-28 17:00:00,0.036785383,False,train,0.051944315,False,0.04554832,False,0.012863509,False,supply_temp_c
2024-11-29 05:00:00,0.045619175,False,train,0.06688273,False,0.05907826,False,0.010896526,False,supply_temp_c
2024-11-29 17:00:00,0.044247452,False,train,0.05882423,False,0.06341977,False,0.010498357,False,return_temp_c
2024-11-30 05:00:00,0.043666154,False,train,0.056127165,False,0.06391552,False,0.0109557705,False,return_temp_c
2024-11-30 17:00:00,0.03943577,False,train,0.053140823,False,0.05185083,False,0.013315663,False,supply_temp_c
2024-12-01 05:00:00,0.03856393,False,train,0.05308813,False,0.04791878,False,0.014684892,False,supply_temp_c
2024-12-01 17:00:00,0.03936091,False,train,0.049901683,False,0.053957384,False,0.0142236585,False,return_temp_c
2024-12-02 05:00:00,0.034624435,False,train,0.039151873,False,0.050613493,False,0.01410794,False,return_temp_c
2024-12-02 17:00:00,0.038993232,False,train,0.05185534,False,0.052754715,False,0.012369648,False,return_temp_c
2024-12-03 05:00:00,0.03419458,False,train,0.03932499,False,0.049866598,False,0.0133921625,False,return_temp_c
2024-12-03 17:00:00,0.034535225,False,train,0.04124075,False,0.04945198,False,0.012912939,False,return_temp_c
2024-12-04 05:00:00,0.040425498,False,train,0.053286705,False,0.055877592,False,0.012112193,False,return_temp_c
2024-12-04 17:00:00,0.037246283,False,train,0.049493644,False,0.050895263,False,0.011349938,False,return_temp_c
2024-12-05 05:00:00,0.03939647,False,train,0.05807512,False,0.049974676,False,0.010139606,False,supply_temp_c
2024-12-05 17:00:00,0.03797098,False,train,0.05514263,False,0.046150524,False,0.012619793,False,supply_temp_c
2024-12-06 05:00:00,0.03865965,False,train,0.056094896,False,0.048948735,False,0.010935326,False,supply_temp_c
2024-12-06 17:00:00,0.034904722,False,train,0.047628585,False,0.0473475,False,0.0097380765,False,supply_temp_c
2024-12-07 05:00:00,0.03448753,False,train,0.044832755,False,0.047151864,False,0.011477982,False,return_temp_c
2024-12-07 17:00:00,0.04842741,False,train,0.06543981,False,0.060624454,False,0.019217962,False,supply_temp_c
2024-12-08 05:00:00,0.7663019,True,train,0.09075281,False,0.08833599,False,2.1198168,True,derived_flow_kg_s
2024-12-08 17:00:00,1.2470294,True,train,0.18121284,False,0.21084404,False,3.3490314,True,derived_flow_kg_s
2024-12-09 05:00:00,0.51591337,True,train,0.15262248,False,0.11648062,False,1.278637,True,derived_flow_kg_s
2024-12-09 17:00:00,0.06059815,False,train,0.097935915,False,0.07521621,False,0.008642309,False,supply_temp_c
2024-12-10 05:00:00,0.052605245,False,train,0.08301198,False,0.06369972,False,0.011104025,False,supply_temp_c
2024-12-10 17:00:00,0.067329116,False,train,0.09398966,False,0.09333474,False,0.0146629205,False,supply_temp_c
2024-12-11 05:00:00,0.06695149,False,train,0.09891981,False,0.088065505,False,0.013869155,False,supply_temp_c
2024-12-11 17:00:00,0.056293342,False,train,0.089551926,False,0.06567975,False,0.013648336,False,supply_temp_c
2024-12-12 05:00:00,0.06374048,False,train,0.085100986,False,0.095784195,False,0.010336228,False,return_temp_c
2024-12-12 17:00:00,0.06612925,False,train,0.08462679,False,0.10494154,False,0.00881945,False,return_temp_c
2024-12-13 05:00:00,0.060658906,False,train,0.09667469,False,0.07492593,False,0.010376119,False,supply_temp_c
2024-12-13 17:00:00,0.07352916,False,train,0.09837151,False,0.10874879,False,0.013467185,False,return_temp_c
2024-12-14 05:00:00,0.074163385,False,train,0.10473138,False,0.106030785,False,0.011727975,False,return_temp_c
2024-12-14 17:00:00,0.09403484,False,train,0.1437786,False,0.12013233,False,0.01819362,False,supply_temp_c
2024-12-15 05:00:00,0.06294734,False,train,0.09300608,False,0.07677397,False,0.019061962,False,supply_temp_c
2024-12-15 17:00:00,0.099161126,False,train,0.13876839,False,0.14932959,False,0.009385374,False,return_temp_c
2024-12-16 05:00:00,0.074845046,False,train,0.1149563,False,0.10031361,False,0.009265245,False,supply_temp_c
2024-12-16 17:00:00,0.069756396,False,train,0.09498843,False,0.1053187,False,0.0089620575,False,return_temp_c
2024-12-17 05:00:00,0.06637461,False,train,0.096070565,False,0.09543579,False,0.0076174713,False,supply_temp_c
2024-12-17 17:00:00,0.06385717,False,train,0.09544509,False,0.089147426,False,0.0069789807,False,supply_temp_c
2024-12-18 05:00:00,0.06023872,False,train,0.09981076,False,0.072702065,False,0.008203327,False,supply_temp_c
2024-12-18 17:00:00,0.0548785,False,train,0.07456422,False,0.080416545,False,0.009654743,False,return_temp_c
2024-12-19 05:00:00,0.05189875,False,train,0.06240547,False,0.08257091,False,0.01071988,False,return_temp_c
2024-12-19 17:00:00,0.059527617,False,train,0.079471044,False,0.09074924,False,0.008362546,False,return_temp_c
2024-12-20 05:00:00,0.064420566,False,train,0.08430324,False,0.102965236,False,0.005993226,False,return_temp_c
2024-12-20 17:00:00,0.06295114,False,train,0.08230678,False,0.10003952,False,0.0065071485,False,return_temp_c
2024-12-21 05:00:00,0.057927012,False,train,0.08678039,False,0.078447446,False,0.008553188,False,supply_temp_c
2024-12-21 17:00:00,0.055398565,False,train,0.07168955,False,0.08677555,False,0.007730572,False,return_temp_c
2024-12-22 05:00:00,0.057831883,False,train,0.08143613,False,0.0846757,False,0.0073838294,False,return_temp_c
2024-12-22 17:00:00,0.07067554,False,train,0.09844641,False,0.105564974,False,0.008015248,False,return_temp_c
2024-12-23 05:00:00,0.060227975,False,train,0.103118144,False,0.0674426,False,0.010123192,False,supply_temp_c
2024-12-23 17:00:00,0.05345826,False,train,0.07318238,False,0.07534229,False,0.011850101,False,return_temp_c
2024-12-24 05:00:00,0.047291722,False,train,0.06879929,False,0.05783208,False,0.015243791,False,supply_temp_c
2024-12-24 17:00:00,0.036695458,False,train,0.038482856,False,0.05986427,False,0.011739251,False,return_temp_c
2024-12-25 05:00:00,0.03492223,False,train,0.03934223,False,0.05873172,False,0.0066927564,False,return_temp_c
2024-12-25 17:00:00,0.027565913,False,train,0.026260694,False,0.048036158,False,0.008400886,False,return_temp_c
2024-12-26 05:00:00,0.030104995,False,train,0.033004697,False,0.043767154,False,0.013543129,False,return_temp_c
2024-12-26 17:00:00,0.036152646,False,train,0.0440214,False,0.05211401,False,0.012322534,False,return_temp_c
2024-12-27 05:00:00,0.039832294,False,train,0.048804507,False,0.058545563,False,0.012146819,False,return_temp_c
2024-12-27 17:00:00,0.03266249,False,train,0.031702954,False,0.052107263,False,0.014177245,False,return_temp_c
2024-12-28 05:00:00,0.03475701,False,train,0.04102941,False,0.050210193,False,0.013031423,False,return_temp_c
2024-12-28 17:00:00,0.032213975,False,train,0.036412343,False,0.049868003,False,0.010361575,False,return_temp_c
2024-12-29 05:00:00,0.03757084,False,train,0.046332315,False,0.05461058,False,0.011769633,False,return_temp_c
2024-12-29 17:00:00,0.034159523,False,train,0.035092022,False,0.054542363,False,0.012844189,False,return_temp_c
2024-12-30 05:00:00,0.040052712,False,train,0.049373854,False,0.059556816,False,0.011227469,False,return_temp_c
2024-12-30 17:00:00,0.03736435,False,train,0.042550933,False,0.056494012,False,0.013048101,False,return_temp_c
2024-12-31 05:00:00,0.03983429,False,train,0.05099993,False,0.0577154,False,0.010787547,False,return_temp_c
2024-12-31 17:00:00,0.04010212,False,train,0.043671306,False,0.065946646,False,0.0106884055,False,return_temp_c
2025-01-01 05:00:00,0.04427021,False,train,0.062420595,False,0.0624927,False,0.00789734,False,return_temp_c
2025-01-01 17:00:00,0.03735475,False,train,0.03695391,False,0.07032339,False,0.004786939,False,return_temp_c
2025-01-02 05:00:00,0.033462595,False,train,0.039268956,False,0.05273885,False,0.008379973,False,return_temp_c
2025-01-02 17:00:00,0.03628507,False,train,0.03526863,False,0.06034385,False,0.0132427355,False,return_temp_c
2025-01-03 05:00:00,0.039835528,False,train,0.045525137,False,0.06204022,False,0.011941232,False,return_temp_c
2025-01-03 17:00:00,0.04250766,False,train,0.045128908,False,0.06662346,False,0.015770623,False,return_temp_c
2025-01-04 05:00:00,0.03846723,False,train,0.04465264,False,0.054697778,False,0.016051272,False,return_temp_c
2025-01-04 17:00:00,0.05664943,False,train,0.062891774,False,0.08527523,False,0.021781282,False,return_temp_c
2025-01-05 05:00:00,0.042098343,False,train,0.055293787,False,0.05062583,False,0.020375421,False,supply_temp_c
2025-01-05 17:00:00,0.04006945,False,train,0.040898524,False,0.069856085,False,0.009453751,False,return_temp_c
2025-01-06 05:00:00,0.037609287,False,train,0.0474128,False,0.052675705,False,0.012739343,False,return_temp_c
2025-01-06 17:00:00,0.03708767,False,train,0.033321023,False,0.061498296,False,0.0164437,False,return_temp_c
2025-01-07 05:00:00,0.036727082,False,train,0.048570875,False,0.049416393,False,0.0121939825,False,return_temp_c
2025-01-07 17:00:00,0.03830655,False,train,0.049575794,False,0.055797603,False,0.0095462585,False,return_temp_c
2025-01-08 05:00:00,0.04060147,False,train,0.058055963,False,0.053382277,False,0.010366157,False,supply_temp_c
2025-01-08 17:00:00,0.10953438,False,train,0.20296218,False,0.10521754,False,0.020423425,False,supply_temp_c
2025-01-09 05:00:00,0.112214774,False,train,0.21092375,False,0.10235337,False,0.023367187,False,supply_temp_c
2025-01-09 17:00:00,0.054167803,False,train,0.07535497,False,0.07625188,False,0.01089656,False,return_temp_c
2025-01-10 05:00:00,0.058211878,False,train,0.07659679,False,0.08713176,False,0.010907077,False,return_temp_c
2025-01-10 17:00:00,0.06031516,False,train,0.08730083,False,0.07797142,False,0.015673209,False,supply_temp_c
2025-01-11 05:00:00,0.04048084,False,train,0.06053324,False,0.04728244,False,0.0136268465,False,supply_temp_c
2025-01-11 17:00:00,0.069693275,False,train,0.11271394,False,0.081255265,False,0.015110633,False,supply_temp_c
2025-01-12 05:00:00,0.062064633,False,train,0.10503844,False,0.06639124,False,0.0147642335,False,supply_temp_c
2025-01-12 17:00:00,0.062506706,False,train,0.08847874,False,0.08703319,False,0.012008194,False,supply_temp_c
2025-01-13 05:00:00,0.06605908,False,train,0.09835931,False,0.089749575,False,0.010068354,False,supply_temp_c
2025-01-13 17:00:00,0.06239695,False,train,0.086150475,False,0.09204317,False,0.008997221,False,return_temp_c
2025-01-14 05:00:00,0.0713119,False,train,0.09074795,False,0.11324203,False,0.009945716,False,return_temp_c
2025-01-14 17:00:00,0.052787285,False,train,0.068000354,False,0.078367226,False,0.011994257,False,return_temp_c
2025-01-15 05:00:00,0.058911674,False,train,0.07219268,False,0.09177332,False,0.012769039,False,return_temp_c
2025-01-15 17:00:00,0.06403402,False,train,0.07591614,False,0.10634354,False,0.009842378,False,return_temp_c
2025-01-16 05:00:00,0.07027197,False,train,0.11552381,False,0.08543337,False,0.009858734,False,supply_temp_c
2025-01-16 17:00:00,0.09946461,False,train,0.1634953,False,0.11403919,False,0.020859303,False,supply_temp_c
2025-01-17 05:00:00,0.093420014,False,train,0.14948241,False,0.11290146,False,0.01787617,False,supply_temp_c
2025-01-17 17:00:00,0.063571006,False,train,0.07710969,False,0.09805233,False,0.015550982,False,return_temp_c
2025-01-18 05:00:00,0.08467943,False,train,0.13028055,False,0.109611206,False,0.014146539,False,supply_temp_c
2025-01-18 17:00:00,0.0856007,False,train,0.09930282,False,0.13910845,False,0.018390818,False,return_temp_c
2025-01-19 05:00:00,0.06220563,False,train,0.08644786,False,0.08088533,False,0.019283704,False,supply_temp_c
2025-01-19 17:00:00,0.05342489,False,train,0.06450603,False,0.07462779,False,0.021140864,False,return_temp_c
2025-01-20 05:00:00,0.05231994,False,train,0.07807947,False,0.05727918,False,0.021601165,False,supply_temp_c
2025-01-20 17:00:00,0.05195528,False,train,0.057394654,False,0.08965743,False,0.008813734,False,return_temp_c
2025-01-21 05:00:00,0.063961424,False,train,0.08462485,False,0.09829768,False,0.008961753,False,return_temp_c
2025-01-21 17:00:00,0.06296856,False,train,0.0740237,False,0.10358885,False,0.011293153,False,return_temp_c
2025-01-22 05:00:00,0.055466086,False,train,0.073850125,False,0.07925143,False,0.013296708,False,return_temp_c
2025-01-22 17:00:00,0.041242093,False,train,0.051183984,False,0.059616238,False,0.012926043,False,return_temp_c
2025-01-23 05:00:00,0.048593804,False,train,0.06351563,False,0.06933444,False,0.012931354,False,return_temp_c
2025-01-23 17:00:00,0.07560621,False,train,0.11946412,False,0.0900001,False,0.017354423,False,supply_temp_c
2025-01-24 05:00:00,0.075430565,False,train,0.12504007,False,0.083182015,False,0.01806962,False,supply_temp_c
2025-01-24 17:00:00,0.1550734,False,train,0.28204465,False,0.13517149,False,0.048004046,False,supply_temp_c
2025-01-25 05:00:00,0.15692908,False,train,0.28201002,False,0.14382531,False,0.044951905,False,supply_temp_c
2025-01-25 17:00:00,0.046192992,False,train,0.053392056,False,0.076871745,False,0.008315183,False,return_temp_c
2025-01-26 05:00:00,0.047301345,False,train,0.06450336,False,0.06791467,False,0.009486015,False,return_temp_c
2025-01-26 17:00:00,0.03566152,False,train,0.04110693,False,0.054191407,False,0.0116862105,False,return_temp_c
2025-01-27 05:00:00,0.039858073,False,train,0.05160055,False,0.05878751,False,0.009186155,False,return_temp_c
2025-01-27 17:00:00,0.056807943,False,train,0.08710634,False,0.068774305,False,0.014543194,False,supply_temp_c
2025-01-28 05:00:00,0.06351248,False,train,0.095944606,False,0.07890056,False,0.015692305,False,supply_temp_c
2025-01-28 17:00:00,0.0625413,False,train,0.08216112,False,0.09613525,False,0.009327524,False,return_temp_c
2025-01-29 05:00:00,0.057732806,False,train,0.072048865,False,0.090146005,False,0.011003538,False,return_temp_c
2025-01-29 17:00:00,0.059645817,False,train,0.088725,False,0.08025936,False,0.009953101,False,supply_temp_c
2025-01-30 05:00:00,0.13589935,False,train,0.19592875,False,0.1888841,False,0.022885159,False,supply_temp_c
2025-01-30 17:00:00,0.14475869,False,train,0.19455302,False,0.21259052,False,0.027132498,False,return_temp_c
2025-01-31 05:00:00,0.08714802,False,train,0.10732287,False,0.13984048,False,0.014280699,False,return_temp_c
2025-01-31 17:00:00,0.07895972,False,train,0.11193482,False,0.11210182,False,0.012842515,False,return_temp_c
2025-02-01 05:00:00,0.052223958,False,train,0.07986056,False,0.06271147,False,0.014099847,False,supply_temp_c
2025-02-01 17:00:00,0.053868845,False,train,0.07770661,False,0.06840653,False,0.015493389,False,supply_temp_c
2025-02-02 05:00:00,0.06928838,False,train,0.09708601,False,0.09407973,False,0.016699381,False,supply_temp_c
2025-02-02 17:00:00,0.056530256,False,train,0.05935605,False,0.09088063,False,0.019354077,False,return_temp_c
2025-02-03 05:00:00,0.06769904,False,train,0.07076439,False,0.1087744,False,0.023558294,False,return_temp_c
2025-02-03 17:00:00,0.06299934,False,train,0.05663589,False,0.109491535,False,0.022870595,False,return_temp_c
2025-02-04 05:00:00,0.056204576,False,train,0.052254487,False,0.10102459,False,0.015334658,False,return_temp_c
2025-02-04 17:00:00,0.058872912,False,train,0.06819106,False,0.09345075,False,0.014976929,False,return_temp_c
2025-02-05 05:00:00,0.049976878,False,train,0.0589679,False,0.07470931,False,0.016253414,False,return_temp_c
2025-02-05 17:00:00,0.056469142,False,train,0.073751576,False,0.07892885,False,0.016727006,False,return_temp_c
2025-02-06 05:00:00,0.060769126,False,train,0.0687935,False,0.099728696,False,0.013785196,False,return_temp_c
2025-02-06 17:00:00,0.05815272,False,train,0.055419207,False,0.10466069,False,0.014378294,False,return_temp_c
2025-02-07 05:00:00,0.06265827,False,train,0.070782244,False,0.10050922,False,0.01668335,False,return_temp_c
2025-02-07 17:00:00,0.058197405,False,train,0.06576625,False,0.09589524,False,0.012930718,False,return_temp_c
2025-02-08 05:00:00,0.069176376,False,train,0.09013852,False,0.104961306,False,0.012429337,False,return_temp_c
2025-02-08 17:00:00,0.07473706,False,train,0.08090184,False,0.13036819,False,0.012941152,False,return_temp_c
2025-02-09 05:00:00,0.06722149,False,train,0.090379626,False,0.097238325,False,0.014046519,False,return_temp_c
2025-02-09 17:00:00,0.06719407,False,train,0.07123579,False,0.11288556,False,0.017460844,False,return_temp_c
2025-02-10 05:00:00,0.05926919,False,train,0.07019066,False,0.09275349,False,0.014863425,False,return_temp_c
2025-02-10 17:00:00,0.046731375,False,train,0.057151914,False,0.07043466,False,0.0126075605,False,return_temp_c
2025-02-11 05:00:00,0.04505837,False,train,0.05577645,False,0.06603313,False,0.013365538,False,return_temp_c
2025-02-11 17:00:00,0.046342064,False,train,0.05737501,False,0.0670433,False,0.014607876,False,return_temp_c
2025-02-12 05:00:00,0.048269965,False,train,0.052445684,False,0.0769898,False,0.01537441,False,return_temp_c
2025-02-12 17:00:00,0.05502541,False,train,0.07053082,False,0.0806699,False,0.013875515,False,return_temp_c
2025-02-13 05:00:00,0.05625574,False,train,0.07708996,False,0.07855926,False,0.013118007,False,return_temp_c
2025-02-13 17:00:00,0.0910242,False,train,0.12523341,False,0.12775981,False,0.020079354,False,return_temp_c
2025-02-14 05:00:00,0.09995636,False,train,0.13736634,False,0.138791,False,0.023711778,False,return_temp_c
2025-02-14 17:00:00,0.0640344,False,train,0.07203523,False,0.10235539,False,0.017712606,False,return_temp_c
2025-02-15 05:00:00,0.066132165,False,train,0.09146819,False,0.09247667,False,0.014451648,False,return_temp_c
2025-02-15 17:00:00,0.06368793,False,train,0.07245051,False,0.10557207,False,0.01304119,False,return_temp_c
2025-02-16 05:00:00,0.061056692,False,train,0.074663654,False,0.09286014,False,0.015646275,False,return_temp_c
2025-02-16 17:00:00,0.049101904,False,train,0.05745564,False,0.07328131,False,0.01656878,False,return_temp_c
2025-02-17 05:00:00,0.04861538,False,train,0.060490727,False,0.07012967,False,0.015225745,False,return_temp_c
2025-02-17 17:00:00,0.05464734,False,train,0.06387032,False,0.08419213,False,0.015879584,False,return_temp_c
2025-02-18 05:00:00,0.058772445,False,train,0.070218734,False,0.09131641,False,0.014782186,False,return_temp_c
2025-02-18 17:00:00,0.060166623,False,train,0.069249846,False,0.0937624,False,0.017487625,False,return_temp_c
2025-02-19 05:00:00,0.055239193,False,train,0.067773916,False,0.07875225,False,0.01919141,False,return_temp_c
2025-02-19 17:00:00,0.06285341,False,train,0.07539963,False,0.09945896,False,0.013701613,False,return_temp_c
2025-02-20 05:00:00,0.07040702,False,train,0.09511399,False,0.10433202,False,0.011775024,False,return_temp_c
2025-02-20 17:00:00,0.070089474,False,train,0.09735637,False,0.10107097,False,0.011841075,False,return_temp_c
2025-02-21 05:00:00,0.053756025,False,train,0.07790411,False,0.07513145,False,0.008232509,False,supply_temp_c
2025-02-21 17:00:00,0.05519406,False,train,0.06706456,False,0.09241786,False,0.0060997545,False,return_temp_c
2025-02-22 05:00:00,0.058514223,False,train,0.09614936,False,0.06936182,False,0.010031474,False,supply_temp_c
2025-02-22 17:00:00,0.058709186,False,train,0.070218004,False,0.09567652,False,0.010233015,False,return_temp_c
2025-02-23 05:00:00,0.050356977,False,train,0.050774828,False,0.08414253,False,0.016153596,False,return_temp_c
2025-02-23 17:00:00,0.03803201,False,train,0.03475348,False,0.059434265,False,0.01990828,False,return_temp_c
2025-02-24 05:00:00,0.037952825,False,train,0.040587023,False,0.05725809,False,0.016013367,False,return_temp_c
2025-02-24 17:00:00,0.045317497,False,train,0.060048416,False,0.06134076,False,0.014563329,False,return_temp_c
2025-02-25 05:00:00,0.048307832,False,train,0.074641846,False,0.054731768,False,0.015549877,False,supply_temp_c
2025-02-25 17:00:00,0.050779432,False,train,0.05947106,False,0.07458494,False,0.018282302,False,return_temp_c
2025-02-26 05:00:00,0.050219677,False,train,0.057072077,False,0.07632812,False,0.017258843,False,return_temp_c
2025-02-26 17:00:00,0.066544615,False,train,0.08092249,False,0.10124392,False,0.017467434,False,return_temp_c
2025-02-27 05:00:00,0.07584998,False,train,0.11477011,False,0.094792135,False,0.017987698,False,supply_temp_c
2025-02-27 17:00:00,0.06869687,False,train,0.10583487,False,0.087274514,False,0.012981239,False,supply_temp_c
2025-02-28 05:00:00,0.08243805,False,train,0.1253675,False,0.10447815,False,0.017468497,False,supply_temp_c
2025-02-28 17:00:00,0.17389278,False,train,0.31785288,True,0.15926735,False,0.044558067,False,supply_temp_c
2025-03-01 05:00:00,0.4287934,True,train,0.8668785,True,0.3842953,True,0.03520644,False,supply_temp_c
2025-03-01 17:00:00,0.30437076,True,train,0.56679946,True,0.3299516,False,0.016361116,False,supply_temp_c
2025-03-02 05:00:00,0.05582667,False,train,0.07826229,False,0.07219102,False,0.017026706,False,supply_temp_c
2025-03-02 17:00:00,0.067236155,False,train,0.10358942,False,0.08270976,False,0.015409265,False,supply_temp_c
2025-03-03 05:00:00,0.06612068,False,train,0.098834,False,0.08453994,False,0.014988081,False,supply_temp_c
2025-03-03 17:00:00,0.077551566,False,train,0.09534257,False,0.11860263,False,0.01870948,False,return_temp_c
2025-03-04 05:00:00,0.06287689,False,train,0.06778559,False,0.08081233,False,0.04003274,False,return_temp_c
2025-03-04 17:00:00,0.054224968,False,train,0.050606932,False,0.057309676,False,0.05475828,False,return_temp_c
2025-03-05 05:00:00,0.052608393,False,train,0.053376365,False,0.049791764,False,0.054657042,False,derived_flow_kg_s
2025-03-05 17:00:00,0.14082249,False,train,0.23729567,False,0.12866591,False,0.056505904,False,supply_temp_c
2025-03-06 05:00:00,0.2930612,False,train,0.44133845,True,0.38652706,True,0.05131815,False,supply_temp_c
2025-03-07 17:00:00,0.09424474,False,train,0.049924612,False,0.10075434,False,0.13205525,False,derived_flow_kg_s
2025-03-08 05:00:00,0.075617865,False,train,0.042344123,False,0.066059664,False,0.11844981,False,derived_flow_kg_s
2025-03-08 17:00:00,0.08378667,False,train,0.057807624,False,0.07561911,False,0.117933266,False,derived_flow_kg_s
2025-03-09 05:00:00,0.08388509,False,train,0.068596244,False,0.08366487,False,0.099394135,False,derived_flow_kg_s
2025-03-09 17:00:00,0.0767493,False,train,0.07583895,False,0.085343264,False,0.0690657,False,return_temp_c
2025-03-10 05:00:00,0.07141883,False,train,0.0759933,False,0.077430345,False,0.060832832,False,return_temp_c
2025-03-10 17:00:00,0.056257088,False,train,0.064564615,False,0.060225576,False,0.04398106,False,supply_temp_c
2025-03-11 05:00:00,0.0661508,False,train,0.07395496,False,0.079758935,False,0.044738505,False,return_temp_c
2025-03-11 17:00:00,0.10428211,False,train,0.1172094,False,0.13189568,False,0.063741244,False,return_temp_c
2025-03-12 05:00:00,0.09670464,False,train,0.12245528,False,0.109135486,False,0.058523137,False,supply_temp_c
2025-03-12 17:00:00,0.04756465,False,train,0.049443025,False,0.05740006,False,0.03585087,False,return_temp_c
2025-03-13 05:00:00,0.062193625,False,train,0.075711645,False,0.055271566,False,0.055597674,False,supply_temp_c
2025-03-13 17:00:00,0.07113201,False,train,0.08193956,False,0.06354483,False,0.06791162,False,supply_temp_c
2025-03-14 05:00:00,0.07576723,False,train,0.09745318,False,0.062412333,False,0.06743616,False,supply_temp_c
2025-03-14 17:00:00,0.083009616,False,train,0.104137,False,0.077923186,False,0.06696865,False,supply_temp_c
2025-03-16 05:00:00,0.10570875,False,train,0.09971898,False,0.12114545,False,0.09626181,False,return_temp_c
2025-03-17 17:00:00,0.25202537,False,train,0.24775547,False,0.40856895,True,0.09975165,False,return_temp_c
2025-03-18 05:00:00,0.17938143,False,train,0.17118458,False,0.21513523,False,0.15182449,False,return_temp_c
2025-03-18 17:00:00,0.09568475,False,train,0.05322066,False,0.06443792,False,0.16939567,False,derived_flow_kg_s
2025-03-19 05:00:00,0.08221933,False,train,0.05190214,False,0.06699126,False,0.12776458,False,derived_flow_kg_s
2025-03-19 17:00:00,0.17105824,False,train,0.19191413,False,0.22048293,False,0.10077769,False,return_temp_c
2025-03-20 05:00:00,0.16625379,False,train,0.20514913,False,0.2105894,False,0.08302281,False,return_temp_c
2025-03-20 17:00:00,0.057139285,False,train,0.054170053,False,0.06982896,False,0.047418863,False,return_temp_c
2025-03-21 05:00:00,0.052738193,False,train,0.04976688,False,0.059214026,False,0.049233664,False,return_temp_c
2025-03-21 17:00:00,0.04965909,False,train,0.050143685,False,0.054484826,False,0.044348758,False,return_temp_c
2025-03-22 05:00:00,0.04775941,False,train,0.047267396,False,0.05210052,False,0.043910313,False,return_temp_c
2025-03-22 17:00:00,0.052085005,False,train,0.053343404,False,0.06415019,False,0.038761437,False,return_temp_c
2025-03-23 05:00:00,0.048250787,False,train,0.056381594,False,0.051529225,False,0.036841538,False,supply_temp_c
2025-03-23 17:00:00,0.05276825,False,train,0.05270156,False,0.065500945,False,0.040102255,False,return_temp_c
2025-03-24 05:00:00,0.057202578,False,test,0.06367285,False,0.06539383,False,0.042541046,False,return_temp_c
2025-03-24 17:00:00,0.059337094,False,test,0.06093048,False,0.07379041,False,0.043290377,False,return_temp_c
2025-03-25 05:00:00,0.049743194,False,test,0.05104785,False,0.060410947,False,0.03777079,False,return_temp_c
2025-03-25 17:00:00,0.048846483,False,test,0.045574564,False,0.06245022,False,0.038514655,False,return_temp_c
2025-03-26 05:00:00,0.055326775,False,test,0.061538562,False,0.065448284,False,0.03899349,False,return_temp_c
2025-03-26 17:00:00,0.05158433,False,test,0.05121027,False,0.064085245,False,0.03945748,False,return_temp_c
2025-03-27 05:00:00,0.046615966,False,test,0.041857082,False,0.056090888,False,0.04189992,False,return_temp_c
2025-03-27 17:00:00,0.047261603,False,test,0.04273826,False,0.057493676,False,0.041552868,False,return_temp_c
2025-03-28 05:00:00,0.048633073,False,test,0.050725877,False,0.06285231,False,0.032321036,False,return_temp_c
2025-03-28 17:00:00,0.044578336,False,test,0.04571828,False,0.054217413,False,0.03379931,False,return_temp_c
2025-03-29 05:00:00,0.03933816,False,test,0.036129683,False,0.045368597,False,0.03651622,False,return_temp_c
2025-03-29 17:00:00,0.03966318,False,test,0.043322533,False,0.044317115,False,0.031349886,False,return_temp_c
2025-03-30 05:00:00,0.04572259,False,test,0.057025928,False,0.053401764,False,0.026740095,False,supply_temp_c
2025-03-30 17:00:00,0.05102322,False,test,0.053010035,False,0.06867882,False,0.03138079,False,return_temp_c
2025-03-31 05:00:00,0.049338616,False,test,0.058223527,False,0.0611251,False,0.028667225,False,return_temp_c
2025-03-31 17:00:00,0.046452306,False,test,0.05164814,False,0.057699054,False,0.030009722,False,return_temp_c
2025-04-01 05:00:00,0.04470046,False,test,0.05149595,False,0.05164911,False,0.030956304,False,return_temp_c
2025-04-01 17:00:00,0.046904113,False,test,0.057646822,False,0.056911945,False,0.026153587,False,supply_temp_c
2025-04-02 05:00:00,0.14594336,False,test,0.21134828,False,0.1862727,False,0.04020905,False,supply_temp_c
2025-04-02 17:00:00,0.14645696,False,test,0.21126567,False,0.18629438,False,0.04181085,False,supply_temp_c
2025-04-03 05:00:00,0.04883574,False,test,0.062183008,False,0.058253407,False,0.026070796,False,supply_temp_c
2025-04-03 17:00:00,0.050369993,False,test,0.07087427,False,0.052991092,False,0.027244622,False,supply_temp_c
2025-04-04 05:00:00,0.049542878,False,test,0.06833259,False,0.055979267,False,0.024316775,False,supply_temp_c
2025-04-04 17:00:00,0.047581613,False,test,0.0564251,False,0.05736309,False,0.028956637,False,return_temp_c
2025-04-05 05:00:00,0.046176054,False,test,0.0560246,False,0.05405802,False,0.028445555,False,supply_temp_c
2025-04-05 17:00:00,0.049098335,False,test,0.060889494,False,0.05832397,False,0.028081551,False,supply_temp_c
2025-04-06 05:00:00,0.046273556,False,test,0.059543233,False,0.05434302,False,0.024934398,False,supply_temp_c
2025-04-06 17:00:00,0.053153057,False,test,0.073002666,False,0.05883807,False,0.027618436,False,supply_temp_c
2025-04-07 05:00:00,0.04946983,False,test,0.05992806,False,0.06294569,False,0.025535746,False,return_temp_c
2025-04-07 17:00:00,0.05021575,False,test,0.06140733,False,0.06221557,False,0.02702435,False,return_temp_c
2025-04-08 05:00:00,0.046057373,False,test,0.06664737,False,0.04664139,False,0.02488335,False,supply_temp_c
2025-04-08 17:00:00,0.047462646,False,test,0.075730175,False,0.04524146,False,0.021416308,False,supply_temp_c
2025-04-09 05:00:00,0.054543566,False,test,0.08223223,False,0.058767166,False,0.022631295,False,supply_temp_c
2025-04-09 17:00:00,0.057157237,False,test,0.07644956,False,0.0717523,False,0.023269838,False,supply_temp_c
2025-04-10 05:00:00,0.058764577,False,test,0.086784,False,0.065979145,False,0.023530608,False,supply_temp_c
2025-04-10 17:00:00,0.059125952,False,test,0.08616194,False,0.06517964,False,0.026036272,False,supply_temp_c
2025-04-11 05:00:00,0.048394613,False,test,0.06693265,False,0.05541778,False,0.022833409,False,supply_temp_c
2025-04-11 17:00:00,0.050983932,False,test,0.06930701,False,0.06392457,False,0.019720195,False,supply_temp_c
2025-04-12 05:00:00,0.052677725,False,test,0.07599939,False,0.05931868,False,0.022715097,False,supply_temp_c
2025-04-12 17:00:00,0.043031596,False,test,0.06293548,False,0.042781968,False,0.023377344,False,supply_temp_c
2025-04-13 05:00:00,0.042706966,False,test,0.06566108,False,0.041933563,False,0.020526247,False,supply_temp_c
2025-04-13 17:00:00,0.050428722,False,test,0.07048235,False,0.058687408,False,0.0221164,False,supply_temp_c
2025-04-14 05:00:00,0.04925317,False,test,0.07067231,False,0.0532192,False,0.023867996,False,supply_temp_c
2025-04-14 17:00:00,0.05206981,False,test,0.07168297,False,0.05896317,False,0.025563292,False,supply_temp_c
2025-04-15 05:00:00,0.055340692,False,test,0.07946297,False,0.06381294,False,0.022746166,False,supply_temp_c
2025-04-15 17:00:00,0.049818333,False,test,0.06801047,False,0.060558822,False,0.020885712,False,supply_temp_c
2025-04-16 05:00:00,0.03958492,False,test,0.048029676,False,0.05223049,False,0.018494582,False,return_temp_c
2025-04-16 17:00:00,0.042256184,False,test,0.048974544,False,0.059197966,False,0.018596044,False,return_temp_c
2025-04-17 05:00:00,0.039222762,False,test,0.045839697,False,0.051977113,False,0.019851485,False,return_temp_c
2025-04-17 17:00:00,0.03547243,False,test,0.042691205,False,0.04458755,False,0.019138537,False,return_temp_c
2025-04-18 05:00:00,0.032742184,False,test,0.045933384,False,0.034172565,False,0.0181206,False,supply_temp_c
2025-04-18 17:00:00,0.03440084,False,test,0.05107278,False,0.031030834,False,0.021098914,False,supply_temp_c
2025-04-19 05:00:00,0.039106634,False,test,0.051561173,False,0.038169723,False,0.027589003,False,supply_temp_c
2025-04-19 17:00:00,0.04141175,False,test,0.046874896,False,0.050465595,False,0.026894756,False,return_temp_c
2025-04-20 05:00:00,0.043565605,False,test,0.053078618,False,0.056738276,False,0.020879911,False,return_temp_c
2025-04-20 17:00:00,0.053089865,False,test,0.06372041,False,0.07282858,False,0.022720588,False,return_temp_c
2025-04-21 05:00:00,0.04994945,False,test,0.060201973,False,0.06862544,False,0.021020917,False,return_temp_c
2025-04-21 17:00:00,0.047316417,False,test,0.05535373,False,0.062689655,False,0.023905888,False,return_temp_c
2025-04-22 05:00:00,0.04794559,False,test,0.066398054,False,0.055255264,False,0.022183448,False,supply_temp_c
2025-04-22 17:00:00,0.053615257,False,test,0.076021224,False,0.06296157,False,0.021862982,False,supply_temp_c
2025-04-23 05:00:00,0.05835245,False,test,0.085057236,False,0.069008864,False,0.02099126,False,supply_temp_c
2025-04-23 17:00:00,0.06412155,False,test,0.09581441,False,0.072117895,False,0.024432346,False,supply_temp_c
2025-04-24 05:00:00,0.058959655,False,test,0.09424883,False,0.061654758,False,0.020975381,False,supply_temp_c
2025-04-24 17:00:00,0.053209327,False,test,0.09002673,False,0.05379255,False,0.01580871,False,supply_temp_c
2025-04-25 05:00:00,0.049634628,False,test,0.08224594,False,0.048921663,False,0.017736288,False,supply_temp_c
2025-04-25 17:00:00,0.04129271,False,test,0.05728152,False,0.047690216,False,0.01890639,False,supply_temp_c
2025-04-26 05:00:00,0.05895714,False,test,0.09780566,False,0.058720455,False,0.020345295,False,supply_temp_c
2025-04-26 17:00:00,0.059325524,False,test,0.08982349,False,0.067049086,False,0.021104014,False,supply_temp_c
2025-04-27 05:00:00,0.05815155,False,test,0.095154464,False,0.060895775,False,0.018404396,False,supply_temp_c
2025-04-27 17:00:00,0.044852264,False,test,0.06520324,False,0.04845923,False,0.020894313,False,supply_temp_c
2025-04-29 05:00:00,0.06543964,False,test,0.08334106,False,0.08327053,False,0.029707322,False,supply_temp_c
2025-04-29 17:00:00,0.058979265,False,test,0.07299607,False,0.074657775,False,0.029283956,False,return_temp_c
2025-04-30 05:00:00,0.0621195,False,test,0.078616075,False,0.06320707,False,0.044535384,False,supply_temp_c
2025-04-30 17:00:00,0.0616948,False,test,0.07953108,False,0.06339558,False,0.04215775,False,supply_temp_c
2025-05-01 05:00:00,0.06104115,False,test,0.09518394,False,0.06349825,False,0.024441248,False,supply_temp_c
2025-05-01 17:00:00,0.065455,False,test,0.09247905,False,0.077046864,False,0.026839098,False,supply_temp_c
2025-05-02 05:00:00,0.057089515,False,test,0.09192499,False,0.06658865,False,0.012754885,False,supply_temp_c
2025-05-02 17:00:00,0.053185396,False,test,0.08069653,False,0.06529799,False,0.013561654,False,supply_temp_c
2025-05-03 05:00:00,0.052993685,False,test,0.07815358,False,0.07024235,False,0.010585113,False,supply_temp_c
2025-05-03 17:00:00,0.049301155,False,test,0.07078241,False,0.066456616,False,0.01066443,False,supply_temp_c
2025-05-04 05:00:00,0.054663565,False,test,0.087117724,False,0.06401902,False,0.012853943,False,supply_temp_c
2025-05-04 17:00:00,0.053068858,False,test,0.083542794,False,0.062709115,False,0.012954661,False,supply_temp_c
2025-05-05 05:00:00,0.05518827,False,test,0.08765966,False,0.06649879,False,0.01140637,False,supply_temp_c
2025-05-05 17:00:00,0.052514557,False,test,0.075381845,False,0.068209566,False,0.0139522515,False,supply_temp_c
2025-05-06 05:00:00,0.057188194,False,test,0.07992467,False,0.07738974,False,0.01425016,False,supply_temp_c
2025-05-06 17:00:00,0.050490394,False,test,0.07186002,False,0.063890524,False,0.015720628,False,supply_temp_c
2025-05-07 05:00:00,0.053636294,False,test,0.077286765,False,0.06711572,False,0.016506396,False,supply_temp_c
2025-05-07 17:00:00,0.05608775,False,test,0.0887103,False,0.060640905,False,0.018912056,False,supply_temp_c
2025-05-08 05:00:00,0.046891626,False,test,0.070407145,False,0.05264883,False,0.017618896,False,supply_temp_c
2025-05-08 17:00:00,0.047668662,False,test,0.067835316,False,0.054446965,False,0.020723693,False,supply_temp_c
2025-05-09 05:00:00,0.058356836,False,test,0.085239224,False,0.07046478,False,0.0193665,False,supply_temp_c
2025-05-09 17:00:00,0.060089383,False,test,0.08334482,False,0.080002666,False,0.016920669,False,supply_temp_c
2025-05-10 05:00:00,0.057441235,False,test,0.08766088,False,0.07011489,False,0.01454794,False,supply_temp_c
2025-05-10 17:00:00,0.046492055,False,test,0.06911331,False,0.055609435,False,0.014753427,False,supply_temp_c
2025-05-11 05:00:00,0.04958918,False,test,0.07297648,False,0.061549217,False,0.014241841,False,supply_temp_c
2025-05-11 17:00:00,0.055627152,False,test,0.07995576,False,0.07153999,False,0.015385727,False,supply_temp_c
2025-05-12 05:00:00,0.06110829,False,test,0.0911409,False,0.07830457,False,0.013879403,False,supply_temp_c
2025-05-12 17:00:00,0.059178695,False,test,0.09877939,False,0.06570714,False,0.013049566,False,supply_temp_c
2025-05-13 05:00:00,0.057102337,False,test,0.09727576,False,0.058668807,False,0.015362422,False,supply_temp_c
2025-05-13 17:00:00,0.05637575,False,test,0.0822601,False,0.07226464,False,0.014602509,False,supply_temp_c
2025-05-14 05:00:00,0.0548794,False,test,0.08051078,False,0.071303256,False,0.012824152,False,supply_temp_c
2025-05-14 17:00:00,0.054166667,False,test,0.08733953,False,0.063340686,False,0.0118197845,False,supply_temp_c
2025-05-15 05:00:00,0.057143502,False,test,0.09897059,False,0.061121922,False,0.011337987,False,supply_temp_c
2025-05-15 17:00:00,0.052632947,False,test,0.08729214,False,0.058544785,False,0.012061924,False,supply_temp_c
2025-05-16 05:00:00,0.034887448,False,test,0.04357775,False,0.047959913,False,0.013124689,False,return_temp_c
2025-05-16 17:00:00,0.033339106,False,test,0.049109533,False,0.036633555,False,0.014274237,False,supply_temp_c
2025-05-17 05:00:00,0.034401402,False,test,0.052387778,False,0.03807502,False,0.012741418,False,supply_temp_c
2025-05-17 17:00:00,0.03978263,False,test,0.060447525,False,0.04611962,False,0.0127807455,False,supply_temp_c
2025-05-18 05:00:00,0.0412262,False,test,0.06207417,False,0.048580285,False,0.013024145,False,supply_temp_c
2025-05-18 17:00:00,0.03893933,False,test,0.062321763,False,0.04020119,False,0.014295029,False,supply_temp_c
2025-05-19 05:00:00,0.034440015,False,test,0.049477946,False,0.04055339,False,0.013288709,False,supply_temp_c
2025-05-19 17:00:00,0.036915462,False,test,0.05222438,False,0.04326223,False,0.015259773,False,supply_temp_c
2025-05-20 05:00:00,0.041144207,False,test,0.06459645,False,0.043580636,False,0.015255533,False,supply_temp_c
2025-05-20 17:00:00,0.04563491,False,test,0.07311838,False,0.05208149,False,0.011704866,False,supply_temp_c
2025-05-21 05:00:00,0.042713728,False,test,0.058224782,False,0.05697994,False,0.012936468,False,supply_temp_c
2025-05-21 17:00:00,0.039798576,False,test,0.053472415,False,0.051028296,False,0.0148950135,False,supply_temp_c
2025-05-22 05:00:00,0.0424526,False,test,0.056023765,False,0.057947356,False,0.013386681,False,return_temp_c
2025-05-22 17:00:00,0.03848902,False,test,0.04511999,False,0.056206387,False,0.014140684,False,return_temp_c
2025-05-23 05:00:00,0.03956258,False,test,0.05461512,False,0.048891064,False,0.015181559,False,supply_temp_c
2025-05-23 17:00:00,0.03623402,False,test,0.051707134,False,0.041999515,False,0.014995408,False,supply_temp_c
2025-05-24 05:00:00,0.034075446,False,test,0.05000049,False,0.037781186,False,0.014444656,False,supply_temp_c
2025-05-24 17:00:00,0.03552083,False,test,0.04689978,False,0.04387218,False,0.015790522,False,supply_temp_c
2025-05-25 05:00:00,0.041382246,False,test,0.053146884,False,0.05136016,False,0.019639691,False,supply_temp_c
2025-05-25 17:00:00,0.041944295,False,test,0.059866782,False,0.046890423,False,0.01907568,False,supply_temp_c
2025-05-26 05:00:00,0.04218688,False,test,0.058045596,False,0.053648353,False,0.014866706,False,supply_temp_c
2025-05-26 17:00:00,0.038333274,False,test,0.047236267,False,0.054011125,False,0.013752422,False,return_temp_c
2025-05-27 05:00:00,0.048618242,False,test,0.07144903,False,0.058861952,False,0.0155437635,False,supply_temp_c
2025-05-27 17:00:00,0.046325613,False,test,0.06398888,False,0.060189005,False,0.01479895,False,supply_temp_c
2025-05-28 05:00:00,0.04342687,False,test,0.055342183,False,0.0583453,False,0.016593156,False,return_temp_c
2025-05-28 17:00:00,0.041080143,False,test,0.051561046,False,0.054010358,False,0.017669033,False,return_temp_c
2025-05-29 05:00:00,0.03374131,False,test,0.03808083,False,0.03588419,False,0.02725892,False,supply_temp_c
2025-05-29 17:00:00,0.026238477,False,test,0.028091813,False,0.020639807,False,0.02998381,False,derived_flow_kg_s
2025-05-30 05:00:00,0.028917227,False,test,0.046805155,False,0.020115431,False,0.019831091,False,supply_temp_c
2025-05-30 17:00:00,0.032702867,False,test,0.048165157,False,0.029882183,False,0.020061256,False,supply_temp_c
2025-05-31 05:00:00,0.04244488,False,test,0.052653406,False,0.05433394,False,0.020347297,False,return_temp_c
2025-05-31 17:00:00,0.052072775,False,test,0.05853648,False,0.07789493,False,0.019786898,False,return_temp_c
2025-06-01 05:00:00,0.05403735,False,test,0.0698163,False,0.06934524,False,0.022950495,False,supply_temp_c
2025-06-01 17:00:00,0.04959785,False,test,0.06221467,False,0.06053995,False,0.026038928,False,supply_temp_c
2025-06-02 05:00:00,0.043442376,False,test,0.049601715,False,0.055371996,False,0.025353407,False,return_temp_c
2025-06-02 17:00:00,0.048656788,False,test,0.060402144,False,0.062161982,False,0.023406236,False,return_temp_c
2025-06-03 05:00:00,0.056025222,False,test,0.07236426,False,0.07125073,False,0.024460653,False,supply_temp_c
2025-06-03 17:00:00,0.052099496,False,test,0.07301167,False,0.062262386,False,0.021024449,False,supply_temp_c
2025-06-04 05:00:00,0.05137544,False,test,0.075668655,False,0.056382943,False,0.022074716,False,supply_temp_c
2025-06-04 17:00:00,0.052031424,False,test,0.07186661,False,0.060445268,False,0.023782382,False,supply_temp_c
2025-06-05 05:00:00,0.05375169,False,test,0.08031953,False,0.060272843,False,0.020662675,False,supply_temp_c
2025-06-05 17:00:00,0.053871885,False,test,0.07925283,False,0.062499058,False,0.019863758,False,supply_temp_c
2025-06-06 05:00:00,0.051520377,False,test,0.07478553,False,0.059117425,False,0.020658184,False,supply_temp_c
2025-06-06 17:00:00,0.05048645,False,test,0.07199883,False,0.0575556,False,0.021904925,False,supply_temp_c
2025-06-07 05:00:00,0.054799575,False,test,0.06497497,False,0.075940095,False,0.023483664,False,return_temp_c
2025-06-07 17:00:00,0.053024635,False,test,0.069362774,False,0.06749913,False,0.022212006,False,supply_temp_c
2025-06-08 05:00:00,0.045192108,False,test,0.07045027,False,0.04811043,False,0.01701562,False,supply_temp_c
2025-06-08 17:00:00,0.04874009,False,test,0.07771609,False,0.04951929,False,0.018984893,False,supply_temp_c
2025-06-09 05:00:00,0.04870516,False,test,0.076024465,False,0.0473112,False,0.022779817,False,supply_temp_c
2025-06-09 17:00:00,0.05841217,False,test,0.08085748,False,0.07031471,False,0.024064282,False,supply_temp_c
2025-06-10 05:00:00,0.061053973,False,test,0.09710715,False,0.060780678,False,0.025274089,False,supply_temp_c
2025-06-10 17:00:00,0.06131802,False,test,0.109835066,False,0.052048925,False,0.022070043,False,supply_temp_c
2025-06-11 05:00:00,0.06517918,False,test,0.10387535,False,0.069866456,False,0.021795725,False,supply_temp_c
2025-06-11 17:00:00,0.06823293,False,test,0.09724306,False,0.08091318,False,0.026542569,False,supply_temp_c
2025-06-12 05:00:00,0.07245043,False,test,0.11897204,False,0.07278627,False,0.025592985,False,supply_temp_c
2025-06-12 17:00:00,0.076801464,False,test,0.12415254,False,0.0802714,False,0.025980422,False,supply_temp_c
2025-06-13 05:00:00,0.073357955,False,test,0.10554353,False,0.087758124,False,0.0267722,False,supply_temp_c
2025-06-13 17:00:00,0.08265393,False,test,0.13223037,False,0.09310654,False,0.022624873,False,supply_temp_c
2025-06-14 05:00:00,0.08250102,False,test,0.13347133,False,0.08959859,False,0.024433138,False,supply_temp_c
2025-06-14 17:00:00,0.07314862,False,test,0.115054525,False,0.07983318,False,0.024558147,False,supply_temp_c
2025-06-15 05:00:00,0.06408098,False,test,0.09519865,False,0.07399591,False,0.023048392,False,supply_temp_c
2025-06-15 17:00:00,0.0768864,False,test,0.09867948,False,0.099554874,False,0.032424856,False,return_temp_c
2025-06-16 05:00:00,0.10882986,False,test,0.11076882,False,0.122194536,False,0.093526214,False,return_temp_c
2025-06-16 17:00:00,0.11421719,False,test,0.105397165,False,0.124604136,False,0.112650275,False,return_temp_c
2025-06-17 05:00:00,0.11180295,False,test,0.124059714,False,0.12523015,False,0.086118944,False,return_temp_c
2025-06-17 17:00:00,0.13961826,False,test,0.13864161,False,0.18881172,False,0.091401435,False,return_temp_c
2025-06-18 05:00:00,0.16298981,False,test,0.14514917,False,0.16508098,False,0.1787393,False,derived_flow_kg_s
2025-06-18 17:00:00,0.26862073,False,test,0.13600348,False,0.12878536,False,0.5410734,True,derived_flow_kg_s
2025-06-19 05:00:00,0.2560225,False,test,0.13085689,False,0.1501535,False,0.48705706,True,derived_flow_kg_s
2025-06-19 17:00:00,0.14902274,False,test,0.10621407,False,0.10893548,False,0.2319187,True,derived_flow_kg_s
2025-06-20 05:00:00,0.15323523,False,test,0.09522753,False,0.15251653,False,0.21196161,False,derived_flow_kg_s
2025-06-20 17:00:00,0.15595673,False,test,0.07058676,False,0.21420133,False,0.1830821,False,return_temp_c
2025-06-21 05:00:00,0.13946615,False,test,0.058266994,False,0.18289198,False,0.17723943,False,return_temp_c
2025-06-21 17:00:00,0.12112004,False,test,0.07108765,False,0.14032827,False,0.1519442,False,derived_flow_kg_s
2025-06-22 05:00:00,0.14498639,False,test,0.07390428,False,0.14668934,False,0.21436556,False,derived_flow_kg_s
2025-06-22 17:00:00,0.122565955,False,test,0.06652473,False,0.12876399,False,0.17240912,False,derived_flow_kg_s
2025-06-23 05:00:00,0.19500925,False,test,0.070594646,False,0.17125332,False,0.34317973,True,derived_flow_kg_s
2025-06-23 17:00:00,0.19710591,False,test,0.071466364,False,0.17630517,False,0.34354618,True,derived_flow_kg_s
2025-06-24 05:00:00,0.10278271,False,test,0.0832045,False,0.11874988,False,0.10639375,False,return_temp_c
2025-06-24 17:00:00,0.11085571,False,test,0.07443147,False,0.10308594,False,0.15504974,False,derived_flow_kg_s
2025-06-25 05:00:00,0.10015522,False,test,0.07273682,False,0.09739519,False,0.13033365,False,derived_flow_kg_s
2025-06-25 17:00:00,0.08397061,False,test,0.0946359,False,0.092361785,False,0.06491414,False,supply_temp_c
2025-06-26 05:00:00,0.07622864,False,test,0.06768284,False,0.08767524,False,0.07332782,False,return_temp_c
2025-06-26 17:00:00,0.061385408,False,test,0.043787163,False,0.063971706,False,0.07639735,False,derived_flow_kg_s
2025-06-27 05:00:00,0.082571805,False,test,0.06219704,False,0.08121428,False,0.10430408,False,derived_flow_kg_s
2025-06-27 17:00:00,0.08434314,False,test,0.07270988,False,0.07921228,False,0.10110728,False,derived_flow_kg_s
2025-06-28 05:00:00,0.06573817,False,test,0.06244309,False,0.06546903,False,0.069302395,False,derived_flow_kg_s
2025-06-28 17:00:00,0.061649065,False,test,0.05730842,False,0.05794616,False,0.069692604,False,derived_flow_kg_s
2025-06-29 05:00:00,0.064489156,False,test,0.047623266,False,0.06352874,False,0.08231545,False,derived_flow_kg_s
2025-06-29 17:00:00,0.17563805,False,test,0.08545837,False,0.11313955,False,0.3283162,True,derived_flow_kg_s
2025-06-30 05:00:00,0.4077664,True,test,0.120923005,False,0.1847418,False,0.9176344,True,derived_flow_kg_s
2025-06-30 17:00:00,0.45777336,True,test,0.14104521,False,0.21968065,False,1.0125941,True,derived_flow_kg_s
2025-07-01 05:00:00,0.24294955,False,test,0.16596599,False,0.15269712,False,0.41018555,True,derived_flow_kg_s
2025-07-01 17:00:00,0.1511194,False,test,0.16985081,False,0.12208634,False,0.16142105,False,supply_temp_c
2025-07-02 05:00:00,0.70915335,True,test,0.10400953,False,0.20609307,False,1.8173574,True,derived_flow_kg_s
2025-07-02 17:00:00,0.7987336,True,test,0.10928748,False,0.19188075,False,2.0950327,True,derived_flow_kg_s
2025-07-03 05:00:00,0.20260115,False,test,0.099705406,False,0.09869095,False,0.40940714,True,derived_flow_kg_s
2025-07-03 17:00:00,0.05755692,False,test,0.07128722,False,0.044870466,False,0.056513075,False,supply_temp_c
2025-07-04 05:00:00,0.06027387,False,test,0.078442834,False,0.045834344,False,0.056544427,False,supply_temp_c
2025-07-04 17:00:00,0.07365794,False,test,0.10285595,False,0.06564284,False,0.05247501,False,supply_temp_c
2025-07-05 05:00:00,0.08983376,False,test,0.12593313,False,0.092961155,False,0.05060697,False,supply_temp_c
2025-07-05 17:00:00,0.09186692,False,test,0.120069064,False,0.10080724,False,0.054724444,False,supply_temp_c
2025-07-06 05:00:00,0.1013417,False,test,0.14798939,False,0.10441377,False,0.051621925,False,supply_temp_c
2025-07-06 17:00:00,0.14608057,False,test,0.17255163,False,0.21048684,False,0.055203248,False,return_temp_c
2025-07-07 05:00:00,0.112136446,False,test,0.10952714,False,0.18494983,False,0.04193237,False,return_temp_c
2025-07-07 17:00:00,0.056444034,False,test,0.06790135,False,0.06460864,False,0.036822133,False,supply_temp_c
2025-07-08 05:00:00,0.091584496,False,test,0.11289028,False,0.09454691,False,0.0673163,False,supply_temp_c
2025-07-08 17:00:00,0.09998768,False,test,0.13349773,False,0.10447871,False,0.061986595,False,supply_temp_c
2025-07-09 05:00:00,0.10266256,False,test,0.14785995,False,0.11512047,False,0.04500729,False,supply_temp_c
2025-07-09 17:00:00,0.10475814,False,test,0.15858762,False,0.104971856,False,0.050714955,False,supply_temp_c
2025-07-10 05:00:00,0.080230996,False,test,0.13227683,False,0.08034187,False,0.028074307,False,supply_temp_c
