window_start,reconstruction_mse,is_reconstruction_anomaly,split,supply_temp_c_reconstruction_mse,is_supply_temp_c_channel_anomaly,return_temp_c_reconstruction_mse,is_return_temp_c_channel_anomaly,stabilized_flow_log_feature_reconstruction_mse,is_stabilized_flow_log_feature_channel_anomaly,dominant_anomalous_feature
2024-01-03 18:45:00,0.11535536,False,train,0.07997095,False,0.08220414,False,0.18389101,False,stabilized_flow_log_feature
2024-01-04 06:45:00,0.121503115,False,train,0.06503291,False,0.090556026,False,0.20892043,False,stabilized_flow_log_feature
2024-01-04 18:45:00,0.14043568,False,train,0.098543525,False,0.11267731,False,0.21008617,False,stabilized_flow_log_feature
2024-01-05 06:45:00,0.15257968,False,train,0.12278881,False,0.1075298,False,0.22742043,False,stabilized_flow_log_feature
2024-01-05 18:45:00,0.14937371,False,train,0.09433031,False,0.1317718,False,0.22201902,False,stabilized_flow_log_feature
2024-01-06 06:45:00,0.16467118,False,train,0.1117126,False,0.11234618,False,0.26995474,False,stabilized_flow_log_feature
2024-01-06 18:45:00,0.17205216,False,train,0.0994767,False,0.113279164,False,0.3034006,False,stabilized_flow_log_feature
2024-01-07 06:45:00,0.19396235,False,train,0.122139804,False,0.122613154,False,0.33713412,False,stabilized_flow_log_feature
2024-01-07 18:45:00,0.14224881,False,train,0.13547538,False,0.09895527,False,0.1923158,False,stabilized_flow_log_feature
2024-01-08 06:45:00,0.10851264,False,train,0.09666885,False,0.09580021,False,0.13306884,False,stabilized_flow_log_feature
2024-01-08 18:45:00,0.07322417,False,train,0.0496597,False,0.07451854,False,0.09549429,False,stabilized_flow_log_feature
2024-01-09 06:45:00,0.06531332,False,train,0.04768796,False,0.06038392,False,0.08786809,False,stabilized_flow_log_feature
2024-01-09 18:45:00,0.06251211,False,train,0.037655223,False,0.05810986,False,0.09177124,False,stabilized_flow_log_feature
2024-01-10 06:45:00,0.078685954,False,train,0.043107823,False,0.0713157,False,0.121634334,False,stabilized_flow_log_feature
2024-01-10 18:45:00,0.05810397,False,train,0.039067235,False,0.062207613,False,0.07303705,False,stabilized_flow_log_feature
2024-01-11 06:45:00,0.054386605,False,train,0.04420452,False,0.034121286,False,0.08483403,False,stabilized_flow_log_feature
2024-01-11 18:45:00,0.052714884,False,train,0.03419332,False,0.0420361,False,0.08191524,False,stabilized_flow_log_feature
2024-01-12 06:45:00,0.051343128,False,train,0.04230018,False,0.034723897,False,0.077005304,False,stabilized_flow_log_feature
2024-01-12 18:45:00,0.046665058,False,train,0.030684205,False,0.03712776,False,0.07218322,False,stabilized_flow_log_feature
2024-01-13 06:45:00,0.052650366,False,train,0.03632068,False,0.04031017,False,0.08132025,False,stabilized_flow_log_feature
2024-01-13 18:45:00,0.09291212,False,train,0.05947134,False,0.07830496,False,0.14096005,False,stabilized_flow_log_feature
2024-01-14 06:45:00,0.11356302,False,train,0.06741657,False,0.08873537,False,0.18453713,False,stabilized_flow_log_feature
2024-01-14 18:45:00,0.07722958,False,train,0.050399538,False,0.05346298,False,0.12782623,False,stabilized_flow_log_feature
2024-01-15 06:45:00,0.07587861,False,train,0.039522298,False,0.054249838,False,0.1338637,False,stabilized_flow_log_feature
2024-01-15 18:45:00,0.08439084,False,train,0.064426295,False,0.072321326,False,0.11642492,False,stabilized_flow_log_feature
2024-01-16 06:45:00,0.06968825,False,train,0.043483034,False,0.061822813,False,0.10375892,False,stabilized_flow_log_feature
2024-01-16 18:45:00,0.06702212,False,train,0.027845154,False,0.051541958,False,0.121679254,False,stabilized_flow_log_feature
2024-01-17 06:45:00,0.09157083,False,train,0.0359775,False,0.04735144,False,0.19138356,False,stabilized_flow_log_feature
2024-01-17 18:45:00,0.07967676,False,train,0.03272963,False,0.047362167,False,0.15893848,False,stabilized_flow_log_feature
2024-01-18 06:45:00,0.0477728,False,train,0.021353938,False,0.027107796,False,0.09485666,False,stabilized_flow_log_feature
2024-01-18 18:45:00,0.04914707,False,train,0.03726002,False,0.04375611,False,0.066425085,False,stabilized_flow_log_feature
2024-01-19 06:45:00,0.0580656,False,train,0.04928149,False,0.052718487,False,0.072196834,False,stabilized_flow_log_feature
2024-01-19 18:45:00,0.05850211,False,train,0.03499419,False,0.06558209,False,0.07493005,False,stabilized_flow_log_feature
2024-01-20 06:45:00,0.055045027,False,train,0.03728517,False,0.058636248,False,0.069213666,False,stabilized_flow_log_feature
2024-01-20 18:45:00,0.03548687,False,train,0.023243869,False,0.03531844,False,0.047898296,False,stabilized_flow_log_feature
2024-01-21 06:45:00,0.05632867,False,train,0.032303385,False,0.036773533,False,0.09990907,False,stabilized_flow_log_feature
2024-01-21 18:45:00,0.056396525,False,train,0.03893928,False,0.03238243,False,0.09786785,False,stabilized_flow_log_feature
2024-01-22 06:45:00,0.16608745,False,train,0.050951924,False,0.14070173,False,0.30660868,False,stabilized_flow_log_feature
2024-01-22 18:45:00,0.22013935,False,train,0.071201235,False,0.22232063,False,0.36689618,False,stabilized_flow_log_feature
2024-01-23 06:45:00,0.12791541,False,train,0.073833585,False,0.17840706,False,0.13150558,False,return_temp_c
2024-01-23 18:45:00,0.06217703,False,train,0.04400776,False,0.06738846,False,0.075134866,False,stabilized_flow_log_feature
2024-01-24 06:45:00,0.051003892,False,train,0.044439245,False,0.048451368,False,0.06012106,False,stabilized_flow_log_feature
2024-01-24 18:45:00,0.063147455,False,train,0.050859842,False,0.06784058,False,0.07074193,False,stabilized_flow_log_feature
2024-01-25 06:45:00,0.07113301,False,train,0.057796475,False,0.074442774,False,0.08115979,False,stabilized_flow_log_feature
2024-01-25 18:45:00,0.078413315,False,train,0.07006401,False,0.099228,False,0.06594792,False,return_temp_c
2024-01-26 06:45:00,0.068547875,False,train,0.06347868,False,0.09560552,False,0.046559412,False,return_temp_c
2024-01-26 18:45:00,0.07750558,False,train,0.08348779,False,0.08047707,False,0.06855189,False,supply_temp_c
2024-01-27 06:45:00,0.07590635,False,train,0.08812007,False,0.0717967,False,0.06780226,False,supply_temp_c
2024-01-27 18:45:00,0.063613996,False,train,0.051750664,False,0.04336476,False,0.09572657,False,stabilized_flow_log_feature
2024-01-28 06:45:00,0.067472845,False,train,0.046852563,False,0.03875121,False,0.116814785,False,stabilized_flow_log_feature
2024-01-28 18:45:00,0.05057457,False,train,0.028178044,False,0.03347258,False,0.09007309,False,stabilized_flow_log_feature
2024-01-29 06:45:00,0.05872007,False,train,0.027210915,False,0.041432027,False,0.10751728,False,stabilized_flow_log_feature
2024-01-29 18:45:00,0.05535621,False,train,0.03197278,False,0.041309845,False,0.09278599,False,stabilized_flow_log_feature
2024-01-30 06:45:00,0.06976611,False,train,0.04013436,False,0.04571332,False,0.12345064,False,stabilized_flow_log_feature
2024-01-30 18:45:00,0.083114505,False,train,0.0568729,False,0.05446899,False,0.13800162,False,stabilized_flow_log_feature
2024-01-31 06:45:00,0.07943767,False,train,0.04775822,False,0.046857864,False,0.14369696,False,stabilized_flow_log_feature
2024-01-31 18:45:00,0.07273278,False,train,0.032465503,False,0.041207727,False,0.1445251,False,stabilized_flow_log_feature
2024-02-01 06:45:00,0.0604185,False,train,0.031126471,False,0.04061075,False,0.10951829,False,stabilized_flow_log_feature
2024-02-01 18:45:00,0.061907742,False,train,0.035691638,False,0.047259945,False,0.10277163,False,stabilized_flow_log_feature
2024-02-02 06:45:00,0.073205985,False,train,0.032887075,False,0.047582056,False,0.13914882,False,stabilized_flow_log_feature
2024-02-02 18:45:00,0.06091433,False,train,0.030379103,False,0.039580617,False,0.11278325,False,stabilized_flow_log_feature
2024-02-03 06:45:00,0.06001842,False,train,0.034012448,False,0.048713345,False,0.09732944,False,stabilized_flow_log_feature
2024-02-03 18:45:00,0.09275924,False,train,0.06515904,False,0.07760539,False,0.13551329,False,stabilized_flow_log_feature
2024-02-04 06:45:00,0.09056589,False,train,0.054398403,False,0.08137568,False,0.13592355,False,stabilized_flow_log_feature
2024-02-04 18:45:00,0.07446525,False,train,0.03705641,False,0.055089984,False,0.13124938,False,stabilized_flow_log_feature
2024-02-05 06:45:00,0.08318373,False,train,0.039696574,False,0.056842703,False,0.15301189,False,stabilized_flow_log_feature
2024-02-05 18:45:00,0.06714448,False,train,0.04095382,False,0.033021238,False,0.12745838,False,stabilized_flow_log_feature
2024-02-06 06:45:00,0.04963729,False,train,0.035882525,False,0.035560388,False,0.07746897,False,stabilized_flow_log_feature
2024-02-06 18:45:00,0.053698618,False,train,0.037237767,False,0.043251723,False,0.08060636,False,stabilized_flow_log_feature
2024-02-07 06:45:00,0.06310452,False,train,0.03524686,False,0.049193654,False,0.10487301,False,stabilized_flow_log_feature
2024-02-07 18:45:00,0.07299289,False,train,0.049594983,False,0.06130315,False,0.10808056,False,stabilized_flow_log_feature
2024-02-08 06:45:00,0.07237235,False,train,0.044566702,False,0.050663814,False,0.1218865,False,stabilized_flow_log_feature
2024-02-08 18:45:00,0.060388565,False,train,0.03155221,False,0.03881389,False,0.11079961,False,stabilized_flow_log_feature
2024-02-09 06:45:00,0.061861675,False,train,0.03537024,False,0.04166925,False,0.10854552,False,stabilized_flow_log_feature
2024-02-09 18:45:00,0.061899994,False,train,0.035887282,False,0.039058577,False,0.1107541,False,stabilized_flow_log_feature
2024-02-10 06:45:00,0.05455103,False,train,0.028763264,False,0.041479453,False,0.09341037,False,stabilized_flow_log_feature
2024-02-10 18:45:00,0.04686425,False,train,0.030132301,False,0.05067612,False,0.059784323,False,stabilized_flow_log_feature
2024-02-11 06:45:00,0.042409763,False,train,0.024908423,False,0.03904178,False,0.06327907,False,stabilized_flow_log_feature
2024-02-11 18:45:00,0.048706125,False,train,0.036298748,False,0.05374609,False,0.056073535,False,stabilized_flow_log_feature
2024-02-12 06:45:00,0.04287307,False,train,0.027985685,False,0.04895769,False,0.051675852,False,stabilized_flow_log_feature
2024-02-12 18:45:00,0.072399765,False,train,0.04886426,False,0.06406116,False,0.104273856,False,stabilized_flow_log_feature
2024-02-13 06:45:00,0.09559491,False,train,0.06617664,False,0.08182561,False,0.13878249,False,stabilized_flow_log_feature
2024-02-13 18:45:00,0.09016048,False,train,0.050542373,False,0.061938148,False,0.15800095,False,stabilized_flow_log_feature
2024-02-14 06:45:00,0.112598434,False,train,0.056787997,False,0.08167642,False,0.19933088,False,stabilized_flow_log_feature
2024-02-14 18:45:00,0.14034346,False,train,0.08751378,False,0.13737155,False,0.19614498,False,stabilized_flow_log_feature
2024-02-15 06:45:00,0.10783771,False,train,0.06969579,False,0.107141405,False,0.14667593,False,stabilized_flow_log_feature
2024-02-15 18:45:00,0.05752015,False,train,0.046469554,False,0.067137405,False,0.058953498,False,return_temp_c
2024-02-16 06:45:00,0.05605556,False,train,0.055024404,False,0.06511288,False,0.04802939,False,return_temp_c
2024-02-16 18:45:00,0.060793467,False,train,0.05675227,False,0.06937384,False,0.056254283,False,return_temp_c
2024-02-17 06:45:00,0.057067737,False,train,0.05703734,False,0.05983011,False,0.054335773,False,return_temp_c
2024-02-17 18:45:00,0.04707908,False,train,0.04103424,False,0.047623646,False,0.052579354,False,stabilized_flow_log_feature
2024-02-18 06:45:00,0.05073133,False,train,0.04618029,False,0.04200096,False,0.06401274,False,stabilized_flow_log_feature
2024-02-18 18:45:00,0.05738741,False,train,0.040090498,False,0.057791937,False,0.0742798,False,stabilized_flow_log_feature
2024-02-19 06:45:00,0.070427924,False,train,0.035498668,False,0.08345645,False,0.092328645,False,stabilized_flow_log_feature
2024-02-19 18:45:00,0.07388356,False,train,0.033664975,False,0.057776704,False,0.13020901,False,stabilized_flow_log_feature
2024-02-20 06:45:00,0.10868643,False,train,0.047444656,False,0.07293146,False,0.20568319,False,stabilized_flow_log_feature
2024-02-20 18:45:00,0.12545368,False,train,0.05281787,False,0.084428705,False,0.23911448,False,stabilized_flow_log_feature
2024-02-21 06:45:00,0.08371399,False,train,0.032962196,False,0.05737215,False,0.16080765,False,stabilized_flow_log_feature
2024-02-21 18:45:00,0.059816632,False,train,0.030039927,False,0.062896155,False,0.086513795,False,stabilized_flow_log_feature
2024-02-22 06:45:00,0.054196984,False,train,0.034946665,False,0.063981935,False,0.06366236,False,return_temp_c
2024-02-22 18:45:00,0.052957367,False,train,0.07116882,False,0.042940725,False,0.044762537,False,supply_temp_c
2024-02-23 06:45:00,0.0552921,False,train,0.071592696,False,0.04414991,False,0.05013371,False,supply_temp_c
2024-02-23 18:45:00,0.055158574,False,train,0.0453605,False,0.061216142,False,0.05889908,False,return_temp_c
2024-02-24 06:45:00,0.050240796,False,train,0.044175524,False,0.055386547,False,0.05116031,False,return_temp_c
2024-02-24 18:45:00,0.05101201,False,train,0.050373297,False,0.056999747,False,0.04566298,False,return_temp_c
2024-02-25 06:45:00,0.049128637,False,train,0.051293578,False,0.04263672,False,0.05345561,False,stabilized_flow_log_feature
2024-02-25 18:45:00,0.03878157,False,train,0.03274447,False,0.033125453,False,0.05047478,False,stabilized_flow_log_feature
2024-02-26 06:45:00,0.041972596,False,train,0.043972135,False,0.038255733,False,0.04368991,False,supply_temp_c
2024-02-26 18:45:00,0.048147615,False,train,0.0493028,False,0.046062842,False,0.049077194,False,supply_temp_c
2024-02-27 06:45:00,0.04579671,False,train,0.047278304,False,0.04073115,False,0.04938067,False,stabilized_flow_log_feature
2024-02-27 18:45:00,0.05222664,False,train,0.04364073,False,0.060930688,False,0.052108515,False,return_temp_c
2024-02-28 06:45:00,0.055117384,False,train,0.044917952,False,0.06647014,False,0.053964067,False,return_temp_c
2024-02-28 18:45:00,0.04467845,False,train,0.0352539,False,0.04780443,False,0.050977025,False,stabilized_flow_log_feature
2024-02-29 06:45:00,0.056078196,False,train,0.050298918,False,0.059917822,False,0.05801785,False,return_temp_c
2024-02-29 18:45:00,0.05479407,False,train,0.042460766,False,0.07013542,False,0.051786017,False,return_temp_c
2024-03-01 06:45:00,0.04989573,False,train,0.04462652,False,0.050394405,False,0.054666266,False,stabilized_flow_log_feature
2024-03-01 18:45:00,0.06816956,False,train,0.07451049,False,0.07571277,False,0.05428539,False,return_temp_c
2024-03-02 06:45:00,0.089605495,False,train,0.08847159,False,0.0948753,False,0.085469596,False,return_temp_c
2024-03-02 18:45:00,0.06298128,False,train,0.037012387,False,0.0656225,False,0.08630895,False,stabilized_flow_log_feature
2024-03-03 06:45:00,0.062191565,False,train,0.050638612,False,0.06599409,False,0.069942005,False,stabilized_flow_log_feature
2024-03-03 18:45:00,0.14494634,False,train,0.081997536,False,0.17185964,False,0.18098183,False,stabilized_flow_log_feature
2024-03-04 06:45:00,0.16903704,False,train,0.095239095,False,0.1719919,False,0.23988014,False,stabilized_flow_log_feature
2024-03-04 18:45:00,0.12098149,False,train,0.07146327,False,0.116633005,False,0.1748482,False,stabilized_flow_log_feature
2024-03-05 06:45:00,0.08461506,False,train,0.08159798,False,0.08104708,False,0.09120011,False,stabilized_flow_log_feature
2024-03-05 18:45:00,0.08338704,False,train,0.07528596,False,0.07938531,False,0.09548984,False,stabilized_flow_log_feature
2024-03-06 06:45:00,0.07577521,False,train,0.060432788,False,0.082063384,False,0.08482945,False,stabilized_flow_log_feature
2024-03-06 18:45:00,0.10152926,False,train,0.072036214,False,0.12517144,False,0.107380144,False,return_temp_c
2024-03-07 06:45:00,0.11557189,False,train,0.1052827,False,0.13084455,False,0.110588394,False,return_temp_c
2024-03-07 18:45:00,0.13122283,False,train,0.12320322,False,0.15400563,False,0.11645963,False,return_temp_c
2024-03-08 06:45:00,0.1266709,False,train,0.116940975,False,0.14568579,False,0.11738595,False,return_temp_c
2024-03-08 18:45:00,0.10964831,False,train,0.09227248,False,0.10847592,False,0.12819651,False,stabilized_flow_log_feature
2024-03-09 06:45:00,0.11067777,False,train,0.09391972,False,0.10792285,False,0.13019073,False,stabilized_flow_log_feature
2024-03-09 18:45:00,0.097170256,False,train,0.068728186,False,0.1130098,False,0.10977277,False,return_temp_c
2024-03-10 06:45:00,0.0921147,False,train,0.054438222,False,0.11053145,False,0.11137441,False,stabilized_flow_log_feature
2024-03-10 18:45:00,0.09219148,False,train,0.08133411,False,0.09779987,False,0.09744046,False,return_temp_c
2024-03-11 06:45:00,0.08962534,False,train,0.0713653,False,0.05423759,False,0.14327316,False,stabilized_flow_log_feature
2024-03-11 18:45:00,0.107795715,False,train,0.0772819,False,0.09774932,False,0.14835593,False,stabilized_flow_log_feature
2024-03-12 06:45:00,0.10155229,False,train,0.096556626,False,0.10603374,False,0.102066524,False,return_temp_c
2024-03-12 18:45:00,0.14550725,False,train,0.067428775,False,0.11774948,False,0.25134346,False,stabilized_flow_log_feature
2024-03-13 06:45:00,0.1414722,False,train,0.054134876,False,0.09145854,False,0.27882317,False,stabilized_flow_log_feature
2024-03-13 18:45:00,0.09244736,False,train,0.04833493,False,0.10357648,False,0.12543069,False,stabilized_flow_log_feature
2024-03-14 06:45:00,0.06595327,False,train,0.057549383,False,0.057189096,False,0.08312132,False,stabilized_flow_log_feature
2024-03-14 18:45:00,0.05407328,False,train,0.03600839,False,0.036811385,False,0.08940006,False,stabilized_flow_log_feature
2024-03-15 06:45:00,0.050542988,False,train,0.03194107,False,0.03623012,False,0.08345777,False,stabilized_flow_log_feature
2024-03-15 18:45:00,0.05432094,False,train,0.036496732,False,0.04631244,False,0.08015362,False,stabilized_flow_log_feature
2024-03-16 06:45:00,0.05782509,False,train,0.041597355,False,0.04871236,False,0.083165534,False,stabilized_flow_log_feature
2024-03-16 18:45:00,0.08188403,False,train,0.08230951,False,0.08133931,False,0.08200329,False,supply_temp_c
2024-03-17 06:45:00,0.08707419,False,train,0.09029392,False,0.09610603,False,0.074822664,False,return_temp_c
2024-03-17 18:45:00,0.053180594,False,train,0.02874028,False,0.077586345,False,0.05321516,False,return_temp_c
2024-03-18 06:45:00,0.053220097,False,train,0.037604544,False,0.06642065,False,0.055635083,False,return_temp_c
2024-03-18 18:45:00,0.050389003,False,train,0.03659189,False,0.061361235,False,0.053213883,False,return_temp_c
2024-03-19 06:45:00,0.053586636,False,train,0.04632485,False,0.06002975,False,0.054405317,False,return_temp_c
2024-03-19 18:45:00,0.05776773,False,train,0.051110923,False,0.066288844,False,0.05590342,False,return_temp_c
2024-03-20 06:45:00,0.053770598,False,train,0.048195407,False,0.049356695,False,0.0637597,False,stabilized_flow_log_feature
2024-03-20 18:45:00,0.04340893,False,train,0.037305027,False,0.03265154,False,0.060270224,False,stabilized_flow_log_feature
2024-03-21 06:45:00,0.04718954,False,train,0.029366612,False,0.04696471,False,0.06523732,False,stabilized_flow_log_feature
2024-03-21 18:45:00,0.060142014,False,train,0.037573736,False,0.07998086,False,0.062871456,False,return_temp_c
2024-03-22 06:45:00,0.052098766,False,train,0.03879639,False,0.06677846,False,0.050721433,False,return_temp_c
2024-03-22 18:45:00,0.041434135,False,train,0.03516016,False,0.03435066,False,0.054791585,False,stabilized_flow_log_feature
2024-03-23 06:45:00,0.040177613,False,train,0.028456694,False,0.03993101,False,0.052145135,False,stabilized_flow_log_feature
2024-03-23 18:45:00,0.073597655,False,train,0.053268958,False,0.106241494,False,0.0612825,False,return_temp_c
2024-03-24 06:45:00,0.090686746,False,train,0.07851931,False,0.12112734,False,0.07241357,False,return_temp_c
2024-03-24 18:45:00,0.08507111,False,train,0.066445135,False,0.12013977,False,0.06862839,False,return_temp_c
2024-03-25 06:45:00,0.09632695,False,train,0.06873707,False,0.1296543,False,0.09058946,False,return_temp_c
2024-03-25 18:45:00,0.085105546,False,train,0.057252977,False,0.10221719,False,0.09584648,False,return_temp_c
2024-03-26 06:45:00,0.0925198,False,train,0.064557545,False,0.12078968,False,0.09221219,False,return_temp_c
2024-03-26 18:45:00,0.09450369,False,train,0.07824414,False,0.12115371,False,0.08411323,False,return_temp_c
2024-03-27 06:45:00,0.083032325,False,train,0.06256694,False,0.10569551,False,0.08083452,False,return_temp_c
2024-03-27 18:45:00,0.09034674,False,train,0.067733504,False,0.10352684,False,0.0997799,False,return_temp_c
2024-03-28 06:45:00,0.08551114,False,train,0.08315035,False,0.087414525,False,0.08596858,False,return_temp_c
2024-03-28 18:45:00,0.06037368,False,train,0.06293922,False,0.059052125,False,0.059129696,False,supply_temp_c
2024-03-29 06:45:00,0.056384522,False,train,0.050637126,False,0.05552191,False,0.06299453,False,stabilized_flow_log_feature
2024-03-29 18:45:00,0.07153034,False,train,0.061249357,False,0.07079705,False,0.0825446,False,stabilized_flow_log_feature
2024-03-30 06:45:00,0.08670464,False,train,0.076118276,False,0.087198526,False,0.096797146,False,stabilized_flow_log_feature
2024-03-30 18:45:00,0.089834824,False,train,0.07240435,False,0.109482,False,0.08761811,False,return_temp_c
2024-03-31 06:45:00,0.11327359,False,train,0.09448988,False,0.12661482,False,0.11871609,False,return_temp_c
2024-03-31 18:45:00,0.12556997,False,train,0.100491144,False,0.14558029,False,0.13063842,False,return_temp_c
2024-04-01 06:45:00,0.10258934,False,train,0.091738574,False,0.12701154,False,0.08901792,False,return_temp_c
2024-04-01 18:45:00,0.09385562,False,train,0.08317892,False,0.1067757,False,0.09161227,False,return_temp_c
2024-04-02 06:45:00,0.08387342,False,train,0.07026748,False,0.082433216,False,0.09891959,False,stabilized_flow_log_feature
2024-04-02 18:45:00,0.05767577,False,train,0.035857797,False,0.04019124,False,0.09697831,False,stabilized_flow_log_feature
2024-04-03 06:45:00,0.05368147,False,train,0.040677376,False,0.038170505,False,0.08219654,False,stabilized_flow_log_feature
2024-04-03 18:45:00,0.052074008,False,train,0.035922814,False,0.04102141,False,0.0792778,False,stabilized_flow_log_feature
2024-04-04 06:45:00,0.05593103,False,train,0.038937606,False,0.044702183,False,0.084153295,False,stabilized_flow_log_feature
2024-04-04 18:45:00,0.057640545,False,train,0.035536908,False,0.04910953,False,0.0882752,False,stabilized_flow_log_feature
2024-04-05 06:45:00,0.053470816,False,train,0.029341644,False,0.050873976,False,0.08019685,False,stabilized_flow_log_feature
2024-04-05 18:45:00,0.06644322,False,train,0.049883693,False,0.058813125,False,0.09063282,False,stabilized_flow_log_feature
2024-04-06 06:45:00,0.06881238,False,train,0.055354167,False,0.048012394,False,0.10307058,False,stabilized_flow_log_feature
2024-04-06 18:45:00,0.048066016,False,train,0.039186228,False,0.026245704,False,0.07876613,False,stabilized_flow_log_feature
2024-04-07 06:45:00,0.04996429,False,train,0.036258113,False,0.044856522,False,0.06877824,False,stabilized_flow_log_feature
2024-04-07 18:45:00,0.05777663,False,train,0.0383317,False,0.06233727,False,0.07266094,False,stabilized_flow_log_feature
2024-04-08 06:45:00,0.04683388,False,train,0.028220542,False,0.057084307,False,0.05519678,False,return_temp_c
2024-04-08 18:45:00,0.06250362,False,train,0.05556655,False,0.064405635,False,0.06753869,False,stabilized_flow_log_feature
2024-04-09 06:45:00,0.070963174,False,train,0.0701999,False,0.06566584,False,0.07702377,False,stabilized_flow_log_feature
2024-04-09 18:45:00,0.061110754,False,train,0.046189804,False,0.052722048,False,0.08442042,False,stabilized_flow_log_feature
2024-04-10 06:45:00,0.07071491,False,train,0.051096674,False,0.076446764,False,0.08460131,False,stabilized_flow_log_feature
2024-04-10 18:45:00,0.062178526,False,train,0.032984022,False,0.06933182,False,0.084219724,False,stabilized_flow_log_feature
2024-04-11 06:45:00,0.06927094,False,train,0.03412201,False,0.06597926,False,0.10771155,False,stabilized_flow_log_feature
2024-04-11 18:45:00,0.09063858,False,train,0.044514388,False,0.08838988,False,0.13901146,False,stabilized_flow_log_feature
2024-04-12 06:45:00,0.09053637,False,train,0.04258518,False,0.076605394,False,0.15241855,False,stabilized_flow_log_feature
2024-04-12 18:45:00,0.06929719,False,train,0.030097872,False,0.046639267,False,0.13115443,False,stabilized_flow_log_feature
2024-04-13 06:45:00,0.10171818,False,train,0.04750411,False,0.05576396,False,0.20188646,False,stabilized_flow_log_feature
2024-04-13 18:45:00,0.10116262,False,train,0.044023547,False,0.058923274,False,0.20054106,False,stabilized_flow_log_feature
2024-04-14 06:45:00,0.09387204,False,train,0.035928193,False,0.06427658,False,0.18141133,False,stabilized_flow_log_feature
2024-04-14 18:45:00,0.110555895,False,train,0.042340025,False,0.06379161,False,0.22553605,False,stabilized_flow_log_feature
2024-04-15 06:45:00,0.10094355,False,train,0.040599063,False,0.05445224,False,0.20777936,False,stabilized_flow_log_feature
2024-04-15 18:45:00,0.10136961,False,train,0.039166946,False,0.064458005,False,0.20048387,False,stabilized_flow_log_feature
2024-04-16 06:45:00,0.08170479,False,train,0.05732425,False,0.054563504,False,0.13322659,False,stabilized_flow_log_feature
2024-04-16 18:45:00,0.08409882,False,train,0.052620847,False,0.06392864,False,0.13574696,False,stabilized_flow_log_feature
2024-04-17 06:45:00,0.11542361,False,train,0.05851167,False,0.1260842,False,0.16167498,False,stabilized_flow_log_feature
2024-04-17 18:45:00,0.14798297,False,train,0.06093287,False,0.1530415,False,0.22997452,False,stabilized_flow_log_feature
2024-04-18 06:45:00,0.1681166,False,train,0.090963654,False,0.13396917,False,0.2794169,False,stabilized_flow_log_feature
2024-04-18 18:45:00,0.19626158,False,train,0.09698463,False,0.15430175,False,0.33749828,False,stabilized_flow_log_feature
2024-04-19 06:45:00,0.16716267,False,train,0.066212945,False,0.10770794,False,0.3275671,False,stabilized_flow_log_feature
2024-04-19 18:45:00,0.17573637,False,train,0.053790133,False,0.13803446,False,0.33538446,False,stabilized_flow_log_feature
2024-04-20 06:45:00,0.1667914,False,train,0.08123752,False,0.13577165,False,0.283365,False,stabilized_flow_log_feature
2024-04-20 18:45:00,0.17223252,False,train,0.12423373,False,0.16381462,False,0.22864921,False,stabilized_flow_log_feature
2024-04-21 06:45:00,0.17967145,False,train,0.14381126,False,0.16195136,False,0.23325168,False,stabilized_flow_log_feature
2024-04-21 18:45:00,0.1683202,False,train,0.09480796,False,0.15579651,False,0.25435612,False,stabilized_flow_log_feature
2024-04-22 06:45:00,0.19233865,False,train,0.10121111,False,0.17403476,False,0.3017701,False,stabilized_flow_log_feature
2024-04-22 18:45:00,0.21010602,False,train,0.1013278,False,0.1907382,False,0.33825198,False,stabilized_flow_log_feature
2024-04-23 06:45:00,0.20164485,False,train,0.12292931,False,0.15321226,False,0.32879302,False,stabilized_flow_log_feature
2024-04-23 18:45:00,0.21245767,False,train,0.12319083,False,0.14914533,False,0.36503693,False,stabilized_flow_log_feature
2024-04-24 06:45:00,0.17744523,False,train,0.12813047,False,0.13878591,False,0.2654193,False,stabilized_flow_log_feature
2024-04-24 18:45:00,0.17088331,False,train,0.08003337,False,0.16000749,False,0.27260914,False,stabilized_flow_log_feature
2024-04-25 06:45:00,0.16619435,False,train,0.10315287,False,0.16782618,False,0.22760402,False,stabilized_flow_log_feature
2024-04-25 18:45:00,0.22275904,False,train,0.14748265,False,0.32565567,True,0.19513874,False,return_temp_c
2024-04-26 06:45:00,0.19398457,False,train,0.120177954,False,0.27971932,True,0.18205641,False,return_temp_c
2024-04-26 18:45:00,0.11918035,False,train,0.07868471,False,0.106706284,False,0.17215008,False,stabilized_flow_log_feature
2024-04-27 06:45:00,0.115831375,False,train,0.08090312,False,0.09297371,False,0.1736173,False,stabilized_flow_log_feature
2024-04-27 18:45:00,0.11479543,False,train,0.06897359,False,0.079084985,False,0.19632773,False,stabilized_flow_log_feature
2024-04-28 06:45:00,0.13232143,False,train,0.07614993,False,0.109779514,False,0.21103479,False,stabilized_flow_log_feature
2024-04-28 18:45:00,0.15240124,False,train,0.107067086,False,0.14838469,False,0.2017519,False,stabilized_flow_log_feature
2024-04-29 06:45:00,0.16945034,False,train,0.1423438,False,0.16956504,False,0.19644219,False,stabilized_flow_log_feature
2024-04-29 18:45:00,0.1682692,False,train,0.10736693,False,0.16805534,False,0.22938532,False,stabilized_flow_log_feature
2024-04-30 06:45:00,0.17085779,False,train,0.113466084,False,0.18087488,False,0.2182324,False,stabilized_flow_log_feature
2024-04-30 18:45:00,0.1457516,False,train,0.07872804,False,0.16386983,False,0.1946569,False,stabilized_flow_log_feature
2024-05-01 06:45:00,0.15037078,False,train,0.10523311,False,0.14664204,False,0.19923721,False,stabilized_flow_log_feature
2024-05-01 18:45:00,0.15755975,False,train,0.095654964,False,0.15358354,False,0.2234407,False,stabilized_flow_log_feature
2024-05-02 06:45:00,0.16941676,False,train,0.09883257,False,0.15768307,False,0.2517346,False,stabilized_flow_log_feature
2024-05-02 18:45:00,0.1551886,False,train,0.089052,False,0.16939473,False,0.2071191,False,stabilized_flow_log_feature
2024-05-03 06:45:00,0.11085186,False,train,0.061682705,False,0.10648111,False,0.16439176,False,stabilized_flow_log_feature
2024-05-03 18:45:00,0.10727998,False,train,0.05782781,False,0.105437465,False,0.15857466,False,stabilized_flow_log_feature
2024-05-04 06:45:00,0.1003143,False,train,0.0443171,False,0.080134995,False,0.17649077,False,stabilized_flow_log_feature
2024-05-04 18:45:00,0.10461363,False,train,0.03388758,False,0.07932133,False,0.20063198,False,stabilized_flow_log_feature
2024-05-05 06:45:00,0.109050155,False,train,0.04165734,False,0.06742042,False,0.21807271,False,stabilized_flow_log_feature
2024-05-05 18:45:00,0.11289224,False,train,0.04810555,False,0.07294181,False,0.21762939,False,stabilized_flow_log_feature
2024-05-06 06:45:00,0.110592075,False,train,0.059693273,False,0.09747287,False,0.1746101,False,stabilized_flow_log_feature
2024-05-06 18:45:00,0.12538403,False,train,0.08996898,False,0.1162414,False,0.16994168,False,stabilized_flow_log_feature
2024-05-07 06:45:00,0.12751791,False,train,0.09619524,False,0.11531126,False,0.17104723,False,stabilized_flow_log_feature
2024-05-07 18:45:00,0.12265372,False,train,0.070645235,False,0.115282826,False,0.18203312,False,stabilized_flow_log_feature
2024-05-08 06:45:00,0.10989921,False,train,0.047322717,False,0.09595063,False,0.18642431,False,stabilized_flow_log_feature
2024-05-08 18:45:00,0.11127654,False,train,0.038096394,False,0.10308083,False,0.19265234,False,stabilized_flow_log_feature
2024-05-09 06:45:00,0.14719379,False,train,0.054997426,False,0.12016267,False,0.26642132,False,stabilized_flow_log_feature
2024-05-09 18:45:00,0.14700533,False,train,0.052142262,False,0.15317647,False,0.23569725,False,stabilized_flow_log_feature
2024-05-10 06:45:00,0.10435739,False,train,0.040658463,False,0.07697548,False,0.19543825,False,stabilized_flow_log_feature
2024-05-10 18:45:00,0.09825079,False,train,0.027861612,False,0.05441368,False,0.2124771,False,stabilized_flow_log_feature
2024-05-11 06:45:00,0.11155037,False,train,0.040491063,False,0.07946981,False,0.21469025,False,stabilized_flow_log_feature
2024-05-11 18:45:00,0.13587955,False,train,0.047656476,False,0.13218011,False,0.22780208,False,stabilized_flow_log_feature
2024-05-12 06:45:00,0.13641937,False,train,0.050394148,False,0.09037477,False,0.2684892,False,stabilized_flow_log_feature
2024-05-12 18:45:00,0.1781134,False,train,0.1040624,False,0.13179351,False,0.2984843,False,stabilized_flow_log_feature
2024-05-13 06:45:00,0.15359832,False,train,0.08542219,False,0.12619476,False,0.249178,False,stabilized_flow_log_feature
2024-05-13 18:45:00,0.11040129,False,train,0.03273223,False,0.08816054,False,0.21031107,False,stabilized_flow_log_feature
2024-05-14 06:45:00,0.117641844,False,train,0.046113748,False,0.11277679,False,0.194035,False,stabilized_flow_log_feature
2024-05-14 18:45:00,0.1333929,False,train,0.046368193,False,0.14646867,False,0.20734186,False,stabilized_flow_log_feature
2024-05-15 06:45:00,0.12313534,False,train,0.048447277,False,0.111167185,False,0.20979159,False,stabilized_flow_log_feature
2024-05-15 18:45:00,0.14319405,False,train,0.05727722,False,0.11043311,False,0.2618718,False,stabilized_flow_log_feature
2024-05-16 06:45:00,0.15332553,False,train,0.08962041,False,0.13271175,False,0.23764443,False,stabilized_flow_log_feature
2024-05-16 18:45:00,0.1371924,False,train,0.065845616,False,0.16297466,False,0.18275695,False,stabilized_flow_log_feature
2024-05-17 06:45:00,0.10178065,False,train,0.042348143,False,0.08728858,False,0.17570524,False,stabilized_flow_log_feature
2024-05-17 18:45:00,0.09245947,False,train,0.039131496,False,0.07685221,False,0.1613947,False,stabilized_flow_log_feature
2024-05-18 06:45:00,0.10758632,False,train,0.055120494,False,0.09184579,False,0.17579265,False,stabilized_flow_log_feature
2024-05-18 18:45:00,0.114897646,False,train,0.047624905,False,0.106066525,False,0.19100153,False,stabilized_flow_log_feature
2024-05-19 06:45:00,0.13488227,False,train,0.04845397,False,0.11709941,False,0.23909341,False,stabilized_flow_log_feature
2024-05-19 18:45:00,0.11607488,False,train,0.05712067,False,0.10349688,False,0.18760705,False,stabilized_flow_log_feature
2024-05-20 06:45:00,0.08288432,False,train,0.049697652,False,0.05817398,False,0.14078134,False,stabilized_flow_log_feature
2024-05-20 18:45:00,0.10391299,False,train,0.041504625,False,0.06517983,False,0.20505452,False,stabilized_flow_log_feature
2024-05-21 06:45:00,0.09638576,False,train,0.033791214,False,0.064414375,False,0.1909517,False,stabilized_flow_log_feature
2024-05-21 18:45:00,0.083591245,False,train,0.0397188,False,0.07512342,False,0.13593155,False,stabilized_flow_log_feature
2024-05-22 06:45:00,0.11828431,False,train,0.051592726,False,0.11445811,False,0.18880211,False,stabilized_flow_log_feature
2024-05-22 18:45:00,0.103404276,False,train,0.038459864,False,0.08381122,False,0.18794174,False,stabilized_flow_log_feature
2024-05-23 06:45:00,0.08780059,False,train,0.04736354,False,0.07100612,False,0.14503212,False,stabilized_flow_log_feature
2024-05-23 18:45:00,0.11270966,False,train,0.05827034,False,0.08850187,False,0.19135676,False,stabilized_flow_log_feature
2024-05-24 06:45:00,0.12151831,False,train,0.041073993,False,0.08783179,False,0.23564911,False,stabilized_flow_log_feature
2024-05-24 18:45:00,0.10561396,False,train,0.034177396,False,0.085394114,False,0.19727035,False,stabilized_flow_log_feature
2024-05-25 06:45:00,0.07620712,False,train,0.03360826,False,0.054731485,False,0.1402816,False,stabilized_flow_log_feature
2024-05-25 18:45:00,0.08808008,False,train,0.03282486,False,0.084967755,False,0.14644761,False,stabilized_flow_log_feature
2024-05-26 06:45:00,0.10312564,False,train,0.038180906,False,0.08958623,False,0.1816098,False,stabilized_flow_log_feature
2024-05-26 18:45:00,0.11644682,False,train,0.05792418,False,0.1036641,False,0.1877522,False,stabilized_flow_log_feature
2024-05-27 06:45:00,0.11487714,False,train,0.05819692,False,0.11145655,False,0.17497796,False,stabilized_flow_log_feature
2024-05-27 18:45:00,0.11113979,False,train,0.040353812,False,0.097210705,False,0.19585483,False,stabilized_flow_log_feature
2024-05-28 06:45:00,0.124135375,False,train,0.050490428,False,0.10249335,False,0.21942234,False,stabilized_flow_log_feature
2024-05-28 18:45:00,0.120398164,False,train,0.057634596,False,0.10609997,False,0.19745994,False,stabilized_flow_log_feature
2024-05-29 06:45:00,0.107915364,False,train,0.048529606,False,0.10016849,False,0.175048,False,stabilized_flow_log_feature
2024-05-29 18:45:00,0.12580833,False,train,0.07016471,False,0.069850616,False,0.23740967,False,stabilized_flow_log_feature
2024-05-30 06:45:00,0.13679732,False,train,0.089608885,False,0.087850295,False,0.23293279,False,stabilized_flow_log_feature
2024-05-30 18:45:00,0.09063222,False,train,0.069973715,False,0.05330904,False,0.14861393,False,stabilized_flow_log_feature
2024-05-31 06:45:00,0.09281726,False,train,0.04925956,False,0.057543907,False,0.17164831,False,stabilized_flow_log_feature
2024-05-31 18:45:00,0.09141704,False,train,0.053584877,False,0.041827824,False,0.17883843,False,stabilized_flow_log_feature
2024-06-01 06:45:00,0.11338297,False,train,0.0717087,False,0.08163943,False,0.1868008,False,stabilized_flow_log_feature
2024-06-01 18:45:00,0.120563336,False,train,0.07482634,False,0.08946375,False,0.19739993,False,stabilized_flow_log_feature
2024-06-02 06:45:00,0.09191181,False,train,0.06054625,False,0.06510613,False,0.15008302,False,stabilized_flow_log_feature
2024-06-02 18:45:00,0.07783678,False,train,0.067381345,False,0.06575611,False,0.10037285,False,stabilized_flow_log_feature
2024-06-03 06:45:00,0.1190278,False,train,0.07241069,False,0.08154424,False,0.20312847,False,stabilized_flow_log_feature
2024-06-03 18:45:00,0.12829904,False,train,0.08069755,False,0.06544268,False,0.23875688,False,stabilized_flow_log_feature
2024-06-04 06:45:00,0.09896669,False,train,0.09985053,False,0.058589783,False,0.13845974,False,stabilized_flow_log_feature
2024-06-04 18:45:00,0.08733435,False,train,0.07390007,False,0.04902194,False,0.13908105,False,stabilized_flow_log_feature
2024-06-05 06:45:00,0.08660889,False,train,0.07701183,False,0.050141543,False,0.13267328,False,stabilized_flow_log_feature
2024-06-05 18:45:00,0.093069844,False,train,0.08028177,False,0.052556258,False,0.1463715,False,stabilized_flow_log_feature
2024-06-06 06:45:00,0.08347707,False,train,0.042194113,False,0.05104364,False,0.15719347,False,stabilized_flow_log_feature
2024-06-06 18:45:00,0.08783163,False,train,0.058958706,False,0.045145202,False,0.15939097,False,stabilized_flow_log_feature
2024-06-07 06:45:00,0.098763146,False,train,0.090010144,False,0.048180502,False,0.15809877,False,stabilized_flow_log_feature
2024-06-07 18:45:00,0.10738676,False,train,0.117330246,False,0.055595323,False,0.14923468,False,stabilized_flow_log_feature
2024-06-08 06:45:00,0.12619641,False,train,0.1241601,False,0.08166244,False,0.17276664,False,stabilized_flow_log_feature
2024-06-08 18:45:00,0.100087754,False,train,0.09047291,False,0.06389794,False,0.14589241,False,stabilized_flow_log_feature
2024-06-09 06:45:00,0.081320405,False,train,0.05447044,False,0.04658286,False,0.14290793,False,stabilized_flow_log_feature
2024-06-09 18:45:00,0.08330922,False,train,0.03834217,False,0.05188541,False,0.15970008,False,stabilized_flow_log_feature
2024-06-10 06:45:00,0.071982756,False,train,0.03462882,False,0.05140275,False,0.12991671,False,stabilized_flow_log_feature
2024-06-10 18:45:00,0.068902016,False,train,0.033347446,False,0.05013526,False,0.12322336,False,stabilized_flow_log_feature
2024-06-11 06:45:00,0.063121244,False,train,0.028052347,False,0.040429574,False,0.12088183,False,stabilized_flow_log_feature
2024-06-11 18:45:00,0.060431227,False,train,0.031330284,False,0.035287086,False,0.114676304,False,stabilized_flow_log_feature
2024-06-12 06:45:00,0.04968885,False,train,0.033210777,False,0.03987252,False,0.07598324,False,stabilized_flow_log_feature
2024-06-12 18:45:00,0.042334776,False,train,0.034576826,False,0.032040454,False,0.060387034,False,stabilized_flow_log_feature
2024-06-13 06:45:00,0.043797567,False,train,0.03394353,False,0.04097425,False,0.056474905,False,stabilized_flow_log_feature
2024-06-13 18:45:00,0.043930672,False,train,0.031917974,False,0.044040635,False,0.055833403,False,stabilized_flow_log_feature
2024-06-14 06:45:00,0.07037261,False,train,0.042016964,False,0.031294,False,0.13780689,False,stabilized_flow_log_feature
2024-06-14 18:45:00,0.070481606,False,train,0.038194273,False,0.042730365,False,0.13052021,False,stabilized_flow_log_feature
2024-06-15 06:45:00,0.053679228,False,train,0.02922462,False,0.03948082,False,0.092332244,False,stabilized_flow_log_feature
2024-06-15 18:45:00,0.056015763,False,train,0.030477645,False,0.039627414,False,0.09794221,False,stabilized_flow_log_feature
2024-06-16 06:45:00,0.06095148,False,train,0.037453394,False,0.045394182,False,0.10000685,False,stabilized_flow_log_feature
2024-06-16 18:45:00,0.06611643,False,train,0.04053964,False,0.04859142,False,0.10921823,False,stabilized_flow_log_feature
2024-06-17 06:45:00,0.058247156,False,train,0.03499402,False,0.039922636,False,0.09982481,False,stabilized_flow_log_feature
2024-06-17 18:45:00,0.05455863,False,train,0.040390164,False,0.031737458,False,0.09154827,False,stabilized_flow_log_feature
2024-06-18 06:45:00,0.05702187,False,train,0.04005578,False,0.035413474,False,0.09559634,False,stabilized_flow_log_feature
2024-06-18 18:45:00,0.060694925,False,train,0.042206686,False,0.03892329,False,0.10095482,False,stabilized_flow_log_feature
2024-06-19 06:45:00,0.06028929,False,train,0.0466522,False,0.03469516,False,0.09952053,False,stabilized_flow_log_feature
2024-06-19 18:45:00,0.065955356,False,train,0.045214463,False,0.043133866,False,0.10951773,False,stabilized_flow_log_feature
2024-06-20 06:45:00,0.12441393,False,train,0.094733275,False,0.08399788,False,0.19451058,False,stabilized_flow_log_feature
2024-06-20 18:45:00,0.17437664,False,train,0.06746175,False,0.15599333,False,0.2996748,False,stabilized_flow_log_feature
2024-06-21 06:45:00,0.13599859,False,train,0.0981052,False,0.09581152,False,0.21407907,False,stabilized_flow_log_feature
2024-06-21 18:45:00,0.06274635,False,train,0.05630635,False,0.035609335,False,0.09632336,False,stabilized_flow_log_feature
2024-06-22 06:45:00,0.073569804,False,train,0.03967269,False,0.040609222,False,0.14042751,False,stabilized_flow_log_feature
2024-06-22 18:45:00,0.07142076,False,train,0.03732883,False,0.037018612,False,0.13991486,False,stabilized_flow_log_feature
2024-06-23 06:45:00,0.06483975,False,train,0.04628532,False,0.0354777,False,0.112756215,False,stabilized_flow_log_feature
2024-06-23 18:45:00,0.07093793,False,train,0.05515398,False,0.033202153,False,0.12445766,False,stabilized_flow_log_feature
2024-06-24 06:45:00,0.0745732,False,train,0.050395146,False,0.037547108,False,0.13577734,False,stabilized_flow_log_feature
2024-06-24 18:45:00,0.0659651,False,train,0.031264223,False,0.03329129,False,0.13333978,False,stabilized_flow_log_feature
2024-06-25 06:45:00,0.04963232,False,train,0.030408075,False,0.029226407,False,0.08926248,False,stabilized_flow_log_feature
2024-06-25 18:45:00,0.06016235,False,train,0.031820852,False,0.034653123,False,0.114013076,False,stabilized_flow_log_feature
2024-06-26 06:45:00,0.07277014,False,train,0.029548056,False,0.04342511,False,0.14533724,False,stabilized_flow_log_feature
2024-06-26 18:45:00,0.07112983,False,train,0.03439292,False,0.04426073,False,0.13473582,False,stabilized_flow_log_feature
2024-06-27 06:45:00,0.06565228,False,train,0.039934643,False,0.039316468,False,0.11770573,False,stabilized_flow_log_feature
2024-06-27 18:45:00,0.06593174,False,train,0.044194963,False,0.037750732,False,0.11584949,False,stabilized_flow_log_feature
2024-06-28 06:45:00,0.09030735,False,train,0.04390705,False,0.05611896,False,0.17089605,False,stabilized_flow_log_feature
2024-06-28 18:45:00,0.09958321,False,train,0.0431443,False,0.055965867,False,0.19963944,False,stabilized_flow_log_feature
2024-06-29 06:45:00,0.09753305,False,train,0.03825609,False,0.062034834,False,0.19230823,False,stabilized_flow_log_feature
2024-06-29 18:45:00,0.07961942,False,train,0.037052438,False,0.0517644,False,0.15004142,False,stabilized_flow_log_feature
2024-06-30 06:45:00,0.055774912,False,train,0.024445573,False,0.029745601,False,0.11313357,False,stabilized_flow_log_feature
2024-06-30 18:45:00,0.05988653,False,train,0.030790059,False,0.037908513,False,0.11096101,False,stabilized_flow_log_feature
2024-07-01 06:45:00,0.06879036,False,train,0.039242256,False,0.050560635,False,0.11656818,False,stabilized_flow_log_feature
2024-07-01 18:45:00,0.069367245,False,train,0.042026665,False,0.04612403,False,0.11995105,False,stabilized_flow_log_feature
2024-07-02 06:45:00,0.061737947,False,train,0.041402504,False,0.043518532,False,0.1002928,False,stabilized_flow_log_feature
2024-07-02 18:45:00,0.057636406,False,train,0.04308326,False,0.034741364,False,0.095084585,False,stabilized_flow_log_feature
2024-07-03 06:45:00,0.08121779,False,train,0.05264701,False,0.041802034,False,0.14920431,False,stabilized_flow_log_feature
2024-07-03 18:45:00,0.083958775,False,train,0.03969826,False,0.046905395,False,0.16527265,False,stabilized_flow_log_feature
2024-07-04 06:45:00,0.06729976,False,train,0.03918511,False,0.05280887,False,0.10990531,False,stabilized_flow_log_feature
2024-07-04 18:45:00,0.06936848,False,train,0.04692972,False,0.051408604,False,0.10976712,False,stabilized_flow_log_feature
2024-07-05 06:45:00,0.07517714,False,train,0.059727218,False,0.05314507,False,0.11265916,False,stabilized_flow_log_feature
2024-07-05 18:45:00,0.07422848,False,train,0.044971738,False,0.04201365,False,0.13570005,False,stabilized_flow_log_feature
2024-07-06 06:45:00,0.06685102,False,train,0.038714707,False,0.042384103,False,0.11945426,False,stabilized_flow_log_feature
2024-07-06 18:45:00,0.056956522,False,train,0.03996286,False,0.049692214,False,0.081214495,False,stabilized_flow_log_feature
2024-07-07 06:45:00,0.07033008,False,train,0.044242907,False,0.043063726,False,0.12368363,False,stabilized_flow_log_feature
2024-07-07 18:45:00,0.07286238,False,train,0.050323814,False,0.041813303,False,0.12645003,False,stabilized_flow_log_feature
2024-07-08 06:45:00,0.0655011,False,train,0.054001454,False,0.047625337,False,0.094876505,False,stabilized_flow_log_feature
2024-07-08 18:45:00,0.071223006,False,train,0.051466912,False,0.052416205,False,0.109785885,False,stabilized_flow_log_feature
2024-07-09 06:45:00,0.07334565,False,train,0.045887213,False,0.051994428,False,0.12215534,False,stabilized_flow_log_feature
2024-07-09 18:45:00,0.074281305,False,train,0.050747633,False,0.048700552,False,0.12339576,False,stabilized_flow_log_feature
2024-07-10 06:45:00,0.08183799,False,train,0.051726546,False,0.05896063,False,0.1348268,False,stabilized_flow_log_feature
2024-07-10 18:45:00,0.07507182,False,train,0.053123012,False,0.05211203,False,0.119980395,False,stabilized_flow_log_feature
2024-07-11 06:45:00,0.078222245,False,train,0.048934836,False,0.04705174,False,0.13868016,False,stabilized_flow_log_feature
2024-07-11 18:45:00,0.08601495,False,train,0.04281822,False,0.062035155,False,0.15319146,False,stabilized_flow_log_feature
2024-07-12 06:45:00,0.091245204,False,train,0.055822626,False,0.05753733,False,0.16037562,False,stabilized_flow_log_feature
2024-07-12 18:45:00,0.0838978,False,train,0.05457082,False,0.05376024,False,0.14336236,False,stabilized_flow_log_feature
2024-07-13 06:45:00,0.07080529,False,train,0.053024206,False,0.065876104,False,0.09351555,False,stabilized_flow_log_feature
2024-07-13 18:45:00,0.06504896,False,train,0.047534347,False,0.053434428,False,0.09417812,False,stabilized_flow_log_feature
2024-07-14 06:45:00,0.0694911,False,train,0.05415815,False,0.046498936,False,0.10781622,False,stabilized_flow_log_feature
2024-07-14 18:45:00,0.09427969,False,train,0.058584496,False,0.06598797,False,0.1582666,False,stabilized_flow_log_feature
2024-07-15 06:45:00,0.10124095,False,train,0.056891125,False,0.07786585,False,0.16896589,False,stabilized_flow_log_feature
2024-07-15 18:45:00,0.08886281,False,train,0.059039366,False,0.06315227,False,0.1443968,False,stabilized_flow_log_feature
2024-07-16 06:45:00,0.09164369,False,train,0.061533887,False,0.071601994,False,0.14179519,False,stabilized_flow_log_feature
2024-07-16 18:45:00,0.09311525,False,train,0.06258828,False,0.07091165,False,0.14584583,False,stabilized_flow_log_feature
2024-07-17 06:45:00,0.09101649,False,train,0.06099381,False,0.070680894,False,0.14137477,False,stabilized_flow_log_feature
2024-07-17 18:45:00,0.09608373,False,train,0.06634201,False,0.1035581,False,0.11835107,False,stabilized_flow_log_feature
2024-07-18 06:45:00,0.092660345,False,train,0.061462328,False,0.09829778,False,0.11822093,False,stabilized_flow_log_feature
2024-07-18 18:45:00,0.088630535,False,train,0.052840564,False,0.065087914,False,0.14796312,False,stabilized_flow_log_feature
2024-07-19 06:45:00,0.0918179,False,train,0.05600622,False,0.062073678,False,0.15737382,False,stabilized_flow_log_feature
2024-07-19 18:45:00,0.08191052,False,train,0.05807863,False,0.05919208,False,0.12846084,False,stabilized_flow_log_feature
2024-07-20 06:45:00,0.080578685,False,train,0.049898054,False,0.066656604,False,0.12518139,False,stabilized_flow_log_feature
2024-07-20 18:45:00,0.08833463,False,train,0.057145488,False,0.06543469,False,0.1424237,False,stabilized_flow_log_feature
2024-07-21 06:45:00,0.101694,False,train,0.059547946,False,0.07140834,False,0.17412572,False,stabilized_flow_log_feature
2024-07-21 18:45:00,0.08713549,False,train,0.044859897,False,0.07264661,False,0.14389998,False,stabilized_flow_log_feature
2024-07-22 06:45:00,0.09756712,False,train,0.06523374,False,0.08315743,False,0.1443102,False,stabilized_flow_log_feature
2024-07-22 18:45:00,0.11771594,False,train,0.087436944,False,0.081888475,False,0.18382244,False,stabilized_flow_log_feature
2024-07-23 06:45:00,0.12546957,False,train,0.080092706,False,0.0737795,False,0.22253649,False,stabilized_flow_log_feature
2024-07-23 18:45:00,0.14442791,False,train,0.08674029,False,0.10356647,False,0.24297696,False,stabilized_flow_log_feature
2024-07-24 06:45:00,0.14568007,False,train,0.08959191,False,0.09666371,False,0.2507846,False,stabilized_flow_log_feature
2024-07-24 18:45:00,0.12588383,False,train,0.09495023,False,0.067461394,False,0.21523988,False,stabilized_flow_log_feature
2024-07-25 06:45:00,0.12534826,False,train,0.08989399,False,0.06272165,False,0.22342908,False,stabilized_flow_log_feature
2024-07-25 18:45:00,0.11639394,False,train,0.075371005,False,0.056462128,False,0.21734868,False,stabilized_flow_log_feature
2024-07-26 06:45:00,0.10970476,False,train,0.07416059,False,0.0534139,False,0.2015398,False,stabilized_flow_log_feature
2024-07-26 18:45:00,0.103638574,False,train,0.06312722,False,0.056311324,False,0.19147718,False,stabilized_flow_log_feature
2024-07-27 06:45:00,0.09798277,False,train,0.056589093,False,0.043456372,False,0.19390284,False,stabilized_flow_log_feature
2024-07-27 18:45:00,0.104461715,False,train,0.067161314,False,0.049185246,False,0.19703859,False,stabilized_flow_log_feature
2024-07-28 06:45:00,0.11473848,False,train,0.07544482,False,0.06610819,False,0.20266242,False,stabilized_flow_log_feature
2024-07-28 18:45:00,0.12682948,False,train,0.08835319,False,0.060239002,False,0.23189622,False,stabilized_flow_log_feature
2024-07-29 06:45:00,0.12949269,False,train,0.078405924,False,0.056318756,False,0.25375333,False,stabilized_flow_log_feature
2024-07-29 18:45:00,0.11607167,False,train,0.062886186,False,0.060716715,False,0.22461216,False,stabilized_flow_log_feature
2024-07-30 06:45:00,0.12143311,False,train,0.07861993,False,0.0646225,False,0.22105698,False,stabilized_flow_log_feature
2024-07-30 18:45:00,0.12435374,False,train,0.08863803,False,0.06266112,False,0.22176205,False,stabilized_flow_log_feature
2024-07-31 06:45:00,0.12244344,False,train,0.083738446,False,0.064050235,False,0.21954167,False,stabilized_flow_log_feature
2024-07-31 18:45:00,0.12747367,False,train,0.080589384,False,0.07338469,False,0.22844698,False,stabilized_flow_log_feature
2024-08-01 06:45:00,0.113449655,False,train,0.076231055,False,0.0554136,False,0.2087043,False,stabilized_flow_log_feature
2024-08-01 18:45:00,0.105576664,False,train,0.06703833,False,0.05345231,False,0.19623935,False,stabilized_flow_log_feature
2024-08-02 06:45:00,0.10492439,False,train,0.0738265,False,0.060930114,False,0.18001653,False,stabilized_flow_log_feature
2024-08-02 18:45:00,0.10682218,False,train,0.0871363,False,0.052862283,False,0.18046792,False,stabilized_flow_log_feature
2024-08-03 06:45:00,0.10519386,False,train,0.070689745,False,0.050195564,False,0.19469626,False,stabilized_flow_log_feature
2024-08-03 18:45:00,0.10513591,False,train,0.058832604,False,0.054312218,False,0.20226292,False,stabilized_flow_log_feature
2024-08-04 06:45:00,0.10827504,False,train,0.06863438,False,0.05313864,False,0.20305212,False,stabilized_flow_log_feature
2024-08-04 18:45:00,0.11262463,False,train,0.07503014,False,0.055430796,False,0.20741297,False,stabilized_flow_log_feature
2024-08-05 06:45:00,0.115543656,False,train,0.082241744,False,0.07179298,False,0.19259626,False,stabilized_flow_log_feature
2024-08-05 18:45:00,0.12604441,False,train,0.096353054,False,0.0823851,False,0.19939508,False,stabilized_flow_log_feature
2024-08-06 06:45:00,0.13442223,False,train,0.10665903,False,0.121384464,False,0.17522317,False,stabilized_flow_log_feature
2024-08-06 18:45:00,0.13283198,False,train,0.103356265,False,0.121608265,False,0.17353135,False,stabilized_flow_log_feature
2024-08-07 06:45:00,0.12857327,False,train,0.11210326,False,0.11383259,False,0.15978394,False,stabilized_flow_log_feature
2024-08-07 18:45:00,0.12739235,False,train,0.10580928,False,0.11251521,False,0.16385256,False,stabilized_flow_log_feature
2024-08-08 06:45:00,0.31039235,False,train,0.29890463,True,0.2568703,True,0.3754022,False,stabilized_flow_log_feature
2024-08-08 18:45:00,0.33831108,True,train,0.2945679,True,0.35131744,True,0.3690479,False,stabilized_flow_log_feature
2024-08-09 06:45:00,0.1914624,False,train,0.12988244,False,0.17184961,False,0.27265516,False,stabilized_flow_log_feature
2024-08-09 18:45:00,0.1194584,False,train,0.09236511,False,0.07530073,False,0.19070935,False,stabilized_flow_log_feature
2024-08-10 06:45:00,0.12243116,False,train,0.10007777,False,0.07918335,False,0.18803234,False,stabilized_flow_log_feature
2024-08-10 18:45:00,0.12528671,False,train,0.10465691,False,0.08621931,False,0.18498391,False,stabilized_flow_log_feature
2024-08-11 06:45:00,0.12698682,False,train,0.08194234,False,0.09161825,False,0.20739986,False,stabilized_flow_log_feature
2024-08-11 18:45:00,0.11726003,False,train,0.08014434,False,0.058726963,False,0.2129088,False,stabilized_flow_log_feature
2024-08-12 06:45:00,0.11220784,False,train,0.095265,False,0.039266605,False,0.20209187,False,stabilized_flow_log_feature
2024-08-12 18:45:00,0.12368468,False,train,0.09121541,False,0.08110927,False,0.19872941,False,stabilized_flow_log_feature
2024-08-13 06:45:00,0.13391232,False,train,0.11963421,False,0.08650392,False,0.19559886,False,stabilized_flow_log_feature
2024-08-13 18:45:00,0.12490441,False,train,0.09445056,False,0.09963117,False,0.18063146,False,stabilized_flow_log_feature
2024-08-14 06:45:00,0.12105441,False,train,0.09278063,False,0.07220522,False,0.19817735,False,stabilized_flow_log_feature
2024-08-14 18:45:00,0.10645079,False,train,0.06847427,False,0.048657194,False,0.20222092,False,stabilized_flow_log_feature
2024-08-15 06:45:00,0.11693103,False,train,0.08270537,False,0.048974425,False,0.2191133,False,stabilized_flow_log_feature
2024-08-15 18:45:00,0.13344501,False,train,0.092307836,False,0.09857289,False,0.20945434,False,stabilized_flow_log_feature
2024-08-16 06:45:00,0.13057505,False,train,0.09400955,False,0.085987605,False,0.21172796,False,stabilized_flow_log_feature
2024-08-16 18:45:00,0.114718795,False,train,0.08752654,False,0.07106878,False,0.18556108,False,stabilized_flow_log_feature
2024-08-17 06:45:00,0.13678393,False,train,0.13182454,False,0.10983965,False,0.16868764,False,stabilized_flow_log_feature
2024-08-17 18:45:00,0.16111286,False,train,0.113143004,False,0.16205458,False,0.20814097,False,stabilized_flow_log_feature
2024-08-18 06:45:00,0.15475255,False,train,0.12583166,False,0.11636884,False,0.22205716,False,stabilized_flow_log_feature
2024-08-18 18:45:00,0.120115146,False,train,0.09662201,False,0.06838137,False,0.19534212,False,stabilized_flow_log_feature
2024-08-19 06:45:00,0.13335937,False,train,0.107489675,False,0.0947276,False,0.19786085,False,stabilized_flow_log_feature
2024-08-19 18:45:00,0.14003356,False,train,0.11257315,False,0.1390456,False,0.16848196,False,stabilized_flow_log_feature
2024-08-20 06:45:00,0.1332369,False,train,0.093180306,False,0.124501795,False,0.18202859,False,stabilized_flow_log_feature
2024-08-20 18:45:00,0.11793041,False,train,0.06952121,False,0.07668349,False,0.20758651,False,stabilized_flow_log_feature
2024-08-21 06:45:00,0.104051575,False,train,0.060579408,False,0.0413658,False,0.21020953,False,stabilized_flow_log_feature
2024-08-21 18:45:00,0.11414961,False,train,0.07422257,False,0.0652865,False,0.2029398,False,stabilized_flow_log_feature
2024-08-22 06:45:00,0.11135028,False,train,0.0834809,False,0.05048011,False,0.20008983,False,stabilized_flow_log_feature
2024-08-22 18:45:00,0.14129812,False,train,0.1346346,False,0.08799696,False,0.20126283,False,stabilized_flow_log_feature
2024-08-23 06:45:00,0.16722822,False,train,0.17672186,False,0.095985614,False,0.22897716,False,stabilized_flow_log_feature
2024-08-23 18:45:00,0.18783751,False,train,0.20252629,True,0.13596775,False,0.2250185,False,stabilized_flow_log_feature
2024-08-24 06:45:00,0.17948247,False,train,0.19090252,True,0.12993595,False,0.21760894,False,stabilized_flow_log_feature
2024-08-24 18:45:00,0.17119867,False,train,0.157286,False,0.13817358,False,0.21813639,False,stabilized_flow_log_feature
2024-08-25 06:45:00,0.1667285,False,train,0.17124254,False,0.11219954,False,0.21674342,False,stabilized_flow_log_feature
2024-08-25 18:45:00,0.17055257,False,train,0.16468152,False,0.12638466,False,0.2205915,False,stabilized_flow_log_feature
2024-08-26 06:45:00,0.17128798,False,train,0.17900358,False,0.11837461,False,0.21648575,False,stabilized_flow_log_feature
2024-08-26 18:45:00,0.189506,False,train,0.20824301,True,0.1410476,False,0.21922737,False,stabilized_flow_log_feature
2024-08-27 06:45:00,0.18961592,False,train,0.24143972,True,0.10633957,False,0.22106846,False,supply_temp_c
2024-08-27 18:45:00,0.19220155,False,train,0.23815574,True,0.11720294,False,0.22124596,False,supply_temp_c
2024-08-28 06:45:00,0.1928343,False,train,0.22356242,True,0.13029005,False,0.22465038,False,stabilized_flow_log_feature
2024-08-28 18:45:00,0.1897696,False,train,0.22707064,True,0.11762542,False,0.22461276,False,supply_temp_c
2024-08-29 06:45:00,0.17840086,False,train,0.1864595,True,0.11914434,False,0.2295988,False,stabilized_flow_log_feature
2024-08-29 18:45:00,0.14487174,False,train,0.13271196,False,0.079316445,False,0.22258681,False,stabilized_flow_log_feature
2024-08-30 06:45:00,0.15752223,False,train,0.15626305,False,0.116392545,False,0.19991107,False,stabilized_flow_log_feature
2024-08-30 18:45:00,0.14736341,False,train,0.11399483,False,0.14386411,False,0.18423128,False,stabilized_flow_log_feature
2024-08-31 06:45:00,0.13363326,False,train,0.09809539,False,0.09567223,False,0.20713218,False,stabilized_flow_log_feature
2024-08-31 18:45:00,0.11817467,False,train,0.095352314,False,0.07260462,False,0.18656708,False,stabilized_flow_log_feature
2024-09-01 06:45:00,0.116039485,False,train,0.0850529,False,0.09012876,False,0.1729368,False,stabilized_flow_log_feature
2024-09-01 18:45:00,0.1089244,False,train,0.082573645,False,0.08487969,False,0.15931983,False,stabilized_flow_log_feature
2024-09-02 06:45:00,0.089988045,False,train,0.079315394,False,0.06769004,False,0.1229587,False,stabilized_flow_log_feature
2024-09-02 18:45:00,0.08665736,False,train,0.054114927,False,0.10932618,False,0.09653097,False,return_temp_c
2024-09-03 06:45:00,0.10381344,False,train,0.10036061,False,0.10931683,False,0.10176289,False,return_temp_c
2024-09-03 18:45:00,0.1011572,False,train,0.063360654,False,0.12316313,False,0.11694781,False,return_temp_c
2024-09-04 06:45:00,0.090617545,False,train,0.06114551,False,0.08851754,False,0.122189574,False,stabilized_flow_log_feature
2024-09-04 18:45:00,0.06367474,False,train,0.04629467,False,0.047467247,False,0.097262315,False,stabilized_flow_log_feature
2024-09-05 06:45:00,0.0614212,False,train,0.036585625,False,0.036733117,False,0.11094487,False,stabilized_flow_log_feature
2024-09-05 18:45:00,0.06550337,False,train,0.04993191,False,0.038667973,False,0.10791021,False,stabilized_flow_log_feature
2024-09-06 06:45:00,0.059990577,False,train,0.052399844,False,0.04029038,False,0.08728152,False,stabilized_flow_log_feature
2024-09-06 18:45:00,0.057897046,False,train,0.063139156,False,0.03274486,False,0.077807106,False,stabilized_flow_log_feature
2024-09-07 06:45:00,0.06980752,False,train,0.061218325,False,0.03186702,False,0.11633722,False,stabilized_flow_log_feature
2024-09-07 18:45:00,0.05835088,False,train,0.031539526,False,0.026823118,False,0.11668999,False,stabilized_flow_log_feature
2024-09-08 06:45:00,0.04433352,False,train,0.033744927,False,0.020891303,False,0.07836433,False,stabilized_flow_log_feature
2024-09-08 18:45:00,0.06230826,False,train,0.058698308,False,0.034480397,False,0.09374607,False,stabilized_flow_log_feature
2024-09-09 06:45:00,0.06727977,False,train,0.04884188,False,0.045853246,False,0.10714418,False,stabilized_flow_log_feature
2024-09-09 18:45:00,0.077299245,False,train,0.04264963,False,0.082633905,False,0.106614195,False,stabilized_flow_log_feature
2024-09-10 06:45:00,0.07963745,False,train,0.042029876,False,0.10991628,False,0.08696622,False,return_temp_c
2024-09-10 18:45:00,0.06377408,False,train,0.051352736,False,0.071677,False,0.068292506,False,return_temp_c
2024-09-11 06:45:00,0.057350185,False,train,0.05347261,False,0.042608205,False,0.075969756,False,stabilized_flow_log_feature
2024-09-11 18:45:00,0.049386926,False,train,0.041013416,False,0.024325592,False,0.082821764,False,stabilized_flow_log_feature
2024-09-12 06:45:00,0.0837433,False,train,0.08500741,False,0.074527316,False,0.09169517,False,stabilized_flow_log_feature
2024-09-12 18:45:00,0.09835592,False,train,0.0845673,False,0.12547715,False,0.085023284,False,return_temp_c
2024-09-13 06:45:00,0.08974698,False,train,0.087033324,False,0.07062477,False,0.1115829,False,stabilized_flow_log_feature
2024-09-13 18:45:00,0.0666134,False,train,0.056330163,False,0.040430952,False,0.10307907,False,stabilized_flow_log_feature
2024-09-14 06:45:00,0.054755673,False,train,0.048409183,False,0.031855788,False,0.084002025,False,stabilized_flow_log_feature
2024-09-14 18:45:00,0.052975234,False,train,0.049983364,False,0.031347696,False,0.077594645,False,stabilized_flow_log_feature
2024-09-15 06:45:00,0.05421547,False,train,0.05130297,False,0.031233886,False,0.080109544,False,stabilized_flow_log_feature
2024-09-15 18:45:00,0.060171947,False,train,0.05500384,False,0.03467473,False,0.09083727,False,stabilized_flow_log_feature
2024-09-16 06:45:00,0.06003385,False,train,0.050215498,False,0.038687255,False,0.0911988,False,stabilized_flow_log_feature
2024-09-16 18:45:00,0.054930795,False,train,0.05110683,False,0.0334224,False,0.08026317,False,stabilized_flow_log_feature
2024-09-17 06:45:00,0.048794344,False,train,0.050482363,False,0.023123786,False,0.07277688,False,stabilized_flow_log_feature
2024-09-17 18:45:00,0.054765888,False,train,0.04894654,False,0.030627346,False,0.08472378,False,stabilized_flow_log_feature
2024-09-18 06:45:00,0.06632158,False,train,0.06288101,False,0.04049365,False,0.095590115,False,stabilized_flow_log_feature
2024-09-18 18:45:00,0.07377863,False,train,0.07816875,False,0.04103571,False,0.10213142,False,stabilized_flow_log_feature
2024-09-19 06:45:00,0.05784301,False,train,0.07086564,False,0.03270867,False,0.06995474,False,supply_temp_c
2024-09-19 18:45:00,0.0433922,False,train,0.036644656,False,0.019912275,False,0.073619686,False,stabilized_flow_log_feature
2024-09-20 06:45:00,0.035064835,False,train,0.012689065,False,0.019546626,False,0.07295881,False,stabilized_flow_log_feature
2024-09-20 18:45:00,0.029096676,False,train,0.011377614,False,0.012936905,False,0.0629755,False,stabilized_flow_log_feature
2024-09-21 06:45:00,0.10361158,False,train,0.10021597,False,0.0642559,False,0.14636289,False,stabilized_flow_log_feature
2024-09-21 18:45:00,0.2061182,False,train,0.26676604,True,0.12275114,False,0.22883742,False,supply_temp_c
2024-09-22 06:45:00,0.2099656,False,train,0.3335224,True,0.12672871,False,0.16964565,False,supply_temp_c
2024-09-22 18:45:00,0.271741,False,train,0.37630996,True,0.22452982,False,0.2143832,False,supply_temp_c
2024-09-23 06:45:00,0.20152853,False,train,0.22032486,True,0.21176295,False,0.17249787,False,supply_temp_c
2024-09-23 18:45:00,0.09627471,False,train,0.09620524,False,0.10572856,False,0.08689034,False,return_temp_c
2024-09-24 06:45:00,0.10529855,False,train,0.061734196,False,0.08146538,False,0.17269607,False,stabilized_flow_log_feature
2024-09-24 18:45:00,0.078182764,False,train,0.04293665,False,0.041467957,False,0.1501437,False,stabilized_flow_log_feature
2024-09-25 06:45:00,0.10557064,False,train,0.07855504,False,0.06922204,False,0.16893482,False,stabilized_flow_log_feature
2024-09-25 18:45:00,0.09546874,False,train,0.074035846,False,0.055120606,False,0.15724975,False,stabilized_flow_log_feature
2024-09-26 06:45:00,0.058637638,False,train,0.037929893,False,0.037135467,False,0.10084755,False,stabilized_flow_log_feature
2024-09-26 18:45:00,0.06668779,False,train,0.035667997,False,0.036023345,False,0.12837206,False,stabilized_flow_log_feature
2024-09-27 06:45:00,0.07694013,False,train,0.04063492,False,0.031112308,False,0.15907314,False,stabilized_flow_log_feature
2024-09-27 18:45:00,0.092580795,False,train,0.03438572,False,0.06657872,False,0.17677794,False,stabilized_flow_log_feature
2024-09-28 06:45:00,0.101923645,False,train,0.033065997,False,0.07386403,False,0.19884087,False,stabilized_flow_log_feature
2024-09-28 18:45:00,0.080271855,False,train,0.02877195,False,0.044766013,False,0.16727762,False,stabilized_flow_log_feature
2024-09-29 06:45:00,0.08715846,False,train,0.07932255,False,0.08183069,False,0.100322135,False,stabilized_flow_log_feature
2024-09-29 18:45:00,0.09052396,False,train,0.08230174,False,0.09706104,False,0.09220907,False,return_temp_c
2024-09-30 06:45:00,0.07125531,False,train,0.05776268,False,0.047156226,False,0.10884703,False,stabilized_flow_log_feature
2024-09-30 18:45:00,0.086836256,False,train,0.046883706,False,0.05957379,False,0.15405127,False,stabilized_flow_log_feature
2024-10-01 06:45:00,0.081956655,False,train,0.052043695,False,0.06278231,False,0.13104396,False,stabilized_flow_log_feature
2024-10-01 18:45:00,0.05057093,False,train,0.03678628,False,0.02719518,False,0.08773134,False,stabilized_flow_log_feature
2024-10-02 06:45:00,0.0682956,False,train,0.047018435,False,0.051478263,False,0.106390096,False,stabilized_flow_log_feature
2024-10-02 18:45:00,0.07260139,False,train,0.03589067,False,0.073913135,False,0.108000375,False,stabilized_flow_log_feature
2024-10-03 06:45:00,0.079874225,False,train,0.035861727,False,0.072463706,False,0.13129725,False,stabilized_flow_log_feature
2024-10-03 18:45:00,0.083481796,False,train,0.048478812,False,0.08464544,False,0.11732111,False,stabilized_flow_log_feature
2024-10-04 06:45:00,0.09723599,False,train,0.055412993,False,0.098164,False,0.138131,False,stabilized_flow_log_feature
2024-10-04 18:45:00,0.08869827,False,train,0.03270874,False,0.07816955,False,0.1552165,False,stabilized_flow_log_feature
2024-10-05 06:45:00,0.08104049,False,train,0.040416565,False,0.07797878,False,0.124726094,False,stabilized_flow_log_feature
2024-10-05 18:45:00,0.067247525,False,train,0.030252755,False,0.054742336,False,0.11674749,False,stabilized_flow_log_feature
2024-10-06 06:45:00,0.048738297,False,train,0.02827852,False,0.04723072,False,0.07070565,False,stabilized_flow_log_feature
2024-10-06 18:45:00,0.052426912,False,train,0.030701378,False,0.05057715,False,0.0760022,False,stabilized_flow_log_feature
2024-10-07 06:45:00,0.084714174,False,train,0.03743446,False,0.10254546,False,0.114162594,False,stabilized_flow_log_feature
2024-10-07 18:45:00,0.06850587,False,train,0.023595309,False,0.092156164,False,0.08976612,False,return_temp_c
2024-10-08 06:45:00,0.048481483,False,train,0.022973588,False,0.04333557,False,0.0791353,False,stabilized_flow_log_feature
2024-10-08 18:45:00,0.057587165,False,train,0.030378649,False,0.04604751,False,0.096335344,False,stabilized_flow_log_feature
2024-10-09 06:45:00,0.05680055,False,train,0.02627281,False,0.03879936,False,0.105329484,False,stabilized_flow_log_feature
2024-10-09 18:45:00,0.067788094,False,train,0.033454288,False,0.06665138,False,0.1032586,False,stabilized_flow_log_feature
2024-10-10 06:45:00,0.082023986,False,train,0.040687885,False,0.07880608,False,0.12657797,False,stabilized_flow_log_feature
2024-10-10 18:45:00,0.14482038,False,train,0.047075327,False,0.069064006,False,0.31832173,False,stabilized_flow_log_feature
2024-10-11 06:45:00,0.21509603,False,train,0.06800369,False,0.098968364,False,0.47831595,False,stabilized_flow_log_feature
2024-10-11 18:45:00,0.20209734,False,train,0.05576347,False,0.089055955,False,0.4614726,False,stabilized_flow_log_feature
2024-10-12 06:45:00,0.1524918,False,train,0.06076081,False,0.07550329,False,0.32121128,False,stabilized_flow_log_feature
2024-10-12 18:45:00,0.089902505,False,train,0.05221666,False,0.07305941,False,0.14443144,False,stabilized_flow_log_feature
2024-10-13 06:45:00,0.068849884,False,train,0.04510191,False,0.044151437,False,0.1172963,False,stabilized_flow_log_feature
2024-10-13 18:45:00,0.100450106,False,train,0.040992457,False,0.060263067,False,0.20009482,False,stabilized_flow_log_feature
2024-10-14 06:45:00,0.10915894,False,train,0.049308475,False,0.049350176,False,0.22881818,False,stabilized_flow_log_feature
2024-10-14 18:45:00,0.13060534,False,train,0.050886054,False,0.08817176,False,0.25275823,False,stabilized_flow_log_feature
2024-10-15 06:45:00,0.11244807,False,train,0.057795867,False,0.044955846,False,0.2345925,False,stabilized_flow_log_feature
2024-10-15 18:45:00,0.09780078,False,train,0.06726424,False,0.044531126,False,0.18160696,False,stabilized_flow_log_feature
2024-10-16 06:45:00,0.124644466,False,train,0.066511065,False,0.06279772,False,0.24462461,False,stabilized_flow_log_feature
2024-10-16 18:45:00,0.15635723,False,train,0.06623484,False,0.09368295,False,0.30915385,False,stabilized_flow_log_feature
2024-10-17 06:45:00,0.15071678,False,train,0.06549252,False,0.076712064,False,0.30994582,False,stabilized_flow_log_feature
2024-10-17 18:45:00,0.17521892,False,train,0.06477744,False,0.06875592,False,0.39212343,False,stabilized_flow_log_feature
2024-10-18 06:45:00,0.1783387,False,train,0.07710386,False,0.07844179,False,0.37947047,False,stabilized_flow_log_feature
2024-10-18 18:45:00,0.118157454,False,train,0.050351072,False,0.05933317,False,0.24478813,False,stabilized_flow_log_feature
2024-10-19 06:45:00,0.107369035,False,train,0.050426845,False,0.04999386,False,0.22168638,False,stabilized_flow_log_feature
2024-10-19 18:45:00,0.07762479,False,train,0.04578562,False,0.04173624,False,0.14535253,False,stabilized_flow_log_feature
2024-10-20 06:45:00,0.13133205,False,train,0.055722173,False,0.0706476,False,0.26762637,False,stabilized_flow_log_feature
2024-10-20 18:45:00,0.21248361,False,train,0.06708259,False,0.09763738,False,0.4727309,False,stabilized_flow_log_feature
2024-10-21 06:45:00,0.17223684,False,train,0.062932655,False,0.08649248,False,0.3672854,False,stabilized_flow_log_feature
2024-10-21 18:45:00,0.17169838,False,train,0.052280873,False,0.1154372,False,0.34737706,False,stabilized_flow_log_feature
2024-10-22 06:45:00,0.15745804,False,train,0.041686237,False,0.08040508,False,0.3502828,False,stabilized_flow_log_feature
2024-10-22 18:45:00,0.14578408,False,train,0.038750205,False,0.071752675,False,0.3268493,False,stabilized_flow_log_feature
2024-10-23 06:45:00,0.14377743,False,train,0.05601203,False,0.08120457,False,0.2941157,False,stabilized_flow_log_feature
2024-10-23 18:45:00,0.11764208,False,train,0.0577442,False,0.0729596,False,0.22222246,False,stabilized_flow_log_feature
2024-10-24 06:45:00,0.14583953,False,train,0.038693123,False,0.07013481,False,0.3286906,False,stabilized_flow_log_feature
2024-10-24 18:45:00,0.1859686,False,train,0.04692641,False,0.070247404,False,0.44073197,False,stabilized_flow_log_feature
2024-10-25 06:45:00,0.19485614,False,train,0.04236561,False,0.08675549,False,0.4554473,False,stabilized_flow_log_feature
2024-10-25 18:45:00,0.16795118,False,train,0.037600607,False,0.08330164,False,0.3829513,False,stabilized_flow_log_feature
2024-10-26 06:45:00,0.19170755,False,train,0.061578702,False,0.07072564,False,0.4428183,False,stabilized_flow_log_feature
2024-10-26 18:45:00,0.28178474,False,train,0.096386544,False,0.099146694,False,0.6498211,True,stabilized_flow_log_feature
2024-10-27 06:45:00,0.26089516,False,train,0.10268583,False,0.12083975,False,0.55916,False,stabilized_flow_log_feature
2024-10-27 18:45:00,0.22557521,False,train,0.13380109,False,0.119698964,False,0.42322564,False,stabilized_flow_log_feature
2024-10-28 06:45:00,0.27248418,False,train,0.07919465,False,0.10654681,False,0.6317111,True,stabilized_flow_log_feature
2024-10-28 18:45:00,0.21085764,False,train,0.055403084,False,0.071641594,False,0.5055282,False,stabilized_flow_log_feature
2024-10-29 06:45:00,0.15020949,False,train,0.04821458,False,0.068521835,False,0.333892,False,stabilized_flow_log_feature
2024-10-29 18:45:00,0.12612253,False,train,0.056181844,False,0.074722745,False,0.24746299,False,stabilized_flow_log_feature
2024-10-30 06:45:00,0.15137506,False,train,0.06441123,False,0.077417664,False,0.31229627,False,stabilized_flow_log_feature
2024-10-30 18:45:00,0.1907895,False,train,0.06241724,False,0.10542947,False,0.40452173,False,stabilized_flow_log_feature
2024-10-31 06:45:00,0.23491144,False,train,0.08035945,False,0.14338876,False,0.48098612,False,stabilized_flow_log_feature
2024-10-31 18:45:00,0.23248468,False,train,0.07364267,False,0.20950861,False,0.41430274,False,stabilized_flow_log_feature
2024-11-01 06:45:00,0.2208002,False,train,0.09925299,False,0.22356206,False,0.33958563,False,stabilized_flow_log_feature
2024-11-01 18:45:00,0.23887423,False,train,0.12745745,False,0.18553631,False,0.40362895,False,stabilized_flow_log_feature
2024-11-02 06:45:00,0.22421572,False,train,0.07791201,False,0.12011667,False,0.47461846,False,stabilized_flow_log_feature
2024-11-02 18:45:00,0.17219333,False,train,0.056109916,False,0.120990396,False,0.33947968,False,stabilized_flow_log_feature
2024-11-03 06:45:00,0.18602756,False,train,0.056360636,False,0.13497685,False,0.3667452,False,stabilized_flow_log_feature
2024-11-03 18:45:00,0.18509252,False,train,0.058211222,False,0.10263429,False,0.3944321,False,stabilized_flow_log_feature
2024-11-04 06:45:00,0.17494243,False,train,0.076258734,False,0.10585892,False,0.34270966,False,stabilized_flow_log_feature
2024-11-04 18:45:00,0.24642938,False,train,0.084638655,False,0.21724308,False,0.4374064,False,stabilized_flow_log_feature
2024-11-05 06:45:00,0.24956363,False,train,0.098623894,False,0.15408297,False,0.49598405,False,stabilized_flow_log_feature
2024-11-05 18:45:00,0.21399944,False,train,0.07370957,False,0.12822275,False,0.440066,False,stabilized_flow_log_feature
2024-11-06 06:45:00,0.24936931,False,train,0.08249272,False,0.14701207,False,0.51860315,False,stabilized_flow_log_feature
2024-11-06 18:45:00,0.23273373,False,train,0.09784269,False,0.11085699,False,0.4895015,False,stabilized_flow_log_feature
2024-11-07 06:45:00,0.22666393,False,train,0.109456174,False,0.145603,False,0.42493263,False,stabilized_flow_log_feature
2024-11-07 18:45:00,0.23353434,False,train,0.09969216,False,0.1780976,False,0.42281315,False,stabilized_flow_log_feature
2024-11-08 06:45:00,0.24314062,False,train,0.09927747,False,0.19215465,False,0.4379896,False,stabilized_flow_log_feature
2024-11-08 18:45:00,0.2587713,False,train,0.10171019,False,0.18715881,False,0.4874449,False,stabilized_flow_log_feature
2024-11-09 06:45:00,0.24711592,False,train,0.1206668,False,0.19572914,False,0.42495182,False,stabilized_flow_log_feature
2024-11-09 18:45:00,0.21595469,False,train,0.10584543,False,0.17682303,False,0.36519563,False,stabilized_flow_log_feature
2024-11-10 06:45:00,0.2098124,False,train,0.09826379,False,0.20424227,False,0.32693115,False,stabilized_flow_log_feature
2024-11-10 18:45:00,0.23883292,False,train,0.08972139,False,0.18528847,False,0.44148895,False,stabilized_flow_log_feature
2024-11-11 06:45:00,0.21303979,False,train,0.08643186,False,0.13212325,False,0.42056426,False,stabilized_flow_log_feature
2024-11-11 18:45:00,0.17988871,False,train,0.11330279,False,0.16911912,False,0.2572442,False,stabilized_flow_log_feature
2024-11-12 06:45:00,0.25192684,False,train,0.11161691,False,0.19032578,False,0.45383787,False,stabilized_flow_log_feature
2024-11-12 18:45:00,0.26773733,False,train,0.13830264,False,0.1759518,False,0.48895764,False,stabilized_flow_log_feature
2024-11-13 06:45:00,0.20407698,False,train,0.1156165,False,0.2098537,False,0.2867608,False,stabilized_flow_log_feature
2024-11-13 18:45:00,0.22268969,False,train,0.116784185,False,0.21073358,False,0.3405513,False,stabilized_flow_log_feature
2024-11-14 06:45:00,0.2051893,False,train,0.10649946,False,0.16493113,False,0.34413734,False,stabilized_flow_log_feature
2024-11-14 18:45:00,0.18561456,False,train,0.08068662,False,0.1684441,False,0.30771294,False,stabilized_flow_log_feature
2024-11-15 06:45:00,0.20371109,False,train,0.07356396,False,0.17353852,False,0.36403075,False,stabilized_flow_log_feature
2024-11-15 18:45:00,0.24463555,False,train,0.095922194,False,0.17249125,False,0.4654933,False,stabilized_flow_log_feature
2024-11-16 06:45:00,0.24337037,False,train,0.12629747,False,0.18507558,False,0.41873804,False,stabilized_flow_log_feature
2024-11-16 18:45:00,0.20175733,False,train,0.0870679,False,0.159825,False,0.358379,False,stabilized_flow_log_feature
2024-11-17 06:45:00,0.17551821,False,train,0.060678322,False,0.16833466,False,0.29754165,False,stabilized_flow_log_feature
2024-11-17 18:45:00,0.1551108,False,train,0.07784248,False,0.13465941,False,0.25283054,False,stabilized_flow_log_feature
2024-11-18 06:45:00,0.1883763,False,train,0.10658839,False,0.18175109,False,0.27678943,False,stabilized_flow_log_feature
2024-11-18 18:45:00,0.20362294,False,train,0.11416864,False,0.19902003,False,0.29768017,False,stabilized_flow_log_feature
2024-11-19 06:45:00,0.22507453,False,train,0.09604948,False,0.17221002,False,0.40696415,False,stabilized_flow_log_feature
2024-11-19 18:45:00,0.2592497,False,train,0.12418591,False,0.14320306,False,0.51035994,False,stabilized_flow_log_feature
2024-11-20 06:45:00,0.24599807,False,train,0.193585,True,0.15552998,False,0.3888792,False,stabilized_flow_log_feature
2024-11-20 18:45:00,0.22338656,False,train,0.13564521,False,0.13554247,False,0.398972,False,stabilized_flow_log_feature
2024-11-21 06:45:00,0.27319962,False,train,0.10765841,False,0.20561786,False,0.5063225,False,stabilized_flow_log_feature
2024-11-21 18:45:00,0.2500878,False,train,0.09769094,False,0.16551514,False,0.4870573,False,stabilized_flow_log_feature
2024-11-22 06:45:00,0.24045078,False,train,0.12258041,False,0.19275343,False,0.4060184,False,stabilized_flow_log_feature
2024-11-22 18:45:00,0.2694647,False,train,0.12874901,False,0.24734084,False,0.43230438,False,stabilized_flow_log_feature
2024-11-23 06:45:00,0.23309772,False,train,0.10417142,False,0.18471563,False,0.41040614,False,stabilized_flow_log_feature
2024-11-23 18:45:00,0.1956563,False,train,0.0926854,False,0.20762868,False,0.2866548,False,stabilized_flow_log_feature
2024-11-24 06:45:00,0.19307286,False,train,0.06825786,False,0.19185285,False,0.3191078,False,stabilized_flow_log_feature
2024-11-24 18:45:00,0.21069139,False,train,0.068536155,False,0.14240178,False,0.42113614,False,stabilized_flow_log_feature
2024-11-25 06:45:00,0.21331953,False,train,0.05979641,False,0.10767755,False,0.4724846,False,stabilized_flow_log_feature
2024-11-25 18:45:00,0.24016865,False,train,0.08067485,False,0.18043262,False,0.45939854,False,stabilized_flow_log_feature
2024-11-26 06:45:00,0.2104356,False,train,0.084604055,False,0.18809378,False,0.35860887,False,stabilized_flow_log_feature
2024-11-26 18:45:00,0.17697291,False,train,0.08356739,False,0.16992885,False,0.27742243,False,stabilized_flow_log_feature
2024-11-27 06:45:00,0.23724148,False,train,0.09910419,False,0.18052685,False,0.43209335,False,stabilized_flow_log_feature
2024-11-27 18:45:00,0.23388723,False,train,0.09183947,False,0.15037262,False,0.45944962,False,stabilized_flow_log_feature
2024-11-28 06:45:00,0.1882869,False,train,0.08191898,False,0.14412363,False,0.3388181,False,stabilized_flow_log_feature
2024-11-28 18:45:00,0.20072693,False,train,0.06990537,False,0.115454204,False,0.4168212,False,stabilized_flow_log_feature
2024-11-29 06:45:00,0.1964842,False,train,0.08432905,False,0.15581411,False,0.34930936,False,stabilized_flow_log_feature
2024-11-29 18:45:00,0.1736179,False,train,0.10399201,False,0.21531643,False,0.20154522,False,return_temp_c
2024-11-30 06:45:00,0.17466253,False,train,0.13106439,False,0.20262052,False,0.19030268,False,return_temp_c
2024-11-30 18:45:00,0.15026592,False,train,0.09032794,False,0.15382208,False,0.20664777,False,stabilized_flow_log_feature
2024-12-01 06:45:00,0.18530613,False,train,0.0865883,False,0.12245516,False,0.34687492,False,stabilized_flow_log_feature
2024-12-01 18:45:00,0.2290614,False,train,0.07419444,False,0.1517174,False,0.46127236,False,stabilized_flow_log_feature
2024-12-02 06:45:00,0.20895708,False,train,0.0500825,False,0.13063487,False,0.44615385,False,stabilized_flow_log_feature
2024-12-02 18:45:00,0.16774625,False,train,0.051741347,False,0.11463788,False,0.33685946,False,stabilized_flow_log_feature
2024-12-03 06:45:00,0.16893154,False,train,0.06264829,False,0.12090368,False,0.32324263,False,stabilized_flow_log_feature
2024-12-03 18:45:00,0.18337092,False,train,0.0682146,False,0.13862987,False,0.34326828,False,stabilized_flow_log_feature
2024-12-04 06:45:00,0.2091065,False,train,0.10485203,False,0.18676573,False,0.3357017,False,stabilized_flow_log_feature
2024-12-04 18:45:00,0.21457475,False,train,0.11741788,False,0.16079018,False,0.36551628,False,stabilized_flow_log_feature
2024-12-05 06:45:00,0.19897352,False,train,0.10194683,False,0.18720937,False,0.30776438,False,stabilized_flow_log_feature
2024-12-05 18:45:00,0.17433265,False,train,0.08750109,False,0.15889351,False,0.2766033,False,stabilized_flow_log_feature
2024-12-06 06:45:00,0.14327782,False,train,0.06354449,False,0.13747878,False,0.22881019,False,stabilized_flow_log_feature
2024-12-06 18:45:00,0.14673962,False,train,0.084225,False,0.122540064,False,0.23345375,False,stabilized_flow_log_feature
2024-12-07 06:45:00,0.1363955,False,train,0.064103946,False,0.1535647,False,0.19151779,False,stabilized_flow_log_feature
2024-12-07 18:45:00,0.15568227,False,train,0.09147709,False,0.14155991,False,0.23400982,False,stabilized_flow_log_feature
2024-12-08 06:45:00,0.15440826,False,train,0.13003342,False,0.1581936,False,0.17499776,False,stabilized_flow_log_feature
2024-12-08 18:45:00,0.18966943,False,train,0.11842152,False,0.1717091,False,0.2788777,False,stabilized_flow_log_feature
2024-12-09 06:45:00,0.19787131,False,train,0.0849134,False,0.19770347,False,0.31099704,False,stabilized_flow_log_feature
2024-12-09 18:45:00,0.13388507,False,train,0.07157875,False,0.117722206,False,0.21235426,False,stabilized_flow_log_feature
2024-12-10 06:45:00,0.13194117,False,train,0.07263916,False,0.12580438,False,0.19737999,False,stabilized_flow_log_feature
2024-12-10 18:45:00,0.14230111,False,train,0.0769857,False,0.12340692,False,0.22651064,False,stabilized_flow_log_feature
2024-12-11 06:45:00,0.15974864,False,train,0.0787361,False,0.16198601,False,0.23852383,False,stabilized_flow_log_feature
2024-12-11 18:45:00,0.19788297,False,train,0.0951572,False,0.16323991,False,0.33525178,False,stabilized_flow_log_feature
2024-12-12 06:45:00,0.26049507,False,train,0.124443464,False,0.27334598,True,0.38369572,False,stabilized_flow_log_feature
2024-12-12 18:45:00,0.28987134,False,train,0.15031826,False,0.28145927,True,0.43783653,False,stabilized_flow_log_feature
2024-12-13 06:45:00,0.25494462,False,train,0.16534977,False,0.25206152,True,0.34742257,False,stabilized_flow_log_feature
2024-12-13 18:45:00,0.17864643,False,train,0.12436557,False,0.1893758,False,0.22219793,False,stabilized_flow_log_feature
2024-12-14 06:45:00,0.24044521,False,train,0.108806305,False,0.24279499,False,0.36973432,False,stabilized_flow_log_feature
2024-12-14 18:45:00,0.23945567,False,train,0.09286907,False,0.21208908,False,0.41340888,False,stabilized_flow_log_feature
2024-12-15 06:45:00,0.1599626,False,train,0.095052384,False,0.12889756,False,0.25593787,False,stabilized_flow_log_feature
2024-12-15 18:45:00,0.1505763,False,train,0.07370203,False,0.09939278,False,0.27863407,False,stabilized_flow_log_feature
2024-12-16 06:45:00,0.13457559,False,train,0.06597514,False,0.103513,False,0.23423864,False,stabilized_flow_log_feature
2024-12-16 18:45:00,0.10311841,False,train,0.0650106,False,0.08314821,False,0.16119646,False,stabilized_flow_log_feature
2024-12-17 06:45:00,0.114862524,False,train,0.0589906,False,0.09488382,False,0.19071311,False,stabilized_flow_log_feature
2024-12-17 18:45:00,0.13184053,False,train,0.065532856,False,0.09440396,False,0.23558474,False,stabilized_flow_log_feature
2024-12-18 06:45:00,0.12803268,False,train,0.07805084,False,0.09934541,False,0.2067018,False,stabilized_flow_log_feature
2024-12-18 18:45:00,0.16587073,False,train,0.06465906,False,0.1050779,False,0.32787523,False,stabilized_flow_log_feature
2024-12-19 06:45:00,0.19376716,False,train,0.054365534,False,0.081945084,False,0.44499078,False,stabilized_flow_log_feature
2024-12-19 18:45:00,0.1750042,False,train,0.06680825,False,0.12416735,False,0.33403707,False,stabilized_flow_log_feature
2024-12-20 06:45:00,0.13902816,False,train,0.06800113,False,0.123908214,False,0.22517514,False,stabilized_flow_log_feature
2024-12-20 18:45:00,0.1473896,False,train,0.09025399,False,0.107718885,False,0.24419595,False,stabilized_flow_log_feature
2024-12-21 06:45:00,0.18151788,False,train,0.09617167,False,0.16835119,False,0.28003076,False,stabilized_flow_log_feature
2024-12-21 18:45:00,0.17562203,False,train,0.09177252,False,0.15459605,False,0.2804975,False,stabilized_flow_log_feature
2024-12-22 06:45:00,0.23200025,False,train,0.114678204,False,0.2209904,False,0.36033213,False,stabilized_flow_log_feature
2024-12-22 18:45:00,0.25412923,False,train,0.12520698,False,0.22226955,False,0.41491112,False,stabilized_flow_log_feature
2024-12-23 06:45:00,0.19032496,False,train,0.1339829,False,0.19473518,False,0.24225682,False,stabilized_flow_log_feature
2024-12-23 18:45:00,0.16099972,False,train,0.11427579,False,0.14835706,False,0.22036628,False,stabilized_flow_log_feature
2024-12-24 06:45:00,0.1545078,False,train,0.09597916,False,0.14003594,False,0.22750832,False,stabilized_flow_log_feature
2024-12-24 18:45:00,0.16803622,False,train,0.084192574,False,0.14073308,False,0.27918306,False,stabilized_flow_log_feature
2024-12-25 06:45:00,0.1911507,False,train,0.09150153,False,0.1698212,False,0.31212932,False,stabilized_flow_log_feature
2024-12-25 18:45:00,0.17895551,False,train,0.08286556,False,0.13795455,False,0.31604645,False,stabilized_flow_log_feature
2024-12-26 06:45:00,0.21089816,False,train,0.095523596,False,0.18001686,False,0.35715404,False,stabilized_flow_log_feature
2024-12-26 18:45:00,0.19629323,False,train,0.112335764,False,0.16359298,False,0.31295094,False,stabilized_flow_log_feature
2024-12-27 06:45:00,0.18933786,False,train,0.09973064,False,0.17236142,False,0.29592153,False,stabilized_flow_log_feature
2024-12-27 18:45:00,0.16792287,False,train,0.091654144,False,0.12984954,False,0.28226492,False,stabilized_flow_log_feature
2024-12-28 06:45:00,0.14192866,False,train,0.068497606,False,0.12845843,False,0.22882992,False,stabilized_flow_log_feature
2024-12-28 18:45:00,0.14064331,False,train,0.074843585,False,0.12953798,False,0.21754842,False,stabilized_flow_log_feature
2024-12-29 06:45:00,0.1604376,False,train,0.079882346,False,0.14557444,False,0.255856,False,stabilized_flow_log_feature
2024-12-29 18:45:00,0.15553102,False,train,0.057774853,False,0.12227151,False,0.28654662,False,stabilized_flow_log_feature
2024-12-30 06:45:00,0.16134919,False,train,0.08121916,False,0.16378485,False,0.23904358,False,stabilized_flow_log_feature
2024-12-30 18:45:00,0.15824422,False,train,0.088292085,False,0.15915109,False,0.22728945,False,stabilized_flow_log_feature
2024-12-31 06:45:00,0.18800709,False,train,0.08077258,False,0.13830046,False,0.3449482,False,stabilized_flow_log_feature
2024-12-31 18:45:00,0.19199917,False,train,0.06879488,False,0.12637748,False,0.38082516,False,stabilized_flow_log_feature
2025-01-01 06:45:00,0.16151777,False,train,0.07690626,False,0.12653515,False,0.28111187,False,stabilized_flow_log_feature
2025-01-01 18:45:00,0.13201702,False,train,0.05635214,False,0.10508814,False,0.2346108,False,stabilized_flow_log_feature
2025-01-02 06:45:00,0.15668522,False,train,0.06393446,False,0.12847155,False,0.27764964,False,stabilized_flow_log_feature
2025-01-02 18:45:00,0.16289656,False,train,0.08580255,False,0.12593296,False,0.27695414,False,stabilized_flow_log_feature
2025-01-03 06:45:00,0.2388888,False,train,0.09786271,False,0.20942134,False,0.40938234,False,stabilized_flow_log_feature
2025-01-03 18:45:00,0.22463459,False,train,0.07632796,False,0.1924749,False,0.40510097,False,stabilized_flow_log_feature
2025-01-04 06:45:00,0.16775317,False,train,0.085745685,False,0.17927273,False,0.23824112,False,stabilized_flow_log_feature
2025-01-04 18:45:00,0.14408311,False,train,0.07709058,False,0.12454302,False,0.23061575,False,stabilized_flow_log_feature
2025-01-05 06:45:00,0.121485025,False,train,0.035766695,False,0.07341025,False,0.25527814,False,stabilized_flow_log_feature
2025-01-05 18:45:00,0.11805674,False,train,0.040112246,False,0.07128733,False,0.24277063,False,stabilized_flow_log_feature
2025-01-06 06:45:00,0.12526068,False,train,0.045498546,False,0.077222876,False,0.2530606,False,stabilized_flow_log_feature
2025-01-06 18:45:00,0.12571177,False,train,0.04276864,False,0.06787035,False,0.2664963,False,stabilized_flow_log_feature
2025-01-07 06:45:00,0.15016504,False,train,0.058993597,False,0.060749542,False,0.33075202,False,stabilized_flow_log_feature
2025-01-07 18:45:00,0.14381266,False,train,0.047656536,False,0.061741725,False,0.32203966,False,stabilized_flow_log_feature
2025-01-08 06:45:00,0.11670894,False,train,0.0595922,False,0.09685939,False,0.19367523,False,stabilized_flow_log_feature
2025-01-08 18:45:00,0.18317194,False,train,0.08715158,False,0.1538728,False,0.3084915,False,stabilized_flow_log_feature
2025-01-09 06:45:00,0.24988103,False,train,0.098406844,False,0.1378612,False,0.5133749,False,stabilized_flow_log_feature
2025-01-09 18:45:00,0.2335971,False,train,0.07412028,False,0.13833703,False,0.48833397,False,stabilized_flow_log_feature
2025-01-10 06:45:00,0.20668219,False,train,0.07518142,False,0.11860315,False,0.426262,False,stabilized_flow_log_feature
2025-01-10 18:45:00,0.19755249,False,train,0.07262913,False,0.13171554,False,0.38831282,False,stabilized_flow_log_feature
2025-01-11 06:45:00,0.16790171,False,train,0.060221132,False,0.09871853,False,0.3447655,False,stabilized_flow_log_feature
2025-01-11 18:45:00,0.1646871,False,train,0.08023048,False,0.10792295,False,0.30590785,False,stabilized_flow_log_feature
2025-01-12 06:45:00,0.15865599,False,train,0.11007721,False,0.07166115,False,0.2942296,False,stabilized_flow_log_feature
2025-01-12 18:45:00,0.151921,False,train,0.06562039,False,0.08604888,False,0.30409375,False,stabilized_flow_log_feature
2025-01-13 06:45:00,0.14749262,False,train,0.067965694,False,0.08145705,False,0.2930551,False,stabilized_flow_log_feature
2025-01-13 18:45:00,0.14057902,False,train,0.07609693,False,0.07305222,False,0.27258793,False,stabilized_flow_log_feature
2025-01-14 06:45:00,0.1283778,False,train,0.07613442,False,0.08276748,False,0.22623152,False,stabilized_flow_log_feature
2025-01-14 18:45:00,0.13214776,False,train,0.071999036,False,0.08421741,False,0.24022685,False,stabilized_flow_log_feature
2025-01-15 06:45:00,0.18280898,False,train,0.07202665,False,0.10549734,False,0.37090293,False,stabilized_flow_log_feature
2025-01-15 18:45:00,0.18695143,False,train,0.05511852,False,0.12488971,False,0.38084602,False,stabilized_flow_log_feature
2025-01-16 06:45:00,0.16163713,False,train,0.05777745,False,0.077094525,False,0.35003948,False,stabilized_flow_log_feature
2025-01-16 18:45:00,0.17280895,False,train,0.08375918,False,0.094398044,False,0.34026965,False,stabilized_flow_log_feature
2025-01-17 06:45:00,0.1992306,False,train,0.056028713,False,0.10659059,False,0.43507245,False,stabilized_flow_log_feature
2025-01-17 18:45:00,0.20817882,False,train,0.07708324,False,0.1184805,False,0.42897272,False,stabilized_flow_log_feature
2025-01-18 06:45:00,0.14078255,False,train,0.11806639,False,0.09014302,False,0.21413831,False,stabilized_flow_log_feature
2025-01-18 18:45:00,0.1370956,False,train,0.111903645,False,0.07671312,False,0.22267002,False,stabilized_flow_log_feature
2025-01-19 06:45:00,0.1516591,False,train,0.10033563,False,0.109613396,False,0.2450283,False,stabilized_flow_log_feature
2025-01-19 18:45:00,0.14029363,False,train,0.084985755,False,0.09661579,False,0.23927933,False,stabilized_flow_log_feature
2025-01-20 06:45:00,0.17564623,False,train,0.068063416,False,0.111274816,False,0.34760046,False,stabilized_flow_log_feature
2025-01-20 18:45:00,0.22946467,False,train,0.058599904,False,0.110937916,False,0.51885617,False,stabilized_flow_log_feature
2025-01-21 06:45:00,0.23409921,False,train,0.049414624,False,0.16226543,False,0.49061754,False,stabilized_flow_log_feature
2025-01-21 18:45:00,0.20229389,False,train,0.056149304,False,0.11761614,False,0.43311617,False,stabilized_flow_log_feature
2025-01-22 06:45:00,0.24804756,False,train,0.08188364,False,0.15325731,False,0.5090018,False,stabilized_flow_log_feature
2025-01-22 18:45:00,0.22010326,False,train,0.0735554,False,0.15082346,False,0.43593088,False,stabilized_flow_log_feature
2025-01-23 06:45:00,0.15511784,False,train,0.042749524,False,0.08147789,False,0.3411261,False,stabilized_flow_log_feature
2025-01-23 18:45:00,0.1806374,False,train,0.045999378,False,0.115423195,False,0.3804896,False,stabilized_flow_log_feature
2025-01-24 06:45:00,0.19994704,False,train,0.07192271,False,0.12380397,False,0.40411445,False,stabilized_flow_log_feature
2025-01-24 18:45:00,0.18583687,False,train,0.07945136,False,0.10762032,False,0.37043896,False,stabilized_flow_log_feature
2025-01-25 06:45:00,0.1906475,False,train,0.07623092,False,0.14727587,False,0.34843573,False,stabilized_flow_log_feature
2025-01-25 18:45:00,0.1747633,False,train,0.06070425,False,0.14542352,False,0.31816214,False,stabilized_flow_log_feature
2025-01-26 06:45:00,0.14653936,False,train,0.054320972,False,0.08270585,False,0.3025912,False,stabilized_flow_log_feature
2025-01-26 18:45:00,0.18253501,False,train,0.050597455,False,0.104569055,False,0.39243856,False,stabilized_flow_log_feature
2025-01-27 06:45:00,0.21307322,False,train,0.051309843,False,0.08777523,False,0.5001346,False,stabilized_flow_log_feature
2025-01-27 18:45:00,0.20516334,False,train,0.055425957,False,0.1443765,False,0.41568756,False,stabilized_flow_log_feature
2025-01-28 06:45:00,0.1904511,False,train,0.06529166,False,0.12655662,False,0.37950504,False,stabilized_flow_log_feature
2025-01-28 18:45:00,0.19722313,False,train,0.048532173,False,0.1415744,False,0.4015628,False,stabilized_flow_log_feature
2025-01-29 06:45:00,0.16272399,False,train,0.048568714,False,0.09361148,False,0.34599176,False,stabilized_flow_log_feature
2025-01-29 18:45:00,0.15983175,False,train,0.043547645,False,0.081240736,False,0.3547069,False,stabilized_flow_log_feature
2025-01-30 06:45:00,0.17308968,False,train,0.07764716,False,0.12936494,False,0.31225696,False,stabilized_flow_log_feature
2025-01-30 18:45:00,0.15801933,False,train,0.066304825,False,0.12050278,False,0.28725034,False,stabilized_flow_log_feature
2025-01-31 06:45:00,0.2140761,False,train,0.038430057,False,0.085407205,False,0.518391,False,stabilized_flow_log_feature
2025-01-31 18:45:00,0.23272292,False,train,0.061719045,False,0.100138225,False,0.53631157,False,stabilized_flow_log_feature
2025-02-01 06:45:00,0.17272536,False,train,0.075281404,False,0.08956215,False,0.35333255,False,stabilized_flow_log_feature
2025-02-01 18:45:00,0.17241424,False,train,0.07920619,False,0.11408677,False,0.32394984,False,stabilized_flow_log_feature
2025-02-02 06:45:00,0.17257237,False,train,0.08325714,False,0.11480737,False,0.31965265,False,stabilized_flow_log_feature
2025-02-02 18:45:00,0.17536959,False,train,0.057785362,False,0.1263819,False,0.34194148,False,stabilized_flow_log_feature
2025-02-03 06:45:00,0.13277623,False,train,0.05191042,False,0.1076406,False,0.23877765,False,stabilized_flow_log_feature
2025-02-03 18:45:00,0.13439338,False,train,0.053877924,False,0.117266506,False,0.2320357,False,stabilized_flow_log_feature
2025-02-04 06:45:00,0.18678084,False,train,0.05380149,False,0.12420103,False,0.38233995,False,stabilized_flow_log_feature
2025-02-04 18:45:00,0.21089177,False,train,0.05200393,False,0.13399582,False,0.44667545,False,stabilized_flow_log_feature
2025-02-05 06:45:00,0.19202699,False,train,0.051126253,False,0.1324616,False,0.39249313,False,stabilized_flow_log_feature
2025-02-05 18:45:00,0.20798916,False,train,0.056304354,False,0.1677769,False,0.39988628,False,stabilized_flow_log_feature
2025-02-06 06:45:00,0.22239086,False,train,0.063961126,False,0.119018726,False,0.48419276,False,stabilized_flow_log_feature
2025-02-06 18:45:00,0.21048908,False,train,0.057637915,False,0.09296773,False,0.48086154,False,stabilized_flow_log_feature
2025-02-07 06:45:00,0.17939204,False,train,0.042084735,False,0.10278755,False,0.39330384,False,stabilized_flow_log_feature
2025-02-07 18:45:00,0.15323536,False,train,0.04011623,False,0.10718871,False,0.3124011,False,stabilized_flow_log_feature
2025-02-08 06:45:00,0.20714392,False,train,0.042026628,False,0.11439674,False,0.46500838,False,stabilized_flow_log_feature
2025-02-08 18:45:00,0.20251134,False,train,0.03932299,False,0.12267083,False,0.44554022,False,stabilized_flow_log_feature
2025-02-09 06:45:00,0.18795347,False,train,0.06575888,False,0.14079192,False,0.35730967,False,stabilized_flow_log_feature
2025-02-09 18:45:00,0.25191775,False,train,0.0621282,False,0.12185669,False,0.5717684,False,stabilized_flow_log_feature
2025-02-10 06:45:00,0.28220803,False,train,0.08085034,False,0.11298724,False,0.65278643,True,stabilized_flow_log_feature
2025-02-10 18:45:00,0.24047388,False,train,0.075355425,False,0.14535226,False,0.500714,False,stabilized_flow_log_feature
2025-02-11 06:45:00,0.17506808,False,train,0.06443601,False,0.12512854,False,0.3356397,False,stabilized_flow_log_feature
2025-02-11 18:45:00,0.17283604,False,train,0.050612543,False,0.10639087,False,0.36150467,False,stabilized_flow_log_feature
2025-02-12 06:45:00,0.23273224,False,train,0.04724243,False,0.122553654,False,0.5284006,False,stabilized_flow_log_feature
2025-02-12 18:45:00,0.20716313,False,train,0.045300335,False,0.10453147,False,0.4716576,False,stabilized_flow_log_feature
2025-02-13 06:45:00,0.1658885,False,train,0.04013777,False,0.089190684,False,0.36833712,False,stabilized_flow_log_feature
2025-02-13 18:45:00,0.19446203,False,train,0.044629294,False,0.13918196,False,0.39957485,False,stabilized_flow_log_feature
2025-02-14 06:45:00,0.20226575,False,train,0.048705023,False,0.122351885,False,0.43574038,False,stabilized_flow_log_feature
2025-02-14 18:45:00,0.18859196,False,train,0.042574737,False,0.10941386,False,0.41378725,False,stabilized_flow_log_feature
2025-02-15 06:45:00,0.2219044,False,train,0.04832685,False,0.11564392,False,0.5017424,False,stabilized_flow_log_feature
2025-02-15 18:45:00,0.24242033,False,train,0.053168625,False,0.15352905,False,0.5205633,False,stabilized_flow_log_feature
2025-02-16 06:45:00,0.18722418,False,train,0.05107593,False,0.11533173,False,0.39526486,False,stabilized_flow_log_feature
2025-02-16 18:45:00,0.20795925,False,train,0.056257654,False,0.1480951,False,0.41952494,False,stabilized_flow_log_feature
2025-02-17 06:45:00,0.19186121,False,train,0.053687975,False,0.12303537,False,0.3988603,False,stabilized_flow_log_feature
2025-02-17 18:45:00,0.17017888,False,train,0.046649188,False,0.09056026,False,0.3733271,False,stabilized_flow_log_feature
2025-02-18 06:45:00,0.17092708,False,train,0.07175911,False,0.100889206,False,0.34013295,False,stabilized_flow_log_feature
2025-02-18 18:45:00,0.18281344,False,train,0.06409906,False,0.12838261,False,0.3559586,False,stabilized_flow_log_feature
2025-02-19 06:45:00,0.23536897,False,train,0.055458236,False,0.13009943,False,0.52054924,False,stabilized_flow_log_feature
2025-02-19 18:45:00,0.22831167,False,train,0.06976908,False,0.15144761,False,0.46371827,False,stabilized_flow_log_feature
2025-02-20 06:45:00,0.18496707,False,train,0.084691115,False,0.11487811,False,0.35533205,False,stabilized_flow_log_feature
2025-02-20 18:45:00,0.17891902,False,train,0.084168844,False,0.085293435,False,0.3672948,False,stabilized_flow_log_feature
2025-02-21 06:45:00,0.16811503,False,train,0.04295553,False,0.075184174,False,0.3862054,False,stabilized_flow_log_feature
2025-02-21 18:45:00,0.18986012,False,train,0.056422085,False,0.088584006,False,0.42457423,False,stabilized_flow_log_feature
2025-02-22 06:45:00,0.21855853,False,train,0.06303739,False,0.11321694,False,0.4794213,False,stabilized_flow_log_feature
2025-02-22 18:45:00,0.2055343,False,train,0.050758373,False,0.10168905,False,0.46415547,False,stabilized_flow_log_feature
2025-02-23 06:45:00,0.19444576,False,train,0.058620665,False,0.09468307,False,0.43003356,False,stabilized_flow_log_feature
2025-02-23 18:45:00,0.23087412,False,train,0.06811579,False,0.15470709,False,0.46979952,False,stabilized_flow_log_feature
2025-02-24 06:45:00,0.20291974,False,train,0.05550034,False,0.13648792,False,0.41677094,False,stabilized_flow_log_feature
2025-02-24 18:45:00,0.24062961,False,train,0.05967966,False,0.1321585,False,0.5300507,False,stabilized_flow_log_feature
2025-02-25 06:45:00,0.24123117,False,train,0.08310481,False,0.14629681,False,0.49429187,False,stabilized_flow_log_feature
2025-02-25 18:45:00,0.15764451,False,train,0.06798157,False,0.11110773,False,0.2938442,False,stabilized_flow_log_feature
2025-02-26 06:45:00,0.131725,False,train,0.07307242,False,0.079757676,False,0.2423449,False,stabilized_flow_log_feature
2025-02-26 18:45:00,0.14639817,False,train,0.09262385,False,0.09608651,False,0.2504842,False,stabilized_flow_log_feature
2025-02-27 06:45:00,0.14290269,False,train,0.08771402,False,0.0779179,False,0.26307616,False,stabilized_flow_log_feature
2025-02-27 18:45:00,0.1323789,False,train,0.05525416,False,0.06895114,False,0.27293143,False,stabilized_flow_log_feature
2025-02-28 06:45:00,0.17279167,False,train,0.06296231,False,0.099066295,False,0.35634646,False,stabilized_flow_log_feature
2025-02-28 18:45:00,0.21014544,False,train,0.07258012,False,0.18278491,False,0.37507132,False,stabilized_flow_log_feature
2025-03-01 06:45:00,0.23857957,False,train,0.14784081,False,0.22197026,False,0.3459276,False,stabilized_flow_log_feature
2025-03-01 18:45:00,0.1391669,False,train,0.08648435,False,0.10939497,False,0.2216214,False,stabilized_flow_log_feature
2025-03-02 06:45:00,0.12395693,False,train,0.062419277,False,0.05273011,False,0.2567214,False,stabilized_flow_log_feature
2025-03-02 18:45:00,0.1347659,False,train,0.06978414,False,0.08180999,False,0.25270355,False,stabilized_flow_log_feature
2025-03-03 06:45:00,0.1270197,False,train,0.08102495,False,0.077906065,False,0.22212805,False,stabilized_flow_log_feature
2025-03-03 18:45:00,0.13130145,False,train,0.06711306,False,0.08646835,False,0.24032295,False,stabilized_flow_log_feature
2025-03-04 06:45:00,0.15482448,False,train,0.050288916,False,0.08368045,False,0.33050403,False,stabilized_flow_log_feature
2025-03-04 18:45:00,0.15564403,False,train,0.050891697,False,0.07664513,False,0.33939528,False,stabilized_flow_log_feature
2025-03-05 06:45:00,0.15312089,False,train,0.044518467,False,0.068011574,False,0.3468326,False,stabilized_flow_log_feature
2025-03-05 18:45:00,0.20346321,False,train,0.045417458,False,0.14334644,False,0.42162573,False,stabilized_flow_log_feature
2025-03-06 06:45:00,0.28437895,False,train,0.08075414,False,0.19852728,False,0.5738554,False,stabilized_flow_log_feature
2025-03-06 18:45:00,0.22484493,False,train,0.07874479,False,0.13619839,False,0.45959163,False,stabilized_flow_log_feature
2025-03-07 06:45:00,0.18011421,False,train,0.056396347,False,0.0942184,False,0.38972786,False,stabilized_flow_log_feature
2025-03-07 18:45:00,0.22131382,False,train,0.056963075,False,0.11897167,False,0.4880067,False,stabilized_flow_log_feature
2025-03-08 06:45:00,0.18269753,False,train,0.042457044,False,0.10720795,False,0.3984276,False,stabilized_flow_log_feature
2025-03-08 18:45:00,0.13331874,False,train,0.034982603,False,0.09270436,False,0.27226928,False,stabilized_flow_log_feature
2025-03-09 06:45:00,0.16888992,False,train,0.038642574,False,0.10012659,False,0.36790058,False,stabilized_flow_log_feature
2025-03-09 18:45:00,0.18815817,False,train,0.055122014,False,0.10952238,False,0.39983007,False,stabilized_flow_log_feature
2025-03-10 06:45:00,0.09472137,False,train,0.048942655,False,0.089643866,False,0.1455776,False,stabilized_flow_log_feature
2025-03-10 18:45:00,0.080688864,False,train,0.03715361,False,0.08452013,False,0.12039288,False,stabilized_flow_log_feature
2025-03-11 06:45:00,0.14731191,False,train,0.051642697,False,0.13273941,False,0.2575536,False,stabilized_flow_log_feature
2025-03-11 18:45:00,0.17378928,False,train,0.07484525,False,0.13639534,False,0.31012717,False,stabilized_flow_log_feature
2025-03-12 06:45:00,0.2477465,False,train,0.07971331,False,0.16347018,False,0.500056,False,stabilized_flow_log_feature
2025-03-12 18:45:00,0.2423065,False,train,0.114766896,False,0.14742422,False,0.46472827,False,stabilized_flow_log_feature
2025-03-13 06:45:00,0.1724442,False,train,0.1201546,False,0.16455548,False,0.23262255,False,stabilized_flow_log_feature
2025-03-13 18:45:00,0.17695802,False,train,0.100554846,False,0.1835079,False,0.24681135,False,stabilized_flow_log_feature
2025-03-14 06:45:00,0.21370143,False,train,0.15044622,False,0.23598397,False,0.25467405,False,stabilized_flow_log_feature
2025-03-14 18:45:00,0.2264128,False,train,0.13720286,False,0.21301128,False,0.32902429,False,stabilized_flow_log_feature
2025-03-15 06:45:00,0.27007797,False,train,0.11024677,False,0.23236126,False,0.46762598,False,stabilized_flow_log_feature
2025-03-15 18:45:00,0.22206844,False,train,0.10630088,False,0.15649074,False,0.40341365,False,stabilized_flow_log_feature
2025-03-16 06:45:00,0.14523369,False,train,0.06700038,False,0.1241493,False,0.24455142,False,stabilized_flow_log_feature
2025-03-16 18:45:00,0.3208962,True,train,0.15434569,False,0.29870766,True,0.5096352,False,stabilized_flow_log_feature
2025-03-17 06:45:00,0.37135985,True,train,0.16400369,False,0.34730458,True,0.6027712,False,stabilized_flow_log_feature
2025-03-17 18:45:00,0.19521374,False,train,0.10053032,False,0.15063542,False,0.33447543,False,stabilized_flow_log_feature
2025-03-18 06:45:00,0.18457283,False,train,0.11414317,False,0.18413578,False,0.25543955,False,stabilized_flow_log_feature
2025-03-19 18:45:00,0.33324414,True,train,0.13419105,False,0.28767297,True,0.5778684,False,stabilized_flow_log_feature
2025-03-20 06:45:00,0.26299042,False,train,0.14688589,False,0.2582374,True,0.38384795,False,stabilized_flow_log_feature
2025-03-20 18:45:00,0.10703294,False,train,0.050512042,False,0.08194513,False,0.18864167,False,stabilized_flow_log_feature
2025-03-21 06:45:00,0.083815716,False,train,0.049917724,False,0.089683734,False,0.11184567,False,stabilized_flow_log_feature
2025-03-21 18:45:00,0.08592481,False,train,0.046551198,False,0.09085661,False,0.120366625,False,stabilized_flow_log_feature
2025-03-22 06:45:00,0.15004954,False,train,0.064742036,False,0.12238437,False,0.26302224,False,stabilized_flow_log_feature
2025-03-22 18:45:00,0.14608376,False,train,0.06950337,False,0.104473196,False,0.2642747,False,stabilized_flow_log_feature
2025-03-23 06:45:00,0.0967834,False,train,0.061672065,False,0.08278892,False,0.1458892,False,stabilized_flow_log_feature
2025-03-23 18:45:00,0.090263225,False,train,0.047874015,False,0.07675626,False,0.1461594,False,stabilized_flow_log_feature
2025-03-24 06:45:00,0.10347983,False,train,0.053546596,False,0.09241718,False,0.16447571,False,stabilized_flow_log_feature
2025-03-24 18:45:00,0.10098326,False,test,0.048973292,False,0.09088113,False,0.16309534,False,stabilized_flow_log_feature
2025-03-25 06:45:00,0.13160701,False,test,0.056117326,False,0.08654874,False,0.25215498,False,stabilized_flow_log_feature
2025-03-25 18:45:00,0.13859469,False,test,0.056286797,False,0.113993585,False,0.24550372,False,stabilized_flow_log_feature
2025-03-26 06:45:00,0.14465372,False,test,0.07076374,False,0.12728474,False,0.2359127,False,stabilized_flow_log_feature
2025-03-26 18:45:00,0.13748485,False,test,0.054574702,False,0.11409997,False,0.24377988,False,stabilized_flow_log_feature
2025-03-27 06:45:00,0.11674007,False,test,0.07376551,False,0.10720589,False,0.1692488,False,stabilized_flow_log_feature
2025-03-27 18:45:00,0.10135431,False,test,0.04862879,False,0.09585873,False,0.15957542,False,stabilized_flow_log_feature
2025-03-28 06:45:00,0.10419647,False,test,0.053608373,False,0.09178967,False,0.16719137,False,stabilized_flow_log_feature
2025-03-28 18:45:00,0.09939288,False,test,0.04053496,False,0.09004957,False,0.16759413,False,stabilized_flow_log_feature
2025-03-29 06:45:00,0.09446362,False,test,0.052380566,False,0.09921169,False,0.13179858,False,stabilized_flow_log_feature
2025-03-29 18:45:00,0.09141696,False,test,0.05803053,False,0.083318286,False,0.13290207,False,stabilized_flow_log_feature
2025-03-30 06:45:00,0.091697186,False,test,0.052021757,False,0.06340608,False,0.15966369,False,stabilized_flow_log_feature
2025-03-30 18:45:00,0.092550926,False,test,0.03541132,False,0.08708147,False,0.15515998,False,stabilized_flow_log_feature
2025-03-31 06:45:00,0.07250082,False,test,0.044812333,False,0.08098113,False,0.09170901,False,stabilized_flow_log_feature
2025-03-31 18:45:00,0.06092257,False,test,0.05015414,False,0.060124937,False,0.07248862,False,stabilized_flow_log_feature
2025-04-01 06:45:00,0.09505146,False,test,0.059196338,False,0.09386464,False,0.13209341,False,stabilized_flow_log_feature
2025-04-01 18:45:00,0.102917895,False,test,0.04868659,False,0.10936364,False,0.15070346,False,stabilized_flow_log_feature
2025-04-02 06:45:00,0.1311202,False,test,0.07739668,False,0.11885062,False,0.19711326,False,stabilized_flow_log_feature
2025-04-02 18:45:00,0.13100865,False,test,0.07686987,False,0.11610017,False,0.20005596,False,stabilized_flow_log_feature
2025-04-03 06:45:00,0.118427515,False,test,0.06700928,False,0.12707883,False,0.16119437,False,stabilized_flow_log_feature
2025-04-03 18:45:00,0.10414569,False,test,0.053765845,False,0.10662258,False,0.15204863,False,stabilized_flow_log_feature
2025-04-04 06:45:00,0.09898817,False,test,0.04520162,False,0.0810551,False,0.17070778,False,stabilized_flow_log_feature
2025-04-04 18:45:00,0.102978125,False,test,0.042604905,False,0.089722075,False,0.17660737,False,stabilized_flow_log_feature
2025-04-05 06:45:00,0.08502391,False,test,0.048087686,False,0.08572173,False,0.12126231,False,stabilized_flow_log_feature
2025-04-05 18:45:00,0.07461459,False,test,0.038153034,False,0.068840526,False,0.116850235,False,stabilized_flow_log_feature
2025-04-06 06:45:00,0.05829827,False,test,0.032777995,False,0.060839523,False,0.08127729,False,stabilized_flow_log_feature
2025-04-06 18:45:00,0.052235514,False,test,0.02620527,False,0.05253041,False,0.07797087,False,stabilized_flow_log_feature
2025-04-07 06:45:00,0.060889408,False,test,0.030332081,False,0.04845716,False,0.103878975,False,stabilized_flow_log_feature
2025-04-07 18:45:00,0.074545935,False,test,0.03307097,False,0.057574015,False,0.13299283,False,stabilized_flow_log_feature
2025-04-08 06:45:00,0.11305492,False,test,0.042735104,False,0.11085955,False,0.18557014,False,stabilized_flow_log_feature
2025-04-08 18:45:00,0.15807694,False,test,0.054163784,False,0.19975232,False,0.22031473,False,stabilized_flow_log_feature
2025-04-09 06:45:00,0.1403528,False,test,0.051246554,False,0.15198614,False,0.21782573,False,stabilized_flow_log_feature
2025-04-09 18:45:00,0.1644597,False,test,0.055863395,False,0.12203535,False,0.31548035,False,stabilized_flow_log_feature
2025-04-10 06:45:00,0.15139157,False,test,0.042936306,False,0.114649445,False,0.29658887,False,stabilized_flow_log_feature
2025-04-10 18:45:00,0.09159103,False,test,0.039390016,False,0.07880429,False,0.15657878,False,stabilized_flow_log_feature
2025-04-11 06:45:00,0.110423,False,test,0.04660888,False,0.09945039,False,0.18520974,False,stabilized_flow_log_feature
2025-04-11 18:45:00,0.13871343,False,test,0.05779755,False,0.12938885,False,0.22895391,False,stabilized_flow_log_feature
2025-04-12 06:45:00,0.15513851,False,test,0.06970701,False,0.14963706,False,0.24607147,False,stabilized_flow_log_feature
2025-04-12 18:45:00,0.13437352,False,test,0.0468554,False,0.12980649,False,0.22645867,False,stabilized_flow_log_feature
2025-04-13 06:45:00,0.14447841,False,test,0.04744849,False,0.12906818,False,0.25691858,False,stabilized_flow_log_feature
2025-04-13 18:45:00,0.17038952,False,test,0.054394674,False,0.16369836,False,0.29307553,False,stabilized_flow_log_feature
2025-04-14 06:45:00,0.15511878,False,test,0.06741145,False,0.15692052,False,0.24102439,False,stabilized_flow_log_feature
2025-04-14 18:45:00,0.15440388,False,test,0.07494798,False,0.15192376,False,0.23633988,False,stabilized_flow_log_feature
2025-04-15 06:45:00,0.17042668,False,test,0.06456458,False,0.21119387,False,0.2355216,False,stabilized_flow_log_feature
2025-04-15 18:45:00,0.1308045,False,test,0.061186906,False,0.14847724,False,0.18274933,False,stabilized_flow_log_feature
2025-04-16 06:45:00,0.13741368,False,test,0.06831866,False,0.16047558,False,0.18344682,False,stabilized_flow_log_feature
2025-04-16 18:45:00,0.15485016,False,test,0.07329513,False,0.17376624,False,0.21748911,False,stabilized_flow_log_feature
2025-04-17 06:45:00,0.17261831,False,test,0.06924651,False,0.17118548,False,0.2774229,False,stabilized_flow_log_feature
2025-04-17 18:45:00,0.1574345,False,test,0.05705154,False,0.14362335,False,0.2716286,False,stabilized_flow_log_feature
2025-04-18 06:45:00,0.1374603,False,test,0.049195856,False,0.15217279,False,0.21101223,False,stabilized_flow_log_feature
2025-04-18 18:45:00,0.14213441,False,test,0.05157052,False,0.14710647,False,0.22772627,False,stabilized_flow_log_feature
2025-04-19 06:45:00,0.15848123,False,test,0.08028614,False,0.1478223,False,0.24733524,False,stabilized_flow_log_feature
2025-04-19 18:45:00,0.14010859,False,test,0.07264561,False,0.12648045,False,0.22119968,False,stabilized_flow_log_feature
2025-04-20 06:45:00,0.13869621,False,test,0.072518334,False,0.15981309,False,0.1837572,False,stabilized_flow_log_feature
2025-04-20 18:45:00,0.14785784,False,test,0.072045445,False,0.1376416,False,0.23388647,False,stabilized_flow_log_feature
2025-04-21 06:45:00,0.18361129,False,test,0.07479656,False,0.14590012,False,0.33013716,False,stabilized_flow_log_feature
2025-04-21 18:45:00,0.1625363,False,test,0.052877147,False,0.10752789,False,0.32720384,False,stabilized_flow_log_feature
2025-04-22 06:45:00,0.13073774,False,test,0.05240422,False,0.10858067,False,0.23122834,False,stabilized_flow_log_feature
2025-04-22 18:45:00,0.16431369,False,test,0.060159434,False,0.09089395,False,0.34188762,False,stabilized_flow_log_feature
2025-04-23 06:45:00,0.18501605,False,test,0.06740331,False,0.11924618,False,0.3683987,False,stabilized_flow_log_feature
2025-04-23 18:45:00,0.19840258,False,test,0.05062266,False,0.17426582,False,0.37031928,False,stabilized_flow_log_feature
2025-04-24 06:45:00,0.22475529,False,test,0.054613393,False,0.21711534,False,0.40253708,False,stabilized_flow_log_feature
2025-04-24 18:45:00,0.20817369,False,test,0.06363005,False,0.15775557,False,0.40313545,False,stabilized_flow_log_feature
2025-04-25 06:45:00,0.22479998,False,test,0.06700822,False,0.17879517,False,0.4285965,False,stabilized_flow_log_feature
2025-04-25 18:45:00,0.18269855,False,test,0.055276897,False,0.15100019,False,0.34181857,False,stabilized_flow_log_feature
2025-04-26 06:45:00,0.18686947,False,test,0.067799814,False,0.17058544,False,0.32222322,False,stabilized_flow_log_feature
2025-04-26 18:45:00,0.21314189,False,test,0.08757044,False,0.20701218,False,0.34484303,False,stabilized_flow_log_feature
2025-04-27 06:45:00,0.19638906,False,test,0.09317825,False,0.19276996,False,0.30321905,False,stabilized_flow_log_feature
2025-04-29 06:45:00,0.18247624,False,test,0.09018481,False,0.1399412,False,0.31730273,False,stabilized_flow_log_feature
2025-04-29 18:45:00,0.172552,False,test,0.08101934,False,0.15986077,False,0.2767758,False,stabilized_flow_log_feature
2025-04-30 06:45:00,0.14390737,False,test,0.061633572,False,0.1456027,False,0.22448581,False,stabilized_flow_log_feature
2025-04-30 18:45:00,0.15005736,False,test,0.057893496,False,0.11452809,False,0.27775046,False,stabilized_flow_log_feature
2025-05-01 06:45:00,0.19280767,False,test,0.07137764,False,0.16302735,False,0.344018,False,stabilized_flow_log_feature
2025-05-01 18:45:00,0.19211194,False,test,0.08420587,False,0.1908045,False,0.30132553,False,stabilized_flow_log_feature
2025-05-02 06:45:00,0.14729601,False,test,0.048819304,False,0.12907204,False,0.26399663,False,stabilized_flow_log_feature
2025-05-02 18:45:00,0.10629571,False,test,0.03744796,False,0.0690073,False,0.21243186,False,stabilized_flow_log_feature
2025-05-03 06:45:00,0.08533515,False,test,0.031438027,False,0.06498726,False,0.15958014,False,stabilized_flow_log_feature
2025-05-03 18:45:00,0.06630767,False,test,0.024013745,False,0.048896756,False,0.1260125,False,stabilized_flow_log_feature
2025-05-04 06:45:00,0.11235135,False,test,0.050444115,False,0.110058464,False,0.17655145,False,stabilized_flow_log_feature
2025-05-04 18:45:00,0.19040078,False,test,0.06284097,False,0.17473795,False,0.3336235,False,stabilized_flow_log_feature
2025-05-05 06:45:00,0.20881417,False,test,0.07053619,False,0.2461289,False,0.30977744,False,stabilized_flow_log_feature
2025-05-05 18:45:00,0.25032276,False,test,0.12921639,False,0.2642589,True,0.357493,False,stabilized_flow_log_feature
2025-05-06 06:45:00,0.26586187,False,test,0.11226234,False,0.27189097,True,0.41343224,False,stabilized_flow_log_feature
2025-05-06 18:45:00,0.1573692,False,test,0.092483975,False,0.14038487,False,0.23923874,False,stabilized_flow_log_feature
2025-05-07 06:45:00,0.13691783,False,test,0.079240434,False,0.15034354,False,0.18116952,False,stabilized_flow_log_feature
2025-05-07 18:45:00,0.11683098,False,test,0.061768204,False,0.10030365,False,0.18842109,False,stabilized_flow_log_feature
2025-05-08 06:45:00,0.13832562,False,test,0.06605704,False,0.13064595,False,0.21827383,False,stabilized_flow_log_feature
2025-05-08 18:45:00,0.14822003,False,test,0.07669901,False,0.13841136,False,0.2295497,False,stabilized_flow_log_feature
2025-05-09 06:45:00,0.13612345,False,test,0.088722885,False,0.15186815,False,0.16777931,False,stabilized_flow_log_feature
2025-05-09 18:45:00,0.11443803,False,test,0.06294715,False,0.12489736,False,0.15546958,False,stabilized_flow_log_feature
2025-05-10 06:45:00,0.11155992,False,test,0.05476426,False,0.121859014,False,0.1580565,False,stabilized_flow_log_feature
2025-05-10 18:45:00,0.112084426,False,test,0.05712102,False,0.0907512,False,0.18838109,False,stabilized_flow_log_feature
2025-05-11 06:45:00,0.11739487,False,test,0.0676204,False,0.115716495,False,0.16884774,False,stabilized_flow_log_feature
2025-05-11 18:45:00,0.10527136,False,test,0.046645552,False,0.09277276,False,0.17639576,False,stabilized_flow_log_feature
2025-05-12 06:45:00,0.1080742,False,test,0.057280406,False,0.12044493,False,0.1464973,False,stabilized_flow_log_feature
2025-05-12 18:45:00,0.087214194,False,test,0.051001593,False,0.08605898,False,0.124582015,False,stabilized_flow_log_feature
2025-05-13 06:45:00,0.10082198,False,test,0.060305238,False,0.12647893,False,0.11568177,False,return_temp_c
2025-05-13 18:45:00,0.09753649,False,test,0.06714863,False,0.09782196,False,0.12763888,False,stabilized_flow_log_feature
2025-05-14 06:45:00,0.10106354,False,test,0.0520186,False,0.11483082,False,0.13634123,False,stabilized_flow_log_feature
2025-05-14 18:45:00,0.092754416,False,test,0.04547665,False,0.095626734,False,0.13715984,False,stabilized_flow_log_feature
2025-05-15 06:45:00,0.0929196,False,test,0.04474177,False,0.10556146,False,0.12845556,False,stabilized_flow_log_feature
2025-05-15 18:45:00,0.097850375,False,test,0.049698774,False,0.09239817,False,0.15145417,False,stabilized_flow_log_feature
2025-05-16 06:45:00,0.09206098,False,test,0.043116897,False,0.10741257,False,0.12565346,False,stabilized_flow_log_feature
2025-05-16 18:45:00,0.0794291,False,test,0.041702062,False,0.08673579,False,0.109849416,False,stabilized_flow_log_feature
2025-05-17 06:45:00,0.08141348,False,test,0.04119699,False,0.08974585,False,0.113297604,False,stabilized_flow_log_feature
2025-05-17 18:45:00,0.080120385,False,test,0.03841946,False,0.08371672,False,0.11822498,False,stabilized_flow_log_feature
2025-05-18 06:45:00,0.09997097,False,test,0.044686664,False,0.106262505,False,0.14896373,False,stabilized_flow_log_feature
2025-05-18 18:45:00,0.08635305,False,test,0.039092403,False,0.08066686,False,0.13929988,False,stabilized_flow_log_feature
2025-05-19 06:45:00,0.065653056,False,test,0.03584896,False,0.072817855,False,0.08829234,False,stabilized_flow_log_feature
2025-05-19 18:45:00,0.07631895,False,test,0.040870506,False,0.06240903,False,0.12567727,False,stabilized_flow_log_feature
2025-05-20 06:45:00,0.08194247,False,test,0.026523823,False,0.05748349,False,0.16182008,False,stabilized_flow_log_feature
2025-05-20 18:45:00,0.08348149,False,test,0.022917269,False,0.067940466,False,0.15958673,False,stabilized_flow_log_feature
2025-05-21 06:45:00,0.07467217,False,test,0.027030015,False,0.07410207,False,0.12288443,False,stabilized_flow_log_feature
2025-05-21 18:45:00,0.074050754,False,test,0.035535615,False,0.07123756,False,0.11537909,False,stabilized_flow_log_feature
2025-05-22 06:45:00,0.11719913,False,test,0.044305716,False,0.106931426,False,0.20036028,False,stabilized_flow_log_feature
2025-05-22 18:45:00,0.15115045,False,test,0.052890826,False,0.109766014,False,0.29079452,False,stabilized_flow_log_feature
2025-05-23 06:45:00,0.12928495,False,test,0.028951691,False,0.08842179,False,0.27048135,False,stabilized_flow_log_feature
2025-05-23 18:45:00,0.122329846,False,test,0.031070033,False,0.08279427,False,0.25312522,False,stabilized_flow_log_feature
2025-05-24 06:45:00,0.117375106,False,test,0.037527326,False,0.095416546,False,0.21918146,False,stabilized_flow_log_feature
2025-05-24 18:45:00,0.11701258,False,test,0.04565392,False,0.1008747,False,0.20450908,False,stabilized_flow_log_feature
2025-05-25 06:45:00,0.12867157,False,test,0.043288697,False,0.092850305,False,0.24987574,False,stabilized_flow_log_feature
2025-05-25 18:45:00,0.13553198,False,test,0.05275352,False,0.08687497,False,0.26696745,False,stabilized_flow_log_feature
2025-05-26 06:45:00,0.1363935,False,test,0.054601908,False,0.09972638,False,0.2548522,False,stabilized_flow_log_feature
2025-05-26 18:45:00,0.13565016,False,test,0.03768367,False,0.12965484,False,0.23961194,False,stabilized_flow_log_feature
2025-05-27 06:45:00,0.115284905,False,test,0.030606069,False,0.078554325,False,0.23669432,False,stabilized_flow_log_feature
2025-05-27 18:45:00,0.09290395,False,test,0.03553071,False,0.058541447,False,0.18463974,False,stabilized_flow_log_feature
2025-05-28 06:45:00,0.08603937,False,test,0.033044577,False,0.077940546,False,0.147133,False,stabilized_flow_log_feature
2025-05-28 18:45:00,0.08275244,False,test,0.026548581,False,0.056819748,False,0.16488898,False,stabilized_flow_log_feature
2025-05-29 06:45:00,0.056087036,False,test,0.042269677,False,0.03284207,False,0.093149364,False,stabilized_flow_log_feature
2025-05-29 18:45:00,0.0535625,False,test,0.074504934,False,0.030168273,False,0.056014284,False,supply_temp_c
2025-05-30 06:45:00,0.06253657,False,test,0.10551395,False,0.026017493,False,0.05607825,False,supply_temp_c
2025-05-30 18:45:00,0.055061147,False,test,0.07205058,False,0.03544987,False,0.057682987,False,supply_temp_c
2025-05-31 06:45:00,0.05545236,False,test,0.03345487,False,0.058533553,False,0.074368656,False,stabilized_flow_log_feature
2025-05-31 18:45:00,0.06580178,False,test,0.042929735,False,0.076773316,False,0.077702284,False,stabilized_flow_log_feature
2025-06-01 06:45:00,0.060471967,False,test,0.035684597,False,0.07201433,False,0.073716976,False,stabilized_flow_log_feature
2025-06-01 18:45:00,0.04965123,False,test,0.02699984,False,0.04480751,False,0.077146344,False,stabilized_flow_log_feature
2025-06-02 06:45:00,0.05077063,False,test,0.032445382,False,0.06184578,False,0.05802073,False,return_temp_c
2025-06-02 18:45:00,0.056389347,False,test,0.036787227,False,0.06793974,False,0.06444106,False,return_temp_c
2025-06-03 06:45:00,0.064702615,False,test,0.030836314,False,0.055942487,False,0.10732905,False,stabilized_flow_log_feature
2025-06-03 18:45:00,0.064714074,False,test,0.035106827,False,0.053364415,False,0.10567098,False,stabilized_flow_log_feature
2025-06-04 06:45:00,0.11386267,False,test,0.0498009,False,0.09793616,False,0.19385095,False,stabilized_flow_log_feature
2025-06-04 18:45:00,0.11384194,False,test,0.04659447,False,0.093149744,False,0.20178162,False,stabilized_flow_log_feature
2025-06-05 06:45:00,0.0613322,False,test,0.033053827,False,0.053692143,False,0.09725063,False,stabilized_flow_log_feature
2025-06-05 18:45:00,0.06532243,False,test,0.03589871,False,0.053642552,False,0.10642606,False,stabilized_flow_log_feature
2025-06-06 06:45:00,0.06299297,False,test,0.03439324,False,0.064875394,False,0.08971027,False,stabilized_flow_log_feature
2025-06-06 18:45:00,0.050295554,False,test,0.030974844,False,0.052111845,False,0.067799985,False,stabilized_flow_log_feature
2025-06-07 06:45:00,0.06740271,False,test,0.036758553,False,0.049657602,False,0.11579198,False,stabilized_flow_log_feature
2025-06-07 18:45:00,0.07789482,False,test,0.03572574,False,0.053287685,False,0.14467104,False,stabilized_flow_log_feature
2025-06-08 06:45:00,0.067822136,False,test,0.030808846,False,0.05015887,False,0.12249871,False,stabilized_flow_log_feature
2025-06-08 18:45:00,0.060370997,False,test,0.033005364,False,0.04786199,False,0.10024563,False,stabilized_flow_log_feature
2025-06-09 06:45:00,0.058974996,False,test,0.040314373,False,0.05216934,False,0.08444128,False,stabilized_flow_log_feature
2025-06-09 18:45:00,0.09519165,False,test,0.06183723,False,0.07711415,False,0.14662357,False,stabilized_flow_log_feature
2025-06-10 06:45:00,0.08711093,False,test,0.051866595,False,0.0729646,False,0.13650161,False,stabilized_flow_log_feature
2025-06-10 18:45:00,0.046732865,False,test,0.027685845,False,0.042673957,False,0.0698388,False,stabilized_flow_log_feature
2025-06-11 06:45:00,0.064694576,False,test,0.037127484,False,0.04890455,False,0.10805171,False,stabilized_flow_log_feature
2025-06-11 18:45:00,0.11146058,False,test,0.06536942,False,0.0747096,False,0.19430268,False,stabilized_flow_log_feature
2025-06-12 06:45:00,0.11748084,False,test,0.058330566,False,0.077709585,False,0.21640235,False,stabilized_flow_log_feature
2025-06-12 18:45:00,0.07690474,False,test,0.032140564,False,0.06063017,False,0.13794349,False,stabilized_flow_log_feature
2025-06-13 06:45:00,0.073993735,False,test,0.048064917,False,0.05680342,False,0.11711285,False,stabilized_flow_log_feature
2025-06-13 18:45:00,0.07929831,False,test,0.053011294,False,0.06250819,False,0.12237546,False,stabilized_flow_log_feature
2025-06-14 06:45:00,0.06357252,False,test,0.036110345,False,0.05964915,False,0.094958074,False,stabilized_flow_log_feature
2025-06-14 18:45:00,0.070782036,False,test,0.04285985,False,0.07133106,False,0.09815519,False,stabilized_flow_log_feature
2025-06-15 06:45:00,0.09315465,False,test,0.043859437,False,0.07715639,False,0.15844814,False,stabilized_flow_log_feature
2025-06-15 18:45:00,0.08827052,False,test,0.041343443,False,0.049714085,False,0.17375404,False,stabilized_flow_log_feature
2025-06-16 06:45:00,0.0868907,False,test,0.046480656,False,0.061613988,False,0.15257744,False,stabilized_flow_log_feature
2025-06-16 18:45:00,0.08982753,False,test,0.04707175,False,0.06610937,False,0.15630145,False,stabilized_flow_log_feature
2025-06-17 06:45:00,0.08103209,False,test,0.03461331,False,0.06586635,False,0.14261658,False,stabilized_flow_log_feature
2025-06-17 18:45:00,0.09814879,False,test,0.04509419,False,0.0553793,False,0.19397289,False,stabilized_flow_log_feature
2025-06-18 06:45:00,0.092824094,False,test,0.04580927,False,0.055008244,False,0.17765474,False,stabilized_flow_log_feature
2025-06-18 18:45:00,0.113617405,False,test,0.051219035,False,0.05410162,False,0.23553157,False,stabilized_flow_log_feature
2025-06-19 06:45:00,0.12331879,False,test,0.048689198,False,0.06255779,False,0.2587094,False,stabilized_flow_log_feature
2025-06-19 18:45:00,0.119079456,False,test,0.052175656,False,0.07079128,False,0.23427145,False,stabilized_flow_log_feature
2025-06-20 06:45:00,0.09624139,False,test,0.061410155,False,0.06605028,False,0.16126376,False,stabilized_flow_log_feature
2025-06-20 18:45:00,0.06451592,False,test,0.056642797,False,0.05140604,False,0.08549893,False,stabilized_flow_log_feature
2025-06-21 06:45:00,0.06807695,False,test,0.036607478,False,0.05013155,False,0.11749184,False,stabilized_flow_log_feature
2025-06-21 18:45:00,0.078497,False,test,0.029985907,False,0.042390388,False,0.16311468,False,stabilized_flow_log_feature
2025-06-22 06:45:00,0.05865114,False,test,0.022799576,False,0.03232028,False,0.12083358,False,stabilized_flow_log_feature
2025-06-22 18:45:00,0.037811846,False,test,0.021163397,False,0.027697148,False,0.06457499,False,stabilized_flow_log_feature
2025-06-23 06:45:00,0.03986755,False,test,0.024416199,False,0.030760603,False,0.06442584,False,stabilized_flow_log_feature
2025-06-23 18:45:00,0.03630254,False,test,0.02304927,False,0.029714659,False,0.0561437,False,stabilized_flow_log_feature
2025-06-24 06:45:00,0.053946886,False,test,0.022384686,False,0.046406206,False,0.093049765,False,stabilized_flow_log_feature
2025-06-24 18:45:00,0.10408589,False,test,0.030872634,False,0.10335951,False,0.17802553,False,stabilized_flow_log_feature
2025-06-25 06:45:00,0.1038529,False,test,0.03533198,False,0.09842739,False,0.17779934,False,stabilized_flow_log_feature
2025-06-25 18:45:00,0.109308586,False,test,0.09105999,False,0.059910294,False,0.17695546,False,stabilized_flow_log_feature
2025-06-26 06:45:00,0.09495947,False,test,0.08450961,False,0.0464905,False,0.15387829,False,stabilized_flow_log_feature
2025-06-26 18:45:00,0.059869595,False,test,0.03647634,False,0.06543326,False,0.07769918,False,stabilized_flow_log_feature
2025-06-27 06:45:00,0.07792088,False,test,0.035274312,False,0.08113769,False,0.11735063,False,stabilized_flow_log_feature
2025-06-27 18:45:00,0.06608772,False,test,0.02707404,False,0.049167965,False,0.122021146,False,stabilized_flow_log_feature
2025-06-28 06:45:00,0.06931645,False,test,0.03620754,False,0.044351492,False,0.12739028,False,stabilized_flow_log_feature
2025-06-28 18:45:00,0.0725758,False,test,0.035992462,False,0.04293194,False,0.138803,False,stabilized_flow_log_feature
2025-06-29 06:45:00,0.073830344,False,test,0.036478616,False,0.057676937,False,0.12733547,False,stabilized_flow_log_feature
2025-06-29 18:45:00,0.10025395,False,test,0.056046646,False,0.082072355,False,0.16264282,False,stabilized_flow_log_feature
2025-06-30 06:45:00,0.097718455,False,test,0.07453547,False,0.0921261,False,0.1264938,False,stabilized_flow_log_feature
2025-06-30 18:45:00,0.12931646,False,test,0.07991102,False,0.12889369,False,0.17914473,False,stabilized_flow_log_feature
2025-07-01 06:45:00,0.16002059,False,test,0.109513454,False,0.18208694,False,0.18846136,False,stabilized_flow_log_feature
2025-07-01 18:45:00,0.13744076,False,test,0.10225866,False,0.13534306,False,0.17472057,False,stabilized_flow_log_feature
2025-07-02 06:45:00,0.12062511,False,test,0.13054849,False,0.11713847,False,0.11418835,False,supply_temp_c
2025-07-02 18:45:00,0.10262908,False,test,0.12907568,False,0.11540178,False,0.06340978,False,supply_temp_c
2025-07-03 06:45:00,0.080689415,False,test,0.07451482,False,0.07755175,False,0.090001665,False,stabilized_flow_log_feature
2025-07-03 18:45:00,0.11126486,False,test,0.06614469,False,0.08530884,False,0.18234108,False,stabilized_flow_log_feature
2025-07-04 06:45:00,0.10381438,False,test,0.05874263,False,0.09365506,False,0.15904546,False,stabilized_flow_log_feature
2025-07-04 18:45:00,0.06993581,False,test,0.053255197,False,0.053902376,False,0.10264984,False,stabilized_flow_log_feature
2025-07-05 06:45:00,0.0773504,False,test,0.051442485,False,0.050247718,False,0.130361,False,stabilized_flow_log_feature
2025-07-05 18:45:00,0.07003215,False,test,0.056845505,False,0.043228652,False,0.11002231,False,stabilized_flow_log_feature
2025-07-06 06:45:00,0.07607153,False,test,0.058701884,False,0.05289902,False,0.11661368,False,stabilized_flow_log_feature
2025-07-06 18:45:00,0.072319046,False,test,0.044619787,False,0.04505247,False,0.12728484,False,stabilized_flow_log_feature
2025-07-07 06:45:00,0.07365812,False,test,0.028019143,False,0.047852915,False,0.1451023,False,stabilized_flow_log_feature
2025-07-07 18:45:00,0.103095956,False,test,0.037681885,False,0.06657789,False,0.20502806,False,stabilized_flow_log_feature
2025-07-08 06:45:00,0.14057411,False,test,0.082435094,False,0.11835597,False,0.22093125,False,stabilized_flow_log_feature
2025-07-08 18:45:00,0.10424661,False,test,0.07559755,False,0.09325906,False,0.14388324,False,stabilized_flow_log_feature
2025-07-09 06:45:00,0.08618828,False,test,0.0614235,False,0.04518992,False,0.15195142,False,stabilized_flow_log_feature
2025-07-09 18:45:00,0.105986945,False,test,0.07659999,False,0.05897027,False,0.18239056,False,stabilized_flow_log_feature
2025-07-10 06:45:00,0.10987074,False,test,0.12860863,False,0.09898543,False,0.10201814,False,supply_temp_c
2025-07-10 18:45:00,0.11791894,False,test,0.16359825,False,0.12925395,False,0.06090464,False,supply_temp_c
2025-07-11 06:45:00,0.10341812,False,test,0.13926989,False,0.11536989,False,0.05561458,False,supply_temp_c
2025-07-11 18:45:00,0.0991738,False,test,0.12618387,False,0.11327071,False,0.058066815,False,supply_temp_c
2025-07-12 06:45:00,0.09462497,False,test,0.12417197,False,0.11011678,False,0.049586136,False,supply_temp_c
2025-07-12 18:45:00,0.087531075,False,test,0.114666395,False,0.098293096,False,0.04963371,False,supply_temp_c
2025-07-13 06:45:00,0.09530256,False,test,0.13612862,False,0.10153801,False,0.048241064,False,supply_temp_c
2025-07-13 18:45:00,0.108691245,False,test,0.14843954,False,0.11699564,False,0.060638536,False,supply_temp_c
2025-07-14 06:45:00,0.11413908,False,test,0.16109242,False,0.11952353,False,0.061801255,False,supply_temp_c
2025-07-14 18:45:00,0.10775125,False,test,0.1610791,False,0.112086825,False,0.050087806,False,supply_temp_c
2025-07-15 06:45:00,0.111652285,False,test,0.14670856,False,0.12046021,False,0.067788064,False,supply_temp_c
