window_start,reconstruction_mse,is_reconstruction_anomaly,split,supply_temp_c_reconstruction_mse,is_supply_temp_c_channel_anomaly,return_temp_c_reconstruction_mse,is_return_temp_c_channel_anomaly,derived_flow_kg_s_reconstruction_mse,is_derived_flow_kg_s_channel_anomaly,dominant_anomalous_feature
2024-01-03 18:45:00,0.10995436,False,train,0.10356462,False,0.07595162,False,0.15034685,False,derived_flow_kg_s
2024-01-04 06:45:00,0.12785721,False,train,0.08030374,False,0.09729453,False,0.20597334,False,derived_flow_kg_s
2024-01-04 18:45:00,0.13905503,False,train,0.10100082,False,0.089471586,False,0.22669272,False,derived_flow_kg_s
2024-01-05 06:45:00,0.15855633,False,train,0.12726842,False,0.09575219,False,0.25264838,False,derived_flow_kg_s
2024-01-05 18:45:00,0.16003221,False,train,0.1134519,False,0.12346976,False,0.24317496,False,derived_flow_kg_s
2024-01-06 06:45:00,0.24509308,False,train,0.16037644,False,0.12607755,False,0.4488252,False,derived_flow_kg_s
2024-01-06 18:45:00,0.25014183,False,train,0.13079949,False,0.10179364,False,0.51783246,False,derived_flow_kg_s
2024-01-07 06:45:00,0.2909083,False,train,0.15383355,False,0.12533262,False,0.5935588,False,derived_flow_kg_s
2024-01-07 18:45:00,0.17432527,False,train,0.13866599,False,0.10581267,False,0.27849716,False,derived_flow_kg_s
2024-01-08 06:45:00,0.10916963,False,train,0.1214298,False,0.085032076,False,0.121047,False,supply_temp_c
2024-01-08 18:45:00,0.076537445,False,train,0.09169971,False,0.07427361,False,0.06363903,False,supply_temp_c
2024-01-09 06:45:00,0.06231326,False,train,0.073954836,False,0.054436654,False,0.058548287,False,supply_temp_c
2024-01-09 18:45:00,0.056771442,False,train,0.07158807,False,0.0549959,False,0.04373036,False,supply_temp_c
2024-01-10 06:45:00,0.079647936,False,train,0.09991037,False,0.07210098,False,0.06693245,False,supply_temp_c
2024-01-10 18:45:00,0.067406125,False,train,0.098096125,False,0.055287793,False,0.048834454,False,supply_temp_c
2024-01-11 06:45:00,0.05065621,False,train,0.07424105,False,0.025961848,False,0.05176573,False,supply_temp_c
2024-01-11 18:45:00,0.050415277,False,train,0.061808232,False,0.03505791,False,0.05437969,False,supply_temp_c
2024-01-12 06:45:00,0.06016869,False,train,0.097447485,False,0.03499137,False,0.0480672,False,supply_temp_c
2024-01-12 18:45:00,0.04978688,False,train,0.067574896,False,0.035393987,False,0.046391755,False,supply_temp_c
2024-01-13 06:45:00,0.059240393,False,train,0.080430426,False,0.04031044,False,0.05698033,False,supply_temp_c
2024-01-13 18:45:00,0.08868326,False,train,0.09764561,False,0.07269869,False,0.09570551,False,supply_temp_c
2024-01-14 06:45:00,0.14903858,False,train,0.119502306,False,0.08717898,False,0.24043441,False,derived_flow_kg_s
2024-01-14 18:45:00,0.121273875,False,train,0.0913454,False,0.05578649,False,0.21668975,False,derived_flow_kg_s
2024-01-15 06:45:00,0.08140259,False,train,0.08908189,False,0.055383902,False,0.09974199,False,derived_flow_kg_s
2024-01-15 18:45:00,0.098808795,False,train,0.13090813,False,0.074467964,False,0.09105032,False,supply_temp_c
2024-01-16 06:45:00,0.07307577,False,train,0.09109145,False,0.05923037,False,0.0689055,False,supply_temp_c
2024-01-16 18:45:00,0.056563668,False,train,0.058878675,False,0.049734164,False,0.06107816,False,derived_flow_kg_s
2024-01-17 06:45:00,0.31168965,False,train,0.19080292,False,0.12912898,False,0.61513704,False,derived_flow_kg_s
2024-01-17 18:45:00,0.20153584,False,train,0.14059268,False,0.06836298,False,0.3956519,False,derived_flow_kg_s
2024-01-18 06:45:00,0.043963242,False,train,0.03660592,False,0.026688227,False,0.06859559,False,derived_flow_kg_s
2024-01-18 18:45:00,0.044491883,False,train,0.04174927,False,0.044462685,False,0.047263693,False,derived_flow_kg_s
2024-01-19 06:45:00,0.056439485,False,train,0.04993685,False,0.054270532,False,0.06511108,False,derived_flow_kg_s
2024-01-19 18:45:00,0.05614184,False,train,0.041821048,False,0.05961427,False,0.06699019,False,derived_flow_kg_s
2024-01-20 06:45:00,0.049903702,False,train,0.050413188,False,0.055396687,False,0.04390123,False,return_temp_c
2024-01-20 18:45:00,0.032683015,False,train,0.043298844,False,0.031813502,False,0.022936704,False,supply_temp_c
2024-01-21 06:45:00,0.060054913,False,train,0.07121777,False,0.03466293,False,0.07428404,False,derived_flow_kg_s
2024-01-21 18:45:00,0.06644132,False,train,0.090575725,False,0.032422043,False,0.07632617,False,supply_temp_c
2024-01-22 06:45:00,0.20647094,False,train,0.11044192,False,0.23027603,False,0.2786948,False,derived_flow_kg_s
2024-01-22 18:45:00,0.25863317,False,train,0.106042236,False,0.27067927,False,0.39917794,False,derived_flow_kg_s
2024-01-23 06:45:00,0.16483693,False,train,0.095799,False,0.18528344,False,0.21342826,False,derived_flow_kg_s
2024-01-23 18:45:00,0.07214727,False,train,0.054760825,False,0.08432651,False,0.07735448,False,return_temp_c
2024-01-24 06:45:00,0.054995682,False,train,0.05810884,False,0.05317569,False,0.053702503,False,supply_temp_c
2024-01-24 18:45:00,0.06170742,False,train,0.057247285,False,0.070206255,False,0.057668705,False,return_temp_c
2024-01-25 06:45:00,0.06949869,False,train,0.046997547,False,0.092809014,False,0.0686895,False,return_temp_c
2024-01-25 18:45:00,0.08291271,False,train,0.067149155,False,0.11330027,False,0.0682887,False,return_temp_c
2024-01-26 06:45:00,0.07523256,False,train,0.061852362,False,0.103128344,False,0.060716957,False,return_temp_c
2024-01-26 18:45:00,0.08016668,False,train,0.08177144,False,0.09966601,False,0.05906262,False,return_temp_c
2024-01-27 06:45:00,0.07952072,False,train,0.10889416,False,0.08928517,False,0.040382814,False,supply_temp_c
2024-01-27 18:45:00,0.06834404,False,train,0.09989062,False,0.043706965,False,0.061434537,False,supply_temp_c
2024-01-28 06:45:00,0.06923739,False,train,0.089891665,False,0.03490502,False,0.08291547,False,supply_temp_c
2024-01-28 18:45:00,0.048615325,False,train,0.06383859,False,0.02919166,False,0.05281572,False,supply_temp_c
2024-01-29 06:45:00,0.053125862,False,train,0.062552385,False,0.041843634,False,0.05498156,False,supply_temp_c
2024-01-29 18:45:00,0.05551435,False,train,0.067921996,False,0.044805437,False,0.053815622,False,supply_temp_c
2024-01-30 06:45:00,0.06942867,False,train,0.08214011,False,0.053184975,False,0.07296092,False,supply_temp_c
2024-01-30 18:45:00,0.08184637,False,train,0.110072054,False,0.057649244,False,0.0778178,False,supply_temp_c
2024-01-31 06:45:00,0.09856685,False,train,0.08952659,False,0.047090754,False,0.1590832,False,derived_flow_kg_s
2024-01-31 18:45:00,0.09028783,False,train,0.06707971,False,0.04914533,False,0.15463845,False,derived_flow_kg_s
2024-02-01 06:45:00,0.060315028,False,train,0.066056244,False,0.0408212,False,0.07406763,False,derived_flow_kg_s
2024-02-01 18:45:00,0.06429781,False,train,0.07086631,False,0.052685056,False,0.06934208,False,supply_temp_c
2024-02-02 06:45:00,0.07597473,False,train,0.06669704,False,0.05196817,False,0.10925899,False,derived_flow_kg_s
2024-02-02 18:45:00,0.07592753,False,train,0.06327618,False,0.04466417,False,0.11984225,False,derived_flow_kg_s
2024-02-03 06:45:00,0.07341939,False,train,0.072448775,False,0.054163247,False,0.09364616,False,derived_flow_kg_s
2024-02-03 18:45:00,0.10493216,False,train,0.102627255,False,0.09359065,False,0.118578576,False,derived_flow_kg_s
2024-02-04 06:45:00,0.09970259,False,train,0.0951331,False,0.091591656,False,0.11238303,False,derived_flow_kg_s
2024-02-04 18:45:00,0.080545425,False,train,0.075409755,False,0.055185482,False,0.11104104,False,derived_flow_kg_s
2024-02-05 06:45:00,0.08846623,False,train,0.09000605,False,0.051783253,False,0.12360937,False,derived_flow_kg_s
2024-02-05 18:45:00,0.06686724,False,train,0.09103676,False,0.034654327,False,0.07491063,False,supply_temp_c
2024-02-06 06:45:00,0.050628565,False,train,0.06453264,False,0.036032062,False,0.051320996,False,supply_temp_c
2024-02-06 18:45:00,0.055437163,False,train,0.07110638,False,0.041706193,False,0.053498898,False,supply_temp_c
2024-02-07 06:45:00,0.070299596,False,train,0.07694829,False,0.05422278,False,0.079727724,False,derived_flow_kg_s
2024-02-07 18:45:00,0.082041286,False,train,0.094144054,False,0.07056155,False,0.08141825,False,supply_temp_c
2024-02-08 06:45:00,0.07183107,False,train,0.086784266,False,0.057189807,False,0.07151914,False,supply_temp_c
2024-02-08 18:45:00,0.05892374,False,train,0.068340115,False,0.042573135,False,0.065858,False,supply_temp_c
2024-02-09 06:45:00,0.072028,False,train,0.07544563,False,0.044747982,False,0.09589037,False,derived_flow_kg_s
2024-02-09 18:45:00,0.07332687,False,train,0.077650666,False,0.044640318,False,0.097689636,False,derived_flow_kg_s
2024-02-10 06:45:00,0.055943623,False,train,0.059289057,False,0.040165063,False,0.06837673,False,derived_flow_kg_s
2024-02-10 18:45:00,0.04820745,False,train,0.054449335,False,0.048151746,False,0.04202128,False,supply_temp_c
2024-02-11 06:45:00,0.039991923,False,train,0.04486774,False,0.033019103,False,0.04208893,False,supply_temp_c
2024-02-11 18:45:00,0.04529595,False,train,0.052415654,False,0.046497073,False,0.036975127,False,supply_temp_c
2024-02-12 06:45:00,0.039517332,False,train,0.03419082,False,0.04542248,False,0.0389387,False,return_temp_c
2024-02-12 18:45:00,0.07115069,False,train,0.07230134,False,0.06796857,False,0.07318217,False,derived_flow_kg_s
2024-02-13 06:45:00,0.09333724,False,train,0.100136764,False,0.08833129,False,0.09154365,False,supply_temp_c
2024-02-13 18:45:00,0.080351174,False,train,0.08839355,False,0.07407839,False,0.07858157,False,supply_temp_c
2024-02-14 06:45:00,0.104549155,False,train,0.118005626,False,0.08679826,False,0.108843595,False,supply_temp_c
2024-02-14 18:45:00,0.15060054,False,train,0.14642559,False,0.1349429,False,0.17043321,False,derived_flow_kg_s
2024-02-15 06:45:00,0.115118295,False,train,0.09132076,False,0.11059594,False,0.14343818,False,derived_flow_kg_s
2024-02-15 18:45:00,0.059858706,False,train,0.044833332,False,0.07309074,False,0.06165205,False,return_temp_c
2024-02-16 06:45:00,0.05683171,False,train,0.041486245,False,0.07311398,False,0.055894915,False,return_temp_c
2024-02-16 18:45:00,0.060543317,False,train,0.047155276,False,0.07006884,False,0.06440582,False,return_temp_c
2024-02-17 06:45:00,0.057163134,False,train,0.04882579,False,0.061054904,False,0.061608702,False,derived_flow_kg_s
2024-02-17 18:45:00,0.044976987,False,train,0.03256833,False,0.051202297,False,0.05116033,False,return_temp_c
2024-02-18 06:45:00,0.045608666,False,train,0.04396977,False,0.04425606,False,0.04860018,False,derived_flow_kg_s
2024-02-18 18:45:00,0.05995999,False,train,0.06934437,False,0.05880338,False,0.0517322,False,supply_temp_c
2024-02-19 06:45:00,0.07946368,False,train,0.08360509,False,0.07652176,False,0.078264184,False,supply_temp_c
2024-02-19 18:45:00,0.08213098,False,train,0.07447349,False,0.06082921,False,0.111090265,False,derived_flow_kg_s
2024-02-20 06:45:00,0.111378804,False,train,0.0998973,False,0.084639646,False,0.14959948,False,derived_flow_kg_s
2024-02-20 18:45:00,0.12033612,False,train,0.11701244,False,0.08767054,False,0.15632541,False,derived_flow_kg_s
2024-02-21 06:45:00,0.07815483,False,train,0.071170054,False,0.057214007,False,0.10608041,False,derived_flow_kg_s
2024-02-21 18:45:00,0.059170976,False,train,0.055871744,False,0.06730359,False,0.054337617,False,return_temp_c
2024-02-22 06:45:00,0.058467574,False,train,0.048338816,False,0.06777851,False,0.059285402,False,return_temp_c
2024-02-22 18:45:00,0.052766874,False,train,0.068527035,False,0.039125253,False,0.05064832,False,supply_temp_c
2024-02-23 06:45:00,0.05447389,False,train,0.06265189,False,0.043691713,False,0.05707808,False,supply_temp_c
2024-02-23 18:45:00,0.0513207,False,train,0.040254753,False,0.056294695,False,0.057412643,False,derived_flow_kg_s
2024-02-24 06:45:00,0.04612471,False,train,0.039095953,False,0.048186403,False,0.051091764,False,derived_flow_kg_s
2024-02-24 18:45:00,0.05154489,False,train,0.051200096,False,0.04863633,False,0.054798234,False,derived_flow_kg_s
2024-02-25 06:45:00,0.04367913,False,train,0.042618666,False,0.03846514,False,0.049953576,False,derived_flow_kg_s
2024-02-25 18:45:00,0.036838446,False,train,0.025073819,False,0.029172929,False,0.056268603,False,derived_flow_kg_s
2024-02-26 06:45:00,0.047821123,False,train,0.039284732,False,0.041140873,False,0.06303778,False,derived_flow_kg_s
2024-02-26 18:45:00,0.05095158,False,train,0.04708035,False,0.050609782,False,0.05516461,False,derived_flow_kg_s
2024-02-27 06:45:00,0.043015856,False,train,0.042964537,False,0.044566065,False,0.041516975,False,return_temp_c
2024-02-27 18:45:00,0.04889607,False,train,0.04454954,False,0.058471095,False,0.043667585,False,return_temp_c
2024-02-28 06:45:00,0.050973766,False,train,0.04193471,False,0.06482034,False,0.046166252,False,return_temp_c
2024-02-28 18:45:00,0.040323522,False,train,0.030649751,False,0.046250343,False,0.044070464,False,return_temp_c
2024-02-29 06:45:00,0.058464263,False,train,0.039291132,False,0.0691138,False,0.066987865,False,return_temp_c
2024-02-29 18:45:00,0.056242857,False,train,0.035021644,False,0.071436435,False,0.06227049,False,return_temp_c
2024-03-01 06:45:00,0.045076303,False,train,0.039344635,False,0.045959253,False,0.04992503,False,derived_flow_kg_s
2024-03-01 18:45:00,0.06300586,False,train,0.05962473,False,0.07332172,False,0.0560711,False,return_temp_c
2024-03-02 06:45:00,0.09646688,False,train,0.084697455,False,0.09470423,False,0.10999894,False,derived_flow_kg_s
2024-03-02 18:45:00,0.07312445,False,train,0.047356937,False,0.056645457,False,0.11537097,False,derived_flow_kg_s
2024-03-03 06:45:00,0.082062446,False,train,0.07810285,False,0.058274966,False,0.10980951,False,derived_flow_kg_s
2024-03-03 18:45:00,0.1359989,False,train,0.09248626,False,0.12987213,False,0.18563831,False,derived_flow_kg_s
2024-03-04 06:45:00,0.18201447,False,train,0.10052272,False,0.13341226,False,0.31210846,False,derived_flow_kg_s
2024-03-04 18:45:00,0.14963745,False,train,0.08193038,False,0.1334163,False,0.23356567,False,derived_flow_kg_s
2024-03-05 06:45:00,0.085448176,False,train,0.08345159,False,0.08540585,False,0.08748707,False,derived_flow_kg_s
2024-03-05 18:45:00,0.08256982,False,train,0.08373185,False,0.075168274,False,0.088809334,False,derived_flow_kg_s
2024-03-06 06:45:00,0.07845085,False,train,0.069769405,False,0.08643051,False,0.07915264,False,return_temp_c
2024-03-06 18:45:00,0.09526908,False,train,0.082600765,False,0.1144649,False,0.08874158,False,return_temp_c
2024-03-07 06:45:00,0.11466294,False,train,0.121758975,False,0.12860028,False,0.09362955,False,return_temp_c
2024-03-07 18:45:00,0.13727123,False,train,0.14747833,False,0.15018423,False,0.1141511,False,return_temp_c
2024-03-08 06:45:00,0.1290331,False,train,0.1239013,False,0.14326893,False,0.11992911,False,return_temp_c
2024-03-08 18:45:00,0.111974865,False,train,0.07644134,False,0.10659891,False,0.15288435,False,derived_flow_kg_s
2024-03-09 06:45:00,0.11274186,False,train,0.075255476,False,0.1067673,False,0.15620281,False,derived_flow_kg_s
2024-03-09 18:45:00,0.10883568,False,train,0.056959007,False,0.11680866,False,0.15273939,False,derived_flow_kg_s
2024-03-10 06:45:00,0.11595469,False,train,0.058007296,False,0.12075504,False,0.16910176,False,derived_flow_kg_s
2024-03-10 18:45:00,0.10723003,False,train,0.09214739,False,0.09771816,False,0.13182454,False,derived_flow_kg_s
2024-03-11 06:45:00,0.24981247,False,train,0.10220867,False,0.0736867,False,0.5735422,False,derived_flow_kg_s
2024-03-11 18:45:00,0.26671946,False,train,0.09832099,False,0.119277656,False,0.5825597,False,derived_flow_kg_s
2024-03-12 06:45:00,0.108608074,False,train,0.0994634,False,0.11149284,False,0.11486801,False,derived_flow_kg_s
2024-03-12 18:45:00,0.14177686,False,train,0.063834906,False,0.11752165,False,0.24397402,False,derived_flow_kg_s
2024-03-13 06:45:00,0.13472869,False,train,0.05463916,False,0.08746839,False,0.26207855,False,derived_flow_kg_s
2024-03-13 18:45:00,0.092994556,False,train,0.057451,False,0.10790375,False,0.113628946,False,derived_flow_kg_s
2024-03-14 06:45:00,0.071327634,False,train,0.06287814,False,0.06980756,False,0.081297226,False,derived_flow_kg_s
2024-03-14 18:45:00,0.059204604,False,train,0.04602396,False,0.04253429,False,0.08905557,False,derived_flow_kg_s
2024-03-15 06:45:00,0.056600332,False,train,0.0417913,False,0.041801915,False,0.08620777,False,derived_flow_kg_s
2024-03-15 18:45:00,0.05684283,False,train,0.047035497,False,0.052154105,False,0.07133891,False,derived_flow_kg_s
2024-03-16 06:45:00,0.053123787,False,train,0.05056278,False,0.048832517,False,0.05997606,False,derived_flow_kg_s
2024-03-16 18:45:00,0.073067866,False,train,0.073035866,False,0.069753885,False,0.07641383,False,derived_flow_kg_s
2024-03-17 06:45:00,0.083220705,False,train,0.09135016,False,0.090376765,False,0.06793519,False,supply_temp_c
2024-03-17 18:45:00,0.057169452,False,train,0.053009506,False,0.07246088,False,0.04603797,False,return_temp_c
2024-03-18 06:45:00,0.056208722,False,train,0.054031163,False,0.07231233,False,0.04228266,False,return_temp_c
2024-03-18 18:45:00,0.05471216,False,train,0.05305768,False,0.06668087,False,0.04439793,False,return_temp_c
2024-03-19 06:45:00,0.055276036,False,train,0.057692587,False,0.05953685,False,0.04859865,False,return_temp_c
2024-03-19 18:45:00,0.055571012,False,train,0.06430862,False,0.06294943,False,0.03945501,False,supply_temp_c
2024-03-20 06:45:00,0.05388779,False,train,0.06688123,False,0.049743827,False,0.045038316,False,supply_temp_c
2024-03-20 18:45:00,0.044913277,False,train,0.06090891,False,0.032253783,False,0.04157714,False,supply_temp_c
2024-03-21 06:45:00,0.044901375,False,train,0.047793746,False,0.043249298,False,0.043661088,False,supply_temp_c
2024-03-21 18:45:00,0.057454154,False,train,0.058340345,False,0.06783066,False,0.046191473,False,return_temp_c
2024-03-22 06:45:00,0.052518174,False,train,0.059475496,False,0.05858299,False,0.039496046,False,supply_temp_c
2024-03-22 18:45:00,0.041698556,False,train,0.052102085,False,0.03613364,False,0.03685995,False,supply_temp_c
2024-03-23 06:45:00,0.036849726,False,train,0.04221074,False,0.034640837,False,0.03369761,False,supply_temp_c
2024-03-23 18:45:00,0.07132851,False,train,0.06095906,False,0.111075915,False,0.041950554,False,return_temp_c
2024-03-24 06:45:00,0.09093849,False,train,0.07325562,False,0.1375727,False,0.061987177,False,return_temp_c
2024-03-24 18:45:00,0.08300194,False,train,0.0713737,False,0.12223548,False,0.055396635,False,return_temp_c
2024-03-25 06:45:00,0.0970216,False,train,0.0813123,False,0.1407867,False,0.068965785,False,return_temp_c
2024-03-25 18:45:00,0.08522457,False,train,0.07319834,False,0.11792026,False,0.0645551,False,return_temp_c
2024-03-26 06:45:00,0.092401095,False,train,0.08695245,False,0.12325887,False,0.06699198,False,return_temp_c
2024-03-26 18:45:00,0.090962104,False,train,0.09084491,False,0.11432455,False,0.06771686,False,return_temp_c
2024-03-27 06:45:00,0.079359055,False,train,0.0712209,False,0.10225659,False,0.06459969,False,return_temp_c
2024-03-27 18:45:00,0.08454143,False,train,0.07250161,False,0.10365367,False,0.07746901,False,return_temp_c
2024-03-28 06:45:00,0.0817696,False,train,0.07828335,False,0.09267921,False,0.074346244,False,return_temp_c
2024-03-28 18:45:00,0.05500328,False,train,0.053288713,False,0.06322668,False,0.04849446,False,return_temp_c
2024-03-29 06:45:00,0.055128433,False,train,0.053768974,False,0.05800146,False,0.05361488,False,return_temp_c
2024-03-29 18:45:00,0.06719155,False,train,0.071524605,False,0.07296425,False,0.057085786,False,return_temp_c
2024-03-30 06:45:00,0.081358224,False,train,0.079982646,False,0.08670273,False,0.07738927,False,return_temp_c
2024-03-30 18:45:00,0.090286,False,train,0.085338466,False,0.11217032,False,0.07334923,False,return_temp_c
2024-03-31 06:45:00,0.11293827,False,train,0.11831871,False,0.12326827,False,0.09722785,False,return_temp_c
2024-03-31 18:45:00,0.1244194,False,train,0.13596474,False,0.13885628,False,0.09843717,False,return_temp_c
2024-04-01 06:45:00,0.10146707,False,train,0.09545786,False,0.1353077,False,0.07363563,False,return_temp_c
2024-04-01 18:45:00,0.0898611,False,train,0.07970723,False,0.0980449,False,0.09183118,False,return_temp_c
2024-04-02 06:45:00,0.07865353,False,train,0.0754443,False,0.07883636,False,0.08167992,False,derived_flow_kg_s
2024-04-02 18:45:00,0.04969428,False,train,0.041807335,False,0.04351652,False,0.063758984,False,derived_flow_kg_s
2024-04-03 06:45:00,0.045888685,False,train,0.04389554,False,0.041596685,False,0.05217384,False,derived_flow_kg_s
2024-04-03 18:45:00,0.048788853,False,train,0.058828946,False,0.040374737,False,0.047162864,False,supply_temp_c
2024-04-04 06:45:00,0.060176928,False,train,0.064955585,False,0.048442036,False,0.06713317,False,derived_flow_kg_s
2024-04-04 18:45:00,0.06548487,False,train,0.059912514,False,0.061180193,False,0.0753619,False,derived_flow_kg_s
2024-04-05 06:45:00,0.05173753,False,train,0.037587576,False,0.058628913,False,0.058996122,False,derived_flow_kg_s
2024-04-05 18:45:00,0.063817784,False,train,0.069624536,False,0.05471219,False,0.0671166,False,supply_temp_c
2024-04-06 06:45:00,0.07780218,False,train,0.079686336,False,0.046139434,False,0.10758076,False,derived_flow_kg_s
2024-04-06 18:45:00,0.057470933,False,train,0.05293675,False,0.032186713,False,0.08728933,False,derived_flow_kg_s
2024-04-07 06:45:00,0.050495043,False,train,0.050834697,False,0.045972824,False,0.054677624,False,derived_flow_kg_s
2024-04-07 18:45:00,0.05962448,False,train,0.068981685,False,0.06119159,False,0.04870015,False,supply_temp_c
2024-04-08 06:45:00,0.052515637,False,train,0.05724812,False,0.05883723,False,0.04146157,False,return_temp_c
2024-04-08 18:45:00,0.05981807,False,train,0.07308953,False,0.06298702,False,0.043377653,False,supply_temp_c
2024-04-09 06:45:00,0.07144827,False,train,0.08561876,False,0.06483528,False,0.063890755,False,supply_temp_c
2024-04-09 18:45:00,0.06170805,False,train,0.060735237,False,0.053942505,False,0.07044641,False,derived_flow_kg_s
2024-04-10 06:45:00,0.06987367,False,train,0.05869634,False,0.07803627,False,0.07288843,False,return_temp_c
2024-04-10 18:45:00,0.05924793,False,train,0.04865208,False,0.06769373,False,0.06139796,False,return_temp_c
2024-04-11 06:45:00,0.059473317,False,train,0.041732464,False,0.07420271,False,0.062484775,False,return_temp_c
2024-04-11 18:45:00,0.080549516,False,train,0.06851637,False,0.09446344,False,0.0786688,False,return_temp_c
2024-04-12 06:45:00,0.07578804,False,train,0.06543896,False,0.08192407,False,0.08000106,False,return_temp_c
2024-04-12 18:45:00,0.05583542,False,train,0.047937464,False,0.053097397,False,0.06647139,False,derived_flow_kg_s
2024-04-13 06:45:00,0.10280833,False,train,0.0717611,False,0.05818027,False,0.17848362,False,derived_flow_kg_s
2024-04-13 18:45:00,0.101855844,False,train,0.07016824,False,0.060538944,False,0.17486037,False,derived_flow_kg_s
2024-04-14 06:45:00,0.08234016,False,train,0.059308965,False,0.0673533,False,0.12035821,False,derived_flow_kg_s
2024-04-14 18:45:00,0.08714524,False,train,0.06133741,False,0.07021212,False,0.12988618,False,derived_flow_kg_s
2024-04-15 06:45:00,0.075638175,False,train,0.06809773,False,0.057634518,False,0.101182275,False,derived_flow_kg_s
2024-04-15 18:45:00,0.08043959,False,train,0.0796602,False,0.05814582,False,0.10351274,False,derived_flow_kg_s
2024-04-16 06:45:00,0.070760734,False,train,0.08610749,False,0.05309397,False,0.07308072,False,supply_temp_c
2024-04-16 18:45:00,0.06897773,False,train,0.073475055,False,0.06067425,False,0.07278388,False,supply_temp_c
2024-04-17 06:45:00,0.09935406,False,train,0.08573848,False,0.12903884,False,0.08328482,False,return_temp_c
2024-04-17 18:45:00,0.20439619,False,train,0.09272316,False,0.14361516,False,0.37685022,False,derived_flow_kg_s
2024-04-18 06:45:00,0.22523727,False,train,0.12861972,False,0.13221161,False,0.41488042,False,derived_flow_kg_s
2024-04-18 18:45:00,0.17774193,False,train,0.123633586,False,0.14296633,False,0.2666258,False,derived_flow_kg_s
2024-04-19 06:45:00,0.14538443,False,train,0.09212134,False,0.10451677,False,0.23951523,False,derived_flow_kg_s
2024-04-19 18:45:00,0.14217761,False,train,0.06904777,False,0.12932639,False,0.22815867,False,derived_flow_kg_s
2024-04-20 06:45:00,0.14681907,False,train,0.09317574,False,0.14286406,False,0.20441742,False,derived_flow_kg_s
2024-04-20 18:45:00,0.14823559,False,train,0.14273807,False,0.15902402,False,0.14294463,False,return_temp_c
2024-04-21 06:45:00,0.164167,False,train,0.16965252,False,0.16931313,False,0.15353535,False,supply_temp_c
2024-04-21 18:45:00,0.19932525,False,train,0.1362019,False,0.14153816,False,0.3202357,False,derived_flow_kg_s
2024-04-22 06:45:00,0.25650385,False,train,0.14270309,False,0.15543298,False,0.47137544,False,derived_flow_kg_s
2024-04-22 18:45:00,0.22470982,False,train,0.13180228,False,0.17018114,False,0.3721461,False,derived_flow_kg_s
2024-04-23 06:45:00,0.16188009,False,train,0.1601591,False,0.15063629,False,0.17484486,False,derived_flow_kg_s
2024-04-23 18:45:00,0.15643975,False,train,0.13793562,False,0.14372323,False,0.18766041,False,derived_flow_kg_s
2024-04-24 06:45:00,0.14727424,False,train,0.14656655,False,0.14127533,False,0.1539809,False,derived_flow_kg_s
2024-04-24 18:45:00,0.17357732,False,train,0.11380786,False,0.1645414,False,0.24238266,False,derived_flow_kg_s
2024-04-25 06:45:00,0.17132546,False,train,0.13843486,False,0.18277813,False,0.19276343,False,derived_flow_kg_s
2024-04-25 18:45:00,0.21400826,False,train,0.17832582,False,0.35356143,True,0.110137545,False,return_temp_c
2024-04-26 06:45:00,0.18140522,False,train,0.14578646,False,0.29814658,True,0.10028261,False,return_temp_c
2024-04-26 18:45:00,0.10051972,False,train,0.097037144,False,0.103479154,False,0.10104284,False,return_temp_c
2024-04-27 06:45:00,0.09957934,False,train,0.104083635,False,0.09327874,False,0.10137565,False,supply_temp_c
2024-04-27 18:45:00,0.09919384,False,train,0.089528464,False,0.07042725,False,0.13762578,False,derived_flow_kg_s
2024-04-28 06:45:00,0.11542217,False,train,0.10824218,False,0.09354987,False,0.14447442,False,derived_flow_kg_s
2024-04-28 18:45:00,0.13746247,False,train,0.14808734,False,0.13635413,False,0.12794591,False,supply_temp_c
2024-04-29 06:45:00,0.15574895,False,train,0.1618877,False,0.175483,False,0.12987615,False,return_temp_c
2024-04-29 18:45:00,0.15048237,False,train,0.12718885,False,0.16508824,False,0.15917005,False,return_temp_c
2024-04-30 06:45:00,0.16104436,False,train,0.12357799,False,0.18622287,False,0.17333217,False,return_temp_c
2024-04-30 18:45:00,0.1368724,False,train,0.08750362,False,0.1725865,False,0.15052707,False,return_temp_c
2024-05-01 06:45:00,0.14952657,False,train,0.12888786,False,0.1731999,False,0.1464919,False,return_temp_c
2024-05-01 18:45:00,0.14926095,False,train,0.10992696,False,0.15744139,False,0.1804145,False,derived_flow_kg_s
2024-05-02 06:45:00,0.13758337,False,train,0.09619004,False,0.15060706,False,0.16595301,False,derived_flow_kg_s
2024-05-02 18:45:00,0.11600539,False,train,0.081515454,False,0.16069715,False,0.10580361,False,return_temp_c
2024-05-03 06:45:00,0.09012452,False,train,0.06268125,False,0.10936781,False,0.098324455,False,return_temp_c
2024-05-03 18:45:00,0.095018536,False,train,0.064600356,False,0.10601931,False,0.11443593,False,derived_flow_kg_s
2024-05-04 06:45:00,0.084181026,False,train,0.065153174,False,0.08082565,False,0.10656425,False,derived_flow_kg_s
2024-05-04 18:45:00,0.079545476,False,train,0.05158713,False,0.07279155,False,0.11425779,False,derived_flow_kg_s
2024-05-05 06:45:00,0.088772915,False,train,0.062259573,False,0.064964056,False,0.13909511,False,derived_flow_kg_s
2024-05-05 18:45:00,0.096272975,False,train,0.07059013,False,0.0850744,False,0.13315439,False,derived_flow_kg_s
2024-05-06 06:45:00,0.106769115,False,train,0.07677541,False,0.116146475,False,0.12738545,False,derived_flow_kg_s
2024-05-06 18:45:00,0.12379703,False,train,0.10144287,False,0.12157503,False,0.14837317,False,derived_flow_kg_s
2024-05-07 06:45:00,0.11860475,False,train,0.11010466,False,0.12434261,False,0.12136697,False,return_temp_c
2024-05-07 18:45:00,0.101403125,False,train,0.078173496,False,0.1235762,False,0.10245966,False,return_temp_c
2024-05-08 06:45:00,0.093261816,False,train,0.07653588,False,0.10284517,False,0.100404404,False,return_temp_c
2024-05-08 18:45:00,0.08656595,False,train,0.05309103,False,0.10456067,False,0.10204613,False,return_temp_c
2024-05-09 06:45:00,0.11276313,False,train,0.078566484,False,0.123908155,False,0.13581474,False,derived_flow_kg_s
2024-05-09 18:45:00,0.123151764,False,train,0.08924866,False,0.1497602,False,0.13044645,False,return_temp_c
2024-05-10 06:45:00,0.084642075,False,train,0.06430949,False,0.07940649,False,0.11021026,False,derived_flow_kg_s
2024-05-10 18:45:00,0.07414033,False,train,0.041963786,False,0.06959502,False,0.110862195,False,derived_flow_kg_s
2024-05-11 06:45:00,0.09036824,False,train,0.06427462,False,0.09415006,False,0.112680055,False,derived_flow_kg_s
2024-05-11 18:45:00,0.119036146,False,train,0.08623204,False,0.143058,False,0.12781835,False,return_temp_c
2024-05-12 06:45:00,0.09895705,False,train,0.06922852,False,0.09942824,False,0.12821437,False,derived_flow_kg_s
2024-05-12 18:45:00,0.1294707,False,train,0.12503733,False,0.12682046,False,0.13655435,False,derived_flow_kg_s
2024-05-13 06:45:00,0.123779245,False,train,0.123164386,False,0.12827629,False,0.119897045,False,return_temp_c
2024-05-13 18:45:00,0.086101085,False,train,0.058833186,False,0.102138676,False,0.097331405,False,return_temp_c
2024-05-14 06:45:00,0.10144324,False,train,0.063371174,False,0.12691142,False,0.11404713,False,return_temp_c
2024-05-14 18:45:00,0.118879765,False,train,0.073098965,False,0.1550222,False,0.12851815,False,return_temp_c
2024-05-15 06:45:00,0.11407416,False,train,0.07984666,False,0.11655197,False,0.14582387,False,derived_flow_kg_s
2024-05-15 18:45:00,0.118521005,False,train,0.075006954,False,0.10410539,False,0.17645065,False,derived_flow_kg_s
2024-05-16 06:45:00,0.13131279,False,train,0.10339668,False,0.1357902,False,0.15475146,False,derived_flow_kg_s
2024-05-16 18:45:00,0.11683977,False,train,0.081645735,False,0.16154845,False,0.10732511,False,return_temp_c
2024-05-17 06:45:00,0.082352765,False,train,0.0584718,False,0.08405587,False,0.104530625,False,derived_flow_kg_s
2024-05-17 18:45:00,0.07548645,False,train,0.06345152,False,0.070521966,False,0.09248585,False,derived_flow_kg_s
2024-05-18 06:45:00,0.08662514,False,train,0.0708295,False,0.09034961,False,0.09869629,False,derived_flow_kg_s
2024-05-18 18:45:00,0.09902036,False,train,0.06621691,False,0.104447894,False,0.12639627,False,derived_flow_kg_s
2024-05-19 06:45:00,0.11983258,False,train,0.07823951,False,0.12309164,False,0.15816659,False,derived_flow_kg_s
2024-05-19 18:45:00,0.104607806,False,train,0.08639253,False,0.113855116,False,0.11357579,False,return_temp_c
2024-05-20 06:45:00,0.06904881,False,train,0.07043136,False,0.06407829,False,0.07263679,False,derived_flow_kg_s
2024-05-20 18:45:00,0.08144902,False,train,0.058089774,False,0.06611992,False,0.120137386,False,derived_flow_kg_s
2024-05-21 06:45:00,0.07534629,False,train,0.048986282,False,0.069352426,False,0.10770017,False,derived_flow_kg_s
2024-05-21 18:45:00,0.070875525,False,train,0.05731313,False,0.080904044,False,0.074409395,False,return_temp_c
2024-05-22 06:45:00,0.10020135,False,train,0.07423029,False,0.11323824,False,0.11313552,False,return_temp_c
2024-05-22 18:45:00,0.078262575,False,train,0.046578486,False,0.07910622,False,0.10910302,False,derived_flow_kg_s
2024-05-23 06:45:00,0.06623348,False,train,0.057839315,False,0.067524455,False,0.07333665,False,derived_flow_kg_s
2024-05-23 18:45:00,0.089846194,False,train,0.08168774,False,0.08581533,False,0.10203549,False,derived_flow_kg_s
2024-05-24 06:45:00,0.08817008,False,train,0.056531638,False,0.08326047,False,0.12471813,False,derived_flow_kg_s
2024-05-24 18:45:00,0.07432418,False,train,0.053598817,False,0.07828069,False,0.091093056,False,derived_flow_kg_s
2024-05-25 06:45:00,0.05867186,False,train,0.053972494,False,0.055796996,False,0.066246085,False,derived_flow_kg_s
2024-05-25 18:45:00,0.072975785,False,train,0.059260387,False,0.086646594,False,0.07302034,False,return_temp_c
2024-05-26 06:45:00,0.0954152,False,train,0.069131196,False,0.11102792,False,0.10608647,False,return_temp_c
2024-05-26 18:45:00,0.11018744,False,train,0.089024276,False,0.10714495,False,0.13439314,False,derived_flow_kg_s
2024-05-27 06:45:00,0.10347189,False,train,0.104042806,False,0.10673957,False,0.099633306,False,return_temp_c
2024-05-27 18:45:00,0.09237872,False,train,0.0782126,False,0.11476761,False,0.08415597,False,return_temp_c
2024-05-28 06:45:00,0.10209186,False,train,0.07352408,False,0.119634606,False,0.11311687,False,return_temp_c
2024-05-28 18:45:00,0.102430075,False,train,0.09093592,False,0.09517034,False,0.121183954,False,derived_flow_kg_s
2024-05-29 06:45:00,0.09039685,False,train,0.087944895,False,0.087242365,False,0.09600329,False,derived_flow_kg_s
2024-05-29 18:45:00,0.09215812,False,train,0.11942744,False,0.06984093,False,0.087206006,False,supply_temp_c
2024-05-30 06:45:00,0.10426634,False,train,0.13131858,False,0.09614414,False,0.085336305,False,supply_temp_c
2024-05-30 18:45:00,0.072788976,False,train,0.09817191,False,0.059178192,False,0.061016813,False,supply_temp_c
2024-05-31 06:45:00,0.06362602,False,train,0.07103718,False,0.050314207,False,0.06952668,False,supply_temp_c
2024-05-31 18:45:00,0.06498239,False,train,0.085363515,False,0.036290172,False,0.07329349,False,supply_temp_c
2024-06-01 06:45:00,0.08510693,False,train,0.08559237,False,0.07903021,False,0.090698205,False,derived_flow_kg_s
2024-06-01 18:45:00,0.09025412,False,train,0.090700544,False,0.08859687,False,0.091464974,False,derived_flow_kg_s
2024-06-02 06:45:00,0.07934645,False,train,0.09496199,False,0.063643,False,0.07943436,False,supply_temp_c
2024-06-02 18:45:00,0.0758073,False,train,0.104801185,False,0.07148993,False,0.051130787,False,supply_temp_c
2024-06-03 06:45:00,0.09561542,False,train,0.109305985,False,0.095055185,False,0.082485095,False,supply_temp_c
2024-06-03 18:45:00,0.099373646,False,train,0.13022237,False,0.07763328,False,0.09026525,False,supply_temp_c
2024-06-04 06:45:00,0.08601659,False,train,0.13755989,False,0.07083865,False,0.049651224,False,supply_temp_c
2024-06-04 18:45:00,0.07450121,False,train,0.108498074,False,0.05042854,False,0.06457702,False,supply_temp_c
2024-06-05 06:45:00,0.07590565,False,train,0.1229706,False,0.051672798,False,0.053073585,False,supply_temp_c
2024-06-05 18:45:00,0.08494814,False,train,0.12963732,False,0.059047714,False,0.06615938,False,supply_temp_c
2024-06-06 06:45:00,0.06558276,False,train,0.08071017,False,0.05312711,False,0.062911,False,supply_temp_c
2024-06-06 18:45:00,0.069717444,False,train,0.101078816,False,0.052346442,False,0.05572707,False,supply_temp_c
2024-06-07 06:45:00,0.08804319,False,train,0.14388211,False,0.05763382,False,0.06261366,False,supply_temp_c
2024-06-07 18:45:00,0.104761325,False,train,0.17096744,False,0.068578236,False,0.07473829,False,supply_temp_c
2024-06-08 06:45:00,0.11345319,False,train,0.16841406,False,0.09620983,False,0.075735725,False,supply_temp_c
2024-06-08 18:45:00,0.08715353,False,train,0.124329895,False,0.06861619,False,0.06851451,False,supply_temp_c
2024-06-09 06:45:00,0.06734235,False,train,0.08948661,False,0.04222004,False,0.07032039,False,supply_temp_c
2024-06-09 18:45:00,0.065001756,False,train,0.07709992,False,0.04543667,False,0.07246866,False,supply_temp_c
2024-06-10 06:45:00,0.06780061,False,train,0.07859796,False,0.05364112,False,0.07116273,False,supply_temp_c
2024-06-10 18:45:00,0.07110018,False,train,0.07659009,False,0.058269147,False,0.0784413,False,derived_flow_kg_s
2024-06-11 06:45:00,0.063501164,False,train,0.07113273,False,0.045705605,False,0.07366517,False,derived_flow_kg_s
2024-06-11 18:45:00,0.059071347,False,train,0.073369004,False,0.041901097,False,0.061943945,False,supply_temp_c
2024-06-12 06:45:00,0.060727756,False,train,0.0799563,False,0.046420366,False,0.05580659,False,supply_temp_c
2024-06-12 18:45:00,0.056118444,False,train,0.08916989,False,0.03424484,False,0.044940595,False,supply_temp_c
2024-06-13 06:45:00,0.0543404,False,train,0.083759904,False,0.043309253,False,0.035952043,False,supply_temp_c
2024-06-13 18:45:00,0.05561936,False,train,0.07879118,False,0.0507171,False,0.03734979,False,supply_temp_c
2024-06-14 06:45:00,0.07963876,False,train,0.10111576,False,0.03836346,False,0.09943709,False,supply_temp_c
2024-06-14 18:45:00,0.08168814,False,train,0.09816741,False,0.044384222,False,0.102512814,False,derived_flow_kg_s
2024-06-15 06:45:00,0.058147654,False,train,0.08008478,False,0.04017727,False,0.054180916,False,supply_temp_c
2024-06-15 18:45:00,0.059427876,False,train,0.0815655,False,0.041263174,False,0.05545496,False,supply_temp_c
2024-06-16 06:45:00,0.06665923,False,train,0.09916341,False,0.04451434,False,0.056299936,False,supply_temp_c
2024-06-16 18:45:00,0.07177719,False,train,0.10290637,False,0.045974273,False,0.066450916,False,supply_temp_c
2024-06-17 06:45:00,0.06571213,False,train,0.09314551,False,0.040608857,False,0.06338202,False,supply_temp_c
2024-06-17 18:45:00,0.060584273,False,train,0.09275111,False,0.034402866,False,0.054598857,False,supply_temp_c
2024-06-18 06:45:00,0.06304554,False,train,0.098277934,False,0.036689814,False,0.054168846,False,supply_temp_c
2024-06-18 18:45:00,0.06467983,False,train,0.099724,False,0.039146047,False,0.05516946,False,supply_temp_c
2024-06-19 06:45:00,0.06747251,False,train,0.1120539,False,0.037289575,False,0.053074062,False,supply_temp_c
2024-06-19 18:45:00,0.07257354,False,train,0.118555166,False,0.039530437,False,0.059635,False,supply_temp_c
2024-06-20 06:45:00,0.1152347,False,train,0.17511529,False,0.05098168,False,0.11960715,False,supply_temp_c
2024-06-20 18:45:00,0.29930872,False,train,0.13620643,False,0.0931926,False,0.6685271,False,derived_flow_kg_s
2024-06-21 06:45:00,0.27893603,False,train,0.16914016,False,0.07508915,False,0.59257877,False,derived_flow_kg_s
2024-06-21 18:45:00,0.061273083,False,train,0.09683004,False,0.04192829,False,0.045060903,False,supply_temp_c
2024-06-22 06:45:00,0.05782822,False,train,0.07975779,False,0.0402818,False,0.05344507,False,supply_temp_c
2024-06-22 18:45:00,0.05584045,False,train,0.07508704,False,0.034667876,False,0.057766452,False,supply_temp_c
2024-06-23 06:45:00,0.057044283,False,train,0.07427668,False,0.04098253,False,0.055873636,False,supply_temp_c
2024-06-23 18:45:00,0.0615205,False,train,0.08833387,False,0.031190926,False,0.06503669,False,supply_temp_c
2024-06-24 06:45:00,0.059017733,False,train,0.089238025,False,0.040429782,False,0.047385406,False,supply_temp_c
2024-06-24 18:45:00,0.050769802,False,train,0.06681271,False,0.036230315,False,0.049266372,False,supply_temp_c
2024-06-25 06:45:00,0.04258035,False,train,0.053973567,False,0.031650204,False,0.042117298,False,supply_temp_c
2024-06-25 18:45:00,0.05272512,False,train,0.05316477,False,0.040380504,False,0.064630084,False,derived_flow_kg_s
2024-06-26 06:45:00,0.0605019,False,train,0.057940822,False,0.04415864,False,0.079406224,False,derived_flow_kg_s
2024-06-26 18:45:00,0.053790476,False,train,0.063471146,False,0.03990523,False,0.05799505,False,supply_temp_c
2024-06-27 06:45:00,0.054331202,False,train,0.07352345,False,0.03687028,False,0.052599877,False,supply_temp_c
2024-06-27 18:45:00,0.05642444,False,train,0.07252832,False,0.039930608,False,0.05681439,False,supply_temp_c
2024-06-28 06:45:00,0.07270359,False,train,0.077042125,False,0.054505017,False,0.08656364,False,derived_flow_kg_s
2024-06-28 18:45:00,0.07594957,False,train,0.082781225,False,0.055030573,False,0.09003689,False,derived_flow_kg_s
2024-06-29 06:45:00,0.07444877,False,train,0.07811425,False,0.061023924,False,0.08420813,False,derived_flow_kg_s
2024-06-29 18:45:00,0.06141065,False,train,0.06775385,False,0.049878195,False,0.0665999,False,supply_temp_c
2024-06-30 06:45:00,0.046319302,False,train,0.051797893,False,0.030745253,False,0.056414753,False,derived_flow_kg_s
2024-06-30 18:45:00,0.053011674,False,train,0.05870892,False,0.042939603,False,0.057386503,False,supply_temp_c
2024-07-01 06:45:00,0.059918568,False,train,0.07187476,False,0.05326632,False,0.05461463,False,supply_temp_c
2024-07-01 18:45:00,0.058009848,False,train,0.06877762,False,0.05008705,False,0.055164885,False,supply_temp_c
2024-07-02 06:45:00,0.054693397,False,train,0.067165785,False,0.050416816,False,0.046497583,False,supply_temp_c
2024-07-02 18:45:00,0.05595547,False,train,0.08046331,False,0.0374526,False,0.049950507,False,supply_temp_c
2024-07-03 06:45:00,0.065127045,False,train,0.084443204,False,0.046855703,False,0.06408221,False,supply_temp_c
2024-07-03 18:45:00,0.06705459,False,train,0.07707871,False,0.046378348,False,0.07770673,False,derived_flow_kg_s
2024-07-04 06:45:00,0.06313158,False,train,0.08516508,False,0.053249355,False,0.0509803,False,supply_temp_c
2024-07-04 18:45:00,0.0633436,False,train,0.088987626,False,0.05637887,False,0.044664275,False,supply_temp_c
2024-07-05 06:45:00,0.06614093,False,train,0.0960202,False,0.055551786,False,0.046850804,False,supply_temp_c
2024-07-05 18:45:00,0.059466574,False,train,0.08311465,False,0.04161432,False,0.053670753,False,supply_temp_c
2024-07-06 06:45:00,0.060828686,False,train,0.090397336,False,0.041712943,False,0.05037575,False,supply_temp_c
2024-07-06 18:45:00,0.061327644,False,train,0.099408835,False,0.045069933,False,0.039504167,False,supply_temp_c
2024-07-07 06:45:00,0.06721933,False,train,0.10695254,False,0.041442133,False,0.053263303,False,supply_temp_c
2024-07-07 18:45:00,0.06650465,False,train,0.10437432,False,0.042838138,False,0.052301485,False,supply_temp_c
2024-07-08 06:45:00,0.06339681,False,train,0.101950474,False,0.047193125,False,0.04104685,False,supply_temp_c
2024-07-08 18:45:00,0.06889132,False,train,0.10776499,False,0.051739346,False,0.04716963,False,supply_temp_c
2024-07-09 06:45:00,0.07363392,False,train,0.10362598,False,0.05468263,False,0.06259314,False,supply_temp_c
2024-07-09 18:45:00,0.07352546,False,train,0.10567122,False,0.053119797,False,0.06178536,False,supply_temp_c
2024-07-10 06:45:00,0.07534152,False,train,0.10969365,False,0.060405552,False,0.05592537,False,supply_temp_c
2024-07-10 18:45:00,0.063144475,False,train,0.091338776,False,0.048517376,False,0.049577262,False,supply_temp_c
2024-07-11 06:45:00,0.061319012,False,train,0.0829432,False,0.045480773,False,0.055533063,False,supply_temp_c
2024-07-11 18:45:00,0.075529605,False,train,0.106300615,False,0.05754109,False,0.0627471,False,supply_temp_c
2024-07-12 06:45:00,0.07643203,False,train,0.10719026,False,0.06187989,False,0.060225938,False,supply_temp_c
2024-07-12 18:45:00,0.07103468,False,train,0.09970438,False,0.06281891,False,0.05058075,False,supply_temp_c
2024-07-13 06:45:00,0.068683006,False,train,0.100273944,False,0.0644025,False,0.04137258,False,supply_temp_c
2024-07-13 18:45:00,0.067399055,False,train,0.09996745,False,0.05415221,False,0.048077524,False,supply_temp_c
2024-07-14 06:45:00,0.06806215,False,train,0.10147149,False,0.052819666,False,0.049895305,False,supply_temp_c
2024-07-14 18:45:00,0.084278904,False,train,0.10224754,False,0.07096752,False,0.079621635,False,supply_temp_c
2024-07-15 06:45:00,0.091986984,False,train,0.112555645,False,0.075624146,False,0.08778115,False,supply_temp_c
2024-07-15 18:45:00,0.08697977,False,train,0.13003504,False,0.06227234,False,0.068631895,False,supply_temp_c
2024-07-16 06:45:00,0.092491694,False,train,0.13089414,False,0.07307201,False,0.07350892,False,supply_temp_c
2024-07-16 18:45:00,0.09638841,False,train,0.13094504,False,0.0761573,False,0.08206287,False,supply_temp_c
2024-07-17 06:45:00,0.094673745,False,train,0.12296527,False,0.07443348,False,0.08662251,False,supply_temp_c
2024-07-17 18:45:00,0.10515355,False,train,0.13490842,False,0.09860698,False,0.08194525,False,supply_temp_c
2024-07-18 06:45:00,0.09782099,False,train,0.13121079,False,0.09576074,False,0.06649145,False,supply_temp_c
2024-07-18 18:45:00,0.07923134,False,train,0.111507945,False,0.06280908,False,0.063376956,False,supply_temp_c
2024-07-19 06:45:00,0.079722315,False,train,0.11452494,False,0.06074811,False,0.0638939,False,supply_temp_c
2024-07-19 18:45:00,0.07217942,False,train,0.105975576,False,0.057189327,False,0.053373355,False,supply_temp_c
2024-07-20 06:45:00,0.07421391,False,train,0.09992954,False,0.06755575,False,0.05515643,False,supply_temp_c
2024-07-20 18:45:00,0.07958575,False,train,0.1120924,False,0.07170572,False,0.05495913,False,supply_temp_c
2024-07-21 06:45:00,0.084518045,False,train,0.11798006,False,0.06881667,False,0.06675741,False,supply_temp_c
2024-07-21 18:45:00,0.08451325,False,train,0.11622107,False,0.0706025,False,0.06671618,False,supply_temp_c
2024-07-22 06:45:00,0.095593706,False,train,0.13048404,False,0.078997605,False,0.07729947,False,supply_temp_c
2024-07-22 18:45:00,0.10483034,False,train,0.15297107,False,0.07969513,False,0.0818248,False,supply_temp_c
2024-07-23 06:45:00,0.10034934,False,train,0.13955452,False,0.072495915,False,0.088997595,False,supply_temp_c
2024-07-23 18:45:00,0.12599403,False,train,0.1387324,False,0.10444302,False,0.13480663,False,supply_temp_c
2024-07-24 06:45:00,0.16471171,False,train,0.11559161,False,0.09216199,False,0.28638157,False,derived_flow_kg_s
2024-07-24 18:45:00,0.17524609,False,train,0.09231779,False,0.07221353,False,0.36120704,False,derived_flow_kg_s
2024-07-25 06:45:00,0.17483294,False,train,0.09427013,False,0.06581709,False,0.3644116,False,derived_flow_kg_s
2024-07-25 18:45:00,0.16684604,False,train,0.0855473,False,0.056303848,False,0.358687,False,derived_flow_kg_s
2024-07-26 06:45:00,0.1698633,False,train,0.07907974,False,0.07103776,False,0.3594724,False,derived_flow_kg_s
2024-07-26 18:45:00,0.1664579,False,train,0.07728548,False,0.07387813,False,0.3482101,False,derived_flow_kg_s
2024-07-27 06:45:00,0.15643902,False,train,0.06699724,False,0.06166623,False,0.34065363,False,derived_flow_kg_s
2024-07-27 18:45:00,0.16611189,False,train,0.07086367,False,0.07419695,False,0.3532751,False,derived_flow_kg_s
2024-07-28 06:45:00,0.17477925,False,train,0.08381466,False,0.07614148,False,0.36438158,False,derived_flow_kg_s
2024-07-28 18:45:00,0.17391832,False,train,0.09100279,False,0.057339028,False,0.3734131,False,derived_flow_kg_s
2024-07-29 06:45:00,0.17413335,False,train,0.076608784,False,0.062218636,False,0.3835726,False,derived_flow_kg_s
2024-07-29 18:45:00,0.17468137,False,train,0.069491,False,0.07056697,False,0.38398615,False,derived_flow_kg_s
2024-07-30 06:45:00,0.1744611,False,train,0.08228604,False,0.06469083,False,0.3764064,False,derived_flow_kg_s
2024-07-30 18:45:00,0.177514,False,train,0.089575164,False,0.06627124,False,0.3766956,False,derived_flow_kg_s
2024-07-31 06:45:00,0.17689647,False,train,0.089007445,False,0.063203335,False,0.37847865,False,derived_flow_kg_s
2024-07-31 18:45:00,0.17917581,False,train,0.08783371,False,0.070781544,False,0.37891218,False,derived_flow_kg_s
2024-08-01 06:45:00,0.17241307,False,train,0.09141511,False,0.060984462,False,0.36483964,False,derived_flow_kg_s
2024-08-01 18:45:00,0.16618563,False,train,0.08634487,False,0.05853647,False,0.3536756,False,derived_flow_kg_s
2024-08-02 06:45:00,0.17213719,False,train,0.09505204,False,0.073279284,False,0.34808025,False,derived_flow_kg_s
2024-08-02 18:45:00,0.16631639,False,train,0.098845504,False,0.06852543,False,0.33157822,False,derived_flow_kg_s
2024-08-03 06:45:00,0.1615359,False,train,0.079996474,False,0.06944686,False,0.3351643,False,derived_flow_kg_s
2024-08-03 18:45:00,0.16444033,False,train,0.078983635,False,0.07224757,False,0.34208974,False,derived_flow_kg_s
2024-08-04 06:45:00,0.16393827,False,train,0.08493519,False,0.065827064,False,0.34105256,False,derived_flow_kg_s
2024-08-04 18:45:00,0.1638097,False,train,0.08114732,False,0.07148125,False,0.33880055,False,derived_flow_kg_s
2024-08-05 06:45:00,0.17153984,False,train,0.08553645,False,0.083158925,False,0.34592414,False,derived_flow_kg_s
2024-08-05 18:45:00,0.18254958,False,train,0.13004082,False,0.07889538,False,0.33871254,False,derived_flow_kg_s
2024-08-06 06:45:00,0.16800721,False,train,0.14629692,False,0.083699785,False,0.27402493,False,derived_flow_kg_s
2024-08-06 18:45:00,0.16384618,False,train,0.15367791,False,0.0821817,False,0.25567895,False,derived_flow_kg_s
2024-08-07 06:45:00,0.17094596,False,train,0.14719641,False,0.07441678,False,0.2912247,False,derived_flow_kg_s
2024-08-07 18:45:00,0.17034614,False,train,0.123143636,False,0.08347993,False,0.3044148,False,derived_flow_kg_s
2024-08-08 06:45:00,0.32961833,False,train,0.31896225,True,0.09395424,False,0.57593864,False,derived_flow_kg_s
2024-08-08 18:45:00,0.3417091,False,train,0.33417514,True,0.12199705,False,0.56895524,False,derived_flow_kg_s
2024-08-09 06:45:00,0.22276732,False,train,0.14625381,False,0.1292751,False,0.39277306,False,derived_flow_kg_s
2024-08-09 18:45:00,0.16508912,False,train,0.09610882,False,0.060358908,False,0.33879963,False,derived_flow_kg_s
2024-08-10 06:45:00,0.16213737,False,train,0.09717119,False,0.061637368,False,0.3276036,False,derived_flow_kg_s
2024-08-10 18:45:00,0.17179686,False,train,0.11889738,False,0.061727677,False,0.33476543,False,derived_flow_kg_s
2024-08-11 06:45:00,0.17740996,False,train,0.09541734,False,0.07935569,False,0.3574569,False,derived_flow_kg_s
2024-08-11 18:45:00,0.17222087,False,train,0.09018291,False,0.061833035,False,0.36464658,False,derived_flow_kg_s
2024-08-12 06:45:00,0.16640826,False,train,0.09764887,False,0.043912202,False,0.35766366,False,derived_flow_kg_s
2024-08-12 18:45:00,0.17433512,False,train,0.09867344,False,0.06685303,False,0.3574789,False,derived_flow_kg_s
2024-08-13 06:45:00,0.18510367,False,train,0.13766007,False,0.06255305,False,0.35509786,False,derived_flow_kg_s
2024-08-13 18:45:00,0.17337435,False,train,0.117597975,False,0.07781639,False,0.32470867,False,derived_flow_kg_s
2024-08-14 06:45:00,0.17895935,False,train,0.129597,False,0.07280054,False,0.33448052,False,derived_flow_kg_s
2024-08-14 18:45:00,0.16456054,False,train,0.08272975,False,0.07134107,False,0.33961084,False,derived_flow_kg_s
2024-08-15 06:45:00,0.16749743,False,train,0.088382505,False,0.06555707,False,0.3485527,False,derived_flow_kg_s
2024-08-15 18:45:00,0.16503184,False,train,0.085159786,False,0.072832905,False,0.3371028,False,derived_flow_kg_s
2024-08-16 06:45:00,0.16754128,False,train,0.10302391,False,0.07453209,False,0.32506785,False,derived_flow_kg_s
2024-08-16 18:45:00,0.1734973,False,train,0.10611082,False,0.077165015,False,0.33721605,False,derived_flow_kg_s
2024-08-17 06:45:00,0.19111441,False,train,0.17420053,False,0.09546558,False,0.30367714,False,derived_flow_kg_s
2024-08-17 18:45:00,0.19970174,False,train,0.17888868,False,0.12333279,False,0.2968838,False,derived_flow_kg_s
2024-08-18 06:45:00,0.21207052,False,train,0.1929458,False,0.09561884,False,0.34764698,False,derived_flow_kg_s
2024-08-18 18:45:00,0.17416811,False,train,0.10276992,False,0.077353515,False,0.34238097,False,derived_flow_kg_s
2024-08-19 06:45:00,0.17585905,False,train,0.12684132,False,0.08204583,False,0.31869,False,derived_flow_kg_s
2024-08-19 18:45:00,0.17475459,False,train,0.14646827,False,0.09519126,False,0.28260425,False,derived_flow_kg_s
2024-08-20 06:45:00,0.1707747,False,train,0.11902991,False,0.08946893,False,0.30382523,False,derived_flow_kg_s
2024-08-20 18:45:00,0.16478321,False,train,0.079789795,False,0.078076854,False,0.3364829,False,derived_flow_kg_s
2024-08-21 06:45:00,0.16615897,False,train,0.072214775,False,0.06962002,False,0.35664222,False,derived_flow_kg_s
2024-08-21 18:45:00,0.17137794,False,train,0.083000444,False,0.07519301,False,0.35594034,False,derived_flow_kg_s
2024-08-22 06:45:00,0.16897431,False,train,0.09092128,False,0.062429536,False,0.35357204,False,derived_flow_kg_s
2024-08-22 18:45:00,0.19874446,False,train,0.13864444,False,0.10220391,False,0.35538507,False,derived_flow_kg_s
2024-08-23 06:45:00,0.24523899,False,train,0.21007103,False,0.1405108,False,0.3851353,False,derived_flow_kg_s
2024-08-23 18:45:00,0.25422776,False,train,0.23351002,False,0.15042146,False,0.37875178,False,derived_flow_kg_s
2024-08-24 06:45:00,0.238549,False,train,0.2198491,False,0.12709472,False,0.36870322,False,derived_flow_kg_s
2024-08-24 18:45:00,0.22318864,False,train,0.18198995,False,0.12103786,False,0.36653814,False,derived_flow_kg_s
2024-08-25 06:45:00,0.24180762,False,train,0.20957156,False,0.13690473,False,0.37894663,False,derived_flow_kg_s
2024-08-25 18:45:00,0.24626774,False,train,0.20214121,False,0.15003075,False,0.38663125,False,derived_flow_kg_s
2024-08-26 06:45:00,0.23656374,False,train,0.20373297,False,0.12964761,False,0.37631068,False,derived_flow_kg_s
2024-08-26 18:45:00,0.26593563,False,train,0.24002606,False,0.16031437,False,0.3974665,False,derived_flow_kg_s
2024-08-27 06:45:00,0.27222863,False,train,0.25655094,False,0.1673584,False,0.39277658,False,derived_flow_kg_s
2024-08-27 18:45:00,0.279296,False,train,0.26696822,True,0.17879604,False,0.3921237,False,derived_flow_kg_s
2024-08-28 06:45:00,0.27894258,False,train,0.26050994,False,0.18173319,False,0.39458475,False,derived_flow_kg_s
2024-08-28 18:45:00,0.27772525,False,train,0.24320586,False,0.19092257,False,0.39904734,False,derived_flow_kg_s
2024-08-29 06:45:00,0.2730362,False,train,0.22230838,False,0.18413031,False,0.41267005,False,derived_flow_kg_s
2024-08-29 18:45:00,0.22764908,False,train,0.16510321,False,0.12018591,False,0.39765808,False,derived_flow_kg_s
2024-08-30 06:45:00,0.22119653,False,train,0.21057732,False,0.10316312,False,0.3498491,False,derived_flow_kg_s
2024-08-30 18:45:00,0.18745254,False,train,0.1631885,False,0.109244384,False,0.28992474,False,derived_flow_kg_s
2024-08-31 06:45:00,0.18470494,False,train,0.13258575,False,0.08983485,False,0.33169422,False,derived_flow_kg_s
2024-08-31 18:45:00,0.17218699,False,train,0.12531166,False,0.07163874,False,0.31961054,False,derived_flow_kg_s
2024-09-01 06:45:00,0.16415288,False,train,0.10566437,False,0.07735544,False,0.30943888,False,derived_flow_kg_s
2024-09-01 18:45:00,0.14975645,False,train,0.11120442,False,0.07415006,False,0.26391485,False,derived_flow_kg_s
2024-09-02 06:45:00,0.10362084,False,train,0.1284238,False,0.06736338,False,0.11507535,False,supply_temp_c
2024-09-02 18:45:00,0.09534976,False,train,0.12381659,False,0.0947608,False,0.06747187,False,supply_temp_c
2024-09-03 06:45:00,0.12235137,False,train,0.19269358,False,0.090340905,False,0.08401965,False,supply_temp_c
2024-09-03 18:45:00,0.114148736,False,train,0.1471033,False,0.098052375,False,0.09729055,False,supply_temp_c
2024-09-04 06:45:00,0.10299107,False,train,0.13890143,False,0.078570865,False,0.091500916,False,supply_temp_c
2024-09-04 18:45:00,0.061545286,False,train,0.09403438,False,0.048993796,False,0.041607674,False,supply_temp_c
2024-09-05 06:45:00,0.050285976,False,train,0.07215648,False,0.03656131,False,0.042140137,False,supply_temp_c
2024-09-05 18:45:00,0.055079434,False,train,0.086643755,False,0.03473309,False,0.043861445,False,supply_temp_c
2024-09-06 06:45:00,0.054226268,False,train,0.08788792,False,0.035591863,False,0.039199032,False,supply_temp_c
2024-09-06 18:45:00,0.050304137,False,train,0.088323176,False,0.0302935,False,0.032295723,False,supply_temp_c
2024-09-07 06:45:00,0.052862972,False,train,0.08923387,False,0.025432602,False,0.043922443,False,supply_temp_c
2024-09-07 18:45:00,0.038154818,False,train,0.04544991,False,0.024732634,False,0.044281904,False,supply_temp_c
2024-09-08 06:45:00,0.028446589,False,train,0.036312446,False,0.017882714,False,0.031144598,False,supply_temp_c
2024-09-08 18:45:00,0.057401404,False,train,0.09945539,False,0.03233496,False,0.04041386,False,supply_temp_c
2024-09-09 06:45:00,0.06704326,False,train,0.105978854,False,0.04277046,False,0.052380446,False,supply_temp_c
2024-09-09 18:45:00,0.07053788,False,train,0.082471885,False,0.06987531,False,0.05926643,False,supply_temp_c
2024-09-10 06:45:00,0.08052107,False,train,0.08900552,False,0.09060206,False,0.061955612,False,return_temp_c
2024-09-10 18:45:00,0.07521797,False,train,0.1107573,False,0.06699263,False,0.047903944,False,supply_temp_c
2024-09-11 06:45:00,0.06291522,False,train,0.10416859,False,0.04368028,False,0.040896792,False,supply_temp_c
2024-09-11 18:45:00,0.042159583,False,train,0.064776205,False,0.024198605,False,0.037503928,False,supply_temp_c
2024-09-12 06:45:00,0.094897255,False,train,0.15723756,False,0.06100892,False,0.06644528,False,supply_temp_c
2024-09-12 18:45:00,0.12381078,False,train,0.18050796,False,0.11107049,False,0.079853885,False,supply_temp_c
2024-09-13 06:45:00,0.10569246,False,train,0.1731229,False,0.07347342,False,0.07048107,False,supply_temp_c
2024-09-13 18:45:00,0.056427374,False,train,0.090012096,False,0.043194294,False,0.03607573,False,supply_temp_c
2024-09-14 06:45:00,0.047145233,False,train,0.07621407,False,0.028038055,False,0.03718357,False,supply_temp_c
2024-09-14 18:45:00,0.04502494,False,train,0.07044893,False,0.027733227,False,0.036892656,False,supply_temp_c
2024-09-15 06:45:00,0.051562235,False,train,0.08446383,False,0.028110633,False,0.042112242,False,supply_temp_c
2024-09-15 18:45:00,0.0551024,False,train,0.09770983,False,0.030012088,False,0.037585292,False,supply_temp_c
2024-09-16 06:45:00,0.055675413,False,train,0.094047844,False,0.03378034,False,0.039198052,False,supply_temp_c
2024-09-16 18:45:00,0.051311135,False,train,0.083465345,False,0.031034185,False,0.039433878,False,supply_temp_c
2024-09-17 06:45:00,0.046896365,False,train,0.08065079,False,0.022730863,False,0.037307445,False,supply_temp_c
2024-09-17 18:45:00,0.055245083,False,train,0.09257001,False,0.02992677,False,0.043238476,False,supply_temp_c
2024-09-18 06:45:00,0.06300649,False,train,0.10976147,False,0.038219888,False,0.041038115,False,supply_temp_c
2024-09-18 18:45:00,0.0678188,False,train,0.123209655,False,0.035551645,False,0.044695105,False,supply_temp_c
2024-09-19 06:45:00,0.05324866,False,train,0.10104936,False,0.026480205,False,0.03221641,False,supply_temp_c
2024-09-19 18:45:00,0.03614132,False,train,0.051794868,False,0.01736292,False,0.039266177,False,supply_temp_c
2024-09-20 06:45:00,0.024010684,False,train,0.011319258,False,0.021937154,False,0.038775634,False,derived_flow_kg_s
2024-09-20 18:45:00,0.022663511,False,train,0.01042271,False,0.01894026,False,0.038627565,False,derived_flow_kg_s
2024-09-21 06:45:00,0.16263434,False,train,0.13602117,False,0.06518114,False,0.28670073,False,derived_flow_kg_s
2024-09-21 18:45:00,0.31334496,False,train,0.37017068,True,0.11319583,False,0.4566684,False,derived_flow_kg_s
2024-09-22 06:45:00,0.30851668,False,train,0.5125576,True,0.11760563,False,0.29538682,False,supply_temp_c
2024-09-22 18:45:00,0.34655526,False,train,0.4918979,True,0.16389091,False,0.38387704,False,supply_temp_c
2024-09-23 06:45:00,0.21732768,False,train,0.24885587,False,0.13230075,False,0.2708265,False,derived_flow_kg_s
2024-09-23 18:45:00,0.09735752,False,train,0.14819553,False,0.09808961,False,0.045787424,False,supply_temp_c
2024-09-24 06:45:00,0.094923206,False,train,0.093694925,False,0.08468173,False,0.10639298,False,derived_flow_kg_s
2024-09-24 18:45:00,0.06498561,False,train,0.06226526,False,0.03796624,False,0.09472533,False,derived_flow_kg_s
2024-09-25 06:45:00,0.074415736,False,train,0.085818775,False,0.06586083,False,0.071567595,False,supply_temp_c
2024-09-25 18:45:00,0.068835735,False,train,0.08811381,False,0.05359787,False,0.064795524,False,supply_temp_c
2024-09-26 06:45:00,0.043906532,False,train,0.05807622,False,0.0315645,False,0.042078882,False,supply_temp_c
2024-09-26 18:45:00,0.04623707,False,train,0.05502525,False,0.028720802,False,0.05496517,False,supply_temp_c
2024-09-27 06:45:00,0.06102453,False,train,0.05999553,False,0.029870695,False,0.09320739,False,derived_flow_kg_s
2024-09-27 18:45:00,0.07708201,False,train,0.06071062,False,0.06714725,False,0.10338818,False,derived_flow_kg_s
2024-09-28 06:45:00,0.07816914,False,train,0.054440577,False,0.07387056,False,0.10619626,False,derived_flow_kg_s
2024-09-28 18:45:00,0.060818426,False,train,0.045212973,False,0.045159277,False,0.09208304,False,derived_flow_kg_s
2024-09-29 06:45:00,0.09369267,False,train,0.14114173,False,0.07010638,False,0.0698299,False,supply_temp_c
2024-09-29 18:45:00,0.09856972,False,train,0.15564281,False,0.077260144,False,0.06280624,False,supply_temp_c
2024-09-30 06:45:00,0.06080453,False,train,0.0867471,False,0.042480994,False,0.053185504,False,supply_temp_c
2024-09-30 18:45:00,0.056219213,False,train,0.05332828,False,0.06005293,False,0.055276413,False,return_temp_c
2024-10-01 06:45:00,0.05826796,False,train,0.061802577,False,0.066807546,False,0.046193745,False,return_temp_c
2024-10-01 18:45:00,0.036463443,False,train,0.044456523,False,0.025192296,False,0.03974152,False,supply_temp_c
2024-10-02 06:45:00,0.05347033,False,train,0.050167814,False,0.043457318,False,0.06678584,False,derived_flow_kg_s
2024-10-02 18:45:00,0.065142155,False,train,0.052034866,False,0.0651978,False,0.0781938,False,derived_flow_kg_s
2024-10-03 06:45:00,0.066956244,False,train,0.0541645,False,0.06714677,False,0.07955745,False,derived_flow_kg_s
2024-10-03 18:45:00,0.069124945,False,train,0.065267354,False,0.07327429,False,0.06883319,False,return_temp_c
2024-10-04 06:45:00,0.08178863,False,train,0.07104089,False,0.08232377,False,0.0920012,False,derived_flow_kg_s
2024-10-04 18:45:00,0.07504843,False,train,0.061029542,False,0.068234436,False,0.09588132,False,derived_flow_kg_s
2024-10-05 06:45:00,0.06173496,False,train,0.051745754,False,0.06981287,False,0.06364625,False,return_temp_c
2024-10-05 18:45:00,0.05428252,False,train,0.04889868,False,0.05520311,False,0.058745775,False,derived_flow_kg_s
2024-10-06 06:45:00,0.043816023,False,train,0.054068148,False,0.044359937,False,0.033019975,False,supply_temp_c
2024-10-06 18:45:00,0.04655762,False,train,0.054635953,False,0.046582118,False,0.03845478,False,supply_temp_c
2024-10-07 06:45:00,0.07160272,False,train,0.056815673,False,0.083820336,False,0.074172154,False,return_temp_c
2024-10-07 18:45:00,0.055540457,False,train,0.032118052,False,0.07358054,False,0.060922787,False,return_temp_c
2024-10-08 06:45:00,0.034510784,False,train,0.026575834,False,0.03644514,False,0.040511373,False,derived_flow_kg_s
2024-10-08 18:45:00,0.04532604,False,train,0.046669092,False,0.045331985,False,0.04397705,False,supply_temp_c
2024-10-09 06:45:00,0.049181804,False,train,0.059069306,False,0.03810092,False,0.050375197,False,supply_temp_c
2024-10-09 18:45:00,0.060259715,False,train,0.059213873,False,0.06217314,False,0.059392124,False,return_temp_c
2024-10-10 06:45:00,0.07218683,False,train,0.058163494,False,0.07172228,False,0.08667473,False,derived_flow_kg_s
2024-10-10 18:45:00,0.09444823,False,train,0.0678952,False,0.064331084,False,0.1511184,False,derived_flow_kg_s
2024-10-11 06:45:00,0.12746926,False,train,0.0907822,False,0.09392333,False,0.19770224,False,derived_flow_kg_s
2024-10-11 18:45:00,0.1301561,False,train,0.082562126,False,0.091657646,False,0.21624853,False,derived_flow_kg_s
2024-10-12 06:45:00,0.10595555,False,train,0.08327214,False,0.07085419,False,0.16374032,False,derived_flow_kg_s
2024-10-12 18:45:00,0.07641205,False,train,0.08479485,False,0.06186456,False,0.08257676,False,supply_temp_c
2024-10-13 06:45:00,0.057710998,False,train,0.07836198,False,0.038377758,False,0.056393236,False,supply_temp_c
2024-10-13 18:45:00,0.07625943,False,train,0.05705912,False,0.06729001,False,0.10442913,False,derived_flow_kg_s
2024-10-14 06:45:00,0.07704873,False,train,0.06516148,False,0.05283026,False,0.11315443,False,derived_flow_kg_s
2024-10-14 18:45:00,0.081776045,False,train,0.07232606,False,0.07809349,False,0.09490857,False,derived_flow_kg_s
2024-10-15 06:45:00,0.070034534,False,train,0.082178734,False,0.037774608,False,0.09015029,False,derived_flow_kg_s
2024-10-15 18:45:00,0.0778403,False,train,0.09723575,False,0.03889945,False,0.097385705,False,derived_flow_kg_s
2024-10-16 06:45:00,0.14379096,False,train,0.09259204,False,0.064376615,False,0.2744042,False,derived_flow_kg_s
2024-10-16 18:45:00,0.14830396,False,train,0.07798338,False,0.09026513,False,0.27666336,False,derived_flow_kg_s
2024-10-17 06:45:00,0.101326935,False,train,0.08011272,False,0.07257596,False,0.15129213,False,derived_flow_kg_s
2024-10-17 18:45:00,0.12610291,False,train,0.083473034,False,0.061497767,False,0.23333795,False,derived_flow_kg_s
2024-10-18 06:45:00,0.12525295,False,train,0.08002103,False,0.06769343,False,0.22804438,False,derived_flow_kg_s
2024-10-18 18:45:00,0.06749307,False,train,0.0618801,False,0.05269763,False,0.08790151,False,derived_flow_kg_s
2024-10-19 06:45:00,0.06728487,False,train,0.063859314,False,0.04640086,False,0.09159446,False,derived_flow_kg_s
2024-10-19 18:45:00,0.0609101,False,train,0.06552798,False,0.043263976,False,0.07393836,False,derived_flow_kg_s
2024-10-20 06:45:00,0.1005803,False,train,0.09267032,False,0.069993675,False,0.1390769,False,derived_flow_kg_s
2024-10-20 18:45:00,0.15109567,False,train,0.11135136,False,0.09785342,False,0.24408223,False,derived_flow_kg_s
2024-10-21 06:45:00,0.117563024,False,train,0.08157983,False,0.08539265,False,0.18571661,False,derived_flow_kg_s
2024-10-21 18:45:00,0.101786286,False,train,0.06347995,False,0.1062076,False,0.13567132,False,derived_flow_kg_s
2024-10-22 06:45:00,0.09588571,False,train,0.06934955,False,0.065976486,False,0.1523311,False,derived_flow_kg_s
2024-10-22 18:45:00,0.09902455,False,train,0.07198415,False,0.07089118,False,0.15419827,False,derived_flow_kg_s
2024-10-23 06:45:00,0.09653332,False,train,0.07450656,False,0.0829263,False,0.13216712,False,derived_flow_kg_s
2024-10-23 18:45:00,0.076805905,False,train,0.06519905,False,0.06838219,False,0.0968365,False,derived_flow_kg_s
2024-10-24 06:45:00,0.14770514,False,train,0.072168164,False,0.061169248,False,0.309778,False,derived_flow_kg_s
2024-10-24 18:45:00,0.16856569,False,train,0.07884132,False,0.06826585,False,0.35858992,False,derived_flow_kg_s
2024-10-25 06:45:00,0.11838564,False,train,0.06108704,False,0.08488924,False,0.2091807,False,derived_flow_kg_s
2024-10-25 18:45:00,0.09707722,False,train,0.05050634,False,0.08355155,False,0.15717378,False,derived_flow_kg_s
2024-10-26 06:45:00,0.38266876,False,train,0.1077703,False,0.082451455,False,0.9577845,False,derived_flow_kg_s
2024-10-26 18:45:00,0.46333,False,train,0.14970613,False,0.12561914,False,1.1146647,False,derived_flow_kg_s
2024-10-27 06:45:00,0.32719848,False,train,0.12644468,False,0.13859445,False,0.7165563,False,derived_flow_kg_s
2024-10-27 18:45:00,0.25209278,False,train,0.14053565,False,0.11072361,False,0.5050191,False,derived_flow_kg_s
2024-10-28 06:45:00,0.22321087,False,train,0.115082,False,0.10099164,False,0.453559,False,derived_flow_kg_s
2024-10-28 18:45:00,0.18486193,False,train,0.103782766,False,0.07713961,False,0.37366343,False,derived_flow_kg_s
2024-10-29 06:45:00,0.100782484,False,train,0.077200755,False,0.0701729,False,0.1549738,False,derived_flow_kg_s
2024-10-29 18:45:00,0.09757919,False,train,0.08994738,False,0.090100944,False,0.112689234,False,derived_flow_kg_s
2024-10-30 06:45:00,0.10713813,False,train,0.08788115,False,0.08918098,False,0.14435223,False,derived_flow_kg_s
2024-10-30 18:45:00,0.12416278,False,train,0.085491724,False,0.120538235,False,0.16645838,False,derived_flow_kg_s
2024-10-31 06:45:00,0.21222256,False,train,0.118946515,False,0.16498037,False,0.35274085,False,derived_flow_kg_s
2024-10-31 18:45:00,0.20468456,False,train,0.09584891,False,0.20864834,False,0.30955645,False,derived_flow_kg_s
2024-11-01 06:45:00,0.2025841,False,train,0.13491276,False,0.2228284,False,0.25001115,False,derived_flow_kg_s
2024-11-01 18:45:00,0.21378769,False,train,0.13892777,False,0.21235068,False,0.29008466,False,derived_flow_kg_s
2024-11-02 06:45:00,0.18731073,False,train,0.082617596,False,0.13100033,False,0.34831426,False,derived_flow_kg_s
2024-11-02 18:45:00,0.15866129,False,train,0.10200193,False,0.114443325,False,0.25953868,False,derived_flow_kg_s
2024-11-03 06:45:00,0.11870509,False,train,0.08911548,False,0.12518957,False,0.14181022,False,derived_flow_kg_s
2024-11-03 18:45:00,0.11252631,False,train,0.08377605,False,0.09661195,False,0.15719096,False,derived_flow_kg_s
2024-11-04 06:45:00,0.12301898,False,train,0.10188062,False,0.10009998,False,0.16707635,False,derived_flow_kg_s
2024-11-04 18:45:00,0.16864249,False,train,0.07062696,False,0.21210374,False,0.22319679,False,derived_flow_kg_s
2024-11-05 06:45:00,0.14792891,False,train,0.086130016,False,0.14672498,False,0.21093172,False,derived_flow_kg_s
2024-11-05 18:45:00,0.12250008,False,train,0.09653306,False,0.1185827,False,0.15238442,False,derived_flow_kg_s
2024-11-06 06:45:00,0.24851243,False,train,0.11211073,False,0.14882047,False,0.48460603,False,derived_flow_kg_s
2024-11-06 18:45:00,0.271131,False,train,0.11931405,False,0.13455033,False,0.55952865,False,derived_flow_kg_s
2024-11-07 06:45:00,0.1915837,False,train,0.12191653,False,0.16061358,False,0.29222098,False,derived_flow_kg_s
2024-11-07 18:45:00,0.16831267,False,train,0.13793884,False,0.16893761,False,0.19806157,False,derived_flow_kg_s
2024-11-08 06:45:00,0.16992149,False,train,0.13208573,False,0.17519115,False,0.2024876,False,derived_flow_kg_s
2024-11-08 18:45:00,0.17996995,False,train,0.123894654,False,0.19118224,False,0.22483294,False,derived_flow_kg_s
2024-11-09 06:45:00,0.18084246,False,train,0.14080858,False,0.21202047,False,0.18969832,False,return_temp_c
2024-11-09 18:45:00,0.17461392,False,train,0.12838937,False,0.18616559,False,0.20928682,False,derived_flow_kg_s
2024-11-10 06:45:00,0.18454301,False,train,0.1328912,False,0.21527128,False,0.20546658,False,return_temp_c
2024-11-10 18:45:00,0.2137297,False,train,0.13405913,False,0.18225054,False,0.3248794,False,derived_flow_kg_s
2024-11-11 06:45:00,0.18605132,False,train,0.10813159,False,0.15160368,False,0.29841876,False,derived_flow_kg_s
2024-11-11 18:45:00,0.13514243,False,train,0.115283795,False,0.15338193,False,0.13676156,False,return_temp_c
2024-11-12 06:45:00,0.19822209,False,train,0.12901862,False,0.1796187,False,0.28602892,False,derived_flow_kg_s
2024-11-12 18:45:00,0.20085801,False,train,0.16059528,False,0.15142812,False,0.29055068,False,derived_flow_kg_s
2024-11-13 06:45:00,0.16057354,False,train,0.13807295,False,0.18308479,False,0.16056289,False,return_temp_c
2024-11-13 18:45:00,0.2140893,False,train,0.14501901,False,0.18079102,False,0.31645784,False,derived_flow_kg_s
2024-11-14 06:45:00,0.19891459,False,train,0.12088487,False,0.15581596,False,0.32004294,False,derived_flow_kg_s
2024-11-14 18:45:00,0.14909598,False,train,0.103371166,False,0.15075487,False,0.19316196,False,derived_flow_kg_s
2024-11-15 06:45:00,0.15264422,False,train,0.09082091,False,0.17401683,False,0.19309497,False,derived_flow_kg_s
2024-11-15 18:45:00,0.17733738,False,train,0.11894891,False,0.15901844,False,0.25404477,False,derived_flow_kg_s
2024-11-16 06:45:00,0.18336831,False,train,0.15431124,False,0.18025696,False,0.2155367,False,derived_flow_kg_s
2024-11-16 18:45:00,0.14008464,False,train,0.09783968,False,0.14822042,False,0.1741938,False,derived_flow_kg_s
2024-11-17 06:45:00,0.11897704,False,train,0.06563482,False,0.15879597,False,0.13250034,False,return_temp_c
2024-11-17 18:45:00,0.10941294,False,train,0.086264975,False,0.11986816,False,0.12210566,False,derived_flow_kg_s
2024-11-18 06:45:00,0.1397666,False,train,0.12301454,False,0.16894273,False,0.12734254,False,return_temp_c
2024-11-18 18:45:00,0.18347989,False,train,0.12620948,False,0.19019897,False,0.23403122,False,derived_flow_kg_s
2024-11-19 06:45:00,0.20040457,False,train,0.11667254,False,0.16376238,False,0.32077873,False,derived_flow_kg_s
2024-11-19 18:45:00,0.20087889,False,train,0.17445451,False,0.14046948,False,0.28771266,False,derived_flow_kg_s
2024-11-20 06:45:00,0.18629456,False,train,0.23445417,False,0.15432267,False,0.17010678,False,supply_temp_c
2024-11-20 18:45:00,0.1341097,False,train,0.13887721,False,0.122899584,False,0.14055234,False,derived_flow_kg_s
2024-11-21 06:45:00,0.2058115,False,train,0.11865983,False,0.22129126,False,0.27748337,False,derived_flow_kg_s
2024-11-21 18:45:00,0.18842942,False,train,0.116669595,False,0.16748042,False,0.2811382,False,derived_flow_kg_s
2024-11-22 06:45:00,0.1650771,False,train,0.15357976,False,0.18280278,False,0.1588488,False,return_temp_c
2024-11-22 18:45:00,0.1958657,False,train,0.15293823,False,0.21921797,False,0.21544093,False,return_temp_c
2024-11-23 06:45:00,0.17731744,False,train,0.116797715,False,0.1728276,False,0.24232697,False,derived_flow_kg_s
2024-11-23 18:45:00,0.16424356,False,train,0.1112841,False,0.19179815,False,0.18964845,False,return_temp_c
2024-11-24 06:45:00,0.17026779,False,train,0.09454334,False,0.19473481,False,0.22152525,False,derived_flow_kg_s
2024-11-24 18:45:00,0.17146203,False,train,0.08803248,False,0.14392954,False,0.28242412,False,derived_flow_kg_s
2024-11-25 06:45:00,0.1703835,False,train,0.07745724,False,0.116941296,False,0.316752,False,derived_flow_kg_s
2024-11-25 18:45:00,0.26358214,False,train,0.14097632,False,0.17667294,False,0.4730972,False,derived_flow_kg_s
2024-11-26 06:45:00,0.21797565,False,train,0.14300719,False,0.1663171,False,0.3446026,False,derived_flow_kg_s
2024-11-26 18:45:00,0.12453207,False,train,0.09868747,False,0.1461438,False,0.12876491,False,return_temp_c
2024-11-27 06:45:00,0.1564791,False,train,0.120978035,False,0.15965316,False,0.18880613,False,derived_flow_kg_s
2024-11-27 18:45:00,0.14304666,False,train,0.1089986,False,0.12779097,False,0.19235039,False,derived_flow_kg_s
2024-11-28 06:45:00,0.13207354,False,train,0.09969577,False,0.13018936,False,0.16633548,False,derived_flow_kg_s
2024-11-28 18:45:00,0.13301821,False,train,0.08741545,False,0.0999732,False,0.21166599,False,derived_flow_kg_s
2024-11-29 06:45:00,0.14798492,False,train,0.11038324,False,0.14231378,False,0.19125782,False,derived_flow_kg_s
2024-11-29 18:45:00,0.15203072,False,train,0.12567614,False,0.18086396,False,0.14955212,False,return_temp_c
2024-11-30 06:45:00,0.17622,False,train,0.15112428,False,0.18633915,False,0.19119656,False,derived_flow_kg_s
2024-11-30 18:45:00,0.14470492,False,train,0.1008597,False,0.1429674,False,0.19028766,False,derived_flow_kg_s
2024-12-01 06:45:00,0.14193964,False,train,0.08610466,False,0.11602677,False,0.22368748,False,derived_flow_kg_s
2024-12-01 18:45:00,0.15717149,False,train,0.08484838,False,0.13212316,False,0.25454292,False,derived_flow_kg_s
2024-12-02 06:45:00,0.1640958,False,train,0.07082061,False,0.11469019,False,0.30677655,False,derived_flow_kg_s
2024-12-02 18:45:00,0.16317278,False,train,0.07078775,False,0.099968694,False,0.3187619,False,derived_flow_kg_s
2024-12-03 06:45:00,0.123049416,False,train,0.07268443,False,0.11937973,False,0.17708407,False,derived_flow_kg_s
2024-12-03 18:45:00,0.12977436,False,train,0.0925901,False,0.11480797,False,0.18192498,False,derived_flow_kg_s
2024-12-04 06:45:00,0.16742918,False,train,0.13036844,False,0.18792152,False,0.18399757,False,return_temp_c
2024-12-04 18:45:00,0.16997367,False,train,0.14104916,False,0.1418219,False,0.22704995,False,derived_flow_kg_s
2024-12-05 06:45:00,0.1652051,False,train,0.11549956,False,0.16079284,False,0.21932296,False,derived_flow_kg_s
2024-12-05 18:45:00,0.13146937,False,train,0.082299,False,0.1381548,False,0.17395423,False,derived_flow_kg_s
2024-12-06 06:45:00,0.11210232,False,train,0.06937581,False,0.13281633,False,0.13411483,False,derived_flow_kg_s
2024-12-06 18:45:00,0.1360009,False,train,0.092836,False,0.10179564,False,0.21337105,False,derived_flow_kg_s
2024-12-07 06:45:00,0.1402321,False,train,0.08265791,False,0.13386507,False,0.20417328,False,derived_flow_kg_s
2024-12-07 18:45:00,0.16127385,False,train,0.102101654,False,0.12737463,False,0.25434527,False,derived_flow_kg_s
2024-12-08 06:45:00,0.29745317,False,train,0.15517902,False,0.16435878,False,0.5728216,False,derived_flow_kg_s
2024-12-08 18:45:00,0.30387706,False,train,0.1447336,False,0.16340445,False,0.6034932,False,derived_flow_kg_s
2024-12-09 06:45:00,0.17338665,False,train,0.10084484,False,0.18473464,False,0.23458047,False,derived_flow_kg_s
2024-12-09 18:45:00,0.10948107,False,train,0.08464906,False,0.09821529,False,0.14557885,False,derived_flow_kg_s
2024-12-10 06:45:00,0.1134328,False,train,0.08769194,False,0.11816471,False,0.13444178,False,derived_flow_kg_s
2024-12-10 18:45:00,0.11246853,False,train,0.08589964,False,0.10975146,False,0.1417545,False,derived_flow_kg_s
2024-12-11 06:45:00,0.14704973,False,train,0.08544502,False,0.15216921,False,0.20353496,False,derived_flow_kg_s
2024-12-11 18:45:00,0.16762438,False,train,0.1093583,False,0.15453582,False,0.23897904,False,derived_flow_kg_s
2024-12-12 06:45:00,0.22749943,False,train,0.15081233,False,0.27260754,False,0.25907838,False,return_temp_c
2024-12-12 18:45:00,0.30049506,False,train,0.19119935,False,0.2876244,True,0.4226613,False,derived_flow_kg_s
2024-12-13 06:45:00,0.270378,False,train,0.22115944,False,0.25955924,False,0.33041522,False,derived_flow_kg_s
2024-12-13 18:45:00,0.15426992,False,train,0.12104452,False,0.17653312,False,0.16523217,False,return_temp_c
2024-12-14 06:45:00,0.32022288,False,train,0.1290889,False,0.23479612,False,0.5967837,False,derived_flow_kg_s
2024-12-14 18:45:00,0.32369554,False,train,0.12742236,False,0.21120681,False,0.6324576,False,derived_flow_kg_s
2024-12-15 06:45:00,0.13577111,False,train,0.09302231,False,0.12617734,False,0.1881137,False,derived_flow_kg_s
2024-12-15 18:45:00,0.14888942,False,train,0.08441222,False,0.089883976,False,0.27237204,False,derived_flow_kg_s
2024-12-16 06:45:00,0.15377384,False,train,0.08945751,False,0.09656829,False,0.27529576,False,derived_flow_kg_s
2024-12-16 18:45:00,0.09216935,False,train,0.08091488,False,0.07481059,False,0.120782584,False,derived_flow_kg_s
2024-12-17 06:45:00,0.09500448,False,train,0.07788362,False,0.0885851,False,0.11854472,False,derived_flow_kg_s
2024-12-17 18:45:00,0.108209506,False,train,0.0851117,False,0.097985454,False,0.14153133,False,derived_flow_kg_s
2024-12-18 06:45:00,0.11270174,False,train,0.0882479,False,0.113473944,False,0.13638334,False,derived_flow_kg_s
2024-12-18 18:45:00,0.17331749,False,train,0.086531036,False,0.094347835,False,0.33907366,False,derived_flow_kg_s
2024-12-19 06:45:00,0.17313178,False,train,0.08265993,False,0.07750562,False,0.35922983,False,derived_flow_kg_s
2024-12-19 18:45:00,0.13650237,False,train,0.08680902,False,0.096544914,False,0.22615315,False,derived_flow_kg_s
2024-12-20 06:45:00,0.11079065,False,train,0.06943954,False,0.11213189,False,0.15080048,False,derived_flow_kg_s
2024-12-20 18:45:00,0.11103494,False,train,0.082819395,False,0.09099668,False,0.15928872,False,derived_flow_kg_s
2024-12-21 06:45:00,0.15127832,False,train,0.10580272,False,0.15312435,False,0.19490783,False,derived_flow_kg_s
2024-12-21 18:45:00,0.13979317,False,train,0.09575633,False,0.13905181,False,0.18457139,False,derived_flow_kg_s
2024-12-22 06:45:00,0.20589039,False,train,0.1364299,False,0.21236835,False,0.2688729,False,derived_flow_kg_s
2024-12-22 18:45:00,0.2305194,False,train,0.16161115,False,0.21998541,False,0.30996162,False,derived_flow_kg_s
2024-12-23 06:45:00,0.16771825,False,train,0.1554103,False,0.19434547,False,0.15339898,False,return_temp_c
2024-12-23 18:45:00,0.13360673,False,train,0.11781169,False,0.13527985,False,0.1477286,False,derived_flow_kg_s
2024-12-24 06:45:00,0.12776259,False,train,0.08933192,False,0.1399016,False,0.15405424,False,derived_flow_kg_s
2024-12-24 18:45:00,0.12360072,False,train,0.09052261,False,0.13223825,False,0.14804131,False,derived_flow_kg_s
2024-12-25 06:45:00,0.1455167,False,train,0.110182196,False,0.16079889,False,0.16556902,False,derived_flow_kg_s
2024-12-25 18:45:00,0.12720862,False,train,0.10340992,False,0.124323785,False,0.15389211,False,derived_flow_kg_s
2024-12-26 06:45:00,0.14580935,False,train,0.111364484,False,0.17796332,False,0.14810027,False,return_temp_c
2024-12-26 18:45:00,0.14956857,False,train,0.12991895,False,0.15481715,False,0.1639696,False,derived_flow_kg_s
2024-12-27 06:45:00,0.14538504,False,train,0.11527995,False,0.16504127,False,0.15583393,False,return_temp_c
2024-12-27 18:45:00,0.122640476,False,train,0.09996841,False,0.11639553,False,0.15155749,False,derived_flow_kg_s
2024-12-28 06:45:00,0.105040126,False,train,0.073092654,False,0.11986961,False,0.12215811,False,derived_flow_kg_s
2024-12-28 18:45:00,0.106099665,False,train,0.083927214,False,0.11433468,False,0.12003709,False,derived_flow_kg_s
2024-12-29 06:45:00,0.13032047,False,train,0.08285818,False,0.132486,False,0.17561722,False,derived_flow_kg_s
2024-12-29 18:45:00,0.12101727,False,train,0.06324737,False,0.10420688,False,0.19559757,False,derived_flow_kg_s
2024-12-30 06:45:00,0.1408085,False,train,0.0951584,False,0.15880384,False,0.16846322,False,derived_flow_kg_s
2024-12-30 18:45:00,0.14854154,False,train,0.10335078,False,0.15340155,False,0.18887235,False,derived_flow_kg_s
2024-12-31 06:45:00,0.14261506,False,train,0.0877493,False,0.11872385,False,0.22137202,False,derived_flow_kg_s
2024-12-31 18:45:00,0.1569553,False,train,0.087177746,False,0.10441297,False,0.27927524,False,derived_flow_kg_s
2025-01-01 06:45:00,0.14966816,False,train,0.10020614,False,0.111959636,False,0.23683868,False,derived_flow_kg_s
2025-01-01 18:45:00,0.09981373,False,train,0.067230776,False,0.07893023,False,0.15328018,False,derived_flow_kg_s
2025-01-02 06:45:00,0.11270596,False,train,0.07548716,False,0.09900695,False,0.16362377,False,derived_flow_kg_s
2025-01-02 18:45:00,0.121426545,False,train,0.08996586,False,0.09938592,False,0.17492788,False,derived_flow_kg_s
2025-01-03 06:45:00,0.2577734,False,train,0.1219663,False,0.18849723,False,0.46285668,False,derived_flow_kg_s
2025-01-03 18:45:00,0.24593493,False,train,0.09851169,False,0.17990561,False,0.45938745,False,derived_flow_kg_s
2025-01-04 06:45:00,0.22824635,False,train,0.086405545,False,0.17696638,False,0.42136708,False,derived_flow_kg_s
2025-01-04 18:45:00,0.2115925,False,train,0.0697806,False,0.13762374,False,0.42737305,False,derived_flow_kg_s
2025-01-05 06:45:00,0.104323015,False,train,0.041508716,False,0.08414631,False,0.18731402,False,derived_flow_kg_s
2025-01-05 18:45:00,0.08492066,False,train,0.03744336,False,0.06832611,False,0.14899252,False,derived_flow_kg_s
2025-01-06 06:45:00,0.08726569,False,train,0.05850689,False,0.07598848,False,0.1273017,False,derived_flow_kg_s
2025-01-06 18:45:00,0.096024364,False,train,0.060319897,False,0.06367643,False,0.16407679,False,derived_flow_kg_s
2025-01-07 06:45:00,0.17943941,False,train,0.07436174,False,0.06163958,False,0.40231693,False,derived_flow_kg_s
2025-01-07 18:45:00,0.16987208,False,train,0.062333096,False,0.06587956,False,0.38140354,False,derived_flow_kg_s
2025-01-08 06:45:00,0.20852512,False,train,0.07161709,False,0.09595751,False,0.4580008,False,derived_flow_kg_s
2025-01-08 18:45:00,0.27372664,False,train,0.10369264,False,0.13055234,False,0.5869351,False,derived_flow_kg_s
2025-01-09 06:45:00,0.22084986,False,train,0.108454436,False,0.11293241,False,0.4411627,False,derived_flow_kg_s
2025-01-09 18:45:00,0.20973812,False,train,0.0888696,False,0.13670938,False,0.40363535,False,derived_flow_kg_s
2025-01-10 06:45:00,0.18005268,False,train,0.086557694,False,0.13308518,False,0.3205152,False,derived_flow_kg_s
2025-01-10 18:45:00,0.17141668,False,train,0.0821792,False,0.14621861,False,0.28585225,False,derived_flow_kg_s
2025-01-11 06:45:00,0.1400668,False,train,0.07149794,False,0.10049501,False,0.2482074,False,derived_flow_kg_s
2025-01-11 18:45:00,0.128571,False,train,0.09707088,False,0.10015566,False,0.1884865,False,derived_flow_kg_s
2025-01-12 06:45:00,0.14219637,False,train,0.1054871,False,0.08102399,False,0.24007802,False,derived_flow_kg_s
2025-01-12 18:45:00,0.13825731,False,train,0.06685167,False,0.087712884,False,0.26020736,False,derived_flow_kg_s
2025-01-13 06:45:00,0.2739048,False,train,0.0880233,False,0.08144483,False,0.6522463,False,derived_flow_kg_s
2025-01-13 18:45:00,0.26164535,False,train,0.090498485,False,0.0741696,False,0.6202679,False,derived_flow_kg_s
2025-01-14 06:45:00,0.17823237,False,train,0.0687648,False,0.07750014,False,0.38843215,False,derived_flow_kg_s
2025-01-14 18:45:00,0.18284608,False,train,0.068209685,False,0.07839889,False,0.40192965,False,derived_flow_kg_s
2025-01-15 06:45:00,0.17988387,False,train,0.09571179,False,0.10262785,False,0.34131196,False,derived_flow_kg_s
2025-01-15 18:45:00,0.22225843,False,train,0.073818296,False,0.1188575,False,0.4740995,False,derived_flow_kg_s
2025-01-16 06:45:00,0.21809424,False,train,0.081278294,False,0.07921409,False,0.4937904,False,derived_flow_kg_s
2025-01-16 18:45:00,0.19829181,False,train,0.10008973,False,0.09255361,False,0.40223214,False,derived_flow_kg_s
2025-01-17 06:45:00,0.22062579,False,train,0.07015481,False,0.103150964,False,0.48857155,False,derived_flow_kg_s
2025-01-17 18:45:00,0.22457886,False,train,0.089746,False,0.12472955,False,0.45926106,False,derived_flow_kg_s
2025-01-18 06:45:00,0.26690373,False,train,0.13149838,False,0.0837976,False,0.5854153,False,derived_flow_kg_s
2025-01-18 18:45:00,0.26267835,False,train,0.121688224,False,0.07412518,False,0.5922216,False,derived_flow_kg_s
2025-01-19 06:45:00,0.37776816,False,train,0.122211725,False,0.109210335,False,0.9018826,False,derived_flow_kg_s
2025-01-19 18:45:00,0.34797722,False,train,0.11231098,False,0.086280674,False,0.84534,False,derived_flow_kg_s
2025-01-20 06:45:00,2.5362227,True,train,0.17408158,False,0.1571041,False,7.2774825,True,derived_flow_kg_s
2025-01-20 18:45:00,2.6157913,True,train,0.41316465,True,0.28406045,True,7.150149,True,derived_flow_kg_s
2025-01-21 06:45:00,0.44718802,False,train,0.068984725,False,0.12291177,False,1.1496675,False,derived_flow_kg_s
2025-01-21 18:45:00,0.17636073,False,train,0.08587546,False,0.0995844,False,0.34362233,False,derived_flow_kg_s
2025-01-22 06:45:00,0.22799829,False,train,0.11279621,False,0.13898261,False,0.43221608,False,derived_flow_kg_s
2025-01-22 18:45:00,0.19640367,False,train,0.08876269,False,0.14022645,False,0.36022177,False,derived_flow_kg_s
2025-01-23 06:45:00,0.13007696,False,train,0.05716281,False,0.06894063,False,0.26412746,False,derived_flow_kg_s
2025-01-23 18:45:00,0.18656774,False,train,0.08706772,False,0.09553232,False,0.37710324,False,derived_flow_kg_s
2025-01-24 06:45:00,0.19626527,False,train,0.12451854,False,0.1106995,False,0.35357773,False,derived_flow_kg_s
2025-01-24 18:45:00,0.15998104,False,train,0.07188176,False,0.09694457,False,0.3111168,False,derived_flow_kg_s
2025-01-25 06:45:00,0.23988625,False,train,0.099399485,False,0.12691431,False,0.49334493,False,derived_flow_kg_s
2025-01-25 18:45:00,0.22937971,False,train,0.06432227,False,0.11974317,False,0.5040737,False,derived_flow_kg_s
2025-01-26 06:45:00,0.17019385,False,train,0.05925123,False,0.079288624,False,0.37204167,False,derived_flow_kg_s
2025-01-26 18:45:00,0.14932713,False,train,0.054561574,False,0.107419975,False,0.2859998,False,derived_flow_kg_s
2025-01-27 06:45:00,0.18380088,False,train,0.06322948,False,0.090257846,False,0.39791536,False,derived_flow_kg_s
2025-01-27 18:45:00,0.22781883,False,train,0.08991754,False,0.12977023,False,0.46376872,False,derived_flow_kg_s
2025-01-28 06:45:00,0.22087403,False,train,0.086508065,False,0.0959293,False,0.4801847,False,derived_flow_kg_s
2025-01-28 18:45:00,0.20256391,False,train,0.063375324,False,0.12489297,False,0.41942343,False,derived_flow_kg_s
2025-01-29 06:45:00,0.14590766,False,train,0.053095456,False,0.08015701,False,0.30447045,False,derived_flow_kg_s
2025-01-29 18:45:00,0.16831197,False,train,0.05909762,False,0.06607259,False,0.37976572,False,derived_flow_kg_s
2025-01-30 06:45:00,0.21706349,False,train,0.12051904,False,0.09446212,False,0.4362093,False,derived_flow_kg_s
2025-01-30 18:45:00,0.16957487,False,train,0.09163294,False,0.10654804,False,0.31054363,False,derived_flow_kg_s
2025-01-31 06:45:00,0.15119481,False,train,0.047302764,False,0.094093435,False,0.31218827,False,derived_flow_kg_s
2025-01-31 18:45:00,0.34339997,False,train,0.12814546,False,0.11604729,False,0.7860072,False,derived_flow_kg_s
2025-02-01 06:45:00,0.29245973,False,train,0.12082595,False,0.08672887,False,0.66982436,False,derived_flow_kg_s
2025-02-01 18:45:00,0.14743549,False,train,0.086035736,False,0.107768774,False,0.24850197,False,derived_flow_kg_s
2025-02-02 06:45:00,0.17890343,False,train,0.08715004,False,0.10407283,False,0.34548748,False,derived_flow_kg_s
2025-02-02 18:45:00,0.16177632,False,train,0.05661833,False,0.11334508,False,0.31536552,False,derived_flow_kg_s
2025-02-03 06:45:00,0.12918416,False,train,0.057465594,False,0.090661876,False,0.23942502,False,derived_flow_kg_s
2025-02-03 18:45:00,0.13479319,False,train,0.065718,False,0.10114226,False,0.23751928,False,derived_flow_kg_s
2025-02-04 06:45:00,0.16146483,False,train,0.05113258,False,0.12367276,False,0.30958912,False,derived_flow_kg_s
2025-02-04 18:45:00,0.2350486,False,train,0.060656846,False,0.12225321,False,0.52223563,False,derived_flow_kg_s
2025-02-05 06:45:00,0.22127587,False,train,0.07439517,False,0.11491155,False,0.4745209,False,derived_flow_kg_s
2025-02-05 18:45:00,0.22391507,False,train,0.07663422,False,0.13888331,False,0.4562277,False,derived_flow_kg_s
2025-02-06 06:45:00,0.21306917,False,train,0.07664824,False,0.08912405,False,0.4734352,False,derived_flow_kg_s
2025-02-06 18:45:00,0.16577615,False,train,0.04580501,False,0.09414979,False,0.35737368,False,derived_flow_kg_s
2025-02-07 06:45:00,0.16209629,False,train,0.031733897,False,0.110086165,False,0.34446883,False,derived_flow_kg_s
2025-02-07 18:45:00,0.17902364,False,train,0.06361175,False,0.10098209,False,0.37247708,False,derived_flow_kg_s
2025-02-08 06:45:00,0.24007505,False,train,0.05713303,False,0.10022975,False,0.5628624,False,derived_flow_kg_s
2025-02-08 18:45:00,0.22762762,False,train,0.058643658,False,0.10136896,False,0.52287024,False,derived_flow_kg_s
2025-02-09 06:45:00,0.21331166,False,train,0.07995788,False,0.10573,False,0.45424715,False,derived_flow_kg_s
2025-02-09 18:45:00,0.67698044,True,train,0.12097731,False,0.153892,False,1.7560719,True,derived_flow_kg_s
2025-02-10 06:45:00,0.6821255,True,train,0.14756416,False,0.15282382,False,1.7459888,True,derived_flow_kg_s
2025-02-10 18:45:00,0.25642878,False,train,0.086099595,False,0.14800853,False,0.5351782,False,derived_flow_kg_s
2025-02-11 06:45:00,0.21399386,False,train,0.0764508,False,0.12327384,False,0.44225693,False,derived_flow_kg_s
2025-02-11 18:45:00,0.3045278,False,train,0.087597705,False,0.0964803,False,0.72950524,False,derived_flow_kg_s
2025-02-12 06:45:00,0.33496687,False,train,0.087126374,False,0.107737295,False,0.81003696,False,derived_flow_kg_s
2025-02-12 18:45:00,0.22803871,False,train,0.074449934,False,0.08421436,False,0.5254518,False,derived_flow_kg_s
2025-02-13 06:45:00,0.20040713,False,train,0.062131897,False,0.08086311,False,0.45822644,False,derived_flow_kg_s
2025-02-13 18:45:00,0.17718786,False,train,0.062507525,False,0.12842174,False,0.34063426,False,derived_flow_kg_s
2025-02-14 06:45:00,0.18853523,False,train,0.06481945,False,0.0998104,False,0.4009758,False,derived_flow_kg_s
2025-02-14 18:45:00,0.25193274,False,train,0.06136496,False,0.086632095,False,0.6078012,False,derived_flow_kg_s
2025-02-15 06:45:00,0.29067528,False,train,0.058168918,False,0.11034977,False,0.703507,False,derived_flow_kg_s
2025-02-15 18:45:00,0.28185976,False,train,0.064201035,False,0.1326421,False,0.6487361,False,derived_flow_kg_s
2025-02-16 06:45:00,0.21128917,False,train,0.05805653,False,0.10552857,False,0.4702824,False,derived_flow_kg_s
2025-02-16 18:45:00,0.41830465,False,train,0.13659525,False,0.1422166,False,0.9761021,False,derived_flow_kg_s
2025-02-17 06:45:00,0.3976653,False,train,0.13798863,False,0.11269733,False,0.94230986,False,derived_flow_kg_s
2025-02-17 18:45:00,0.14126955,False,train,0.035954434,False,0.074706376,False,0.31314784,False,derived_flow_kg_s
2025-02-18 06:45:00,0.1882459,False,train,0.0636457,False,0.088261284,False,0.4128308,False,derived_flow_kg_s
2025-02-18 18:45:00,0.1874941,False,train,0.0784976,False,0.12596776,False,0.35801697,False,derived_flow_kg_s
2025-02-19 06:45:00,0.22047552,False,train,0.07549813,False,0.112768985,False,0.47315952,False,derived_flow_kg_s
2025-02-19 18:45:00,0.25844216,False,train,0.072242066,False,0.14038545,False,0.5626989,False,derived_flow_kg_s
2025-02-20 06:45:00,0.20849365,False,train,0.08531801,False,0.114648014,False,0.42551494,False,derived_flow_kg_s
2025-02-20 18:45:00,0.21038574,False,train,0.08928031,False,0.08334384,False,0.45853305,False,derived_flow_kg_s
2025-02-21 06:45:00,0.28497756,False,train,0.09733502,False,0.08476306,False,0.67283463,False,derived_flow_kg_s
2025-02-21 18:45:00,0.43170524,False,train,0.10475043,False,0.09548893,False,1.0948765,False,derived_flow_kg_s
2025-02-22 06:45:00,0.37237188,False,train,0.070985116,False,0.11241955,False,0.9337109,False,derived_flow_kg_s
2025-02-22 18:45:00,0.25130686,False,train,0.05398734,False,0.105104215,False,0.594829,False,derived_flow_kg_s
2025-02-23 06:45:00,0.24044749,False,train,0.06610478,False,0.08874285,False,0.5664949,False,derived_flow_kg_s
2025-02-23 18:45:00,0.6596152,True,train,0.127245,False,0.16854264,False,1.6830581,True,derived_flow_kg_s
2025-02-24 06:45:00,0.63603544,False,train,0.11807991,False,0.1443434,False,1.6456829,True,derived_flow_kg_s
2025-02-24 18:45:00,0.31397244,False,train,0.04924409,False,0.10752842,False,0.7851448,False,derived_flow_kg_s
2025-02-25 06:45:00,0.3315806,False,train,0.09706996,False,0.13123341,False,0.7664385,False,derived_flow_kg_s
2025-02-25 18:45:00,0.14507134,False,train,0.09296688,False,0.10809663,False,0.23415054,False,derived_flow_kg_s
2025-02-26 06:45:00,0.104745716,False,train,0.068552345,False,0.07829476,False,0.16739003,False,derived_flow_kg_s
2025-02-26 18:45:00,0.11585932,False,train,0.09974428,False,0.100741155,False,0.14709254,False,derived_flow_kg_s
2025-02-27 06:45:00,0.10787715,False,train,0.0927625,False,0.08018298,False,0.15068598,False,derived_flow_kg_s
2025-02-27 18:45:00,0.14611322,False,train,0.06357465,False,0.056018848,False,0.31874612,False,derived_flow_kg_s
2025-02-28 06:45:00,4.0019603,True,train,1.342216,True,0.7045755,True,9.959089,True,derived_flow_kg_s
2025-02-28 18:45:00,4.099679,True,train,1.4171276,True,0.8343382,True,10.04757,True,derived_flow_kg_s
2025-03-01 06:45:00,0.31686652,False,train,0.166773,False,0.18244083,False,0.6013858,False,derived_flow_kg_s
2025-03-01 18:45:00,0.22362596,False,train,0.10474396,False,0.11539349,False,0.45074034,False,derived_flow_kg_s
2025-03-02 06:45:00,0.112374984,False,train,0.058848683,False,0.0631094,False,0.21516687,False,derived_flow_kg_s
2025-03-02 18:45:00,0.12171931,False,train,0.07050664,False,0.07625438,False,0.21839692,False,derived_flow_kg_s
2025-03-03 06:45:00,0.11609844,False,train,0.08081942,False,0.07885169,False,0.18862422,False,derived_flow_kg_s
2025-03-03 18:45:00,0.14511842,False,train,0.07863655,False,0.08721447,False,0.26950428,False,derived_flow_kg_s
2025-03-04 06:45:00,0.17631893,False,train,0.06877395,False,0.08314546,False,0.37703732,False,derived_flow_kg_s
2025-03-04 18:45:00,0.15926366,False,train,0.059095602,False,0.07406991,False,0.34462544,False,derived_flow_kg_s
2025-03-05 06:45:00,0.16730772,False,train,0.04479982,False,0.057311326,False,0.399812,False,derived_flow_kg_s
2025-03-05 18:45:00,0.6869936,True,train,0.2166843,False,0.21518733,False,1.629109,False,derived_flow_kg_s
2025-03-06 06:45:00,0.7317794,True,train,0.2518603,False,0.26275322,False,1.680725,True,derived_flow_kg_s
2025-03-06 18:45:00,0.20262603,False,train,0.091537476,False,0.13780837,False,0.3785323,False,derived_flow_kg_s
2025-03-07 06:45:00,0.16337365,False,train,0.060594678,False,0.08995638,False,0.3395699,False,derived_flow_kg_s
2025-03-07 18:45:00,0.21800257,False,train,0.0597478,False,0.111923404,False,0.48233655,False,derived_flow_kg_s
2025-03-08 06:45:00,0.18118669,False,train,0.06312006,False,0.104353964,False,0.376086,False,derived_flow_kg_s
2025-03-08 18:45:00,0.10338512,False,train,0.04223674,False,0.08073146,False,0.18718715,False,derived_flow_kg_s
2025-03-09 06:45:00,0.13699542,False,train,0.03875259,False,0.0852186,False,0.2870151,False,derived_flow_kg_s
2025-03-09 18:45:00,0.15757698,False,train,0.08834919,False,0.10273107,False,0.2816507,False,derived_flow_kg_s
2025-03-10 06:45:00,0.09278516,False,train,0.07516467,False,0.09760794,False,0.10558289,False,derived_flow_kg_s
2025-03-10 18:45:00,0.070667595,False,train,0.042507395,False,0.07861666,False,0.090878725,False,derived_flow_kg_s
2025-03-11 06:45:00,0.11900703,False,train,0.060236514,False,0.115625314,False,0.1811593,False,derived_flow_kg_s
2025-03-11 18:45:00,0.15199862,False,train,0.08526054,False,0.12239873,False,0.24833661,False,derived_flow_kg_s
2025-03-12 06:45:00,0.21170676,False,train,0.09205442,False,0.16459191,False,0.3784739,False,derived_flow_kg_s
2025-03-12 18:45:00,0.20067874,False,train,0.10992264,False,0.14722602,False,0.34488752,False,derived_flow_kg_s
2025-03-13 06:45:00,0.14511223,False,train,0.11165455,False,0.15344934,False,0.17023283,False,derived_flow_kg_s
2025-03-13 18:45:00,0.14756578,False,train,0.11034266,False,0.16310409,False,0.16925067,False,derived_flow_kg_s
2025-03-14 06:45:00,0.1907305,False,train,0.175084,False,0.21009904,False,0.18700846,False,return_temp_c
2025-03-14 18:45:00,0.22035363,False,train,0.15733334,False,0.17950784,False,0.32421982,False,derived_flow_kg_s
2025-03-15 06:45:00,0.28983924,False,train,0.15787588,False,0.21878707,False,0.49285468,False,derived_flow_kg_s
2025-03-15 18:45:00,0.22251505,False,train,0.13795339,False,0.16012801,False,0.3694638,False,derived_flow_kg_s
2025-03-16 06:45:00,0.1206899,False,train,0.064977415,False,0.13268696,False,0.16440533,False,derived_flow_kg_s
2025-03-16 18:45:00,0.3677208,False,train,0.16436635,False,0.2323695,False,0.70642656,False,derived_flow_kg_s
2025-03-17 06:45:00,0.42106253,False,train,0.17008714,False,0.2832374,True,0.8098631,False,derived_flow_kg_s
2025-03-17 18:45:00,0.16932163,False,train,0.09506613,False,0.15359056,False,0.25930825,False,derived_flow_kg_s
2025-03-18 06:45:00,0.15623163,False,train,0.115092374,False,0.18460377,False,0.16899872,False,return_temp_c
2025-03-19 18:45:00,0.37683672,False,train,0.19730026,False,0.3712934,True,0.5619166,False,derived_flow_kg_s
2025-03-20 06:45:00,0.29252073,False,train,0.21065843,False,0.33574113,True,0.3311627,False,return_temp_c
2025-03-20 18:45:00,0.100301735,False,train,0.067138605,False,0.078624964,False,0.15514164,False,derived_flow_kg_s
2025-03-21 06:45:00,0.073546745,False,train,0.048415665,False,0.082397334,False,0.08982722,False,derived_flow_kg_s
2025-03-21 18:45:00,0.07775205,False,train,0.04015414,False,0.08982319,False,0.10327879,False,derived_flow_kg_s
2025-03-22 06:45:00,0.16939281,False,train,0.06787099,False,0.119140744,False,0.32116672,False,derived_flow_kg_s
2025-03-22 18:45:00,0.1633715,False,train,0.06920109,False,0.1020664,False,0.31884697,False,derived_flow_kg_s
2025-03-23 06:45:00,0.0929772,False,train,0.061951768,False,0.089083195,False,0.12789668,False,derived_flow_kg_s
2025-03-23 18:45:00,0.08451429,False,train,0.048168793,False,0.08351774,False,0.12185633,False,derived_flow_kg_s
2025-03-24 06:45:00,0.11931712,False,train,0.05803816,False,0.09231212,False,0.20760112,False,derived_flow_kg_s
2025-03-24 18:45:00,0.1176664,False,test,0.053538878,False,0.08773279,False,0.21172757,False,derived_flow_kg_s
2025-03-25 06:45:00,0.10385338,False,test,0.058516946,False,0.089189254,False,0.16385394,False,derived_flow_kg_s
2025-03-25 18:45:00,0.10821925,False,test,0.065040044,False,0.09988111,False,0.1597366,False,derived_flow_kg_s
2025-03-26 06:45:00,0.1318869,False,test,0.08313014,False,0.12257286,False,0.18995766,False,derived_flow_kg_s
2025-03-26 18:45:00,0.12305983,False,test,0.071466684,False,0.10867834,False,0.18903446,False,derived_flow_kg_s
2025-03-27 06:45:00,0.105636805,False,test,0.079974465,False,0.10217325,False,0.13476272,False,derived_flow_kg_s
2025-03-27 18:45:00,0.092533134,False,test,0.058790904,False,0.0915584,False,0.12725013,False,derived_flow_kg_s
2025-03-28 06:45:00,0.09898064,False,test,0.060391914,False,0.09000977,False,0.14654025,False,derived_flow_kg_s
2025-03-28 18:45:00,0.09307461,False,test,0.052294906,False,0.07998099,False,0.1469479,False,derived_flow_kg_s
2025-03-29 06:45:00,0.085020594,False,test,0.056440815,False,0.099092625,False,0.09952832,False,derived_flow_kg_s
2025-03-29 18:45:00,0.08329841,False,test,0.050694842,False,0.08888518,False,0.110315174,False,derived_flow_kg_s
2025-03-30 06:45:00,0.06622733,False,test,0.0441265,False,0.06859916,False,0.085956335,False,derived_flow_kg_s
2025-03-30 18:45:00,0.06397947,False,test,0.032175187,False,0.077843726,False,0.081919506,False,derived_flow_kg_s
2025-03-31 06:45:00,0.07087401,False,test,0.043378383,False,0.08556774,False,0.08367593,False,return_temp_c
2025-03-31 18:45:00,0.059384566,False,test,0.044822644,False,0.06764663,False,0.06568443,False,return_temp_c
2025-04-01 06:45:00,0.08328447,False,test,0.061628457,False,0.09116202,False,0.09706292,False,derived_flow_kg_s
2025-04-01 18:45:00,0.085619755,False,test,0.05659097,False,0.09342725,False,0.10684103,False,derived_flow_kg_s
2025-04-02 06:45:00,0.13686135,False,test,0.10425218,False,0.12636285,False,0.17996901,False,derived_flow_kg_s
2025-04-02 18:45:00,0.13544092,False,test,0.10046414,False,0.12216579,False,0.18369286,False,derived_flow_kg_s
2025-04-03 06:45:00,0.11305867,False,test,0.07683154,False,0.12761177,False,0.13473275,False,derived_flow_kg_s
2025-04-03 18:45:00,0.09792448,False,test,0.059962094,False,0.105338454,False,0.12847288,False,derived_flow_kg_s
2025-04-04 06:45:00,0.08705734,False,test,0.049059093,False,0.079127885,False,0.13298503,False,derived_flow_kg_s
2025-04-04 18:45:00,0.09046452,False,test,0.050435197,False,0.090743296,False,0.13021506,False,derived_flow_kg_s
2025-04-05 06:45:00,0.077398024,False,test,0.050841987,False,0.08902339,False,0.09232866,False,derived_flow_kg_s
2025-04-05 18:45:00,0.06727944,False,test,0.03682321,False,0.07254616,False,0.09246897,False,derived_flow_kg_s
2025-04-06 06:45:00,0.052055158,False,test,0.03286969,False,0.05930194,False,0.06399385,False,derived_flow_kg_s
2025-04-06 18:45:00,0.047772504,False,test,0.022870922,False,0.05605191,False,0.06439468,False,derived_flow_kg_s
2025-04-07 06:45:00,0.058296707,False,test,0.027344534,False,0.05182847,False,0.09571711,False,derived_flow_kg_s
2025-04-07 18:45:00,0.084602565,False,test,0.036102016,False,0.0719986,False,0.14570706,False,derived_flow_kg_s
2025-04-08 06:45:00,0.11285549,False,test,0.059442118,False,0.12752496,False,0.15159939,False,derived_flow_kg_s
2025-04-08 18:45:00,0.13530248,False,test,0.07655566,False,0.18944383,False,0.139908,False,return_temp_c
2025-04-09 06:45:00,0.10965636,False,test,0.06752426,False,0.14465244,False,0.11679235,False,return_temp_c
2025-04-09 18:45:00,0.10610787,False,test,0.06548124,False,0.119875096,False,0.13296728,False,derived_flow_kg_s
2025-04-10 06:45:00,0.0979967,False,test,0.042791907,False,0.1111271,False,0.14007108,False,derived_flow_kg_s
2025-04-10 18:45:00,0.06574894,False,test,0.042673588,False,0.0712448,False,0.0833284,False,derived_flow_kg_s
2025-04-11 06:45:00,0.07865632,False,test,0.052359547,False,0.09573104,False,0.08787838,False,return_temp_c
2025-04-11 18:45:00,0.096911035,False,test,0.059801664,False,0.12095212,False,0.109979324,False,return_temp_c
2025-04-12 06:45:00,0.11500345,False,test,0.07278829,False,0.1527477,False,0.11947436,False,return_temp_c
2025-04-12 18:45:00,0.0968635,False,test,0.049960334,False,0.12789719,False,0.112732954,False,return_temp_c
2025-04-13 06:45:00,0.105512306,False,test,0.057564855,False,0.12512334,False,0.13384874,False,derived_flow_kg_s
2025-04-13 18:45:00,0.13235313,False,test,0.0817076,False,0.16170128,False,0.15365057,False,return_temp_c
2025-04-14 06:45:00,0.12542813,False,test,0.096551575,False,0.15355517,False,0.12617765,False,return_temp_c
2025-04-14 18:45:00,0.12103057,False,test,0.09304794,False,0.14878939,False,0.121254414,False,return_temp_c
2025-04-15 06:45:00,0.13624853,False,test,0.08294988,False,0.20265074,False,0.12314499,False,return_temp_c
2025-04-15 18:45:00,0.10418621,False,test,0.07929864,False,0.13377875,False,0.09948125,False,return_temp_c
2025-04-16 06:45:00,0.11695287,False,test,0.08778105,False,0.1539448,False,0.10913274,False,return_temp_c
2025-04-16 18:45:00,0.12748101,False,test,0.091982715,False,0.16561964,False,0.12484068,False,return_temp_c
2025-04-17 06:45:00,0.12992002,False,test,0.0815608,False,0.16179687,False,0.14640237,False,return_temp_c
2025-04-17 18:45:00,0.11562424,False,test,0.07052245,False,0.12365064,False,0.15269963,False,derived_flow_kg_s
2025-04-18 06:45:00,0.11145871,False,test,0.053989917,False,0.13946104,False,0.14092517,False,derived_flow_kg_s
2025-04-18 18:45:00,0.13265692,False,test,0.061329708,False,0.13449748,False,0.20214354,False,derived_flow_kg_s
2025-04-19 06:45:00,0.13871819,False,test,0.08874654,False,0.14239688,False,0.18501121,False,derived_flow_kg_s
2025-04-19 18:45:00,0.10429545,False,test,0.0641381,False,0.11773854,False,0.13100971,False,derived_flow_kg_s
2025-04-20 06:45:00,0.115224496,False,test,0.07699906,False,0.15156724,False,0.11710719,False,return_temp_c
2025-04-20 18:45:00,0.13320287,False,test,0.08485338,False,0.13579646,False,0.17895879,False,derived_flow_kg_s
2025-04-21 06:45:00,0.15519808,False,test,0.08898575,False,0.14706852,False,0.22953999,False,derived_flow_kg_s
2025-04-21 18:45:00,0.11813133,False,test,0.06665871,False,0.108751744,False,0.17898355,False,derived_flow_kg_s
2025-04-22 06:45:00,0.09932113,False,test,0.05810179,False,0.104942404,False,0.13491918,False,derived_flow_kg_s
2025-04-22 18:45:00,0.11008798,False,test,0.082203224,False,0.08633971,False,0.16172102,False,derived_flow_kg_s
2025-04-23 06:45:00,0.1275092,False,test,0.09164903,False,0.1141602,False,0.1767184,False,derived_flow_kg_s
2025-04-23 18:45:00,0.16652821,False,test,0.07656671,False,0.17229801,False,0.25071993,False,derived_flow_kg_s
2025-04-24 06:45:00,0.18612473,False,test,0.0874148,False,0.20577477,False,0.26518458,False,derived_flow_kg_s
2025-04-24 18:45:00,0.17992373,False,test,0.09134146,False,0.15635966,False,0.29207012,False,derived_flow_kg_s
2025-04-25 06:45:00,0.20417958,False,test,0.08767847,False,0.19392776,False,0.33093247,False,derived_flow_kg_s
2025-04-25 18:45:00,0.15747017,False,test,0.08311856,False,0.1531447,False,0.23614724,False,derived_flow_kg_s
2025-04-26 06:45:00,0.14854442,False,test,0.096687235,False,0.16299395,False,0.18595208,False,derived_flow_kg_s
2025-04-26 18:45:00,0.17787631,False,test,0.12525554,False,0.19678609,False,0.21158727,False,derived_flow_kg_s
2025-04-27 06:45:00,0.1648935,False,test,0.1213812,False,0.20101966,False,0.1722796,False,return_temp_c
2025-04-29 06:45:00,0.16083843,False,test,0.10681916,False,0.1477096,False,0.22798656,False,derived_flow_kg_s
2025-04-29 18:45:00,0.12810513,False,test,0.1011476,False,0.15672635,False,0.12644146,False,return_temp_c
2025-04-30 06:45:00,0.10988314,False,test,0.060468752,False,0.14846748,False,0.120713174,False,return_temp_c
2025-04-30 18:45:00,0.10824961,False,test,0.062022205,False,0.11745239,False,0.14527424,False,derived_flow_kg_s
2025-05-01 06:45:00,0.13632506,False,test,0.088448144,False,0.16075735,False,0.15976967,False,return_temp_c
2025-05-01 18:45:00,0.1472128,False,test,0.117167205,False,0.18146624,False,0.1430049,False,return_temp_c
2025-05-02 06:45:00,0.10481637,False,test,0.06098616,False,0.13161781,False,0.12184516,False,return_temp_c
2025-05-02 18:45:00,0.062002223,False,test,0.037989993,False,0.06735114,False,0.08066551,False,derived_flow_kg_s
2025-05-03 06:45:00,0.0570868,False,test,0.03837192,False,0.058368877,False,0.0745196,False,derived_flow_kg_s
2025-05-03 18:45:00,0.04703464,False,test,0.031287704,False,0.04105029,False,0.068765916,False,derived_flow_kg_s
2025-05-04 06:45:00,0.0851451,False,test,0.06554448,False,0.10875782,False,0.08113301,False,return_temp_c
2025-05-04 18:45:00,0.49152994,False,test,0.13082823,False,0.18348342,False,1.160278,False,derived_flow_kg_s
2025-05-05 06:45:00,0.51961637,False,test,0.14103852,False,0.27821282,True,1.1395977,False,derived_flow_kg_s
2025-05-05 18:45:00,0.19912705,False,test,0.15898217,False,0.29043147,True,0.14796753,False,return_temp_c
2025-05-06 06:45:00,0.20416702,False,test,0.13195488,False,0.29328457,True,0.18726166,False,return_temp_c
2025-05-06 18:45:00,0.11700722,False,test,0.097171515,False,0.13769831,False,0.11615185,False,return_temp_c
2025-05-07 06:45:00,0.10754296,False,test,0.0860042,False,0.14560042,False,0.09102429,False,return_temp_c
2025-05-07 18:45:00,0.08157106,False,test,0.07053334,False,0.08610904,False,0.08807079,False,derived_flow_kg_s
2025-05-08 06:45:00,0.095640354,False,test,0.071556084,False,0.1267397,False,0.08862528,False,return_temp_c
2025-05-08 18:45:00,0.10968872,False,test,0.098550834,False,0.1343175,False,0.09619779,False,return_temp_c
2025-05-09 06:45:00,0.11395313,False,test,0.11237032,False,0.14906396,False,0.080425106,False,return_temp_c
2025-05-09 18:45:00,0.09325658,False,test,0.06975832,False,0.11843074,False,0.09158069,False,return_temp_c
2025-05-10 06:45:00,0.08640631,False,test,0.059049454,False,0.11633272,False,0.08383676,False,return_temp_c
2025-05-10 18:45:00,0.094573855,False,test,0.074601814,False,0.09244122,False,0.116678536,False,derived_flow_kg_s
2025-05-11 06:45:00,0.12799297,False,test,0.082416765,False,0.11550099,False,0.18606116,False,derived_flow_kg_s
2025-05-11 18:45:00,0.10716252,False,test,0.05540928,False,0.08695807,False,0.17912023,False,derived_flow_kg_s
2025-05-12 06:45:00,0.10139469,False,test,0.060232166,False,0.114216655,False,0.12973523,False,derived_flow_kg_s
2025-05-12 18:45:00,0.07180814,False,test,0.05139704,False,0.07903182,False,0.084995575,False,derived_flow_kg_s
2025-05-13 06:45:00,0.0833285,False,test,0.06815782,False,0.1269752,False,0.05485249,False,return_temp_c
2025-05-13 18:45:00,0.08387965,False,test,0.07627952,False,0.095811866,False,0.07954757,False,return_temp_c
2025-05-14 06:45:00,0.09137595,False,test,0.060199246,False,0.11551889,False,0.09840972,False,return_temp_c
2025-05-14 18:45:00,0.074577145,False,test,0.05695446,False,0.08759188,False,0.0791851,False,return_temp_c
2025-05-15 06:45:00,0.0712784,False,test,0.061437383,False,0.09737008,False,0.055027768,False,return_temp_c
2025-05-15 18:45:00,0.07692848,False,test,0.07378674,False,0.079620205,False,0.077378504,False,return_temp_c
2025-05-16 06:45:00,0.08181372,False,test,0.061828088,False,0.10083563,False,0.082777426,False,return_temp_c
2025-05-16 18:45:00,0.06713405,False,test,0.060625475,False,0.07771217,False,0.06306448,False,return_temp_c
2025-05-17 06:45:00,0.06524622,False,test,0.05690751,False,0.08640137,False,0.05242978,False,return_temp_c
2025-05-17 18:45:00,0.062191326,False,test,0.056349102,False,0.0777198,False,0.052505087,False,return_temp_c
2025-05-18 06:45:00,0.082119636,False,test,0.073091075,False,0.10060483,False,0.07266302,False,return_temp_c
2025-05-18 18:45:00,0.0713836,False,test,0.06586143,False,0.07543222,False,0.072857164,False,return_temp_c
2025-05-19 06:45:00,0.059371445,False,test,0.055222053,False,0.070429526,False,0.052462753,False,return_temp_c
2025-05-19 18:45:00,0.05861154,False,test,0.048407108,False,0.056958493,False,0.070469014,False,derived_flow_kg_s
2025-05-20 06:45:00,0.065268494,False,test,0.034479264,False,0.056263637,False,0.10506258,False,derived_flow_kg_s
2025-05-20 18:45:00,0.06630455,False,test,0.03154697,False,0.06661227,False,0.10075439,False,derived_flow_kg_s
2025-05-21 06:45:00,0.058645327,False,test,0.04356599,False,0.06796498,False,0.06440503,False,return_temp_c
2025-05-21 18:45:00,0.060291138,False,test,0.048344895,False,0.06562122,False,0.066907294,False,derived_flow_kg_s
2025-05-22 06:45:00,0.08513429,False,test,0.052107632,False,0.1143137,False,0.08898152,False,return_temp_c
2025-05-22 18:45:00,0.121686965,False,test,0.055699203,False,0.121077895,False,0.18828379,False,derived_flow_kg_s
2025-05-23 06:45:00,0.101507336,False,test,0.029032394,False,0.101141326,False,0.17434828,False,derived_flow_kg_s
2025-05-23 18:45:00,0.07184296,False,test,0.039014094,False,0.08573247,False,0.09078234,False,derived_flow_kg_s
2025-05-24 06:45:00,0.08080981,False,test,0.04755114,False,0.10590577,False,0.0889725,False,return_temp_c
2025-05-24 18:45:00,0.08347023,False,test,0.05234475,False,0.10909266,False,0.088973284,False,return_temp_c
2025-05-25 06:45:00,0.08330731,False,test,0.064311065,False,0.08989197,False,0.09571889,False,derived_flow_kg_s
2025-05-25 18:45:00,0.083817095,False,test,0.07407745,False,0.07775623,False,0.0996176,False,derived_flow_kg_s
2025-05-26 06:45:00,0.098375455,False,test,0.0721789,False,0.10010645,False,0.12284101,False,derived_flow_kg_s
2025-05-26 18:45:00,0.10453071,False,test,0.061344344,False,0.1315115,False,0.120736234,False,return_temp_c
2025-05-27 06:45:00,0.07489756,False,test,0.042471226,False,0.071974404,False,0.11024705,False,derived_flow_kg_s
2025-05-27 18:45:00,0.06577001,False,test,0.034246877,False,0.05788553,False,0.1051776,False,derived_flow_kg_s
2025-05-28 06:45:00,0.06841877,False,test,0.04286018,False,0.071447626,False,0.0909485,False,derived_flow_kg_s
2025-05-28 18:45:00,0.05856963,False,test,0.04516116,False,0.04262264,False,0.0879251,False,derived_flow_kg_s
2025-05-29 06:45:00,0.044989716,False,test,0.063487366,False,0.024355287,False,0.047126487,False,supply_temp_c
2025-05-29 18:45:00,0.05854843,False,test,0.10012739,False,0.028134994,False,0.04738292,False,supply_temp_c
2025-05-30 06:45:00,0.06979827,False,test,0.13406186,False,0.026615545,False,0.048717424,False,supply_temp_c
2025-05-30 18:45:00,0.059701733,False,test,0.10077327,False,0.03378704,False,0.044544905,False,supply_temp_c
2025-05-31 06:45:00,0.054241285,False,test,0.06507373,False,0.048760086,False,0.04889004,False,supply_temp_c
2025-05-31 18:45:00,0.066668645,False,test,0.08806216,False,0.062418323,False,0.04952545,False,supply_temp_c
2025-06-01 06:45:00,0.056179073,False,test,0.066717096,False,0.057734996,False,0.04408512,False,supply_temp_c
2025-06-01 18:45:00,0.04202116,False,test,0.04481794,False,0.032808524,False,0.048437014,False,derived_flow_kg_s
2025-06-02 06:45:00,0.04630108,False,test,0.052803952,False,0.04360504,False,0.04249424,False,supply_temp_c
2025-06-02 18:45:00,0.05830602,False,test,0.07348218,False,0.05242428,False,0.049011588,False,supply_temp_c
2025-06-03 06:45:00,0.06602837,False,test,0.071752466,False,0.04932267,False,0.077009976,False,derived_flow_kg_s
2025-06-03 18:45:00,0.07023111,False,test,0.085537076,False,0.053602684,False,0.07155356,False,supply_temp_c
2025-06-04 06:45:00,0.110610396,False,test,0.10147509,False,0.08354819,False,0.14680795,False,derived_flow_kg_s
2025-06-04 18:45:00,0.10973765,False,test,0.09675776,False,0.0755083,False,0.15694694,False,derived_flow_kg_s
2025-06-05 06:45:00,0.06797394,False,test,0.07769709,False,0.054556,False,0.07166869,False,supply_temp_c
2025-06-05 18:45:00,0.07087759,False,test,0.08581918,False,0.051747352,False,0.075066246,False,supply_temp_c
2025-06-06 06:45:00,0.07558506,False,test,0.09848408,False,0.06027885,False,0.06799225,False,supply_temp_c
2025-06-06 18:45:00,0.067376345,False,test,0.09559169,False,0.04875621,False,0.05778117,False,supply_temp_c
2025-06-07 06:45:00,0.071570866,False,test,0.09236466,False,0.04573989,False,0.07660804,False,supply_temp_c
2025-06-07 18:45:00,0.07433898,False,test,0.08747236,False,0.047066834,False,0.08847776,False,derived_flow_kg_s
2025-06-08 06:45:00,0.067616284,False,test,0.08261598,False,0.050757706,False,0.06947517,False,supply_temp_c
2025-06-08 18:45:00,0.06480715,False,test,0.083506994,False,0.04252929,False,0.06838515,False,supply_temp_c
2025-06-09 06:45:00,0.06296924,False,test,0.08275372,False,0.037983093,False,0.0681709,False,supply_temp_c
2025-06-09 18:45:00,0.09676361,False,test,0.11393108,False,0.065826796,False,0.11053294,False,supply_temp_c
2025-06-10 06:45:00,0.092968546,False,test,0.10313531,False,0.070364684,False,0.105405636,False,derived_flow_kg_s
2025-06-10 18:45:00,0.05790747,False,test,0.07385471,False,0.03882191,False,0.061045796,False,supply_temp_c
2025-06-11 06:45:00,0.06839341,False,test,0.09387744,False,0.039968323,False,0.071334444,False,supply_temp_c
2025-06-11 18:45:00,0.11684407,False,test,0.11662612,False,0.06167767,False,0.17222844,False,derived_flow_kg_s
2025-06-12 06:45:00,0.1221049,False,test,0.103885956,False,0.07110518,False,0.19132358,False,derived_flow_kg_s
2025-06-12 18:45:00,0.08383051,False,test,0.09286625,False,0.066222854,False,0.09240245,False,supply_temp_c
2025-06-13 06:45:00,0.08301132,False,test,0.10705898,False,0.055751443,False,0.08622351,False,supply_temp_c
2025-06-13 18:45:00,0.08540744,False,test,0.10977682,False,0.060302798,False,0.08614271,False,supply_temp_c
2025-06-14 06:45:00,0.073366076,False,test,0.094476275,False,0.056061488,False,0.06956046,False,supply_temp_c
2025-06-14 18:45:00,0.08130666,False,test,0.10375021,False,0.069602534,False,0.07056722,False,supply_temp_c
2025-06-15 06:45:00,0.09528294,False,test,0.109911926,False,0.07363688,False,0.10230001,False,supply_temp_c
2025-06-15 18:45:00,0.08175155,False,test,0.076287985,False,0.04559647,False,0.12337013,False,derived_flow_kg_s
2025-06-16 06:45:00,0.078374356,False,test,0.08801576,False,0.054609623,False,0.09249767,False,derived_flow_kg_s
2025-06-16 18:45:00,0.077610455,False,test,0.09116936,False,0.06422258,False,0.07743942,False,supply_temp_c
2025-06-17 06:45:00,0.068757094,False,test,0.073895305,False,0.06385878,False,0.06851724,False,supply_temp_c
2025-06-17 18:45:00,0.08102662,False,test,0.08843445,False,0.053898264,False,0.10074713,False,derived_flow_kg_s
2025-06-18 06:45:00,0.08306004,False,test,0.09722682,False,0.054422766,False,0.097530544,False,derived_flow_kg_s
2025-06-18 18:45:00,0.09273882,False,test,0.09276759,False,0.043863516,False,0.14158536,False,derived_flow_kg_s
2025-06-19 06:45:00,0.08405607,False,test,0.07506252,False,0.046150345,False,0.13095535,False,derived_flow_kg_s
2025-06-19 18:45:00,0.0984853,False,test,0.08283398,False,0.058890957,False,0.15373093,False,derived_flow_kg_s
2025-06-20 06:45:00,0.099124156,False,test,0.09421926,False,0.06165446,False,0.14149876,False,derived_flow_kg_s
2025-06-20 18:45:00,0.061962306,False,test,0.086643755,False,0.045396756,False,0.053846408,False,supply_temp_c
2025-06-21 06:45:00,0.052583784,False,test,0.060127974,False,0.036725327,False,0.060898047,False,derived_flow_kg_s
2025-06-21 18:45:00,0.04965106,False,test,0.049714666,False,0.025569743,False,0.073668785,False,derived_flow_kg_s
2025-06-22 06:45:00,0.041749526,False,test,0.042092457,False,0.016743707,False,0.06641241,False,derived_flow_kg_s
2025-06-22 18:45:00,0.033855975,False,test,0.03441361,False,0.017643705,False,0.049510613,False,derived_flow_kg_s
2025-06-23 06:45:00,0.037237242,False,test,0.039473813,False,0.024067933,False,0.048169967,False,derived_flow_kg_s
2025-06-23 18:45:00,0.031499457,False,test,0.029681457,False,0.019539675,False,0.045277238,False,derived_flow_kg_s
2025-06-24 06:45:00,0.04399851,False,test,0.046721864,False,0.026760088,False,0.058513585,False,derived_flow_kg_s
2025-06-24 18:45:00,0.07804701,False,test,0.06265134,False,0.081090905,False,0.09039878,False,derived_flow_kg_s
2025-06-25 06:45:00,0.0804872,False,test,0.06665443,False,0.08844117,False,0.08636599,False,return_temp_c
2025-06-25 18:45:00,0.13416626,False,test,0.10959948,False,0.051595777,False,0.24130356,False,derived_flow_kg_s
2025-06-26 06:45:00,0.12381457,False,test,0.09823713,False,0.032596644,False,0.2406099,False,derived_flow_kg_s
2025-06-26 18:45:00,0.052091323,False,test,0.053974714,False,0.057567958,False,0.044731304,False,return_temp_c
2025-06-27 06:45:00,0.06372443,False,test,0.06395646,False,0.0697109,False,0.057505935,False,return_temp_c
2025-06-27 18:45:00,0.049130376,False,test,0.049616918,False,0.037092578,False,0.06068164,False,derived_flow_kg_s
2025-06-28 06:45:00,0.05435134,False,test,0.05769817,False,0.03390697,False,0.071448885,False,derived_flow_kg_s
2025-06-28 18:45:00,0.056213718,False,test,0.057475816,False,0.03612349,False,0.07504183,False,derived_flow_kg_s
2025-06-29 06:45:00,0.05737049,False,test,0.05408841,False,0.0452318,False,0.072791256,False,derived_flow_kg_s
2025-06-29 18:45:00,0.105015524,False,test,0.14926337,False,0.07135211,False,0.094431095,False,supply_temp_c
2025-06-30 06:45:00,0.16055372,False,test,0.30482876,True,0.076950915,False,0.09988151,False,supply_temp_c
2025-06-30 18:45:00,0.17708105,False,test,0.29335904,True,0.08258233,False,0.1553018,False,supply_temp_c
2025-07-01 06:45:00,0.17133458,False,test,0.21691383,False,0.11219456,False,0.18489535,False,supply_temp_c
2025-07-01 18:45:00,0.14746043,False,test,0.18018126,False,0.10686781,False,0.15533222,False,supply_temp_c
2025-07-02 06:45:00,0.15144433,False,test,0.25231007,False,0.09751418,False,0.10450875,False,supply_temp_c
2025-07-02 18:45:00,0.14460172,False,test,0.2665265,True,0.09249734,False,0.07478135,False,supply_temp_c
2025-07-03 06:45:00,0.09152177,False,test,0.14704125,False,0.061160754,False,0.0663633,False,supply_temp_c
2025-07-03 18:45:00,0.08893356,False,test,0.10336577,False,0.073965974,False,0.089468926,False,supply_temp_c
2025-07-04 06:45:00,0.08693042,False,test,0.0971994,False,0.08166999,False,0.08192183,False,supply_temp_c
2025-07-04 18:45:00,0.062540084,False,test,0.08787496,False,0.04480222,False,0.054943044,False,supply_temp_c
2025-07-05 06:45:00,0.072329186,False,test,0.10257346,False,0.03907071,False,0.07534341,False,supply_temp_c
2025-07-05 18:45:00,0.07212538,False,test,0.10734046,False,0.036875006,False,0.07216068,False,supply_temp_c
2025-07-06 06:45:00,0.07062949,False,test,0.10708615,False,0.04179002,False,0.06301232,False,supply_temp_c
2025-07-06 18:45:00,0.06709859,False,test,0.092089854,False,0.03609475,False,0.07311115,False,supply_temp_c
2025-07-07 06:45:00,0.059632726,False,test,0.05632292,False,0.045506824,False,0.077068426,False,derived_flow_kg_s
2025-07-07 18:45:00,0.072831854,False,test,0.065115415,False,0.05691548,False,0.096464664,False,derived_flow_kg_s
2025-07-08 06:45:00,0.11199781,False,test,0.115544476,False,0.07401154,False,0.14643739,False,derived_flow_kg_s
2025-07-08 18:45:00,0.09186843,False,test,0.10997852,False,0.052856266,False,0.1127705,False,derived_flow_kg_s
2025-07-09 06:45:00,0.07686406,False,test,0.11213332,False,0.034940638,False,0.08351823,False,supply_temp_c
2025-07-09 18:45:00,0.09904089,False,test,0.13984199,False,0.044921573,False,0.1123591,False,supply_temp_c
2025-07-10 06:45:00,0.13858643,False,test,0.24439986,False,0.072819315,False,0.09854007,False,supply_temp_c
2025-07-10 18:45:00,0.16834243,False,test,0.32401732,True,0.08980134,False,0.09120864,False,supply_temp_c
2025-07-11 06:45:00,0.15018699,False,test,0.28435242,True,0.08164316,False,0.08456541,False,supply_temp_c
2025-07-11 18:45:00,0.14438671,False,test,0.26851842,True,0.08184278,False,0.082799,False,supply_temp_c
2025-07-12 06:45:00,0.13883409,False,test,0.2587659,False,0.08145819,False,0.07627822,False,supply_temp_c
2025-07-12 18:45:00,0.12830561,False,test,0.23965253,False,0.071021155,False,0.07424314,False,supply_temp_c
2025-07-13 06:45:00,0.14164084,False,test,0.27502266,True,0.073741,False,0.076158874,False,supply_temp_c
2025-07-13 18:45:00,0.15702134,False,test,0.30039212,True,0.08719701,False,0.08347482,False,supply_temp_c
2025-07-14 06:45:00,0.16472578,False,test,0.31692794,True,0.095386975,False,0.08186247,False,supply_temp_c
2025-07-14 18:45:00,0.16268998,False,test,0.32678655,True,0.08902923,False,0.07225416,False,supply_temp_c
2025-07-15 06:45:00,0.15959555,False,test,0.30446553,True,0.09081339,False,0.083507665,False,supply_temp_c
