window_start,reconstruction_mse,is_reconstruction_anomaly,split,supply_temp_c_reconstruction_mse,is_supply_temp_c_channel_anomaly,return_temp_c_reconstruction_mse,is_return_temp_c_channel_anomaly,derived_flow_kg_s_reconstruction_mse,is_derived_flow_kg_s_channel_anomaly,dominant_anomalous_feature
2024-01-03 17:45:00,0.28602964,False,train,0.13280429,False,0.42986575,False,0.29541886,False,return_temp_c
2024-01-04 05:45:00,0.25209224,False,train,0.12397719,False,0.33821627,False,0.29408324,False,return_temp_c
2024-01-04 17:45:00,0.21222745,False,train,0.1504801,False,0.26909134,False,0.21711093,False,return_temp_c
2024-01-05 05:45:00,0.101995334,False,train,0.13294944,False,0.09118039,False,0.081856176,False,supply_temp_c
2024-01-05 17:45:00,0.037920468,False,train,0.07506024,False,0.012274827,False,0.02642634,False,supply_temp_c
2024-01-06 05:45:00,0.03313591,False,train,0.05390191,False,0.013787333,False,0.031718496,False,supply_temp_c
2024-01-06 17:45:00,0.04189293,False,train,0.055659432,False,0.024166593,False,0.045852765,False,supply_temp_c
2024-01-07 05:45:00,0.07089366,False,train,0.07800939,False,0.08002723,False,0.054644365,False,return_temp_c
2024-01-07 17:45:00,5.0210047,True,train,0.3991783,True,0.54170465,False,14.122134,True,derived_flow_kg_s
2024-01-08 05:45:00,4.9891605,True,train,0.3792205,True,0.4850246,False,14.103238,True,derived_flow_kg_s
2024-01-08 17:45:00,0.073100895,False,train,0.14671847,False,0.039512556,False,0.033071637,False,supply_temp_c
2024-01-09 05:45:00,0.062643014,False,train,0.12712106,False,0.035915993,False,0.02489197,False,supply_temp_c
2024-01-09 17:45:00,0.026722336,False,train,0.05063769,False,0.013594666,False,0.015934652,False,supply_temp_c
2024-01-10 05:45:00,0.044067375,False,train,0.08536404,False,0.016713677,False,0.030124411,False,supply_temp_c
2024-01-10 17:45:00,0.059352532,False,train,0.122656874,False,0.020635301,False,0.03476542,False,supply_temp_c
2024-01-11 05:45:00,0.04069491,False,train,0.080771156,False,0.020422421,False,0.02089116,False,supply_temp_c
2024-01-11 17:45:00,0.043265037,False,train,0.060388487,False,0.025383597,False,0.044023037,False,supply_temp_c
2024-01-12 05:45:00,0.050480783,False,train,0.074184276,False,0.024005728,False,0.053252336,False,supply_temp_c
2024-01-12 17:45:00,0.037174325,False,train,0.060735017,False,0.0135555,False,0.03723247,False,supply_temp_c
2024-01-13 05:45:00,0.028242001,False,train,0.03820226,False,0.012332371,False,0.034191385,False,supply_temp_c
2024-01-13 17:45:00,0.07244141,False,train,0.076728776,False,0.06888241,False,0.07171301,False,supply_temp_c
2024-01-14 05:45:00,0.09380305,False,train,0.12852709,False,0.07349629,False,0.079385735,False,supply_temp_c
2024-01-14 17:45:00,0.053139187,False,train,0.10120157,False,0.023259157,False,0.034956843,False,supply_temp_c
2024-01-15 05:45:00,0.05104879,False,train,0.07963066,False,0.023823248,False,0.049692456,False,supply_temp_c
2024-01-15 17:45:00,0.07076827,False,train,0.1309545,False,0.030702705,False,0.050647587,False,supply_temp_c
2024-01-16 05:45:00,0.0544755,False,train,0.12056262,False,0.022839272,False,0.02002461,False,supply_temp_c
2024-01-16 17:45:00,0.0392704,False,train,0.07457451,False,0.022421896,False,0.020814786,False,supply_temp_c
2024-01-17 05:45:00,0.031265337,False,train,0.052720387,False,0.018597998,False,0.022477629,False,supply_temp_c
2024-01-17 17:45:00,0.0467458,False,train,0.07243083,False,0.028136013,False,0.039670583,False,supply_temp_c
2024-01-18 05:45:00,0.09618243,False,train,0.07093335,False,0.1801893,False,0.037424657,False,return_temp_c
2024-01-18 17:45:00,0.08767678,False,train,0.06182291,False,0.16252418,False,0.038683254,False,return_temp_c
2024-01-19 05:45:00,0.059591677,False,train,0.09783274,False,0.042903394,False,0.0380389,False,supply_temp_c
2024-01-19 17:45:00,0.0455008,False,train,0.06868272,False,0.03395159,False,0.03386807,False,supply_temp_c
2024-01-20 05:45:00,0.030962897,False,train,0.03562897,False,0.033334326,False,0.023925401,False,supply_temp_c
2024-01-20 17:45:00,0.028968636,False,train,0.033543292,False,0.030740857,False,0.022621766,False,supply_temp_c
2024-01-21 05:45:00,0.055618748,False,train,0.10118339,False,0.023228833,False,0.042444024,False,supply_temp_c
2024-01-21 17:45:00,0.058868237,False,train,0.099936076,False,0.029070431,False,0.047598187,False,supply_temp_c
2024-01-22 05:45:00,0.29430753,False,train,0.19362591,False,0.4154522,False,0.27384442,False,return_temp_c
2024-01-22 17:45:00,0.2955047,False,train,0.25294662,False,0.29314885,False,0.34041858,False,derived_flow_kg_s
2024-01-23 05:45:00,0.1515591,False,train,0.14277945,False,0.2017575,False,0.110140316,False,return_temp_c
2024-01-23 17:45:00,0.07314903,False,train,0.13716677,False,0.030518865,False,0.051761474,False,supply_temp_c
2024-01-24 05:45:00,0.052717235,False,train,0.10733682,False,0.026965449,False,0.023849433,False,supply_temp_c
2024-01-24 17:45:00,0.056191463,False,train,0.10632536,False,0.023425004,False,0.03882402,False,supply_temp_c
2024-01-25 05:45:00,0.040275097,False,train,0.06808837,False,0.01904496,False,0.03369196,False,supply_temp_c
2024-01-25 17:45:00,0.050343234,False,train,0.10238767,False,0.019049136,False,0.029592901,False,supply_temp_c
2024-01-26 05:45:00,0.04777257,False,train,0.094204545,False,0.01984148,False,0.0292717,False,supply_temp_c
2024-01-26 17:45:00,0.045395035,False,train,0.07756715,False,0.0305038,False,0.028114155,False,supply_temp_c
2024-01-27 05:45:00,0.03980325,False,train,0.06275734,False,0.02988801,False,0.026764408,False,supply_temp_c
2024-01-27 17:45:00,0.030186836,False,train,0.04873841,False,0.02038853,False,0.02143356,False,supply_temp_c
2024-01-28 05:45:00,0.04359534,False,train,0.076339275,False,0.0171328,False,0.03731394,False,supply_temp_c
2024-01-28 17:45:00,0.041140795,False,train,0.076396294,False,0.011916809,False,0.035109274,False,supply_temp_c
2024-01-29 05:45:00,0.04644032,False,train,0.09701244,False,0.015040872,False,0.027267657,False,supply_temp_c
2024-01-29 17:45:00,0.045421824,False,train,0.09585773,False,0.015709989,False,0.024697766,False,supply_temp_c
2024-01-30 05:45:00,0.030857537,False,train,0.060880035,False,0.009695196,False,0.021997372,False,supply_temp_c
2024-01-30 17:45:00,0.041716352,False,train,0.07587882,False,0.013739613,False,0.035530623,False,supply_temp_c
2024-01-31 05:45:00,0.06510432,False,train,0.10826937,False,0.018220177,False,0.06882341,False,supply_temp_c
2024-01-31 17:45:00,0.052496724,False,train,0.08986229,False,0.017869232,False,0.049758643,False,supply_temp_c
2024-02-01 05:45:00,0.029871348,False,train,0.059075553,False,0.01542522,False,0.015113271,False,supply_temp_c
2024-02-01 17:45:00,0.028130455,False,train,0.059241757,False,0.013796195,False,0.01135341,False,supply_temp_c
2024-02-02 05:45:00,0.034499023,False,train,0.07623792,False,0.015027545,False,0.012231611,False,supply_temp_c
2024-02-02 17:45:00,0.03820908,False,train,0.08137751,False,0.016095987,False,0.017153734,False,supply_temp_c
2024-02-03 05:45:00,0.045918345,False,train,0.09770176,False,0.01777223,False,0.022281045,False,supply_temp_c
2024-02-03 17:45:00,0.15296824,False,train,0.14987247,False,0.07063808,False,0.2383942,False,derived_flow_kg_s
2024-02-04 05:45:00,0.15846312,False,train,0.16211979,False,0.07116785,False,0.24210174,False,derived_flow_kg_s
2024-02-04 17:45:00,0.038567364,False,train,0.079781614,False,0.015555122,False,0.020365357,False,supply_temp_c
2024-02-05 05:45:00,0.039491653,False,train,0.0780666,False,0.013217068,False,0.027191287,False,supply_temp_c
2024-02-05 17:45:00,0.044447724,False,train,0.091455154,False,0.011501469,False,0.030386545,False,supply_temp_c
2024-02-06 05:45:00,0.02934928,False,train,0.06031157,False,0.010069073,False,0.017667202,False,supply_temp_c
2024-02-06 17:45:00,0.026442202,False,train,0.048810486,False,0.010592412,False,0.0199237,False,supply_temp_c
2024-02-07 05:45:00,0.031279977,False,train,0.067891516,False,0.008214809,False,0.017733611,False,supply_temp_c
2024-02-07 17:45:00,0.057020623,False,train,0.11454493,False,0.012658242,False,0.043858707,False,supply_temp_c
2024-02-08 05:45:00,0.05011274,False,train,0.09512919,False,0.011299069,False,0.043909956,False,supply_temp_c
2024-02-08 17:45:00,0.04114203,False,train,0.059270013,False,0.03238398,False,0.03177211,False,supply_temp_c
2024-02-09 05:45:00,0.06332146,False,train,0.104965776,False,0.03769782,False,0.047300775,False,supply_temp_c
2024-02-09 17:45:00,0.044384416,False,train,0.09293317,False,0.012576717,False,0.027643377,False,supply_temp_c
2024-02-10 05:45:00,0.018805332,False,train,0.038506422,False,0.010270415,False,0.007639159,False,supply_temp_c
2024-02-10 17:45:00,0.027641313,False,train,0.052037444,False,0.010818805,False,0.020067686,False,supply_temp_c
2024-02-11 05:45:00,0.020500835,False,train,0.034757424,False,0.009876407,False,0.01686868,False,supply_temp_c
2024-02-11 17:45:00,0.015980156,False,train,0.026555767,False,0.0080221845,False,0.013362516,False,supply_temp_c
2024-02-12 05:45:00,0.024666522,False,train,0.051131632,False,0.008601231,False,0.014266696,False,supply_temp_c
2024-02-12 17:45:00,0.053514965,False,train,0.088022,False,0.026801698,False,0.045721192,False,supply_temp_c
2024-02-13 05:45:00,0.062033635,False,train,0.105842136,False,0.029127428,False,0.051131353,False,supply_temp_c
2024-02-13 17:45:00,0.04785428,False,train,0.10411698,False,0.015611949,False,0.0238339,False,supply_temp_c
2024-02-14 05:45:00,0.04822913,False,train,0.10247301,False,0.01411048,False,0.028103894,False,supply_temp_c
2024-02-14 17:45:00,0.051584486,False,train,0.10745124,False,0.013985679,False,0.033316527,False,supply_temp_c
2024-02-15 05:45:00,0.05529808,False,train,0.11545858,False,0.015495739,False,0.03493991,False,supply_temp_c
2024-02-15 17:45:00,0.052651305,False,train,0.10660308,False,0.017619116,False,0.033731714,False,supply_temp_c
2024-02-16 05:45:00,0.034840986,False,train,0.06459623,False,0.015570164,False,0.02435656,False,supply_temp_c
2024-02-16 17:45:00,0.033213735,False,train,0.06870034,False,0.013709441,False,0.01723143,False,supply_temp_c
2024-02-17 05:45:00,0.0394159,False,train,0.08269323,False,0.013578455,False,0.021976003,False,supply_temp_c
2024-02-17 17:45:00,0.033406045,False,train,0.07232929,False,0.014372855,False,0.013515983,False,supply_temp_c
2024-02-18 05:45:00,0.02769999,False,train,0.058507267,False,0.0136858225,False,0.010906885,False,supply_temp_c
2024-02-18 17:45:00,0.04279755,False,train,0.05633917,False,0.025321057,False,0.046732422,False,supply_temp_c
2024-02-19 05:45:00,0.038118273,False,train,0.03975958,False,0.02560199,False,0.04899325,False,derived_flow_kg_s
2024-02-19 17:45:00,0.034100648,False,train,0.04940039,False,0.023228988,False,0.029672576,False,supply_temp_c
2024-02-20 05:45:00,0.049773052,False,train,0.090684645,False,0.02430567,False,0.034328833,False,supply_temp_c
2024-02-20 17:45:00,0.04168451,False,train,0.0925361,False,0.013192837,False,0.01932459,False,supply_temp_c
2024-02-21 05:45:00,0.043157995,False,train,0.09975934,False,0.013951048,False,0.015763583,False,supply_temp_c
2024-02-21 17:45:00,0.04118631,False,train,0.09082385,False,0.015322835,False,0.017412262,False,supply_temp_c
2024-02-22 05:45:00,0.067297146,False,train,0.13315661,False,0.04578333,False,0.022951499,False,supply_temp_c
2024-02-22 17:45:00,0.085852906,False,train,0.15705098,False,0.06743569,False,0.033072043,False,supply_temp_c
2024-02-23 05:45:00,0.06605867,False,train,0.10837234,False,0.05384044,False,0.03596324,False,supply_temp_c
2024-02-23 17:45:00,0.048711997,False,train,0.06649585,False,0.04008472,False,0.039555416,False,supply_temp_c
2024-02-24 05:45:00,0.039041866,False,train,0.048648443,False,0.03156862,False,0.03690855,False,supply_temp_c
2024-02-24 17:45:00,0.04245425,False,train,0.058548685,False,0.03200678,False,0.036807276,False,supply_temp_c
2024-02-25 05:45:00,0.03781318,False,train,0.06582118,False,0.020052416,False,0.027565936,False,supply_temp_c
2024-02-25 17:45:00,0.3270594,False,train,0.43507722,True,0.3842717,False,0.16182923,False,supply_temp_c
2024-02-26 05:45:00,0.31775352,False,train,0.23898947,False,0.16357826,False,0.55069286,False,derived_flow_kg_s
2024-02-26 17:45:00,0.431115,False,train,0.22912027,False,0.16360833,False,0.90061647,False,derived_flow_kg_s
2024-02-27 05:45:00,0.45329893,False,train,0.25424096,False,0.11757299,False,0.9880827,True,derived_flow_kg_s
2024-02-27 17:45:00,0.5080002,False,train,0.2522988,False,0.25694215,False,1.0147597,True,derived_flow_kg_s
2024-02-28 05:45:00,0.38224912,False,train,0.25484464,False,0.356463,False,0.5354398,False,derived_flow_kg_s
2024-02-28 17:45:00,0.07278827,False,train,0.06726534,False,0.13204585,False,0.019053621,False,return_temp_c
2024-02-29 05:45:00,0.11455904,False,train,0.14943199,False,0.15697934,False,0.037265822,False,return_temp_c
2024-02-29 17:45:00,0.0720841,False,train,0.1237934,False,0.050547566,False,0.041911334,False,supply_temp_c
2024-03-01 05:45:00,0.028467529,False,train,0.035619657,False,0.020800281,False,0.028982632,False,supply_temp_c
2024-03-01 17:45:00,0.111353606,False,train,0.15045498,False,0.12066875,False,0.06293713,False,supply_temp_c
2024-03-02 05:45:00,0.10985614,False,train,0.14231662,False,0.11654999,False,0.07070183,False,supply_temp_c
2024-03-02 17:45:00,0.06933025,False,train,0.056849945,False,0.10112061,False,0.050020203,False,return_temp_c
2024-03-03 05:45:00,0.062209144,False,train,0.09968409,False,0.030572047,False,0.056371298,False,supply_temp_c
2024-03-03 17:45:00,0.08667914,False,train,0.15302442,False,0.044259544,False,0.06275347,False,supply_temp_c
2024-03-04 05:45:00,0.19819137,False,train,0.19072272,False,0.33499464,False,0.068856776,False,return_temp_c
2024-03-04 17:45:00,0.17614694,False,train,0.17253678,False,0.307468,False,0.04843605,False,return_temp_c
2024-03-05 05:45:00,0.06447085,False,train,0.11448302,False,0.044853564,False,0.03407596,False,supply_temp_c
2024-03-05 17:45:00,0.04695728,False,train,0.088506155,False,0.01774438,False,0.034621302,False,supply_temp_c
2024-03-06 05:45:00,0.047918595,False,train,0.09715673,False,0.017965673,False,0.028633378,False,supply_temp_c
2024-03-06 17:45:00,0.055509355,False,train,0.103712596,False,0.022300556,False,0.040514912,False,supply_temp_c
2024-03-07 05:45:00,0.045044743,False,train,0.08098127,False,0.02425243,False,0.02990053,False,supply_temp_c
2024-03-07 17:45:00,0.054630645,False,train,0.08988013,False,0.039119367,False,0.03489242,False,supply_temp_c
2024-03-08 05:45:00,0.050525993,False,train,0.07489475,False,0.039763466,False,0.036919776,False,supply_temp_c
2024-03-08 17:45:00,0.08078549,False,train,0.09747389,False,0.0988554,False,0.0460272,False,return_temp_c
2024-03-09 05:45:00,0.0741598,False,train,0.10091644,False,0.0648556,False,0.05670737,False,supply_temp_c
2024-03-09 17:45:00,0.09962562,False,train,0.11437702,False,0.108359896,False,0.076139934,False,supply_temp_c
2024-03-10 05:45:00,0.07823154,False,train,0.08569763,False,0.052730177,False,0.096266784,False,derived_flow_kg_s
2024-03-10 17:45:00,0.09126604,False,train,0.08318381,False,0.10573098,False,0.08488336,False,return_temp_c
2024-03-11 05:45:00,0.06713527,False,train,0.104347825,False,0.047156487,False,0.049901474,False,supply_temp_c
2024-03-11 17:45:00,0.048972312,False,train,0.09381413,False,0.020314356,False,0.032788437,False,supply_temp_c
2024-03-12 05:45:00,0.043352447,False,train,0.08009008,False,0.02310083,False,0.02686642,False,supply_temp_c
2024-03-12 17:45:00,0.035770103,False,train,0.07134557,False,0.013652313,False,0.022312434,False,supply_temp_c
2024-03-13 05:45:00,0.036269248,False,train,0.072338186,False,0.015183046,False,0.021286523,False,supply_temp_c
2024-03-13 17:45:00,0.053477112,False,train,0.108675994,False,0.016459974,False,0.035295364,False,supply_temp_c
2024-03-14 05:45:00,0.052702427,False,train,0.0975801,False,0.017842077,False,0.042685103,False,supply_temp_c
2024-03-14 17:45:00,0.032482583,False,train,0.058867555,False,0.019865667,False,0.018714529,False,supply_temp_c
2024-03-15 05:45:00,0.046654034,False,train,0.0898735,False,0.03799431,False,0.012094292,False,supply_temp_c
2024-03-15 17:45:00,0.04974575,False,train,0.087783135,False,0.03978267,False,0.021671424,False,supply_temp_c
2024-03-16 05:45:00,0.023457788,False,train,0.037276715,False,0.016025981,False,0.017070664,False,supply_temp_c
2024-03-16 17:45:00,0.048719984,False,train,0.08472622,False,0.042006765,False,0.019426972,False,supply_temp_c
2024-03-17 05:45:00,0.0575361,False,train,0.110059954,False,0.040533993,False,0.022014357,False,supply_temp_c
2024-03-17 17:45:00,0.037731152,False,train,0.0782676,False,0.02040386,False,0.014521997,False,supply_temp_c
2024-03-18 05:45:00,0.040260658,False,train,0.08031288,False,0.02177389,False,0.01869522,False,supply_temp_c
2024-03-18 17:45:00,0.041085094,False,train,0.07611764,False,0.020641373,False,0.026496269,False,supply_temp_c
2024-03-19 05:45:00,0.025161793,False,train,0.04217304,False,0.014542258,False,0.018770088,False,supply_temp_c
2024-03-19 17:45:00,0.02219636,False,train,0.042393174,False,0.00985832,False,0.014337588,False,supply_temp_c
2024-03-20 05:45:00,0.024041625,False,train,0.04841879,False,0.008082571,False,0.015623522,False,supply_temp_c
2024-03-20 17:45:00,0.01754212,False,train,0.035234716,False,0.007935627,False,0.009456019,False,supply_temp_c
2024-03-21 05:45:00,0.024333112,False,train,0.047648787,False,0.0073648095,False,0.017985733,False,supply_temp_c
2024-03-21 17:45:00,0.033239108,False,train,0.057008058,False,0.017876824,False,0.024832435,False,supply_temp_c
2024-03-22 05:45:00,0.032732572,False,train,0.05334581,False,0.023059221,False,0.021792682,False,supply_temp_c
2024-03-22 17:45:00,0.023634275,False,train,0.036746185,False,0.016837211,False,0.017319437,False,supply_temp_c
2024-03-23 05:45:00,0.01987155,False,train,0.03125466,False,0.011543442,False,0.016816543,False,supply_temp_c
2024-03-23 17:45:00,0.034968592,False,train,0.065976866,False,0.016692773,False,0.022236133,False,supply_temp_c
2024-03-24 05:45:00,0.05708725,False,train,0.107332654,False,0.035422865,False,0.028506225,False,supply_temp_c
2024-03-24 17:45:00,0.046595972,False,train,0.079253174,False,0.036827397,False,0.023707338,False,supply_temp_c
2024-03-25 05:45:00,0.054826055,False,train,0.104102224,False,0.024363691,False,0.03601225,False,supply_temp_c
2024-03-25 17:45:00,0.060250446,False,train,0.11229461,False,0.031192577,False,0.037264165,False,supply_temp_c
2024-03-26 05:45:00,0.052721743,False,train,0.09957889,False,0.032137115,False,0.02644921,False,supply_temp_c
2024-03-26 17:45:00,0.06226469,False,train,0.10839474,False,0.04899324,False,0.029406117,False,supply_temp_c
2024-03-27 05:45:00,0.057268705,False,train,0.086377196,False,0.052174166,False,0.033254743,False,supply_temp_c
2024-03-27 17:45:00,0.05812145,False,train,0.094174765,False,0.04082058,False,0.039369013,False,supply_temp_c
2024-03-28 05:45:00,0.042658005,False,train,0.06270488,False,0.03216969,False,0.033099443,False,supply_temp_c
2024-03-28 17:45:00,0.034011524,False,train,0.0626943,False,0.013792492,False,0.025547782,False,supply_temp_c
2024-03-29 05:45:00,0.033529554,False,train,0.065890595,False,0.012120149,False,0.02257792,False,supply_temp_c
2024-03-29 17:45:00,0.03761661,False,train,0.07346574,False,0.010640814,False,0.02874328,False,supply_temp_c
2024-03-30 05:45:00,0.05267591,False,train,0.104596905,False,0.013046308,False,0.040384527,False,supply_temp_c
2024-03-30 17:45:00,0.03843477,False,train,0.08112041,False,0.009829574,False,0.024354318,False,supply_temp_c
2024-03-31 05:45:00,0.035363633,False,train,0.07160085,False,0.007563095,False,0.02692695,False,supply_temp_c
2024-03-31 17:45:00,0.03653809,False,train,0.07091183,False,0.009070064,False,0.029632377,False,supply_temp_c
2024-04-01 05:45:00,0.03385462,False,train,0.06873628,False,0.010832793,False,0.021994786,False,supply_temp_c
2024-04-01 17:45:00,0.07698866,False,train,0.110504776,False,0.07454935,False,0.04591185,False,supply_temp_c
2024-04-02 05:45:00,0.07400021,False,train,0.10971958,False,0.073190235,False,0.039090816,False,supply_temp_c
2024-04-02 17:45:00,0.028234683,False,train,0.056183178,False,0.011549932,False,0.016970942,False,supply_temp_c
2024-04-03 05:45:00,0.02612466,False,train,0.038727585,False,0.011766835,False,0.02787956,False,supply_temp_c
2024-04-03 17:45:00,0.02489141,False,train,0.03735505,False,0.010862372,False,0.026456803,False,supply_temp_c
2024-04-04 05:45:00,0.03639172,False,train,0.07622756,False,0.010082047,False,0.022865554,False,supply_temp_c
2024-04-04 17:45:00,0.050101295,False,train,0.1043017,False,0.014937834,False,0.031064339,False,supply_temp_c
2024-04-05 05:45:00,0.04756552,False,train,0.10110819,False,0.015974572,False,0.0256138,False,supply_temp_c
2024-04-05 17:45:00,0.06653236,False,train,0.10643598,False,0.06934003,False,0.023821076,False,supply_temp_c
2024-04-06 05:45:00,0.07617178,False,train,0.14273985,False,0.0541131,False,0.031662386,False,supply_temp_c
2024-04-06 17:45:00,0.057205882,False,train,0.09663692,False,0.040883034,False,0.034097675,False,supply_temp_c
2024-04-07 05:45:00,0.059032686,False,train,0.11629358,False,0.024183758,False,0.03662071,False,supply_temp_c
2024-04-07 17:45:00,0.13576414,False,train,0.15816781,False,0.20748319,False,0.041641366,False,return_temp_c
2024-04-08 05:45:00,0.12514697,False,train,0.13531741,False,0.20533955,False,0.03478394,False,return_temp_c
2024-04-08 17:45:00,0.057784703,False,train,0.12146032,False,0.028153272,False,0.02374052,False,supply_temp_c
2024-04-09 05:45:00,0.06077053,False,train,0.12709324,False,0.02381024,False,0.031408124,False,supply_temp_c
2024-04-09 17:45:00,0.050013814,False,train,0.09854292,False,0.015391835,False,0.03610669,False,supply_temp_c
2024-04-10 05:45:00,0.0368932,False,train,0.0676088,False,0.01233773,False,0.030733064,False,supply_temp_c
2024-04-10 17:45:00,0.034149934,False,train,0.05627799,False,0.02432604,False,0.021845773,False,supply_temp_c
2024-04-11 05:45:00,0.050169654,False,train,0.079622194,False,0.05093189,False,0.01995487,False,supply_temp_c
2024-04-11 17:45:00,0.050669413,False,train,0.08063216,False,0.04955527,False,0.021820823,False,supply_temp_c
2024-04-12 05:45:00,0.028994003,False,train,0.058100715,False,0.012172744,False,0.016708555,False,supply_temp_c
2024-04-12 17:45:00,0.029807312,False,train,0.061598103,False,0.008489643,False,0.019334191,False,supply_temp_c
2024-04-13 05:45:00,0.03378491,False,train,0.069988556,False,0.01073766,False,0.020628506,False,supply_temp_c
2024-04-13 17:45:00,0.034536656,False,train,0.07512429,False,0.009433216,False,0.019052459,False,supply_temp_c
2024-04-14 05:45:00,0.037269074,False,train,0.0800209,False,0.009459021,False,0.022327311,False,supply_temp_c
2024-04-14 17:45:00,0.032639943,False,train,0.07042736,False,0.010655232,False,0.016837245,False,supply_temp_c
2024-04-15 05:45:00,0.031331733,False,train,0.06705814,False,0.009688524,False,0.017248543,False,supply_temp_c
2024-04-15 17:45:00,0.03850756,False,train,0.08221865,False,0.014134423,False,0.0191696,False,supply_temp_c
2024-04-16 05:45:00,0.03878214,False,train,0.08483682,False,0.014691592,False,0.016818024,False,supply_temp_c
2024-04-16 17:45:00,0.03289067,False,train,0.072829895,False,0.006894802,False,0.018947316,False,supply_temp_c
2024-04-17 05:45:00,0.03739812,False,train,0.08302286,False,0.0069781416,False,0.022193352,False,supply_temp_c
2024-04-17 17:45:00,0.043444857,False,train,0.08759884,False,0.012236326,False,0.030499399,False,supply_temp_c
2024-04-19 05:45:00,0.029561903,False,train,0.04476418,False,0.024057172,False,0.01986436,False,supply_temp_c
2024-04-19 17:45:00,0.03391637,False,train,0.045632917,False,0.03022289,False,0.025893303,False,supply_temp_c
2024-04-20 05:45:00,0.031917892,False,train,0.03591425,False,0.028346702,False,0.031492736,False,supply_temp_c
2024-04-20 17:45:00,0.07958777,False,train,0.12561062,False,0.05604371,False,0.057108995,False,supply_temp_c
2024-04-21 05:45:00,0.06473306,False,train,0.10563737,False,0.05014174,False,0.038420048,False,supply_temp_c
2024-04-21 17:45:00,0.052577954,False,train,0.06553439,False,0.044645485,False,0.047553975,False,supply_temp_c
2024-04-22 05:45:00,0.06058451,False,train,0.07017451,False,0.04985139,False,0.061727643,False,supply_temp_c
2024-04-22 17:45:00,0.056326892,False,train,0.07200634,False,0.04816548,False,0.048808843,False,supply_temp_c
2024-04-23 05:45:00,0.059751835,False,train,0.100854516,False,0.04408209,False,0.034318894,False,supply_temp_c
2024-04-23 17:45:00,0.053919446,False,train,0.10232801,False,0.034569893,False,0.024860414,False,supply_temp_c
2024-04-24 05:45:00,0.04948275,False,train,0.083325684,False,0.0401453,False,0.024977269,False,supply_temp_c
2024-04-24 17:45:00,0.035074282,False,train,0.06839954,False,0.023631567,False,0.013191741,False,supply_temp_c
2024-04-25 05:45:00,0.055657055,False,train,0.11916512,False,0.018893486,False,0.028912557,False,supply_temp_c
2024-04-25 17:45:00,0.05190493,False,train,0.10727322,False,0.021675387,False,0.026766183,False,supply_temp_c
2024-04-26 05:45:00,0.037239768,False,train,0.07289352,False,0.01930816,False,0.019517621,False,supply_temp_c
2024-04-26 17:45:00,0.031732455,False,train,0.062424105,False,0.016956316,False,0.01581695,False,supply_temp_c
2024-04-27 05:45:00,0.03792835,False,train,0.07669347,False,0.017213853,False,0.019877732,False,supply_temp_c
2024-04-27 17:45:00,0.028567811,False,train,0.054878224,False,0.014107518,False,0.016717685,False,supply_temp_c
2024-04-28 05:45:00,0.018878365,False,train,0.035172958,False,0.010217145,False,0.011244991,False,supply_temp_c
2024-04-28 17:45:00,0.05080354,False,train,0.10964481,False,0.02324325,False,0.01952255,False,supply_temp_c
2024-04-29 05:45:00,0.09117331,False,train,0.20587628,False,0.0392564,False,0.028387247,False,supply_temp_c
2024-04-29 17:45:00,0.12854464,False,train,0.23667349,False,0.08759286,False,0.061367586,False,supply_temp_c
2024-04-30 05:45:00,0.122946024,False,train,0.21287914,False,0.08193564,False,0.07402329,False,supply_temp_c
2024-04-30 17:45:00,0.07192196,False,train,0.14293495,False,0.023687487,False,0.049143445,False,supply_temp_c
2024-05-01 05:45:00,0.055043966,False,train,0.107792266,False,0.019901332,False,0.037438296,False,supply_temp_c
2024-05-01 17:45:00,0.043875378,False,train,0.08617257,False,0.017568463,False,0.027885107,False,supply_temp_c
2024-05-02 05:45:00,0.02617813,False,train,0.049173634,False,0.010703101,False,0.018657662,False,supply_temp_c
2024-05-02 17:45:00,0.020432958,False,train,0.033321735,False,0.012719695,False,0.015257443,False,supply_temp_c
2024-05-03 05:45:00,0.031371515,False,train,0.053560507,False,0.019722862,False,0.020831184,False,supply_temp_c
2024-05-03 17:45:00,0.039393153,False,train,0.059509445,False,0.026904128,False,0.031765886,False,supply_temp_c
2024-05-04 05:45:00,0.046720643,False,train,0.06655385,False,0.024009755,False,0.049598332,False,supply_temp_c
2024-05-04 17:45:00,0.04552049,False,train,0.065714575,False,0.01961712,False,0.051229764,False,supply_temp_c
2024-05-05 05:45:00,0.03342382,False,train,0.061176404,False,0.013630877,False,0.025464175,False,supply_temp_c
2024-05-05 17:45:00,0.050123803,False,train,0.102968596,False,0.015870675,False,0.03153215,False,supply_temp_c
2024-05-06 05:45:00,0.057675116,False,train,0.12239996,False,0.019012164,False,0.03161322,False,supply_temp_c
2024-05-06 17:45:00,0.081039965,False,train,0.12452388,False,0.07242847,False,0.046167556,False,supply_temp_c
2024-05-07 05:45:00,0.08317318,False,train,0.13208587,False,0.06583689,False,0.05159675,False,supply_temp_c
2024-05-07 17:45:00,0.055700984,False,train,0.10809044,False,0.01663415,False,0.04237837,False,supply_temp_c
2024-05-08 05:45:00,0.040005896,False,train,0.079081304,False,0.012331962,False,0.028604425,False,supply_temp_c
2024-05-08 17:45:00,0.057464037,False,train,0.11226338,False,0.01604296,False,0.04408576,False,supply_temp_c
2024-05-09 05:45:00,0.062884875,False,train,0.1083633,False,0.03297483,False,0.047316488,False,supply_temp_c
2024-05-09 17:45:00,0.060720317,False,train,0.10293422,False,0.03735917,False,0.04186757,False,supply_temp_c
2024-05-10 05:45:00,0.05892499,False,train,0.114529215,False,0.022101194,False,0.040144566,False,supply_temp_c
2024-05-10 17:45:00,0.04284513,False,train,0.0838177,False,0.014074097,False,0.030643603,False,supply_temp_c
2024-05-11 05:45:00,0.050132707,False,train,0.098227166,False,0.025847012,False,0.02632392,False,supply_temp_c
2024-05-11 17:45:00,0.062385004,False,train,0.10971827,False,0.046536088,False,0.03090064,False,supply_temp_c
2024-05-12 05:45:00,0.04718534,False,train,0.07729506,False,0.03687204,False,0.027388928,False,supply_temp_c
2024-05-12 17:45:00,0.16012706,False,train,0.15958197,False,0.13662894,False,0.18417029,False,derived_flow_kg_s
2024-05-13 05:45:00,0.15803726,False,train,0.15794326,False,0.13335504,False,0.18281348,False,derived_flow_kg_s
2024-05-13 17:45:00,0.031801417,False,train,0.0637491,False,0.010674737,False,0.020980408,False,supply_temp_c
2024-05-14 05:45:00,0.025555959,False,train,0.052666496,False,0.009962735,False,0.014038642,False,supply_temp_c
2024-05-14 17:45:00,0.043306515,False,train,0.07702952,False,0.01814769,False,0.034742337,False,supply_temp_c
2024-05-15 05:45:00,0.0547321,False,train,0.10145167,False,0.019647324,False,0.043097306,False,supply_temp_c
2024-05-15 17:45:00,0.03356876,False,train,0.06382152,False,0.013269522,False,0.023615235,False,supply_temp_c
2024-05-16 05:45:00,0.03925619,False,train,0.080497704,False,0.012896786,False,0.024374068,False,supply_temp_c
2024-05-16 17:45:00,0.048090883,False,train,0.089627706,False,0.012052014,False,0.042592928,False,supply_temp_c
2024-05-17 05:45:00,0.044510666,False,train,0.08930876,False,0.010422125,False,0.033801123,False,supply_temp_c
2024-05-17 17:45:00,0.043338437,False,train,0.08583692,False,0.011943256,False,0.032235146,False,supply_temp_c
2024-05-18 05:45:00,0.03852657,False,train,0.077462934,False,0.011593651,False,0.026523111,False,supply_temp_c
2024-05-18 17:45:00,0.021403946,False,train,0.046472985,False,0.006638996,False,0.011099853,False,supply_temp_c
2024-05-19 05:45:00,0.029716125,False,train,0.06274707,False,0.0068790023,False,0.019522296,False,supply_temp_c
2024-05-19 17:45:00,0.043079674,False,train,0.07719982,False,0.014247897,False,0.0377913,False,supply_temp_c
2024-05-20 05:45:00,0.040587023,False,train,0.073918976,False,0.011849914,False,0.03599217,False,supply_temp_c
2024-05-20 17:45:00,0.035096664,False,train,0.061216462,False,0.015459816,False,0.028613726,False,supply_temp_c
2024-05-21 05:45:00,0.037991546,False,train,0.068090506,False,0.016274609,False,0.029609533,False,supply_temp_c
2024-05-21 17:45:00,0.04758169,False,train,0.09360991,False,0.008558737,False,0.04057642,False,supply_temp_c
2024-05-22 05:45:00,0.04270075,False,train,0.0902121,False,0.008731951,False,0.029158188,False,supply_temp_c
2024-05-22 17:45:00,0.03087951,False,train,0.06253149,False,0.008716282,False,0.021390753,False,supply_temp_c
2024-05-23 05:45:00,0.036784194,False,train,0.07204024,False,0.008617276,False,0.029695064,False,supply_temp_c
2024-05-23 17:45:00,0.037675936,False,train,0.07218178,False,0.006986033,False,0.033859994,False,supply_temp_c
2024-05-24 05:45:00,0.032148916,False,train,0.06324338,False,0.0056666993,False,0.02753666,False,supply_temp_c
2024-05-24 17:45:00,0.03388438,False,train,0.043946553,False,0.029203618,False,0.028502977,False,supply_temp_c
2024-05-25 05:45:00,0.035780627,False,train,0.05048361,False,0.028767576,False,0.028090693,False,supply_temp_c
2024-05-25 17:45:00,0.04408813,False,train,0.08290555,False,0.017319871,False,0.032038957,False,supply_temp_c
2024-05-26 05:45:00,0.06005964,False,train,0.1293195,False,0.015343261,False,0.03551617,False,supply_temp_c
2024-05-26 17:45:00,0.08785329,False,train,0.160378,False,0.041064344,False,0.062117536,False,supply_temp_c
2024-05-27 05:45:00,0.07169675,False,train,0.12044827,False,0.0366485,False,0.057993487,False,supply_temp_c
2024-05-27 17:45:00,0.0382428,False,train,0.08133424,False,0.00976242,False,0.023631727,False,supply_temp_c
2024-05-28 05:45:00,0.032532755,False,train,0.063883975,False,0.0086790025,False,0.025035292,False,supply_temp_c
2024-05-28 17:45:00,0.07683529,False,train,0.100367,False,0.081973396,False,0.048165474,False,supply_temp_c
2024-05-29 05:45:00,0.08558072,False,train,0.1096249,False,0.08545508,False,0.061662164,False,supply_temp_c
2024-05-29 17:45:00,0.0370078,False,train,0.0682984,False,0.013616131,False,0.029108876,False,supply_temp_c
2024-05-30 05:45:00,0.039237738,False,train,0.06543041,False,0.013921979,False,0.03836082,False,supply_temp_c
2024-05-30 17:45:00,0.03426163,False,train,0.051667605,False,0.015933111,False,0.035184164,False,supply_temp_c
2024-05-31 05:45:00,0.040344168,False,train,0.053758066,False,0.033876445,False,0.033398,False,supply_temp_c
2024-05-31 17:45:00,0.048547566,False,train,0.062352937,False,0.047832977,False,0.035456773,False,supply_temp_c
2024-06-01 05:45:00,0.052059337,False,train,0.07754753,False,0.044446442,False,0.034184054,False,supply_temp_c
2024-06-01 17:45:00,0.051107034,False,train,0.0807421,False,0.035639618,False,0.03693938,False,supply_temp_c
2024-06-02 05:45:00,0.04684086,False,train,0.061709642,False,0.041369885,False,0.03744306,False,supply_temp_c
2024-06-02 17:45:00,0.04918366,False,train,0.06450196,False,0.04568554,False,0.03736349,False,supply_temp_c
2024-06-03 05:45:00,0.057538465,False,train,0.06177624,False,0.0689156,False,0.041923556,False,return_temp_c
2024-06-03 17:45:00,0.059104662,False,train,0.046941724,False,0.083962105,False,0.046410177,False,return_temp_c
2024-06-04 05:45:00,0.058608346,False,train,0.06018876,False,0.07009288,False,0.045543414,False,return_temp_c
2024-06-04 17:45:00,0.071060166,False,train,0.09109219,False,0.07576109,False,0.04632723,False,supply_temp_c
2024-06-05 05:45:00,0.07496686,False,train,0.10002605,False,0.07890745,False,0.045967087,False,supply_temp_c
2024-06-05 17:45:00,0.06408972,False,train,0.08271361,False,0.061494056,False,0.048061505,False,supply_temp_c
2024-06-06 05:45:00,0.055951647,False,train,0.09322032,False,0.041317347,False,0.03331727,False,supply_temp_c
2024-06-06 17:45:00,0.052542046,False,train,0.08538327,False,0.036218163,False,0.036024705,False,supply_temp_c
2024-06-07 05:45:00,0.061827853,False,train,0.08430908,False,0.05382502,False,0.047349453,False,supply_temp_c
2024-06-07 17:45:00,0.06821648,False,train,0.10886079,False,0.045139734,False,0.050648928,False,supply_temp_c
2024-06-08 05:45:00,0.07089407,False,train,0.09829373,False,0.062752426,False,0.05163607,False,supply_temp_c
2024-06-08 17:45:00,0.06953465,False,train,0.07333059,False,0.088039495,False,0.047233883,False,return_temp_c
2024-06-09 05:45:00,0.047359128,False,train,0.05000867,False,0.053101882,False,0.03896683,False,return_temp_c
2024-06-09 17:45:00,0.059913926,False,train,0.078568555,False,0.056715485,False,0.044457745,False,supply_temp_c
2024-06-10 05:45:00,0.050142165,False,train,0.06328965,False,0.04280725,False,0.044329584,False,supply_temp_c
2024-06-10 17:45:00,0.0413464,False,train,0.07004103,False,0.018709159,False,0.035289016,False,supply_temp_c
2024-06-11 05:45:00,0.04698545,False,train,0.07688734,False,0.027341263,False,0.03672775,False,supply_temp_c
2024-06-11 17:45:00,0.050298512,False,train,0.070603326,False,0.039246876,False,0.041045323,False,supply_temp_c
2024-06-12 05:45:00,0.054442782,False,train,0.07936963,False,0.037412494,False,0.04654624,False,supply_temp_c
2024-06-12 17:45:00,0.052477315,False,train,0.08875611,False,0.024717666,False,0.043958172,False,supply_temp_c
2024-06-13 05:45:00,0.038535196,False,train,0.07346564,False,0.019714847,False,0.02242512,False,supply_temp_c
2024-06-13 17:45:00,0.038133666,False,train,0.06578684,False,0.022209147,False,0.02640502,False,supply_temp_c
2024-06-14 05:45:00,0.04026429,False,train,0.06531849,False,0.024936894,False,0.030537486,False,supply_temp_c
2024-06-14 17:45:00,0.042059675,False,train,0.06583774,False,0.027392963,False,0.03294831,False,supply_temp_c
2024-06-15 05:45:00,0.051206805,False,train,0.095403634,False,0.023368193,False,0.0348486,False,supply_temp_c
2024-06-15 17:45:00,0.04091449,False,train,0.07946334,False,0.016891208,False,0.026388941,False,supply_temp_c
2024-06-16 05:45:00,0.037807092,False,train,0.07234016,False,0.0161661,False,0.024915017,False,supply_temp_c
2024-06-16 17:45:00,0.044187758,False,train,0.081440724,False,0.017046968,False,0.034075577,False,supply_temp_c
2024-06-17 05:45:00,0.045041528,False,train,0.07305851,False,0.023635326,False,0.03843076,False,supply_temp_c
2024-06-17 17:45:00,0.048751798,False,train,0.07109896,False,0.027953178,False,0.047203247,False,supply_temp_c
2024-06-18 05:45:00,0.046858836,False,train,0.07256347,False,0.021855945,False,0.046157096,False,supply_temp_c
2024-06-18 17:45:00,0.048147265,False,train,0.0856225,False,0.016198216,False,0.042621065,False,supply_temp_c
2024-06-19 05:45:00,0.042059958,False,train,0.07337246,False,0.019166345,False,0.033641074,False,supply_temp_c
2024-06-19 17:45:00,0.046823476,False,train,0.07694509,False,0.023861974,False,0.03966335,False,supply_temp_c
2024-06-20 05:45:00,0.062336717,False,train,0.11314196,False,0.025710287,False,0.048157882,False,supply_temp_c
2024-06-20 17:45:00,0.14689027,False,train,0.14260703,False,0.1127334,False,0.18533033,False,derived_flow_kg_s
2024-06-21 05:45:00,0.15216917,False,train,0.16728915,False,0.11142239,False,0.17779595,False,derived_flow_kg_s
2024-06-21 17:45:00,0.03735298,False,train,0.052632574,False,0.02352214,False,0.03590422,False,supply_temp_c
2024-06-22 05:45:00,0.04388053,False,train,0.057450205,False,0.03870767,False,0.03548372,False,supply_temp_c
2024-06-22 17:45:00,0.05278406,False,train,0.062118858,False,0.06230693,False,0.033926394,False,return_temp_c
2024-06-23 05:45:00,0.05207217,False,train,0.061005652,False,0.06065638,False,0.034554485,False,supply_temp_c
2024-06-23 17:45:00,0.049483836,False,train,0.056307998,False,0.052392468,False,0.03975104,False,supply_temp_c
2024-06-24 05:45:00,0.047131367,False,train,0.047885302,False,0.05906127,False,0.034447536,False,return_temp_c
2024-06-24 17:45:00,0.05726019,False,train,0.055751875,False,0.08088639,False,0.035142306,False,return_temp_c
2024-06-25 05:45:00,0.045538977,False,train,0.041740794,False,0.064337574,False,0.03053855,False,return_temp_c
2024-06-25 17:45:00,0.034842215,False,train,0.039571363,False,0.03218699,False,0.032768294,False,supply_temp_c
2024-06-26 05:45:00,0.04114077,False,train,0.061473068,False,0.027384795,False,0.03456444,False,supply_temp_c
2024-06-26 17:45:00,0.039419442,False,train,0.06075721,False,0.035219047,False,0.02228207,False,supply_temp_c
2024-06-27 05:45:00,0.03778185,False,train,0.048634652,False,0.03397834,False,0.030732537,False,supply_temp_c
2024-06-27 17:45:00,0.045386,False,train,0.05994456,False,0.034258213,False,0.04195523,False,supply_temp_c
2024-06-28 05:45:00,0.043158125,False,train,0.057142526,False,0.034377005,False,0.037954845,False,supply_temp_c
2024-06-28 17:45:00,0.036484864,False,train,0.049806148,False,0.026611174,False,0.03303727,False,supply_temp_c
2024-06-29 05:45:00,0.032668043,False,train,0.03995909,False,0.026611118,False,0.03143392,False,supply_temp_c
2024-06-29 17:45:00,0.03714459,False,train,0.051176686,False,0.03135342,False,0.028903658,False,supply_temp_c
2024-06-30 05:45:00,0.03960286,False,train,0.05903904,False,0.030727515,False,0.029042022,False,supply_temp_c
2024-06-30 17:45:00,0.041561928,False,train,0.050031055,False,0.04530311,False,0.029351616,False,supply_temp_c
2024-07-01 05:45:00,0.045563374,False,train,0.06368835,False,0.04204281,False,0.030958949,False,supply_temp_c
2024-07-01 17:45:00,0.04358086,False,train,0.0723668,False,0.028822953,False,0.029552838,False,supply_temp_c
2024-07-02 05:45:00,0.045331832,False,train,0.074506104,False,0.027483135,False,0.034006245,False,supply_temp_c
2024-07-02 17:45:00,0.03626013,False,train,0.050741047,False,0.024760695,False,0.03327865,False,supply_temp_c
2024-07-03 05:45:00,0.031227661,False,train,0.04574917,False,0.018447934,False,0.029485874,False,supply_temp_c
2024-07-03 17:45:00,0.037612744,False,train,0.057837706,False,0.01830973,False,0.036690805,False,supply_temp_c
2024-07-04 05:45:00,0.035040364,False,train,0.058698,False,0.013335702,False,0.033087384,False,supply_temp_c
2024-07-04 17:45:00,0.03142926,False,train,0.055540517,False,0.013701797,False,0.02504547,False,supply_temp_c
2024-07-05 05:45:00,0.030593736,False,train,0.047958314,False,0.020587225,False,0.023235664,False,supply_temp_c
2024-07-05 17:45:00,0.033237897,False,train,0.05198453,False,0.020393854,False,0.027335314,False,supply_temp_c
2024-07-06 05:45:00,0.038962603,False,train,0.05568199,False,0.019091757,False,0.042114064,False,supply_temp_c
2024-07-06 17:45:00,0.038489554,False,train,0.0570313,False,0.022989549,False,0.03544781,False,supply_temp_c
2024-07-07 05:45:00,0.03288744,False,train,0.05241187,False,0.02658126,False,0.019669196,False,supply_temp_c
2024-07-07 17:45:00,0.03227737,False,train,0.04358797,False,0.027533835,False,0.025710307,False,supply_temp_c
2024-07-08 05:45:00,0.037145868,False,train,0.05403799,False,0.027313488,False,0.030086124,False,supply_temp_c
2024-07-08 17:45:00,0.039043214,False,train,0.060627144,False,0.02862838,False,0.027874125,False,supply_temp_c
2024-07-09 05:45:00,0.034991995,False,train,0.05266021,False,0.025157603,False,0.02715817,False,supply_temp_c
2024-07-09 17:45:00,0.03662593,False,train,0.056119014,False,0.025880463,False,0.027878314,False,supply_temp_c
2024-07-10 05:45:00,0.038914397,False,train,0.06405433,False,0.023787027,False,0.028901823,False,supply_temp_c
2024-07-10 17:45:00,0.036261994,False,train,0.06019433,False,0.023472967,False,0.025118673,False,supply_temp_c
2024-07-11 05:45:00,0.036506265,False,train,0.052779954,False,0.032715797,False,0.02402305,False,supply_temp_c
2024-07-11 17:45:00,0.04886713,False,train,0.06377764,False,0.044790316,False,0.038033415,False,supply_temp_c
2024-07-12 05:45:00,0.04090271,False,train,0.05135061,False,0.0326845,False,0.038673025,False,supply_temp_c
2024-07-12 17:45:00,0.03143353,False,train,0.04996072,False,0.015565481,False,0.028774373,False,supply_temp_c
2024-07-13 05:45:00,0.028589956,False,train,0.04509226,False,0.014584181,False,0.026093429,False,supply_temp_c
2024-07-13 17:45:00,0.03164466,False,train,0.04831944,False,0.0218864,False,0.024728142,False,supply_temp_c
2024-07-14 05:45:00,0.032228,False,train,0.046914946,False,0.024442235,False,0.025326798,False,supply_temp_c
2024-07-14 17:45:00,0.037992876,False,train,0.04399887,False,0.036335718,False,0.033644028,False,supply_temp_c
2024-07-15 05:45:00,0.054323167,False,train,0.057568233,False,0.05901852,False,0.046382766,False,return_temp_c
2024-07-15 17:45:00,0.05252294,False,train,0.06665196,False,0.04286239,False,0.048054446,False,supply_temp_c
2024-07-16 05:45:00,0.060948193,False,train,0.08301395,False,0.03913468,False,0.060695946,False,supply_temp_c
2024-07-16 17:45:00,0.058426354,False,train,0.08204917,False,0.038157266,False,0.05507263,False,supply_temp_c
2024-07-17 05:45:00,0.03805469,False,train,0.064049274,False,0.018028928,False,0.03208587,False,supply_temp_c
2024-07-17 17:45:00,0.06970047,False,train,0.06697414,False,0.049536366,False,0.09259092,False,derived_flow_kg_s
2024-07-18 05:45:00,0.061785083,False,train,0.04774503,False,0.048556328,False,0.08905388,False,derived_flow_kg_s
2024-07-18 17:45:00,0.030263355,False,train,0.04654947,False,0.015417841,False,0.028822757,False,supply_temp_c
2024-07-19 05:45:00,0.03487488,False,train,0.04826169,False,0.02486954,False,0.03149341,False,supply_temp_c
2024-07-19 17:45:00,0.036639072,False,train,0.050958525,False,0.02882746,False,0.030131226,False,supply_temp_c
2024-07-20 05:45:00,0.039741397,False,train,0.052451696,False,0.028053293,False,0.038719196,False,supply_temp_c
2024-07-20 17:45:00,0.042185947,False,train,0.058430586,False,0.029318562,False,0.0388087,False,supply_temp_c
2024-07-21 05:45:00,0.045357186,False,train,0.07126287,False,0.031439036,False,0.03336964,False,supply_temp_c
2024-07-21 17:45:00,0.048744105,False,train,0.066372864,False,0.034932848,False,0.04492661,False,supply_temp_c
2024-07-22 05:45:00,0.043623567,False,train,0.063688815,False,0.023888094,False,0.043293804,False,supply_temp_c
2024-07-22 17:45:00,0.03393427,False,train,0.05536908,False,0.015748434,False,0.030685296,False,supply_temp_c
2024-07-23 05:45:00,0.032168586,False,train,0.04983099,False,0.015755503,False,0.030919261,False,supply_temp_c
2024-07-23 17:45:00,0.034382496,False,train,0.051501077,False,0.021365732,False,0.03028068,False,supply_temp_c
2024-07-24 05:45:00,0.037657745,False,train,0.058346916,False,0.023666954,False,0.03095937,False,supply_temp_c
2024-07-24 17:45:00,0.045750998,False,train,0.06104355,False,0.036867592,False,0.03934185,False,supply_temp_c
2024-07-25 05:45:00,0.048764132,False,train,0.070244916,False,0.036971454,False,0.03907602,False,supply_temp_c
2024-07-25 17:45:00,0.044520523,False,train,0.06675751,False,0.03222328,False,0.034580782,False,supply_temp_c
2024-07-26 05:45:00,0.037095573,False,train,0.053013284,False,0.029225165,False,0.029048266,False,supply_temp_c
2024-07-26 17:45:00,0.03137223,False,train,0.045342386,False,0.022023404,False,0.026750892,False,supply_temp_c
2024-07-27 05:45:00,0.033206318,False,train,0.052800026,False,0.020265607,False,0.026553312,False,supply_temp_c
2024-07-27 17:45:00,0.034208417,False,train,0.04932828,False,0.023640176,False,0.02965681,False,supply_temp_c
2024-07-28 05:45:00,0.038806554,False,train,0.056216273,False,0.027677469,False,0.03252592,False,supply_temp_c
2024-07-28 17:45:00,0.036185697,False,train,0.055774827,False,0.024165994,False,0.028616274,False,supply_temp_c
2024-07-29 05:45:00,0.03421974,False,train,0.049288854,False,0.022490012,False,0.030880362,False,supply_temp_c
2024-07-29 17:45:00,0.038417924,False,train,0.056111217,False,0.024354493,False,0.034788065,False,supply_temp_c
2024-07-30 05:45:00,0.035800233,False,train,0.0539141,False,0.020178676,False,0.033307917,False,supply_temp_c
2024-07-30 17:45:00,0.03702311,False,train,0.052348956,False,0.02704169,False,0.031678677,False,supply_temp_c
2024-07-31 05:45:00,0.035849318,False,train,0.05062769,False,0.026747527,False,0.03017273,False,supply_temp_c
2024-07-31 17:45:00,0.036547866,False,train,0.047815517,False,0.025673479,False,0.036154594,False,supply_temp_c
2024-08-01 05:45:00,0.04264155,False,train,0.06877401,False,0.025802491,False,0.033348143,False,supply_temp_c
2024-08-01 17:45:00,0.03944613,False,train,0.054385275,False,0.029223321,False,0.03472979,False,supply_temp_c
2024-08-02 05:45:00,0.039326232,False,train,0.058825996,False,0.02450533,False,0.034647375,False,supply_temp_c
2024-08-02 17:45:00,0.04411172,False,train,0.06217974,False,0.03228397,False,0.03787146,False,supply_temp_c
2024-08-03 05:45:00,0.035484962,False,train,0.044270728,False,0.03357077,False,0.028613375,False,supply_temp_c
2024-08-03 17:45:00,0.031734604,False,train,0.049965605,False,0.019530673,False,0.025707541,False,supply_temp_c
2024-08-04 05:45:00,0.03468309,False,train,0.058991272,False,0.016604474,False,0.028453508,False,supply_temp_c
2024-08-04 17:45:00,0.035031922,False,train,0.053396672,False,0.016998699,False,0.034700397,False,supply_temp_c
2024-08-05 05:45:00,0.039128643,False,train,0.05202326,False,0.031488482,False,0.033874173,False,supply_temp_c
2024-08-05 17:45:00,0.072382025,False,train,0.102827825,False,0.06312268,False,0.051195577,False,supply_temp_c
2024-08-06 05:45:00,0.09031553,False,train,0.118095934,False,0.07430316,False,0.078547485,False,supply_temp_c
2024-08-06 17:45:00,0.7446296,True,train,0.16079809,False,0.11201481,False,1.9610761,True,derived_flow_kg_s
2024-08-07 05:45:00,0.3043959,False,train,0.115757905,False,0.09933113,False,0.6980987,False,derived_flow_kg_s
2024-08-07 17:45:00,0.094499685,False,train,0.11044612,False,0.10397059,False,0.06908234,False,supply_temp_c
2024-08-08 05:45:00,0.2133859,False,train,0.22474223,False,0.17195064,False,0.24346478,False,derived_flow_kg_s
2024-08-08 17:45:00,0.30421108,False,train,0.19166796,False,0.31006917,False,0.4108961,False,derived_flow_kg_s
2024-08-09 05:45:00,0.20136935,False,train,0.11763978,False,0.24677338,False,0.23969491,False,return_temp_c
2024-08-09 17:45:00,0.036566965,False,train,0.05222997,False,0.017599454,False,0.039871473,False,supply_temp_c
2024-08-10 05:45:00,0.055810254,False,train,0.06514453,False,0.027164215,False,0.07512201,False,derived_flow_kg_s
2024-08-10 17:45:00,0.06790748,False,train,0.08038524,False,0.03797548,False,0.08536172,False,derived_flow_kg_s
2024-08-11 05:45:00,0.05169034,False,train,0.07232519,False,0.031235427,False,0.051510394,False,supply_temp_c
2024-08-11 17:45:00,0.046263132,False,train,0.067799754,False,0.030615283,False,0.04037437,False,supply_temp_c
2024-08-12 05:45:00,0.03789784,False,train,0.055024236,False,0.030055726,False,0.028613554,False,supply_temp_c
2024-08-12 17:45:00,0.042391907,False,train,0.05735002,False,0.02714912,False,0.04267658,False,supply_temp_c
2024-08-13 05:45:00,0.051779445,False,train,0.07294274,False,0.027974283,False,0.05442132,False,supply_temp_c
2024-08-13 17:45:00,0.0585324,False,train,0.07723274,False,0.05005294,False,0.04831153,False,supply_temp_c
2024-08-14 05:45:00,0.055668805,False,train,0.08381929,False,0.042807207,False,0.040379908,False,supply_temp_c
2024-08-14 17:45:00,0.027376084,False,train,0.04413948,False,0.015065171,False,0.022923594,False,supply_temp_c
2024-08-15 05:45:00,0.032485027,False,train,0.052473355,False,0.015771165,False,0.029210562,False,supply_temp_c
2024-08-15 17:45:00,0.12578541,False,train,0.060173642,False,0.10642887,False,0.21075374,False,derived_flow_kg_s
2024-08-16 05:45:00,0.1249476,False,train,0.06277972,False,0.09881973,False,0.21324337,False,derived_flow_kg_s
2024-08-16 17:45:00,0.03924711,False,train,0.05901128,False,0.02331311,False,0.03541694,False,supply_temp_c
2024-08-17 05:45:00,0.08313305,False,train,0.14014035,False,0.040902223,False,0.06835655,False,supply_temp_c
2024-08-17 17:45:00,0.13340339,False,train,0.16337685,False,0.111861885,False,0.12497143,False,supply_temp_c
2024-08-18 05:45:00,0.12713133,False,train,0.16331822,False,0.11923983,False,0.09883594,False,supply_temp_c
2024-08-18 17:45:00,0.041961357,False,train,0.06103113,False,0.023651386,False,0.041201565,False,supply_temp_c
2024-08-19 05:45:00,0.22345103,False,train,0.09213487,False,0.036115356,False,0.5421028,False,derived_flow_kg_s
2024-08-19 17:45:00,0.15180849,False,train,0.10508191,False,0.08903694,False,0.2613066,False,derived_flow_kg_s
2024-08-20 05:45:00,0.11445574,False,train,0.124565125,False,0.09626052,False,0.122541584,False,supply_temp_c
2024-08-20 17:45:00,0.07114169,False,train,0.07228157,False,0.04856168,False,0.09258183,False,derived_flow_kg_s
2024-08-21 05:45:00,0.029883755,False,train,0.048914444,False,0.019863382,False,0.020873442,False,supply_temp_c
2024-08-21 17:45:00,0.032291353,False,train,0.055253256,False,0.018049954,False,0.023570845,False,supply_temp_c
2024-08-22 05:45:00,0.037185557,False,train,0.06128413,False,0.021752052,False,0.028520493,False,supply_temp_c
2024-08-22 17:45:00,0.042464595,False,train,0.06386369,False,0.028041644,False,0.03548846,False,supply_temp_c
2024-08-23 05:45:00,0.0519501,False,train,0.07677192,False,0.038041145,False,0.041037243,False,supply_temp_c
2024-08-23 17:45:00,0.07286733,False,train,0.093850404,False,0.044046182,False,0.0807054,False,supply_temp_c
2024-08-24 05:45:00,0.06430151,False,train,0.08633211,False,0.030420823,False,0.07615161,False,supply_temp_c
2024-08-24 17:45:00,0.06706115,False,train,0.09553359,False,0.03467382,False,0.07097603,False,supply_temp_c
2024-08-25 05:45:00,0.08434912,False,train,0.111212276,False,0.06778299,False,0.0740521,False,supply_temp_c
2024-08-25 17:45:00,0.07549552,False,train,0.08636138,False,0.07173479,False,0.06839038,False,supply_temp_c
2024-08-26 05:45:00,0.06907784,False,train,0.08146953,False,0.061472833,False,0.06429117,False,supply_temp_c
2024-08-26 17:45:00,0.05990086,False,train,0.06386515,False,0.05706651,False,0.05877092,False,supply_temp_c
2024-08-27 05:45:00,0.0622596,False,train,0.092028916,False,0.049100492,False,0.04564939,False,supply_temp_c
2024-08-27 17:45:00,0.06607354,False,train,0.09406837,False,0.060524315,False,0.043627936,False,supply_temp_c
2024-08-28 05:45:00,0.060015745,False,train,0.08626568,False,0.0533421,False,0.04043945,False,supply_temp_c
2024-08-28 17:45:00,0.052053794,False,train,0.07537573,False,0.040118307,False,0.040667344,False,supply_temp_c
2024-08-29 05:45:00,0.04754041,False,train,0.06657221,False,0.036324535,False,0.039724488,False,supply_temp_c
2024-08-29 17:45:00,0.047674663,False,train,0.0603796,False,0.049920056,False,0.032724317,False,supply_temp_c
2024-08-30 05:45:00,0.076969,False,train,0.11589649,False,0.06633977,False,0.048670758,False,supply_temp_c
2024-08-30 17:45:00,0.10251958,False,train,0.12719603,False,0.098468065,False,0.081894636,False,supply_temp_c
2024-08-31 05:45:00,0.08213771,False,train,0.09727391,False,0.07442043,False,0.074718766,False,supply_temp_c
2024-08-31 17:45:00,0.062798,False,train,0.101467706,False,0.032662112,False,0.0542642,False,supply_temp_c
2024-09-01 05:45:00,0.20256744,False,train,0.06608194,False,0.08001736,False,0.46160308,False,derived_flow_kg_s
2024-09-01 17:45:00,0.18310851,False,train,0.059072625,False,0.08077464,False,0.40947828,False,derived_flow_kg_s
2024-09-02 05:45:00,0.08593702,False,train,0.073474966,False,0.051868662,False,0.13246743,False,derived_flow_kg_s
2024-09-02 17:45:00,0.13640782,False,train,0.12699893,False,0.097735085,False,0.18448947,False,derived_flow_kg_s
2024-09-03 05:45:00,0.129816,False,train,0.1566038,False,0.08357347,False,0.14927071,False,supply_temp_c
2024-09-03 17:45:00,0.12572986,False,train,0.17061253,False,0.11409526,False,0.092481814,False,supply_temp_c
2024-09-04 05:45:00,0.12274023,False,train,0.16553661,False,0.10446333,False,0.098220706,False,supply_temp_c
2024-09-04 17:45:00,0.06775701,False,train,0.06754554,False,0.0391503,False,0.09657519,False,derived_flow_kg_s
2024-09-05 05:45:00,0.060181566,False,train,0.07247489,False,0.032920547,False,0.07514926,False,derived_flow_kg_s
2024-09-05 17:45:00,0.05167226,False,train,0.08543771,False,0.027534613,False,0.04204445,False,supply_temp_c
2024-09-06 05:45:00,0.04493717,False,train,0.06758738,False,0.026840588,False,0.04038354,False,supply_temp_c
2024-09-06 17:45:00,0.04594047,False,train,0.068976395,False,0.031842686,False,0.03700232,False,supply_temp_c
2024-09-07 05:45:00,0.040894724,False,train,0.059587,False,0.025630197,False,0.037466977,False,supply_temp_c
2024-09-07 17:45:00,0.028696189,False,train,0.03349185,False,0.025190225,False,0.027406504,False,supply_temp_c
2024-09-08 05:45:00,0.029921941,False,train,0.0400047,False,0.02465906,False,0.025102066,False,supply_temp_c
2024-09-08 17:45:00,0.06266937,False,train,0.06717665,False,0.04669114,False,0.074140325,False,derived_flow_kg_s
2024-09-09 05:45:00,0.06789293,False,train,0.081290886,False,0.04507493,False,0.07731297,False,supply_temp_c
2024-09-09 17:45:00,0.13009027,False,train,0.16916722,False,0.12318917,False,0.09791442,False,supply_temp_c
2024-09-10 05:45:00,0.14444396,False,train,0.16350141,False,0.14295752,False,0.12687294,False,supply_temp_c
2024-09-10 17:45:00,0.101488695,False,train,0.108960815,False,0.060230777,False,0.13527448,False,derived_flow_kg_s
2024-09-11 05:45:00,0.0799388,False,train,0.074085385,False,0.049130827,False,0.11660018,False,derived_flow_kg_s
2024-09-11 17:45:00,0.047335345,False,train,0.07118108,False,0.032551054,False,0.038273897,False,supply_temp_c
2024-09-12 05:45:00,0.09811226,False,train,0.14705737,False,0.053017408,False,0.094262026,False,supply_temp_c
2024-09-12 17:45:00,0.14382946,False,train,0.17477757,False,0.10803481,False,0.14867602,False,supply_temp_c
2024-09-13 05:45:00,0.10791193,False,train,0.15275012,False,0.074239634,False,0.09674606,False,supply_temp_c
2024-09-13 17:45:00,0.048125707,False,train,0.07816055,False,0.030343385,False,0.03587319,False,supply_temp_c
2024-09-14 05:45:00,0.04723792,False,train,0.07312628,False,0.029848987,False,0.038738504,False,supply_temp_c
2024-09-14 17:45:00,0.041804925,False,train,0.05838127,False,0.031363804,False,0.035669696,False,supply_temp_c
2024-09-15 05:45:00,0.048402525,False,train,0.07066407,False,0.035981487,False,0.038562015,False,supply_temp_c
2024-09-15 17:45:00,0.04541987,False,train,0.07049059,False,0.026949564,False,0.03881945,False,supply_temp_c
2024-09-16 05:45:00,0.047804717,False,train,0.07848066,False,0.02987651,False,0.035056982,False,supply_temp_c
2024-09-16 17:45:00,0.046338443,False,train,0.07952606,False,0.028222114,False,0.031267148,False,supply_temp_c
2024-09-17 05:45:00,0.052193396,False,train,0.0876633,False,0.02728129,False,0.04163559,False,supply_temp_c
2024-09-17 17:45:00,0.046923026,False,train,0.075573154,False,0.028648145,False,0.036547765,False,supply_temp_c
2024-09-18 05:45:00,0.04748227,False,train,0.0740616,False,0.030598646,False,0.03778657,False,supply_temp_c
2024-09-18 17:45:00,0.053419836,False,train,0.08518711,False,0.030859837,False,0.04421256,False,supply_temp_c
2024-09-19 05:45:00,0.052218646,False,train,0.07960413,False,0.031672563,False,0.04537925,False,supply_temp_c
2024-09-19 17:45:00,0.048586614,False,train,0.0492295,False,0.049574047,False,0.046956286,False,return_temp_c
2024-09-20 05:45:00,0.0295563,False,train,0.01796373,False,0.04223026,False,0.028474912,False,return_temp_c
2024-09-20 17:45:00,0.01978526,False,train,0.014175981,False,0.018034067,False,0.027145734,False,derived_flow_kg_s
2024-09-21 05:45:00,0.14814316,False,train,0.22411014,False,0.11910685,False,0.101212524,False,supply_temp_c
2024-09-21 17:45:00,0.29161352,False,train,0.42536762,True,0.16658078,False,0.2828921,False,supply_temp_c
2024-09-22 05:45:00,0.35372236,False,train,0.55002207,True,0.10733336,False,0.4038116,False,supply_temp_c
2024-09-22 17:45:00,2.0401468,True,train,0.8362735,True,0.7686641,True,4.5155044,True,derived_flow_kg_s
2024-09-23 05:45:00,2.2971637,True,train,1.0184311,True,1.2127709,True,4.6602883,True,derived_flow_kg_s
2024-09-23 17:45:00,0.09669742,False,train,0.080714494,False,0.17082882,False,0.038548965,False,return_temp_c
2024-09-24 05:45:00,0.04892677,False,train,0.054739665,False,0.04370911,False,0.048331544,False,supply_temp_c
2024-09-24 17:45:00,0.049665257,False,train,0.08119184,False,0.030971201,False,0.03683273,False,supply_temp_c
2024-09-25 05:45:00,0.04882363,False,train,0.082823314,False,0.028159523,False,0.035488043,False,supply_temp_c
2024-09-25 17:45:00,0.05230001,False,train,0.079421155,False,0.033117842,False,0.044361036,False,supply_temp_c
2024-09-26 05:45:00,0.046182208,False,train,0.06902828,False,0.028845223,False,0.040673118,False,supply_temp_c
2024-09-26 17:45:00,0.035448316,False,train,0.053900275,False,0.025334423,False,0.027110256,False,supply_temp_c
2024-09-27 05:45:00,0.03606485,False,train,0.055761892,False,0.02420908,False,0.028223565,False,supply_temp_c
2024-09-27 17:45:00,0.038994774,False,train,0.061953872,False,0.026430262,False,0.028600186,False,supply_temp_c
2024-09-28 05:45:00,0.033497438,False,train,0.0511051,False,0.025177183,False,0.02421003,False,supply_temp_c
2024-09-28 17:45:00,0.030903565,False,train,0.04541861,False,0.023239383,False,0.024052696,False,supply_temp_c
2024-09-29 05:45:00,0.073875345,False,train,0.12121477,False,0.04160447,False,0.05880679,False,supply_temp_c
2024-09-29 17:45:00,0.094919994,False,train,0.12951182,False,0.087631166,False,0.06761698,False,supply_temp_c
2024-09-30 05:45:00,0.064553924,False,train,0.086386025,False,0.07309907,False,0.034176685,False,supply_temp_c
2024-09-30 17:45:00,0.029936424,False,train,0.038127873,False,0.025773786,False,0.025907619,False,supply_temp_c
2024-10-01 05:45:00,0.03695835,False,train,0.044135604,False,0.039123047,False,0.02761641,False,supply_temp_c
2024-10-01 17:45:00,0.03703336,False,train,0.04406318,False,0.038156074,False,0.028880835,False,supply_temp_c
2024-10-02 05:45:00,0.044830568,False,train,0.049151078,False,0.032699812,False,0.052640807,False,derived_flow_kg_s
2024-10-02 17:45:00,0.060516834,False,train,0.05721131,False,0.04109003,False,0.08324916,False,derived_flow_kg_s
2024-10-03 05:45:00,0.055788238,False,train,0.05200416,False,0.042206347,False,0.07315422,False,derived_flow_kg_s
2024-10-03 17:45:00,0.054756418,False,train,0.05653863,False,0.041762177,False,0.06596845,False,derived_flow_kg_s
2024-10-04 05:45:00,0.05979424,False,train,0.05896306,False,0.042411562,False,0.07800811,False,derived_flow_kg_s
2024-10-04 17:45:00,0.05448681,False,train,0.05459507,False,0.039942436,False,0.068922915,False,derived_flow_kg_s
2024-10-05 05:45:00,0.056155052,False,train,0.055975694,False,0.03964452,False,0.07284493,False,derived_flow_kg_s
2024-10-05 17:45:00,0.05932411,False,train,0.05825636,False,0.040283352,False,0.07943262,False,derived_flow_kg_s
2024-10-06 05:45:00,0.054707278,False,train,0.059152763,False,0.03776339,False,0.067205675,False,derived_flow_kg_s
2024-10-06 17:45:00,0.05558555,False,train,0.07025166,False,0.03891997,False,0.057585012,False,supply_temp_c
2024-10-07 05:45:00,0.12486202,False,train,0.14929272,False,0.14017247,False,0.085120894,False,supply_temp_c
2024-10-07 17:45:00,0.113339186,False,train,0.14349395,False,0.12966272,False,0.06686088,False,supply_temp_c
2024-10-08 05:45:00,0.02468618,False,train,0.02803577,False,0.029963842,False,0.016058939,False,return_temp_c
2024-10-08 17:45:00,0.03589088,False,train,0.03680343,False,0.03380239,False,0.03706682,False,derived_flow_kg_s
2024-10-09 05:45:00,0.05339184,False,train,0.054623097,False,0.04267484,False,0.062877595,False,derived_flow_kg_s
2024-10-09 17:45:00,0.060458615,False,train,0.056708723,False,0.04274191,False,0.08192519,False,derived_flow_kg_s
2024-10-10 05:45:00,0.06399778,False,train,0.05864203,False,0.04422236,False,0.08912898,False,derived_flow_kg_s
2024-10-10 17:45:00,0.06057506,False,train,0.059419975,False,0.04377986,False,0.07852537,False,derived_flow_kg_s
2024-10-11 05:45:00,0.07368365,False,train,0.07421356,False,0.04617086,False,0.10066655,False,derived_flow_kg_s
2024-10-11 17:45:00,0.061960775,False,train,0.07037797,False,0.03599219,False,0.07951218,False,derived_flow_kg_s
2024-10-12 05:45:00,0.05566619,False,train,0.0702922,False,0.051490385,False,0.045215983,False,supply_temp_c
2024-10-12 17:45:00,0.049447987,False,train,0.06202619,False,0.043706477,False,0.04261129,False,supply_temp_c
2024-10-13 05:45:00,0.04464106,False,train,0.06874302,False,0.026266405,False,0.03891375,False,supply_temp_c
2024-10-13 17:45:00,0.03847892,False,train,0.055693116,False,0.025949365,False,0.033794273,False,supply_temp_c
2024-10-14 05:45:00,0.04612939,False,train,0.0696125,False,0.03532353,False,0.033452142,False,supply_temp_c
2024-10-14 17:45:00,0.04762406,False,train,0.0770413,False,0.029255623,False,0.036575247,False,supply_temp_c
2024-10-15 05:45:00,0.046397228,False,train,0.07170313,False,0.03301579,False,0.034472756,False,supply_temp_c
2024-10-15 17:45:00,0.0441438,False,train,0.06529365,False,0.032138545,False,0.034999195,False,supply_temp_c
2024-10-16 05:45:00,0.039048567,False,train,0.055888757,False,0.029726297,False,0.031530652,False,supply_temp_c
2024-10-16 17:45:00,0.043511596,False,train,0.06604081,False,0.027518498,False,0.03697549,False,supply_temp_c
2024-10-17 05:45:00,0.05061916,False,train,0.08192473,False,0.02756694,False,0.042365804,False,supply_temp_c
2024-10-17 17:45:00,0.050566487,False,train,0.08096063,False,0.02783805,False,0.042900786,False,supply_temp_c
2024-10-18 05:45:00,0.041067287,False,train,0.064625345,False,0.02415078,False,0.03442572,False,supply_temp_c
2024-10-18 17:45:00,0.041336257,False,train,0.059469163,False,0.029681979,False,0.034857642,False,supply_temp_c
2024-10-19 05:45:00,0.05075533,False,train,0.06759802,False,0.039673205,False,0.04499477,False,supply_temp_c
2024-10-19 17:45:00,0.043952674,False,train,0.0634371,False,0.033566017,False,0.034854908,False,supply_temp_c
2024-10-20 05:45:00,0.041151617,False,train,0.06543869,False,0.034054656,False,0.023961507,False,supply_temp_c
2024-10-20 17:45:00,0.039475106,False,train,0.058174253,False,0.031211108,False,0.029039966,False,supply_temp_c
2024-10-21 05:45:00,0.03501852,False,train,0.046937954,False,0.034084473,False,0.02403313,False,supply_temp_c
2024-10-21 17:45:00,0.046951,False,train,0.065241516,False,0.03254362,False,0.04306786,False,supply_temp_c
2024-10-22 05:45:00,0.052665573,False,train,0.09075647,False,0.025285544,False,0.041954707,False,supply_temp_c
2024-10-22 17:45:00,0.09965377,False,train,0.082379006,False,0.034634124,False,0.1819482,False,derived_flow_kg_s
2024-10-23 05:45:00,0.10191547,False,train,0.08472995,False,0.057059173,False,0.1639573,False,derived_flow_kg_s
2024-10-23 17:45:00,0.06724578,False,train,0.117994346,False,0.050763976,False,0.032979008,False,supply_temp_c
2024-10-24 05:45:00,0.070765525,False,train,0.124420546,False,0.03175276,False,0.056123268,False,supply_temp_c
2024-10-24 17:45:00,0.070969515,False,train,0.116622835,False,0.038053364,False,0.058232356,False,supply_temp_c
2024-10-25 05:45:00,0.051686153,False,train,0.086308114,False,0.03148668,False,0.037263658,False,supply_temp_c
2024-10-25 17:45:00,0.051901087,False,train,0.0685193,False,0.029341226,False,0.057842746,False,supply_temp_c
2024-10-26 05:45:00,0.064028405,False,train,0.05979794,False,0.03414965,False,0.09813761,False,derived_flow_kg_s
2024-10-26 17:45:00,0.06791285,False,train,0.058985736,False,0.031104164,False,0.11364865,False,derived_flow_kg_s
2024-10-27 05:45:00,0.064212315,False,train,0.085049056,False,0.024809927,False,0.08277797,False,supply_temp_c
2024-10-27 17:45:00,0.0917678,False,train,0.11816406,False,0.06599552,False,0.091143794,False,supply_temp_c
2024-10-28 05:45:00,0.1011718,False,train,0.12982912,False,0.065365024,False,0.10832127,False,supply_temp_c
2024-10-28 17:45:00,0.10994176,False,train,0.1319127,False,0.07002548,False,0.1278871,False,supply_temp_c
2024-10-29 05:45:00,0.105569854,False,train,0.14033876,False,0.061572734,False,0.11479808,False,supply_temp_c
2024-10-29 17:45:00,0.1087281,False,train,0.12373533,False,0.06791375,False,0.13453522,False,derived_flow_kg_s
2024-10-30 05:45:00,0.09581273,False,train,0.10921887,False,0.06499325,False,0.11322606,False,derived_flow_kg_s
2024-10-30 17:45:00,0.054658532,False,train,0.10287244,False,0.025652947,False,0.035450194,False,supply_temp_c
2024-10-31 05:45:00,0.06772808,False,train,0.13475884,False,0.029387176,False,0.0390382,False,supply_temp_c
2024-10-31 17:45:00,0.077992275,False,train,0.14973997,False,0.028655902,False,0.055580962,False,supply_temp_c
2024-11-01 05:45:00,0.068667926,False,train,0.12960918,False,0.028404025,False,0.04799055,False,supply_temp_c
2024-11-01 17:45:00,0.07429281,False,train,0.14162315,False,0.025501544,False,0.055753738,False,supply_temp_c
2024-11-02 05:45:00,0.06840601,False,train,0.13338803,False,0.024836494,False,0.046993494,False,supply_temp_c
2024-11-02 17:45:00,0.052769635,False,train,0.0954805,False,0.027893908,False,0.034934472,False,supply_temp_c
2024-11-03 05:45:00,0.06658035,False,train,0.13583443,False,0.02533632,False,0.038570303,False,supply_temp_c
2024-11-03 17:45:00,0.076569885,False,train,0.14514393,False,0.023845749,False,0.060719993,False,supply_temp_c
2024-11-04 05:45:00,0.065688096,False,train,0.113851465,False,0.021639936,False,0.061572876,False,supply_temp_c
2024-11-04 17:45:00,0.0652437,False,train,0.13447207,False,0.023793483,False,0.037465546,False,supply_temp_c
2024-11-05 05:45:00,0.08301273,False,train,0.17920177,False,0.026952697,False,0.04288372,False,supply_temp_c
2024-11-05 17:45:00,0.08322271,False,train,0.14826804,False,0.04243182,False,0.058968257,False,supply_temp_c
2024-11-06 05:45:00,0.06763957,False,train,0.10235575,False,0.04209951,False,0.058463465,False,supply_temp_c
2024-11-06 17:45:00,0.057882685,False,train,0.11099417,False,0.021959642,False,0.04069422,False,supply_temp_c
2024-11-07 05:45:00,0.056340337,False,train,0.111851305,False,0.025254982,False,0.031914722,False,supply_temp_c
2024-11-07 17:45:00,0.07099296,False,train,0.09445509,False,0.05517978,False,0.063344,False,supply_temp_c
2024-11-08 05:45:00,0.07688776,False,train,0.1148851,False,0.052790206,False,0.06298796,False,supply_temp_c
2024-11-08 17:45:00,0.08229864,False,train,0.16055287,False,0.028903425,False,0.057439607,False,supply_temp_c
2024-11-09 05:45:00,0.081962235,False,train,0.15659842,False,0.025376951,False,0.06391135,False,supply_temp_c
2024-11-09 17:45:00,0.06906043,False,train,0.13193448,False,0.03270017,False,0.04254665,False,supply_temp_c
2024-11-10 05:45:00,0.06703093,False,train,0.12648538,False,0.02526489,False,0.0493425,False,supply_temp_c
2024-11-10 17:45:00,0.060552042,False,train,0.11559854,False,0.021915123,False,0.044142473,False,supply_temp_c
2024-11-11 05:45:00,0.06398018,False,train,0.08854706,False,0.0335246,False,0.06986888,False,supply_temp_c
2024-11-11 17:45:00,0.09247222,False,train,0.09835049,False,0.07098027,False,0.10808592,False,derived_flow_kg_s
2024-11-12 05:45:00,0.10002373,False,train,0.108295195,False,0.07871439,False,0.113061585,False,derived_flow_kg_s
2024-11-12 17:45:00,0.17718105,False,train,0.16407119,False,0.13913961,False,0.22833239,False,derived_flow_kg_s
2024-11-13 05:45:00,0.16442734,False,train,0.16073549,False,0.1312329,False,0.20131367,False,derived_flow_kg_s
2024-11-13 17:45:00,0.09116778,False,train,0.11265355,False,0.06422015,False,0.09662963,False,supply_temp_c
2024-11-14 05:45:00,0.06749674,False,train,0.08007928,False,0.05215974,False,0.07025119,False,supply_temp_c
2024-11-14 17:45:00,0.06220854,False,train,0.07065206,False,0.054573536,False,0.061400045,False,supply_temp_c
2024-11-15 05:45:00,0.06624174,False,train,0.078547396,False,0.048924223,False,0.071253605,False,supply_temp_c
2024-11-15 17:45:00,0.12084707,False,train,0.101582915,False,0.06658063,False,0.19437766,False,derived_flow_kg_s
2024-11-16 05:45:00,0.12154424,False,train,0.08792025,False,0.075406976,False,0.20130551,False,derived_flow_kg_s
2024-11-16 17:45:00,0.057856396,False,train,0.053988244,False,0.047493633,False,0.072087325,False,derived_flow_kg_s
2024-11-17 05:45:00,0.050926015,False,train,0.05206734,False,0.039708868,False,0.06100185,False,derived_flow_kg_s
2024-11-17 17:45:00,0.08416866,False,train,0.08302896,False,0.062932245,False,0.106544785,False,derived_flow_kg_s
2024-11-18 05:45:00,0.09239432,False,train,0.10502835,False,0.060564637,False,0.11158999,False,derived_flow_kg_s
2024-11-18 17:45:00,0.13138974,False,train,0.119237445,False,0.0650518,False,0.20987995,False,derived_flow_kg_s
2024-11-19 05:45:00,0.13009071,False,train,0.11656649,False,0.07028527,False,0.20342042,False,derived_flow_kg_s
2024-11-19 17:45:00,0.09155145,False,train,0.17199458,False,0.05025581,False,0.052403957,False,supply_temp_c
2024-11-20 05:45:00,0.123349905,False,train,0.21298313,False,0.066619046,False,0.090447575,False,supply_temp_c
2024-11-20 17:45:00,0.10095693,False,train,0.12849452,False,0.045174453,False,0.12920181,False,derived_flow_kg_s
2024-11-21 05:45:00,0.08226024,False,train,0.1274335,False,0.032791134,False,0.086556114,False,supply_temp_c
2024-11-21 17:45:00,0.06798206,False,train,0.115065776,False,0.02731231,False,0.0615681,False,supply_temp_c
2024-11-22 05:45:00,0.058361284,False,train,0.09668728,False,0.02402656,False,0.054370027,False,supply_temp_c
2024-11-22 17:45:00,0.056797102,False,train,0.076943345,False,0.03394031,False,0.059507657,False,supply_temp_c
2024-11-23 05:45:00,0.062654704,False,train,0.084091514,False,0.030444225,False,0.073428385,False,supply_temp_c
2024-11-23 17:45:00,0.06965484,False,train,0.09893882,False,0.03335746,False,0.07666821,False,supply_temp_c
2024-11-24 05:45:00,0.06082501,False,train,0.09410063,False,0.02630481,False,0.062069613,False,supply_temp_c
2024-11-24 17:45:00,0.08887298,False,train,0.14151217,False,0.046994403,False,0.078112334,False,supply_temp_c
2024-11-25 05:45:00,0.10241435,False,train,0.15493518,False,0.05607425,False,0.096233584,False,supply_temp_c
2024-11-25 17:45:00,0.08713831,False,train,0.13375539,False,0.042386945,False,0.0852726,False,supply_temp_c
2024-11-26 05:45:00,0.056703668,False,train,0.07936368,False,0.036564823,False,0.05418251,False,supply_temp_c
2024-11-26 17:45:00,0.065039836,False,train,0.079303406,False,0.0509339,False,0.06488221,False,supply_temp_c
2024-11-27 05:45:00,0.07798889,False,train,0.08579049,False,0.05038981,False,0.09778637,False,derived_flow_kg_s
2024-11-27 17:45:00,0.068117164,False,train,0.06923396,False,0.04082294,False,0.09429457,False,derived_flow_kg_s
2024-11-28 05:45:00,0.06626498,False,train,0.085873604,False,0.03821678,False,0.07470455,False,supply_temp_c
2024-11-28 17:45:00,0.06688227,False,train,0.087027974,False,0.049459923,False,0.06415891,False,supply_temp_c
2024-11-29 05:45:00,0.07963947,False,train,0.11335319,False,0.05679433,False,0.068770885,False,supply_temp_c
2024-11-29 17:45:00,0.103711754,False,train,0.12551443,False,0.06751002,False,0.11811081,False,supply_temp_c
2024-11-30 05:45:00,0.1237503,False,train,0.13372834,False,0.08733932,False,0.15018325,False,derived_flow_kg_s
2024-11-30 17:45:00,0.09779977,False,train,0.099638246,False,0.062925436,False,0.13083564,False,derived_flow_kg_s
2024-12-01 05:45:00,0.071517795,False,train,0.092862405,False,0.039792854,False,0.081898116,False,supply_temp_c
2024-12-01 17:45:00,0.07391696,False,train,0.108508416,False,0.05054176,False,0.06270072,False,supply_temp_c
2024-12-02 05:45:00,0.065378316,False,train,0.08613455,False,0.04250853,False,0.06749187,False,supply_temp_c
2024-12-02 17:45:00,0.10171657,False,train,0.09016686,False,0.07610266,False,0.13888021,False,derived_flow_kg_s
2024-12-03 05:45:00,0.10125266,False,train,0.07645454,False,0.07718105,False,0.15012242,False,derived_flow_kg_s
2024-12-03 17:45:00,0.11057903,False,train,0.07884496,False,0.06758529,False,0.18530686,False,derived_flow_kg_s
2024-12-04 05:45:00,0.11895079,False,train,0.09493805,False,0.06967013,False,0.19224419,False,derived_flow_kg_s
2024-12-04 17:45:00,0.13324416,False,train,0.108708285,False,0.094843246,False,0.1961809,False,derived_flow_kg_s
2024-12-05 05:45:00,0.13713768,False,train,0.0988923,False,0.097632475,False,0.21488826,False,derived_flow_kg_s
2024-12-05 17:45:00,0.8705438,True,train,0.19940181,False,0.12952305,False,2.2827065,True,derived_flow_kg_s
2024-12-06 05:45:00,0.88857776,True,train,0.21364756,False,0.11993972,False,2.332146,True,derived_flow_kg_s
2024-12-06 17:45:00,0.27751303,False,train,0.11508947,False,0.08861619,False,0.6288335,False,derived_flow_kg_s
2024-12-07 05:45:00,0.27991197,False,train,0.10894706,False,0.07381969,False,0.6569692,False,derived_flow_kg_s
2024-12-07 17:45:00,0.14802028,False,train,0.16161673,False,0.088776864,False,0.19366728,False,derived_flow_kg_s
2024-12-08 05:45:00,0.18307513,False,train,0.23171411,False,0.15137175,False,0.16613951,False,supply_temp_c
2024-12-08 17:45:00,0.37224165,False,train,0.2981232,False,0.21939011,False,0.5992115,False,derived_flow_kg_s
2024-12-09 05:45:00,0.36370686,False,train,0.35558262,False,0.15764993,False,0.57788795,False,derived_flow_kg_s
2024-12-09 17:45:00,0.06623364,False,train,0.06935435,False,0.06897748,False,0.060369115,False,supply_temp_c
2024-12-10 05:45:00,0.044440713,False,train,0.04654454,False,0.03326627,False,0.053511348,False,derived_flow_kg_s
2024-12-10 17:45:00,0.060737517,False,train,0.05321232,False,0.059583265,False,0.06941695,False,derived_flow_kg_s
2024-12-11 05:45:00,0.057641275,False,train,0.057842042,False,0.041293375,False,0.07378841,False,derived_flow_kg_s
2024-12-11 17:45:00,0.06701788,False,train,0.07027308,False,0.054514114,False,0.07626646,False,derived_flow_kg_s
2024-12-12 05:45:00,0.07253463,False,train,0.09164262,False,0.040056497,False,0.085904725,False,supply_temp_c
2024-12-12 17:45:00,0.078697406,False,train,0.10045492,False,0.06389834,False,0.07173895,False,supply_temp_c
2024-12-13 05:45:00,0.06569715,False,train,0.07878792,False,0.04056194,False,0.07774157,False,supply_temp_c
2024-12-13 17:45:00,0.13668002,False,train,0.17522363,False,0.09736645,False,0.13744995,False,supply_temp_c
2024-12-14 05:45:00,0.16781366,False,train,0.1639339,False,0.10206526,False,0.23744182,False,derived_flow_kg_s
2024-12-14 17:45:00,0.27190006,False,train,0.2341528,False,0.20088804,False,0.3806593,False,derived_flow_kg_s
2024-12-15 05:45:00,0.2718034,False,train,0.18386923,False,0.16857956,False,0.4629614,False,derived_flow_kg_s
2024-12-15 17:45:00,0.23891442,False,train,0.14018418,False,0.25320557,False,0.3233535,False,derived_flow_kg_s
2024-12-16 05:45:00,0.16868418,False,train,0.12421001,False,0.18062718,False,0.20121539,False,derived_flow_kg_s
2024-12-16 17:45:00,0.16989799,False,train,0.13060313,False,0.20972236,False,0.16936845,False,return_temp_c
2024-12-17 05:45:00,0.13950607,False,train,0.12507834,False,0.13059281,False,0.16284706,False,derived_flow_kg_s
2024-12-17 17:45:00,0.14766045,False,train,0.11987091,False,0.16531497,False,0.15779549,False,return_temp_c
2024-12-18 05:45:00,0.13391304,False,train,0.1186314,False,0.13758083,False,0.1455269,False,derived_flow_kg_s
2024-12-18 17:45:00,0.13248396,False,train,0.12157076,False,0.16753177,False,0.10834932,False,return_temp_c
2024-12-19 05:45:00,0.11165973,False,train,0.105407536,False,0.13131721,False,0.09825444,False,return_temp_c
2024-12-19 17:45:00,0.3560433,False,train,0.22948027,False,0.5534649,False,0.28518477,False,return_temp_c
2024-12-20 05:45:00,0.36852404,False,train,0.22616531,False,0.55465364,True,0.32475325,False,return_temp_c
2024-12-20 17:45:00,0.46290195,False,train,0.2743193,False,0.63121253,True,0.48317412,False,return_temp_c
2024-12-21 05:45:00,0.57793427,True,train,0.36940703,False,0.80441016,True,0.5599858,False,return_temp_c
2024-12-21 17:45:00,0.29935718,False,train,0.20329015,False,0.55354774,False,0.14123367,False,return_temp_c
2024-12-22 05:45:00,0.07554181,False,train,0.08022088,False,0.10860709,False,0.037797462,False,return_temp_c
2024-12-22 17:45:00,0.0678498,False,train,0.085334115,False,0.07712225,False,0.041093037,False,supply_temp_c
2024-12-23 05:45:00,0.07363095,False,train,0.08632066,False,0.10166314,False,0.032909047,False,return_temp_c
2024-12-23 17:45:00,0.085090294,False,train,0.113243915,False,0.100596,False,0.04143098,False,supply_temp_c
2024-12-24 05:45:00,0.06216465,False,train,0.078470185,False,0.07031501,False,0.037708774,False,supply_temp_c
2024-12-24 17:45:00,0.041716263,False,train,0.048030104,False,0.038101763,False,0.03901692,False,supply_temp_c
2024-12-25 05:45:00,0.04030632,False,train,0.04775247,False,0.036330875,False,0.036835607,False,supply_temp_c
2024-12-25 17:45:00,0.030443469,False,train,0.029965004,False,0.031763542,False,0.029601859,False,return_temp_c
2024-12-26 05:45:00,0.033593606,False,train,0.044433907,False,0.027712822,False,0.028634079,False,supply_temp_c
2024-12-26 17:45:00,0.05199433,False,train,0.0761524,False,0.033190582,False,0.04664001,False,supply_temp_c
2024-12-27 05:45:00,0.04943258,False,train,0.05249867,False,0.04623629,False,0.049562793,False,supply_temp_c
2024-12-27 17:45:00,0.04207802,False,train,0.037290994,False,0.048110727,False,0.04083233,False,return_temp_c
2024-12-28 05:45:00,0.036455322,False,train,0.036635432,False,0.032938723,False,0.03979181,False,derived_flow_kg_s
2024-12-28 17:45:00,0.039575625,False,train,0.043255925,False,0.034306835,False,0.041164126,False,supply_temp_c
2024-12-29 05:45:00,0.044912983,False,train,0.059474904,False,0.031860884,False,0.043403175,False,supply_temp_c
2024-12-29 17:45:00,0.05225798,False,train,0.066761516,False,0.04332694,False,0.046685476,False,supply_temp_c
2024-12-30 05:45:00,0.05331152,False,train,0.059460875,False,0.04707326,False,0.053400427,False,supply_temp_c
2024-12-30 17:45:00,0.059204552,False,train,0.06820626,False,0.052268803,False,0.05713862,False,supply_temp_c
2024-12-31 05:45:00,0.05938365,False,train,0.055990946,False,0.06282377,False,0.059336234,False,return_temp_c
2024-12-31 17:45:00,0.056989875,False,train,0.05603264,False,0.060363818,False,0.054573152,False,return_temp_c
2025-01-01 05:45:00,0.049261875,False,train,0.050783377,False,0.04842381,False,0.04857843,False,supply_temp_c
2025-01-01 17:45:00,0.03948883,False,train,0.024708584,False,0.031298894,False,0.062459007,False,derived_flow_kg_s
2025-01-02 05:45:00,0.04655918,False,train,0.03233972,False,0.03898466,False,0.06835316,False,derived_flow_kg_s
2025-01-02 17:45:00,0.064445734,False,train,0.07574263,False,0.056978434,False,0.060616132,False,supply_temp_c
2025-01-03 05:45:00,0.062379375,False,train,0.081567906,False,0.043655574,False,0.061914634,False,supply_temp_c
2025-01-03 17:45:00,0.06520209,False,train,0.07011179,False,0.049012948,False,0.07648151,False,derived_flow_kg_s
2025-01-04 05:45:00,0.058583576,False,train,0.0640511,False,0.041309223,False,0.070390426,False,derived_flow_kg_s
2025-01-04 17:45:00,0.08400538,False,train,0.099316,False,0.06989865,False,0.0828015,False,supply_temp_c
2025-01-05 05:45:00,0.07462507,False,train,0.085630715,False,0.05967319,False,0.078571305,False,supply_temp_c
2025-01-05 17:45:00,0.061412707,False,train,0.0606502,False,0.065912075,False,0.05767585,False,return_temp_c
2025-01-06 05:45:00,0.054811265,False,train,0.07733234,False,0.04375969,False,0.043341767,False,supply_temp_c
2025-01-06 17:45:00,0.04806088,False,train,0.06429849,False,0.035430573,False,0.044453576,False,supply_temp_c
2025-01-07 05:45:00,0.052484002,False,train,0.058280796,False,0.037428815,False,0.06174238,False,derived_flow_kg_s
2025-01-07 17:45:00,0.06709781,False,train,0.075956,False,0.054353178,False,0.07098427,False,supply_temp_c
2025-01-08 05:45:00,0.07266925,False,train,0.08892635,False,0.054778967,False,0.07430241,False,supply_temp_c
2025-01-08 17:45:00,0.10900739,False,train,0.12833418,False,0.10614703,False,0.09254097,False,supply_temp_c
2025-01-09 05:45:00,0.09714031,False,train,0.119128965,False,0.11325976,False,0.0590322,False,supply_temp_c
2025-01-09 17:45:00,0.042886727,False,train,0.057075113,False,0.03931313,False,0.03227194,False,supply_temp_c
2025-01-10 05:45:00,0.048243057,False,train,0.07991936,False,0.034174446,False,0.030635372,False,supply_temp_c
2025-01-10 17:45:00,0.09145697,False,train,0.17176513,False,0.065297306,False,0.03730847,False,supply_temp_c
2025-01-11 05:45:00,0.084490605,False,train,0.1353092,False,0.05545372,False,0.06270889,False,supply_temp_c
2025-01-11 17:45:00,0.11375831,False,train,0.13602602,False,0.0942412,False,0.11100768,False,supply_temp_c
2025-01-12 05:45:00,0.10077506,False,train,0.1351354,False,0.08395087,False,0.08323897,False,supply_temp_c
2025-01-12 17:45:00,0.061926644,False,train,0.0903737,False,0.057902064,False,0.03750416,False,supply_temp_c
2025-01-13 05:45:00,0.08019844,False,train,0.102371685,False,0.07035714,False,0.0678665,False,supply_temp_c
2025-01-13 17:45:00,0.07888742,False,train,0.089194395,False,0.07548773,False,0.07198014,False,supply_temp_c
2025-01-14 05:45:00,0.060108475,False,train,0.06662961,False,0.05543533,False,0.0582605,False,supply_temp_c
2025-01-14 17:45:00,0.059622467,False,train,0.06717578,False,0.056302827,False,0.05538879,False,supply_temp_c
2025-01-15 05:45:00,0.05263795,False,train,0.07029957,False,0.048631113,False,0.038983155,False,supply_temp_c
2025-01-15 17:45:00,0.045982137,False,train,0.06904486,False,0.030647045,False,0.038254492,False,supply_temp_c
2025-01-16 05:45:00,0.06706177,False,train,0.09502212,False,0.05330652,False,0.052856665,False,supply_temp_c
2025-01-16 17:45:00,0.15547898,False,train,0.13208723,False,0.107006334,False,0.2273434,False,derived_flow_kg_s
2025-01-17 05:45:00,0.12444132,False,train,0.08008319,False,0.08588483,False,0.20735596,False,derived_flow_kg_s
2025-01-17 17:45:00,0.07876721,False,train,0.11088828,False,0.066810854,False,0.058602512,False,supply_temp_c
2025-01-18 05:45:00,0.100204855,False,train,0.1298979,False,0.087005414,False,0.08371123,False,supply_temp_c
2025-01-18 17:45:00,0.11860633,False,train,0.11589018,False,0.10226069,False,0.13766812,False,derived_flow_kg_s
2025-01-19 05:45:00,0.103837036,False,train,0.102846004,False,0.073846154,False,0.13481897,False,derived_flow_kg_s
2025-01-19 17:45:00,0.10334809,False,train,0.12945198,False,0.09884295,False,0.08174937,False,supply_temp_c
2025-01-20 05:45:00,0.08724741,False,train,0.11591794,False,0.085652895,False,0.060171384,False,supply_temp_c
2025-01-20 17:45:00,0.032188892,False,train,0.03772401,False,0.031635825,False,0.02720684,False,supply_temp_c
2025-01-21 05:45:00,0.0399976,False,train,0.041036386,False,0.03916816,False,0.03978827,False,supply_temp_c
2025-01-21 17:45:00,0.046974897,False,train,0.06157641,False,0.037313025,False,0.042035256,False,supply_temp_c
2025-01-22 05:45:00,0.04615526,False,train,0.08295385,False,0.025012754,False,0.03049918,False,supply_temp_c
2025-01-22 17:45:00,0.03644042,False,train,0.06361041,False,0.022798195,False,0.022912651,False,supply_temp_c
2025-01-23 05:45:00,0.0329861,False,train,0.055352822,False,0.022447085,False,0.021158403,False,supply_temp_c
2025-01-23 17:45:00,0.0649204,False,train,0.07263047,False,0.09068808,False,0.031442646,False,return_temp_c
2025-01-24 05:45:00,0.06418692,False,train,0.07001648,False,0.09140796,False,0.031136325,False,return_temp_c
2025-01-24 17:45:00,0.07410887,False,train,0.11743942,False,0.045785543,False,0.05910166,False,supply_temp_c
2025-01-25 05:45:00,0.074419335,False,train,0.10102382,False,0.06715286,False,0.05508132,False,supply_temp_c
2025-01-25 17:45:00,0.057299767,False,train,0.09133894,False,0.049817327,False,0.030743027,False,supply_temp_c
2025-01-26 05:45:00,0.042834397,False,train,0.063994884,False,0.026097372,False,0.038410924,False,supply_temp_c
2025-01-26 17:45:00,0.033004224,False,train,0.04946996,False,0.01429242,False,0.035250302,False,supply_temp_c
2025-01-27 05:45:00,0.043280732,False,train,0.074455895,False,0.016373683,False,0.039012626,False,supply_temp_c
2025-01-27 17:45:00,0.076662585,False,train,0.12244769,False,0.05546542,False,0.05207464,False,supply_temp_c
2025-01-28 05:45:00,0.06379851,False,train,0.09326895,False,0.056717977,False,0.041408595,False,supply_temp_c
2025-01-28 17:45:00,0.03410881,False,train,0.06520861,False,0.020747997,False,0.016369829,False,supply_temp_c
2025-01-29 05:45:00,0.03107057,False,train,0.05785429,False,0.019386968,False,0.015970463,False,supply_temp_c
2025-01-29 17:45:00,0.049899254,False,train,0.07991309,False,0.036287155,False,0.03349754,False,supply_temp_c
2025-01-30 05:45:00,0.058259334,False,train,0.08959204,False,0.036793854,False,0.048392106,False,supply_temp_c
2025-01-30 17:45:00,0.043505624,False,train,0.07822683,False,0.020406792,False,0.03188325,False,supply_temp_c
2025-01-31 05:45:00,0.046728685,False,train,0.07632507,False,0.028046489,False,0.035814498,False,supply_temp_c
2025-01-31 17:45:00,0.08529567,False,train,0.13951647,False,0.05499525,False,0.06137526,False,supply_temp_c
2025-02-01 05:45:00,0.08810511,False,train,0.11089239,False,0.11344028,False,0.03998265,False,return_temp_c
2025-02-01 17:45:00,0.08896676,False,train,0.09418735,False,0.14410318,False,0.028609725,False,return_temp_c
2025-02-02 05:45:00,0.068271734,False,train,0.10263424,False,0.07444975,False,0.027731208,False,supply_temp_c
2025-02-02 17:45:00,0.031196658,False,train,0.05727428,False,0.023654843,False,0.012660853,False,supply_temp_c
2025-02-03 05:45:00,0.03373177,False,train,0.05994055,False,0.020393398,False,0.020861357,False,supply_temp_c
2025-02-03 17:45:00,0.036933053,False,train,0.06440179,False,0.020759808,False,0.025637561,False,supply_temp_c
2025-02-04 05:45:00,0.035738926,False,train,0.06451702,False,0.023208523,False,0.019491233,False,supply_temp_c
2025-02-04 17:45:00,0.035490796,False,train,0.05467476,False,0.031282734,False,0.020514881,False,supply_temp_c
2025-02-05 05:45:00,0.034346517,False,train,0.045778975,False,0.036577288,False,0.020683292,False,supply_temp_c
2025-02-05 17:45:00,0.036473528,False,train,0.056755226,False,0.033420727,False,0.019244641,False,supply_temp_c
2025-02-06 05:45:00,0.041202947,False,train,0.07399177,False,0.02855887,False,0.021058187,False,supply_temp_c
2025-02-06 17:45:00,0.032722678,False,train,0.05935428,False,0.01654989,False,0.022263864,False,supply_temp_c
2025-02-07 05:45:00,0.02621355,False,train,0.042315856,False,0.016865095,False,0.019459698,False,supply_temp_c
2025-02-07 17:45:00,0.049717505,False,train,0.06813965,False,0.04029542,False,0.040717456,False,supply_temp_c
2025-02-08 05:45:00,0.062948585,False,train,0.06299233,False,0.06848447,False,0.05736895,False,return_temp_c
2025-02-08 17:45:00,0.06024422,False,train,0.06742371,False,0.06388639,False,0.049422577,False,supply_temp_c
2025-02-09 05:45:00,0.053393304,False,train,0.0709554,False,0.059868574,False,0.02935593,False,supply_temp_c
2025-02-09 17:45:00,0.040978596,False,train,0.05766863,False,0.042820618,False,0.022446534,False,supply_temp_c
2025-02-10 05:45:00,0.03617684,False,train,0.066190235,False,0.022115843,False,0.02022445,False,supply_temp_c
2025-02-13 17:45:00,0.055869922,False,train,0.0855554,False,0.0483741,False,0.033680253,False,supply_temp_c
2025-02-14 05:45:00,0.054717727,False,train,0.08127368,False,0.051528733,False,0.03135077,False,supply_temp_c
2025-02-14 17:45:00,0.044504244,False,train,0.054790914,False,0.04398769,False,0.03473413,False,supply_temp_c
2025-02-15 05:45:00,0.044237282,False,train,0.05628327,False,0.038992044,False,0.03743654,False,supply_temp_c
2025-02-15 17:45:00,0.04635072,False,train,0.061024565,False,0.03967486,False,0.038352728,False,supply_temp_c
2025-02-16 05:45:00,0.04444313,False,train,0.051864505,False,0.04861453,False,0.032850344,False,supply_temp_c
2025-02-16 17:45:00,0.04265456,False,train,0.06416834,False,0.0454608,False,0.018334534,False,supply_temp_c
2025-02-17 05:45:00,0.031743083,False,train,0.05125934,False,0.028089106,False,0.015880806,False,supply_temp_c
2025-02-17 17:45:00,0.033034854,False,train,0.054262612,False,0.026036022,False,0.018805936,False,supply_temp_c
2025-02-18 05:45:00,0.03201334,False,train,0.050941695,False,0.025778653,False,0.019319685,False,supply_temp_c
2025-02-18 17:45:00,0.03018307,False,train,0.053246904,False,0.02337727,False,0.013925028,False,supply_temp_c
2025-02-19 05:45:00,0.02746735,False,train,0.05204837,False,0.014461664,False,0.01589201,False,supply_temp_c
2025-02-19 17:45:00,0.029252695,False,train,0.057526637,False,0.01386604,False,0.016365401,False,supply_temp_c
2025-02-20 05:45:00,0.04552218,False,train,0.056585055,False,0.040660013,False,0.03932146,False,supply_temp_c
2025-02-20 17:45:00,0.06942497,False,train,0.082080774,False,0.051052883,False,0.07514125,False,supply_temp_c
2025-02-21 05:45:00,0.045871258,False,train,0.047209054,False,0.029119352,False,0.061285365,False,derived_flow_kg_s
2025-02-21 17:45:00,0.032418698,False,train,0.021873733,False,0.027145863,False,0.048236508,False,derived_flow_kg_s
2025-02-22 05:45:00,0.029762289,False,train,0.031510796,False,0.026365327,False,0.031410735,False,supply_temp_c
2025-02-22 17:45:00,0.034016035,False,train,0.038433466,False,0.030321287,False,0.03329335,False,supply_temp_c
2025-02-23 05:45:00,0.03955052,False,train,0.020654736,False,0.062211916,False,0.035784908,False,return_temp_c
2025-02-23 17:45:00,0.036593683,False,train,0.026686614,False,0.059384126,False,0.023710309,False,return_temp_c
2025-02-24 05:45:00,0.031449188,False,train,0.023664938,False,0.048529554,False,0.022153066,False,return_temp_c
2025-02-24 17:45:00,0.037668917,False,train,0.034303505,False,0.0453819,False,0.033321343,False,return_temp_c
2025-02-25 05:45:00,0.043813817,False,train,0.04274838,False,0.04444486,False,0.04424822,False,return_temp_c
2025-02-25 17:45:00,0.06270048,False,train,0.051744465,False,0.055174828,False,0.08118216,False,derived_flow_kg_s
2025-02-26 05:45:00,0.05098434,False,train,0.033750147,False,0.04894811,False,0.07025477,False,derived_flow_kg_s
2025-02-26 17:45:00,0.05922691,False,train,0.045533106,False,0.07844079,False,0.05370686,False,return_temp_c
2025-02-27 05:45:00,0.054832365,False,train,0.048532475,False,0.05478506,False,0.061179567,False,derived_flow_kg_s
2025-02-27 17:45:00,0.05768531,False,train,0.0486196,False,0.06062588,False,0.06381045,False,derived_flow_kg_s
2025-02-28 05:45:00,0.10029813,False,train,0.10327697,False,0.10213541,False,0.09548199,False,supply_temp_c
2025-02-28 17:45:00,0.119957566,False,train,0.1368636,False,0.10379449,False,0.119214594,False,supply_temp_c
2025-03-01 05:45:00,0.09502241,False,train,0.112829685,False,0.077480905,False,0.094756626,False,supply_temp_c
2025-03-01 17:45:00,0.080644466,False,train,0.055038285,False,0.078153096,False,0.108742006,False,derived_flow_kg_s
2025-03-02 05:45:00,0.06025041,False,train,0.043669194,False,0.053688794,False,0.08339324,False,derived_flow_kg_s
2025-03-02 17:45:00,0.07527787,False,train,0.07045162,False,0.0748929,False,0.080489114,False,derived_flow_kg_s
2025-03-03 05:45:00,0.06761679,False,train,0.059709266,False,0.061894212,False,0.08124688,False,derived_flow_kg_s
2025-03-03 17:45:00,0.088029265,False,train,0.08958817,False,0.069964,False,0.10453562,False,derived_flow_kg_s
2025-03-04 05:45:00,0.18192136,False,train,0.13745588,False,0.2626382,False,0.14566998,False,return_temp_c
2025-03-04 17:45:00,0.18273441,False,train,0.13115075,False,0.28472298,False,0.13232952,False,return_temp_c
2025-03-05 05:45:00,0.09659359,False,train,0.06825311,False,0.1075581,False,0.11396956,False,derived_flow_kg_s
2025-03-05 17:45:00,0.07190886,False,train,0.045305897,False,0.07769639,False,0.09272429,False,derived_flow_kg_s
2025-03-06 05:45:00,0.29491317,False,train,0.099130414,False,0.6913007,True,0.09430841,False,return_temp_c
2025-03-06 17:45:00,0.31820875,False,train,0.14118911,False,0.7305603,True,0.08287688,False,return_temp_c
2025-03-07 05:45:00,0.106005594,False,train,0.09788657,False,0.13316248,False,0.08696774,False,return_temp_c
2025-03-07 17:45:00,0.09221225,False,train,0.062685065,False,0.06041025,False,0.15354145,False,derived_flow_kg_s
2025-03-08 05:45:00,0.093857445,False,train,0.06986261,False,0.053238213,False,0.15847152,False,derived_flow_kg_s
2025-03-08 17:45:00,0.06878379,False,train,0.060751274,False,0.046429724,False,0.09917035,False,derived_flow_kg_s
2025-03-09 05:45:00,0.056336105,False,train,0.059569564,False,0.024865659,False,0.08457308,False,derived_flow_kg_s
2025-03-09 17:45:00,0.08441417,False,train,0.07557703,False,0.055428464,False,0.122237034,False,derived_flow_kg_s
2025-03-10 05:45:00,0.08614907,False,train,0.07482364,False,0.0690884,False,0.11453518,False,derived_flow_kg_s
2025-03-10 17:45:00,0.071441546,False,train,0.07297813,False,0.06407257,False,0.07727396,False,derived_flow_kg_s
2025-03-11 05:45:00,0.06397029,False,train,0.06649236,False,0.06078228,False,0.06463623,False,supply_temp_c
2025-03-11 17:45:00,0.13033968,False,train,0.08758503,False,0.19394004,False,0.10949397,False,return_temp_c
2025-03-12 05:45:00,0.25483906,False,train,0.15630756,False,0.4325361,False,0.17567343,False,return_temp_c
2025-03-12 17:45:00,0.2187742,False,train,0.16533583,False,0.3225427,False,0.16844404,False,return_temp_c
2025-03-13 05:45:00,0.18259114,False,train,0.1312255,False,0.29341635,False,0.12313158,False,return_temp_c
2025-03-13 17:45:00,0.14706546,False,train,0.123244315,False,0.1944338,False,0.12351829,False,return_temp_c
2025-03-14 05:45:00,0.24491781,False,train,0.18919079,False,0.4372175,False,0.1083451,False,return_temp_c
2025-03-14 17:45:00,0.2830799,False,train,0.20562096,False,0.5701646,True,0.07345414,False,return_temp_c
2025-03-15 05:45:00,0.1314432,False,train,0.11332769,False,0.2135066,False,0.067495316,False,return_temp_c
2025-03-15 17:45:00,0.14449829,False,train,0.09272074,False,0.18794347,False,0.15283063,False,return_temp_c
2025-03-16 05:45:00,0.14596449,False,train,0.10253775,False,0.16784255,False,0.16751319,False,return_temp_c
2025-03-16 17:45:00,0.50192505,False,train,0.6186443,True,0.5442619,False,0.34286892,False,supply_temp_c
2025-03-17 05:45:00,0.50818914,True,train,0.63086313,True,0.55595404,True,0.33775032,False,supply_temp_c
2025-03-17 17:45:00,0.08956386,False,train,0.087471016,False,0.06890032,False,0.112320274,False,derived_flow_kg_s
2025-03-18 05:45:00,0.092763916,False,train,0.07039266,False,0.090811305,False,0.11708779,False,derived_flow_kg_s
2025-03-18 17:45:00,0.085947275,False,train,0.05243786,False,0.06396399,False,0.14143999,False,derived_flow_kg_s
2025-03-19 05:45:00,0.05872059,False,train,0.044642527,False,0.03592389,False,0.09559535,False,derived_flow_kg_s
2025-03-19 17:45:00,0.17621832,False,train,0.15359874,False,0.2605764,False,0.11447983,False,return_temp_c
2025-03-20 05:45:00,0.17778602,False,train,0.15547712,False,0.2741697,False,0.10371122,False,return_temp_c
2025-03-20 17:45:00,0.061200745,False,train,0.030873826,False,0.05646449,False,0.09626392,False,derived_flow_kg_s
2025-03-21 05:45:00,0.05643567,False,train,0.03986494,False,0.043265413,False,0.08617664,False,derived_flow_kg_s
2025-03-21 17:45:00,0.053032562,False,train,0.056509677,False,0.027925149,False,0.07466286,False,derived_flow_kg_s
2025-03-22 05:45:00,0.083277196,False,train,0.064366214,False,0.06699193,False,0.11847346,False,derived_flow_kg_s
2025-03-22 17:45:00,0.08898763,False,train,0.06273685,False,0.09134895,False,0.11287711,False,derived_flow_kg_s
2025-03-23 05:45:00,0.07066927,False,train,0.06542098,False,0.06702632,False,0.07956051,False,derived_flow_kg_s
2025-03-23 17:45:00,0.07386348,False,train,0.07766296,False,0.049250033,False,0.09467744,False,derived_flow_kg_s
2025-03-24 05:45:00,0.061426513,False,train,0.06882742,False,0.031938206,False,0.08351394,False,derived_flow_kg_s
2025-03-24 17:45:00,0.06199256,False,train,0.057967186,False,0.042185407,False,0.08582509,False,derived_flow_kg_s
2025-03-25 05:45:00,0.07421063,False,test,0.07751877,False,0.059778746,False,0.08533437,False,derived_flow_kg_s
2025-03-25 17:45:00,0.07559911,False,test,0.07796467,False,0.064846046,False,0.08398662,False,derived_flow_kg_s
2025-03-26 05:45:00,0.06624836,False,test,0.06608483,False,0.05411717,False,0.07854308,False,derived_flow_kg_s
2025-03-26 17:45:00,0.061403617,False,test,0.048318416,False,0.057930905,False,0.07796153,False,derived_flow_kg_s
2025-03-27 05:45:00,0.06584427,False,test,0.049981147,False,0.058741536,False,0.08881012,False,derived_flow_kg_s
2025-03-27 17:45:00,0.07728818,False,test,0.05813429,False,0.06529724,False,0.10843301,False,derived_flow_kg_s
2025-03-28 05:45:00,0.0688141,False,test,0.05346687,False,0.046166483,False,0.10680895,False,derived_flow_kg_s
2025-03-28 17:45:00,0.053428352,False,test,0.03610642,False,0.033844873,False,0.09033376,False,derived_flow_kg_s
2025-03-29 05:45:00,0.06743881,False,test,0.050041717,False,0.034998167,False,0.11727657,False,derived_flow_kg_s
2025-03-29 17:45:00,0.07619725,False,test,0.05739656,False,0.05503838,False,0.11615681,False,derived_flow_kg_s
2025-03-30 05:45:00,0.06457804,False,test,0.044872597,False,0.062016208,False,0.08684534,False,derived_flow_kg_s
2025-03-30 17:45:00,0.06812087,False,test,0.052375976,False,0.050015226,False,0.101971395,False,derived_flow_kg_s
2025-03-31 05:45:00,0.066661745,False,test,0.05774096,False,0.04219011,False,0.100054145,False,derived_flow_kg_s
2025-03-31 17:45:00,0.05723421,False,test,0.052004363,False,0.057370376,False,0.062327888,False,derived_flow_kg_s
2025-04-01 05:45:00,0.054981947,False,test,0.055014122,False,0.055133816,False,0.054797918,False,return_temp_c
2025-04-01 17:45:00,0.06387196,False,test,0.051426325,False,0.05416107,False,0.086028494,False,derived_flow_kg_s
2025-04-02 05:45:00,0.25109327,False,test,0.13328548,False,0.17097317,False,0.4490212,False,derived_flow_kg_s
2025-04-02 17:45:00,0.2486201,False,test,0.14072973,False,0.16483842,False,0.4402921,False,derived_flow_kg_s
2025-04-03 05:45:00,0.062152497,False,test,0.055244442,False,0.055565193,False,0.07564785,False,derived_flow_kg_s
2025-04-03 17:45:00,0.04340903,False,test,0.0396819,False,0.04057742,False,0.04996777,False,derived_flow_kg_s
2025-04-04 05:45:00,0.040901348,False,test,0.042380538,False,0.02992776,False,0.050395753,False,derived_flow_kg_s
2025-04-04 17:45:00,0.048186533,False,test,0.031510085,False,0.051752225,False,0.061297297,False,derived_flow_kg_s
2025-04-05 05:45:00,0.053946152,False,test,0.034245614,False,0.04863375,False,0.07895911,False,derived_flow_kg_s
2025-04-05 17:45:00,0.044352904,False,test,0.035898164,False,0.028641542,False,0.068519,False,derived_flow_kg_s
2025-04-06 05:45:00,0.045890708,False,test,0.04355282,False,0.029686967,False,0.06443234,False,derived_flow_kg_s
2025-04-06 17:45:00,0.0366194,False,test,0.042181317,False,0.036035303,False,0.031641576,False,supply_temp_c
2025-04-07 05:45:00,0.03075945,False,test,0.029301241,False,0.039797846,False,0.02317927,False,return_temp_c
2025-04-07 17:45:00,0.034993675,False,test,0.037556645,False,0.0367599,False,0.030664476,False,supply_temp_c
2025-04-08 05:45:00,0.04019069,False,test,0.055715222,False,0.03396492,False,0.030891938,False,supply_temp_c
2025-04-08 17:45:00,0.03211167,False,test,0.032475922,False,0.03994091,False,0.023918184,False,return_temp_c
2025-04-09 05:45:00,0.034606416,False,test,0.035532232,False,0.04530314,False,0.022983884,False,return_temp_c
2025-04-09 17:45:00,0.04009749,False,test,0.0418959,False,0.032419365,False,0.045977216,False,derived_flow_kg_s
2025-04-10 05:45:00,0.03785434,False,test,0.037679683,False,0.035199195,False,0.040684145,False,derived_flow_kg_s
2025-04-10 17:45:00,0.030037139,False,test,0.032912973,False,0.030416152,False,0.026782287,False,supply_temp_c
2025-04-11 05:45:00,0.028550493,False,test,0.0301856,False,0.03295541,False,0.02251046,False,return_temp_c
2025-04-11 17:45:00,0.031156799,False,test,0.030480826,False,0.029835239,False,0.03315433,False,derived_flow_kg_s
2025-04-12 05:45:00,0.04100098,False,test,0.054958478,False,0.029967899,False,0.038076565,False,supply_temp_c
2025-04-12 17:45:00,0.043198522,False,test,0.06260779,False,0.031069754,False,0.03591803,False,supply_temp_c
2025-04-13 05:45:00,0.034674205,False,test,0.047974795,False,0.027804097,False,0.028243706,False,supply_temp_c
2025-04-13 17:45:00,0.03403155,False,test,0.048369367,False,0.026060686,False,0.027664587,False,supply_temp_c
2025-04-14 05:45:00,0.035999317,False,test,0.05463331,False,0.02445698,False,0.028907666,False,supply_temp_c
2025-04-14 17:45:00,0.03464797,False,test,0.041239783,False,0.027784636,False,0.034919497,False,supply_temp_c
2025-04-15 05:45:00,0.03532019,False,test,0.047681946,False,0.025621526,False,0.032657087,False,supply_temp_c
2025-04-15 17:45:00,0.040653083,False,test,0.040910546,False,0.031450856,False,0.049597844,False,derived_flow_kg_s
2025-04-16 05:45:00,0.042696442,False,test,0.03955843,False,0.030118233,False,0.05841266,False,derived_flow_kg_s
2025-04-16 17:45:00,0.05095139,False,test,0.06495875,False,0.033370923,False,0.05452451,False,supply_temp_c
2025-04-17 05:45:00,0.044793837,False,test,0.05732292,False,0.032867506,False,0.04419109,False,supply_temp_c
2025-04-17 17:45:00,0.05422634,False,test,0.0644063,False,0.036283623,False,0.061989084,False,supply_temp_c
2025-04-18 05:45:00,0.054912988,False,test,0.07072223,False,0.035637166,False,0.05837955,False,supply_temp_c
2025-04-18 17:45:00,0.0660614,False,test,0.07213187,False,0.050789714,False,0.07526263,False,derived_flow_kg_s
2025-04-19 05:45:00,0.08114616,False,test,0.089684665,False,0.04690862,False,0.10684521,False,derived_flow_kg_s
2025-04-19 17:45:00,0.054899573,False,test,0.04945871,False,0.03508625,False,0.08015377,False,derived_flow_kg_s
2025-04-20 05:45:00,0.03542029,False,test,0.031215183,False,0.032075107,False,0.042970583,False,derived_flow_kg_s
2025-04-20 17:45:00,0.04263904,False,test,0.042944685,False,0.037989534,False,0.046982903,False,derived_flow_kg_s
2025-04-21 05:45:00,0.04513236,False,test,0.049219955,False,0.038582474,False,0.047594666,False,supply_temp_c
2025-04-21 17:45:00,0.025523014,False,test,0.03558818,False,0.019196054,False,0.021784805,False,supply_temp_c
2025-04-22 05:45:00,0.020864941,False,test,0.022410363,False,0.02127906,False,0.018905403,False,supply_temp_c
2025-04-22 17:45:00,0.030007299,False,test,0.029875683,False,0.025901737,False,0.034244478,False,derived_flow_kg_s
2025-04-23 05:45:00,0.03096076,False,test,0.03215513,False,0.02537748,False,0.03534966,False,derived_flow_kg_s
2025-04-23 17:45:00,0.027101627,False,test,0.030403823,False,0.024354964,False,0.026546089,False,supply_temp_c
2025-04-24 05:45:00,0.027448926,False,test,0.035400227,False,0.023027487,False,0.023919063,False,supply_temp_c
2025-04-24 17:45:00,0.033448998,False,test,0.050451215,False,0.02249399,False,0.02740179,False,supply_temp_c
2025-04-25 05:45:00,0.038658973,False,test,0.06481241,False,0.020503549,False,0.030660965,False,supply_temp_c
2025-04-25 17:45:00,0.030490793,False,test,0.038963173,False,0.019462224,False,0.033046987,False,supply_temp_c
2025-04-26 05:45:00,0.03997973,False,test,0.060822498,False,0.026412712,False,0.032703977,False,supply_temp_c
2025-04-26 17:45:00,0.047289714,False,test,0.065203145,False,0.035029907,False,0.0416361,False,supply_temp_c
2025-04-27 05:45:00,0.052302007,False,test,0.07903724,False,0.040374488,False,0.037494283,False,supply_temp_c
2025-04-29 05:45:00,0.032992292,False,test,0.045706585,False,0.02555302,False,0.027717268,False,supply_temp_c
2025-04-29 17:45:00,0.050574508,False,test,0.037722554,False,0.07377002,False,0.040230963,False,return_temp_c
2025-04-30 05:45:00,0.04940512,False,test,0.033059727,False,0.076187305,False,0.03896833,False,return_temp_c
2025-04-30 17:45:00,0.023921248,False,test,0.029187404,False,0.024221981,False,0.01835436,False,supply_temp_c
2025-05-01 05:45:00,0.033365756,False,test,0.04799123,False,0.03394698,False,0.01815905,False,supply_temp_c
2025-05-01 17:45:00,0.034403987,False,test,0.04684751,False,0.028802732,False,0.027561717,False,supply_temp_c
2025-05-02 05:45:00,0.036378216,False,test,0.051580403,False,0.028983511,False,0.028570728,False,supply_temp_c
2025-05-02 17:45:00,0.034239307,False,test,0.045679007,False,0.031155596,False,0.025883311,False,supply_temp_c
2025-05-03 05:45:00,0.024993217,False,test,0.030702231,False,0.026506701,False,0.017770713,False,supply_temp_c
2025-05-03 17:45:00,0.03138231,False,test,0.032212883,False,0.03133573,False,0.03059832,False,supply_temp_c
2025-05-04 05:45:00,0.040326566,False,test,0.048532102,False,0.032445185,False,0.040002417,False,supply_temp_c
2025-05-04 17:45:00,0.037488326,False,test,0.0475219,False,0.02583015,False,0.039112933,False,supply_temp_c
2025-05-05 05:45:00,0.032195013,False,test,0.04420994,False,0.022414511,False,0.0299606,False,supply_temp_c
2025-05-05 17:45:00,0.036676973,False,test,0.051161785,False,0.02447839,False,0.034390736,False,supply_temp_c
2025-05-06 05:45:00,0.039206162,False,test,0.05113243,False,0.029758051,False,0.036728006,False,supply_temp_c
2025-05-06 17:45:00,0.04614891,False,test,0.051785886,False,0.0328796,False,0.053781256,False,derived_flow_kg_s
2025-05-07 05:45:00,0.050627895,False,test,0.056938063,False,0.03485922,False,0.06008639,False,derived_flow_kg_s
2025-05-07 17:45:00,0.04933982,False,test,0.05305483,False,0.05061318,False,0.044351444,False,supply_temp_c
2025-05-08 05:45:00,0.041604415,False,test,0.040408146,False,0.049134236,False,0.03527086,False,return_temp_c
2025-05-08 17:45:00,0.047860734,False,test,0.05780777,False,0.035216242,False,0.05055819,False,supply_temp_c
2025-05-09 05:45:00,0.062845364,False,test,0.08120882,False,0.037537232,False,0.069790035,False,supply_temp_c
2025-05-09 17:45:00,0.09209081,False,test,0.111571066,False,0.08771635,False,0.076984994,False,supply_temp_c
2025-05-10 05:45:00,0.09407616,False,test,0.11192902,False,0.087737985,False,0.08256144,False,supply_temp_c
2025-05-10 17:45:00,0.07154584,False,test,0.091329135,False,0.039995033,False,0.08331335,False,supply_temp_c
2025-05-11 05:45:00,0.09731915,False,test,0.12167934,False,0.06052472,False,0.10975337,False,supply_temp_c
2025-05-11 17:45:00,0.08878179,False,test,0.09956954,False,0.054116663,False,0.11265915,False,derived_flow_kg_s
2025-05-12 05:45:00,0.064108804,False,test,0.0661193,False,0.036427118,False,0.08978,False,derived_flow_kg_s
2025-05-12 17:45:00,0.06196287,False,test,0.06840847,False,0.038169634,False,0.07931051,False,derived_flow_kg_s
2025-05-13 05:45:00,0.052456893,False,test,0.06309197,False,0.03377664,False,0.060502063,False,supply_temp_c
2025-05-13 17:45:00,0.062604085,False,test,0.07195846,False,0.037601925,False,0.07825186,False,derived_flow_kg_s
2025-05-14 05:45:00,0.07469785,False,test,0.0909838,False,0.038784433,False,0.09432533,False,derived_flow_kg_s
2025-05-14 17:45:00,0.07244402,False,test,0.09308652,False,0.036580645,False,0.087664895,False,supply_temp_c
2025-05-15 05:45:00,0.06883082,False,test,0.09801796,False,0.037901167,False,0.07057335,False,supply_temp_c
2025-05-15 17:45:00,0.06560424,False,test,0.10138989,False,0.026756587,False,0.06866624,False,supply_temp_c
2025-05-16 05:45:00,0.06539522,False,test,0.09964767,False,0.02958168,False,0.06695633,False,supply_temp_c
2025-05-16 17:45:00,0.058937185,False,test,0.08817894,False,0.026198134,False,0.0624345,False,supply_temp_c
2025-05-17 05:45:00,0.05468713,False,test,0.08691361,False,0.026196355,False,0.05095144,False,supply_temp_c
2025-05-17 17:45:00,0.061827235,False,test,0.10056257,False,0.025882436,False,0.059036717,False,supply_temp_c
2025-05-18 05:45:00,0.07986954,False,test,0.1338879,False,0.02628138,False,0.07943935,False,supply_temp_c
2025-05-18 17:45:00,0.07914603,False,test,0.122891575,False,0.034932416,False,0.079614125,False,supply_temp_c
2025-05-19 05:45:00,0.06589424,False,test,0.09785629,False,0.03370701,False,0.0661194,False,supply_temp_c
2025-05-19 17:45:00,0.0541266,False,test,0.09185928,False,0.024827398,False,0.04569313,False,supply_temp_c
2025-05-20 05:45:00,0.044126883,False,test,0.07668798,False,0.020008815,False,0.035683844,False,supply_temp_c
2025-05-20 17:45:00,0.043125566,False,test,0.08083414,False,0.022397198,False,0.026145361,False,supply_temp_c
2025-05-21 05:45:00,0.03980028,False,test,0.07668785,False,0.02127616,False,0.02143684,False,supply_temp_c
2025-05-21 17:45:00,0.034790017,False,test,0.05849436,False,0.018446753,False,0.027428932,False,supply_temp_c
2025-05-22 05:45:00,0.062568344,False,test,0.10171848,False,0.041965272,False,0.044021297,False,supply_temp_c
2025-05-22 17:45:00,0.061271027,False,test,0.098061115,False,0.043137763,False,0.042614203,False,supply_temp_c
2025-05-23 05:45:00,0.047797415,False,test,0.085060365,False,0.024796657,False,0.033535205,False,supply_temp_c
2025-05-23 17:45:00,0.050058097,False,test,0.0797001,False,0.026468577,False,0.044005614,False,supply_temp_c
2025-05-24 05:45:00,0.04644917,False,test,0.0810199,False,0.02393409,False,0.03439351,False,supply_temp_c
2025-05-24 17:45:00,0.0517618,False,test,0.09321255,False,0.026434952,False,0.035637897,False,supply_temp_c
2025-05-25 05:45:00,0.053082753,False,test,0.10384486,False,0.02214738,False,0.033256028,False,supply_temp_c
2025-05-25 17:45:00,0.06870017,False,test,0.13189913,False,0.02551979,False,0.048681606,False,supply_temp_c
2025-05-26 05:45:00,0.06933452,False,test,0.13475582,False,0.02538336,False,0.04786439,False,supply_temp_c
2025-05-26 17:45:00,0.06618558,False,test,0.124780975,False,0.024161788,False,0.049613982,False,supply_temp_c
2025-05-27 05:45:00,0.0590575,False,test,0.107485205,False,0.028544715,False,0.041142568,False,supply_temp_c
2025-05-27 17:45:00,0.052462835,False,test,0.08849432,False,0.030281408,False,0.038612783,False,supply_temp_c
2025-05-28 05:45:00,0.050377734,False,test,0.081481494,False,0.029320454,False,0.04033125,False,supply_temp_c
2025-05-28 17:45:00,0.06602356,False,test,0.11048532,False,0.037526175,False,0.050059155,False,supply_temp_c
2025-05-29 05:45:00,0.044655733,False,test,0.07427507,False,0.027769009,False,0.03192313,False,supply_temp_c
2025-05-29 17:45:00,0.04355973,False,test,0.038551625,False,0.06966238,False,0.022465184,False,return_temp_c
2025-05-30 05:45:00,0.049944732,False,test,0.060092792,False,0.065628774,False,0.024112621,False,return_temp_c
2025-05-30 17:45:00,0.06890554,False,test,0.09206616,False,0.041547954,False,0.0731025,False,supply_temp_c
2025-05-31 05:45:00,0.094385535,False,test,0.13731849,False,0.03479586,False,0.11104226,False,supply_temp_c
2025-05-31 17:45:00,0.08606153,False,test,0.14781736,False,0.041468807,False,0.06889841,False,supply_temp_c
2025-06-01 05:45:00,0.06364623,False,test,0.11535128,False,0.03303018,False,0.04255721,False,supply_temp_c
2025-06-01 17:45:00,0.061397117,False,test,0.11522951,False,0.027566021,False,0.041395817,False,supply_temp_c
2025-06-02 05:45:00,0.059963033,False,test,0.10888466,False,0.031435337,False,0.03956912,False,supply_temp_c
2025-06-02 17:45:00,0.05971172,False,test,0.10082533,False,0.033345472,False,0.044964362,False,supply_temp_c
2025-06-03 05:45:00,0.08647214,False,test,0.11607898,False,0.03823534,False,0.10510212,False,supply_temp_c
2025-06-03 17:45:00,0.19247836,False,test,0.13392271,False,0.055703953,False,0.3878084,False,derived_flow_kg_s
2025-06-04 05:45:00,0.1933914,False,test,0.11801135,False,0.060643286,False,0.40151957,False,derived_flow_kg_s
2025-06-04 17:45:00,0.114418715,False,test,0.119769126,False,0.063180946,False,0.16030604,False,derived_flow_kg_s
2025-06-05 05:45:00,0.11730705,False,test,0.15150446,False,0.06503599,False,0.13538069,False,supply_temp_c
2025-06-05 17:45:00,0.16183104,False,test,0.14429514,False,0.058257535,False,0.28294048,False,derived_flow_kg_s
2025-06-06 05:45:00,0.16451783,False,test,0.12537235,False,0.060934316,False,0.30724686,False,derived_flow_kg_s
2025-06-06 17:45:00,0.23016095,False,test,0.10540572,False,0.06573847,False,0.51933867,False,derived_flow_kg_s
2025-06-07 05:45:00,0.22316697,False,test,0.120870076,False,0.06965726,False,0.4789736,False,derived_flow_kg_s
2025-06-07 17:45:00,0.11369814,False,test,0.12753148,False,0.07011344,False,0.14344947,False,derived_flow_kg_s
2025-06-08 05:45:00,0.115231596,False,test,0.12959309,False,0.079367734,False,0.13673393,False,derived_flow_kg_s
2025-06-08 17:45:00,0.118382916,False,test,0.13525833,False,0.08709761,False,0.13279283,False,supply_temp_c
2025-06-09 05:45:00,0.110090524,False,test,0.1314794,False,0.07400013,False,0.12479203,False,supply_temp_c
2025-06-09 17:45:00,0.12428526,False,test,0.14080156,False,0.05704248,False,0.17501174,False,derived_flow_kg_s
2025-06-10 05:45:00,0.12356748,False,test,0.14650527,False,0.05147989,False,0.17271729,False,derived_flow_kg_s
2025-06-10 17:45:00,0.11892316,False,test,0.13542514,False,0.05613422,False,0.16521017,False,derived_flow_kg_s
2025-06-11 05:45:00,0.15967785,False,test,0.124667615,False,0.060681153,False,0.29368478,False,derived_flow_kg_s
2025-06-11 17:45:00,0.2116749,False,test,0.11056482,False,0.06446669,False,0.45999324,False,derived_flow_kg_s
2025-06-12 05:45:00,0.21167326,False,test,0.1326329,False,0.07002634,False,0.43236056,False,derived_flow_kg_s
2025-06-12 17:45:00,0.12934305,False,test,0.13750139,False,0.060094114,False,0.19043364,False,derived_flow_kg_s
2025-06-13 05:45:00,0.17391476,False,test,0.13608617,False,0.06345003,False,0.32220814,False,derived_flow_kg_s
2025-06-13 17:45:00,0.16901302,False,test,0.14637767,False,0.06141329,False,0.29924807,False,derived_flow_kg_s
2025-06-14 05:45:00,0.1702416,False,test,0.14775,False,0.06981029,False,0.2931644,False,derived_flow_kg_s
2025-06-14 17:45:00,0.1655159,False,test,0.14062579,False,0.07351771,False,0.2824042,False,derived_flow_kg_s
2025-06-15 05:45:00,0.13266125,False,test,0.12184852,False,0.046812046,False,0.22932316,False,derived_flow_kg_s
2025-06-15 17:45:00,0.15370388,False,test,0.1318535,False,0.1173808,False,0.21187736,False,derived_flow_kg_s
2025-06-16 05:45:00,0.11444488,False,test,0.1358259,False,0.11199385,False,0.09551487,False,supply_temp_c
2025-06-16 17:45:00,0.08405617,False,test,0.1168775,False,0.053079545,False,0.082211465,False,supply_temp_c
2025-06-17 05:45:00,0.08192822,False,test,0.09249317,False,0.06282929,False,0.09046224,False,supply_temp_c
2025-06-17 17:45:00,0.09226157,False,test,0.101672284,False,0.060884416,False,0.11422799,False,derived_flow_kg_s
2025-06-18 05:45:00,0.10024396,False,test,0.11261236,False,0.056949347,False,0.1311702,False,derived_flow_kg_s
2025-06-18 17:45:00,0.0890924,False,test,0.0994811,False,0.056613024,False,0.11118311,False,derived_flow_kg_s
2025-06-19 05:45:00,0.06299802,False,test,0.08715194,False,0.038934197,False,0.06290792,False,supply_temp_c
2025-06-19 17:45:00,0.107214995,False,test,0.14810202,False,0.08666401,False,0.086878955,False,supply_temp_c
2025-06-20 05:45:00,0.104437485,False,test,0.1402592,False,0.08753017,False,0.08552307,False,supply_temp_c
2025-06-20 17:45:00,0.054582275,False,test,0.07678687,False,0.04386915,False,0.04309081,False,supply_temp_c
2025-06-21 05:45:00,0.04896959,False,test,0.07519111,False,0.02858604,False,0.043131623,False,supply_temp_c
2025-06-21 17:45:00,0.041513402,False,test,0.060484413,False,0.029902922,False,0.034152877,False,supply_temp_c
2025-06-22 05:45:00,0.03688815,False,test,0.045329515,False,0.03034843,False,0.0349865,False,supply_temp_c
2025-06-22 17:45:00,0.044638593,False,test,0.0582028,False,0.041019447,False,0.034693535,False,supply_temp_c
2025-06-23 05:45:00,0.043940935,False,test,0.053486567,False,0.03959832,False,0.038737915,False,supply_temp_c
2025-06-23 17:45:00,0.04094618,False,test,0.057300027,False,0.027606256,False,0.037932254,False,supply_temp_c
2025-06-24 05:45:00,0.054484725,False,test,0.07703761,False,0.045393538,False,0.041023005,False,supply_temp_c
2025-06-24 17:45:00,0.048865013,False,test,0.07304246,False,0.03663618,False,0.036916398,False,supply_temp_c
2025-06-25 05:45:00,0.048147067,False,test,0.05571727,False,0.04684909,False,0.041874852,False,supply_temp_c
2025-06-25 17:45:00,0.051121227,False,test,0.058576446,False,0.049234662,False,0.045552567,False,supply_temp_c
2025-06-26 05:45:00,0.041822784,False,test,0.047497153,False,0.039525013,False,0.038446177,False,supply_temp_c
2025-06-26 17:45:00,0.04999043,False,test,0.06244285,False,0.040682107,False,0.04684632,False,supply_temp_c
2025-06-27 05:45:00,0.050486904,False,test,0.066705815,False,0.037801977,False,0.046952922,False,supply_temp_c
2025-06-27 17:45:00,0.049240503,False,test,0.06223452,False,0.033918813,False,0.051568177,False,supply_temp_c
2025-06-28 05:45:00,0.05675929,False,test,0.057173505,False,0.041342843,False,0.07176153,False,derived_flow_kg_s
2025-06-28 17:45:00,0.05452598,False,test,0.06665296,False,0.043299973,False,0.053625,False,supply_temp_c
2025-06-29 05:45:00,0.05310747,False,test,0.07259107,False,0.044194262,False,0.04253708,False,supply_temp_c
2025-06-29 17:45:00,0.08969881,False,test,0.13776694,False,0.050233554,False,0.08109593,False,supply_temp_c
2025-06-30 05:45:00,0.13389207,False,test,0.21900134,False,0.060441345,False,0.12223351,False,supply_temp_c
2025-06-30 17:45:00,0.138225,False,test,0.22107978,False,0.05115028,False,0.14244491,False,supply_temp_c
2025-07-01 05:45:00,0.15855663,False,test,0.20356919,False,0.14212872,False,0.12997197,False,supply_temp_c
2025-07-01 17:45:00,0.16459383,False,test,0.1970762,False,0.14778242,False,0.14892294,False,supply_temp_c
2025-07-02 05:45:00,0.13898034,False,test,0.22667874,False,0.07016608,False,0.12009623,False,supply_temp_c
2025-07-02 17:45:00,0.11676303,False,test,0.24621026,False,0.06366023,False,0.04041864,False,supply_temp_c
2025-07-03 05:45:00,0.07855702,False,test,0.13900432,False,0.050402824,False,0.046263907,False,supply_temp_c
2025-07-03 17:45:00,0.04597193,False,test,0.04852606,False,0.039275996,False,0.05011374,False,derived_flow_kg_s
2025-07-04 05:45:00,0.05273394,False,test,0.070345074,False,0.038289104,False,0.04956763,False,supply_temp_c
2025-07-04 17:45:00,0.0733719,False,test,0.111172736,False,0.048012108,False,0.060930867,False,supply_temp_c
2025-07-05 05:45:00,0.09955002,False,test,0.13306712,False,0.0814834,False,0.08409955,False,supply_temp_c
2025-07-05 17:45:00,0.10956642,False,test,0.15252818,False,0.086846985,False,0.089324124,False,supply_temp_c
2025-07-06 05:45:00,0.10621236,False,test,0.14982857,False,0.06988748,False,0.09892102,False,supply_temp_c
2025-07-06 17:45:00,0.09045766,False,test,0.12092632,False,0.061673056,False,0.08877361,False,supply_temp_c
2025-07-07 05:45:00,0.05186772,False,test,0.06350385,False,0.047126245,False,0.044973075,False,supply_temp_c
2025-07-07 17:45:00,0.045025196,False,test,0.058308497,False,0.034527108,False,0.042239975,False,supply_temp_c
2025-07-08 05:45:00,0.13657086,False,test,0.16201483,False,0.15600859,False,0.09168917,False,supply_temp_c
2025-07-08 17:45:00,0.13246335,False,test,0.13708545,False,0.16356532,False,0.096739255,False,return_temp_c
2025-07-09 05:45:00,0.0705103,False,test,0.076578,False,0.05245546,False,0.08249745,False,derived_flow_kg_s
2025-07-09 17:45:00,0.09930368,False,test,0.13389075,False,0.054123014,False,0.10989726,False,supply_temp_c
2025-07-10 05:45:00,0.11910757,False,test,0.22321993,False,0.053921137,False,0.08018163,False,supply_temp_c
2025-07-10 17:45:00,0.12762773,False,test,0.28649703,False,0.05399682,False,0.042389378,False,supply_temp_c
2025-07-11 05:45:00,0.12569597,False,test,0.28580964,False,0.053268943,False,0.03800937,False,supply_temp_c
2025-07-11 17:45:00,0.12672363,False,test,0.2877136,False,0.05261846,False,0.03983888,False,supply_temp_c
2025-07-12 05:45:00,0.13949457,False,test,0.31072927,False,0.058758806,False,0.048995618,False,supply_temp_c
2025-07-12 17:45:00,0.15184204,False,test,0.33632097,False,0.058500603,False,0.060704514,False,supply_temp_c
2025-07-13 05:45:00,0.15163286,False,test,0.33793676,False,0.057655264,False,0.059306603,False,supply_temp_c
2025-07-13 17:45:00,0.16464768,False,test,0.2820103,False,0.083574675,False,0.12835805,False,supply_temp_c
2025-07-14 05:45:00,0.14734207,False,test,0.24492668,False,0.0795829,False,0.11751666,False,supply_temp_c
2025-07-14 17:45:00,0.11725574,False,test,0.26790074,False,0.047671854,False,0.03619462,False,supply_temp_c
2025-07-15 05:45:00,0.12060653,False,test,0.27550521,False,0.04870079,False,0.037613634,False,supply_temp_c
