window_start,reconstruction_mse,is_reconstruction_anomaly,split,supply_temp_c_reconstruction_mse,is_supply_temp_c_channel_anomaly,return_temp_c_reconstruction_mse,is_return_temp_c_channel_anomaly,stabilized_flow_log_feature_reconstruction_mse,is_stabilized_flow_log_feature_channel_anomaly,dominant_anomalous_feature
2024-01-03 17:00:00,0.08472827,False,train,0.07460431,False,0.082787946,False,0.09679256,False,stabilized_flow_log_feature
2024-01-04 05:00:00,0.06904678,False,train,0.07838602,False,0.07819829,False,0.050556023,False,supply_temp_c
2024-01-04 17:00:00,0.06933291,False,train,0.094758786,False,0.05974279,False,0.05349715,False,supply_temp_c
2024-01-05 05:00:00,0.08331078,False,train,0.088318415,False,0.08665966,False,0.074954264,False,supply_temp_c
2024-01-05 17:00:00,0.07019547,False,train,0.06313629,False,0.079454556,False,0.067995556,False,return_temp_c
2024-01-06 05:00:00,0.067768194,False,train,0.06882511,False,0.07200333,False,0.062476154,False,return_temp_c
2024-01-06 17:00:00,0.063797325,False,train,0.06859979,False,0.06479254,False,0.05799963,False,supply_temp_c
2024-01-07 05:00:00,0.08626497,False,train,0.10977391,False,0.112732954,False,0.03628803,False,return_temp_c
2024-01-07 17:00:00,0.13043022,False,train,0.1597598,False,0.15139867,False,0.08013216,False,supply_temp_c
2024-01-08 05:00:00,0.12395653,False,train,0.14830059,False,0.1165295,False,0.10703949,False,supply_temp_c
2024-01-08 17:00:00,0.10493026,False,train,0.12341418,False,0.11919252,False,0.0721841,False,supply_temp_c
2024-01-09 05:00:00,0.10266311,False,train,0.10649031,False,0.14251345,False,0.058985602,False,return_temp_c
2024-01-09 17:00:00,0.08279409,False,train,0.084950455,False,0.11174161,False,0.051690206,False,return_temp_c
2024-01-10 05:00:00,0.08040313,False,train,0.09556136,False,0.09294074,False,0.052707266,False,supply_temp_c
2024-01-10 17:00:00,0.08179333,False,train,0.0999336,False,0.09371355,False,0.05173285,False,supply_temp_c
2024-01-11 05:00:00,0.074270755,False,train,0.08748546,False,0.07772219,False,0.057604622,False,supply_temp_c
2024-01-11 17:00:00,0.069064446,False,train,0.090050034,False,0.080100276,False,0.03704304,False,supply_temp_c
2024-01-12 05:00:00,0.07274155,False,train,0.08857405,False,0.09788018,False,0.031770445,False,return_temp_c
2024-01-12 17:00:00,0.06787098,False,train,0.078852035,False,0.09450382,False,0.030257111,False,return_temp_c
2024-01-13 05:00:00,0.05613442,False,train,0.059301555,False,0.07857079,False,0.030530924,False,return_temp_c
2024-01-13 17:00:00,0.065871,False,train,0.071798764,False,0.075637914,False,0.050176334,False,return_temp_c
2024-01-14 05:00:00,0.114450164,False,train,0.11323529,False,0.11545044,False,0.1146648,False,return_temp_c
2024-01-14 17:00:00,0.1456422,False,train,0.107873864,False,0.12512816,False,0.2039246,False,stabilized_flow_log_feature
2024-01-15 05:00:00,0.118752174,False,train,0.09052077,False,0.09490616,False,0.1708296,False,stabilized_flow_log_feature
2024-01-15 17:00:00,0.16228986,False,train,0.13778536,False,0.16459095,False,0.18449326,False,stabilized_flow_log_feature
2024-01-16 05:00:00,0.17579362,False,train,0.14174587,False,0.1662275,False,0.21940751,False,stabilized_flow_log_feature
2024-01-16 17:00:00,0.115333,False,train,0.106933,False,0.11587677,False,0.12318922,False,stabilized_flow_log_feature
2024-01-17 05:00:00,0.09214309,False,train,0.07950585,False,0.11822907,False,0.07869435,False,return_temp_c
2024-01-17 17:00:00,0.07321236,False,train,0.08506564,False,0.074424,False,0.060147453,False,supply_temp_c
2024-01-18 05:00:00,0.09721078,False,train,0.11618107,False,0.09532619,False,0.080125086,False,supply_temp_c
2024-01-18 17:00:00,0.09035401,False,train,0.10516287,False,0.09161075,False,0.07428842,False,supply_temp_c
2024-01-19 05:00:00,0.10176799,False,train,0.1027566,False,0.10470897,False,0.0978384,False,return_temp_c
2024-01-19 17:00:00,0.09544255,False,train,0.09726303,False,0.10444573,False,0.084618874,False,return_temp_c
2024-01-20 05:00:00,0.09035659,False,train,0.09085434,False,0.104541935,False,0.07567349,False,return_temp_c
2024-01-20 17:00:00,0.08750037,False,train,0.08327913,False,0.09811825,False,0.08110372,False,return_temp_c
2024-01-21 05:00:00,0.09445567,False,train,0.07977211,False,0.115042806,False,0.088552095,False,return_temp_c
2024-01-21 17:00:00,0.09254697,False,train,0.08204499,False,0.10356954,False,0.09202639,False,return_temp_c
2024-01-22 05:00:00,0.5583097,True,train,0.20927338,False,1.0764725,True,0.38918296,False,return_temp_c
2024-01-22 17:00:00,0.6599562,True,train,0.3065277,True,1.187409,True,0.48593172,False,return_temp_c
2024-01-23 05:00:00,0.2990187,False,train,0.12340116,False,0.5311298,True,0.24252515,False,return_temp_c
2024-01-23 17:00:00,0.09286993,False,train,0.10516962,False,0.11652852,False,0.05691163,False,return_temp_c
2024-01-24 05:00:00,0.10704525,False,train,0.10615569,False,0.1043438,False,0.110636234,False,stabilized_flow_log_feature
2024-01-24 17:00:00,0.10613736,False,train,0.12312242,False,0.09041955,False,0.10487012,False,supply_temp_c
2024-01-25 05:00:00,0.09532935,False,train,0.1078876,False,0.0834288,False,0.09467164,False,supply_temp_c
2024-01-25 17:00:00,0.1250951,False,train,0.13328646,False,0.13175642,False,0.110242404,False,supply_temp_c
2024-01-26 05:00:00,0.12848721,False,train,0.13214402,False,0.12915984,False,0.124157816,False,supply_temp_c
2024-01-26 17:00:00,0.10079692,False,train,0.0867183,False,0.10636095,False,0.10931151,False,stabilized_flow_log_feature
2024-01-27 05:00:00,0.07851562,False,train,0.06376398,False,0.07422822,False,0.097554676,False,stabilized_flow_log_feature
2024-01-27 17:00:00,0.07791923,False,train,0.06756333,False,0.06390388,False,0.10229049,False,stabilized_flow_log_feature
2024-01-28 05:00:00,0.08235179,False,train,0.07756797,False,0.07730093,False,0.09218648,False,stabilized_flow_log_feature
2024-01-28 17:00:00,0.094904035,False,train,0.09651649,False,0.09035673,False,0.09783887,False,stabilized_flow_log_feature
2024-01-29 05:00:00,0.09080302,False,train,0.0972391,False,0.090055056,False,0.08511492,False,supply_temp_c
2024-01-29 17:00:00,0.07532763,False,train,0.076678425,False,0.07827283,False,0.07103162,False,return_temp_c
2024-01-30 05:00:00,0.071573935,False,train,0.068829335,False,0.082098715,False,0.06379375,False,return_temp_c
2024-01-30 17:00:00,0.069998294,False,train,0.07768568,False,0.071983814,False,0.0603254,False,supply_temp_c
2024-01-31 05:00:00,0.076235294,False,train,0.0820553,False,0.084349155,False,0.062301446,False,return_temp_c
2024-01-31 17:00:00,0.10646521,False,train,0.13615385,False,0.11063827,False,0.072603524,False,supply_temp_c
2024-02-01 05:00:00,0.14773975,False,train,0.16547264,False,0.14360501,False,0.13414161,False,supply_temp_c
2024-02-01 17:00:00,0.14635718,False,train,0.17142378,False,0.14541408,False,0.12223368,False,supply_temp_c
2024-02-02 05:00:00,0.10347275,False,train,0.13986483,False,0.09354084,False,0.07701257,False,supply_temp_c
2024-02-02 17:00:00,0.09536906,False,train,0.10920449,False,0.09152392,False,0.08537877,False,supply_temp_c
2024-02-03 05:00:00,0.12057042,False,train,0.12884472,False,0.0955356,False,0.13733093,False,stabilized_flow_log_feature
2024-02-03 17:00:00,0.12323097,False,train,0.13628489,False,0.09121826,False,0.14218974,False,stabilized_flow_log_feature
2024-02-04 05:00:00,0.124565415,False,train,0.10411533,False,0.10154725,False,0.16803366,False,stabilized_flow_log_feature
2024-02-04 17:00:00,0.113430634,False,train,0.093203425,False,0.08878056,False,0.15830795,False,stabilized_flow_log_feature
2024-02-05 05:00:00,0.08084947,False,train,0.10009971,False,0.07301431,False,0.0694344,False,supply_temp_c
2024-02-05 17:00:00,0.09820851,False,train,0.1275888,False,0.1058768,False,0.061159927,False,supply_temp_c
2024-02-06 05:00:00,0.102669,False,train,0.078344606,False,0.10668075,False,0.12298166,False,stabilized_flow_log_feature
2024-02-06 17:00:00,0.0934624,False,train,0.07333564,False,0.087716945,False,0.119334616,False,stabilized_flow_log_feature
2024-02-07 05:00:00,0.10450976,False,train,0.110485725,False,0.111567974,False,0.091475606,False,return_temp_c
2024-02-07 17:00:00,0.1103433,False,train,0.12401581,False,0.108902,False,0.098112084,False,supply_temp_c
2024-02-08 05:00:00,0.11193238,False,train,0.11158582,False,0.116667934,False,0.10754336,False,return_temp_c
2024-02-08 17:00:00,0.10237128,False,train,0.10687705,False,0.10067532,False,0.09956149,False,supply_temp_c
2024-02-09 05:00:00,0.0961162,False,train,0.08608911,False,0.105273,False,0.09698647,False,return_temp_c
2024-02-09 17:00:00,0.077689976,False,train,0.06229566,False,0.088221036,False,0.08255323,False,return_temp_c
2024-02-10 05:00:00,0.06633714,False,train,0.062248185,False,0.067225665,False,0.06953753,False,stabilized_flow_log_feature
2024-02-10 17:00:00,0.07160072,False,train,0.061231416,False,0.07991703,False,0.073653705,False,return_temp_c
2024-02-11 05:00:00,0.08336671,False,train,0.070674896,False,0.09260597,False,0.08681926,False,return_temp_c
2024-02-11 17:00:00,0.08226136,False,train,0.064760484,False,0.090931475,False,0.09109213,False,stabilized_flow_log_feature
2024-02-12 05:00:00,0.08787198,False,train,0.054593008,False,0.07850431,False,0.13051862,False,stabilized_flow_log_feature
2024-02-12 17:00:00,0.09546408,False,train,0.07228452,False,0.08968699,False,0.12442073,False,stabilized_flow_log_feature
2024-02-13 05:00:00,0.11252875,False,train,0.10416881,False,0.1119599,False,0.121457554,False,stabilized_flow_log_feature
2024-02-13 17:00:00,0.121408135,False,train,0.117147945,False,0.12547733,False,0.121599115,False,return_temp_c
2024-02-14 05:00:00,0.09977546,False,train,0.10260298,False,0.09919677,False,0.09752665,False,supply_temp_c
2024-02-14 17:00:00,0.11683827,False,train,0.12986672,False,0.10955778,False,0.1110903,False,supply_temp_c
2024-02-15 05:00:00,0.15065366,False,train,0.1510143,False,0.1442873,False,0.15665938,False,stabilized_flow_log_feature
2024-02-15 17:00:00,0.13595396,False,train,0.13815238,False,0.13763541,False,0.13207412,False,supply_temp_c
2024-02-16 05:00:00,0.10224756,False,train,0.13388808,False,0.11606339,False,0.056791183,False,supply_temp_c
2024-02-16 17:00:00,0.09433847,False,train,0.109535076,False,0.11296376,False,0.0605166,False,return_temp_c
2024-02-17 05:00:00,0.11791468,False,train,0.10916694,False,0.13323975,False,0.11133733,False,return_temp_c
2024-02-17 17:00:00,0.118162125,False,train,0.12152025,False,0.13412455,False,0.09884157,False,return_temp_c
2024-02-18 05:00:00,0.09883233,False,train,0.095772915,False,0.108848326,False,0.091875784,False,return_temp_c
2024-02-18 17:00:00,0.09711884,False,train,0.09634926,False,0.079659574,False,0.115347706,False,stabilized_flow_log_feature
2024-02-19 05:00:00,0.08098467,False,train,0.07521374,False,0.082699366,False,0.0850409,False,stabilized_flow_log_feature
2024-02-19 17:00:00,0.105856284,False,train,0.11120861,False,0.0875056,False,0.118854634,False,stabilized_flow_log_feature
2024-02-20 05:00:00,0.122227296,False,train,0.12720038,False,0.08610914,False,0.15337239,False,stabilized_flow_log_feature
2024-02-20 17:00:00,0.10531954,False,train,0.10470132,False,0.11269399,False,0.09856331,False,return_temp_c
2024-02-21 05:00:00,0.119749084,False,train,0.08757629,False,0.12370931,False,0.14796168,False,stabilized_flow_log_feature
2024-02-21 17:00:00,0.10869499,False,train,0.07110075,False,0.09639528,False,0.15858895,False,stabilized_flow_log_feature
2024-02-22 05:00:00,0.094256,False,train,0.07483245,False,0.107451715,False,0.100483835,False,return_temp_c
2024-02-22 17:00:00,0.091375075,False,train,0.08549595,False,0.1011906,False,0.08743868,False,return_temp_c
2024-02-23 05:00:00,0.08398971,False,train,0.0783293,False,0.106795676,False,0.06684417,False,return_temp_c
2024-02-23 17:00:00,0.07334195,False,train,0.0589617,False,0.08764749,False,0.07341666,False,return_temp_c
2024-02-24 05:00:00,0.07403908,False,train,0.049679447,False,0.07625992,False,0.09617785,False,stabilized_flow_log_feature
2024-02-24 17:00:00,0.07742562,False,train,0.069291405,False,0.077690035,False,0.08529544,False,stabilized_flow_log_feature
2024-02-25 05:00:00,0.108227916,False,train,0.102895014,False,0.08998987,False,0.1317989,False,stabilized_flow_log_feature
2024-02-25 17:00:00,0.1084158,False,train,0.09009715,False,0.09062922,False,0.14452101,False,stabilized_flow_log_feature
2024-02-26 05:00:00,0.12479857,False,train,0.072727576,False,0.112109,False,0.18955915,False,stabilized_flow_log_feature
2024-02-26 17:00:00,0.13496687,False,train,0.07678908,False,0.11808733,False,0.21002418,False,stabilized_flow_log_feature
2024-02-27 05:00:00,0.09934232,False,train,0.08635744,False,0.10591287,False,0.10575663,False,return_temp_c
2024-02-27 17:00:00,0.09978402,False,train,0.099010296,False,0.11622455,False,0.08411721,False,return_temp_c
2024-02-28 05:00:00,0.096529126,False,train,0.11196065,False,0.10758296,False,0.070043765,False,supply_temp_c
2024-02-28 17:00:00,0.07659166,False,train,0.08993583,False,0.078015305,False,0.061823886,False,supply_temp_c
2024-02-29 05:00:00,0.08131245,False,train,0.07612541,False,0.10500733,False,0.06280458,False,return_temp_c
2024-02-29 17:00:00,0.07816572,False,train,0.07143558,False,0.095074244,False,0.06798735,False,return_temp_c
2024-03-01 05:00:00,0.060097773,False,train,0.06071494,False,0.06477386,False,0.054804523,False,return_temp_c
2024-03-01 17:00:00,0.07807668,False,train,0.095629096,False,0.07805025,False,0.060550693,False,supply_temp_c
2024-03-02 05:00:00,0.11555675,False,train,0.12536615,False,0.105051756,False,0.116252325,False,supply_temp_c
2024-03-02 17:00:00,0.1361214,False,train,0.14119758,False,0.14651492,False,0.120651715,False,return_temp_c
2024-03-03 05:00:00,0.10663949,False,train,0.10730765,False,0.13879675,False,0.07381404,False,return_temp_c
2024-03-03 17:00:00,0.12598178,False,train,0.15821433,False,0.13606076,False,0.08367026,False,supply_temp_c
2024-03-04 05:00:00,0.20410934,False,train,0.16185963,False,0.16282277,False,0.2876456,False,stabilized_flow_log_feature
2024-03-04 17:00:00,0.2465542,False,train,0.24723023,True,0.18980187,False,0.30263057,False,stabilized_flow_log_feature
2024-03-05 05:00:00,0.19342218,False,train,0.235307,False,0.14998505,False,0.19497453,False,supply_temp_c
2024-03-05 17:00:00,0.12331596,False,train,0.08943742,False,0.11852971,False,0.16198076,False,stabilized_flow_log_feature
2024-03-06 05:00:00,0.104144074,False,train,0.07841111,False,0.106752664,False,0.12726845,False,stabilized_flow_log_feature
2024-03-06 17:00:00,0.08881974,False,train,0.06696755,False,0.08472824,False,0.11476346,False,stabilized_flow_log_feature
2024-03-07 05:00:00,0.092597514,False,train,0.074889846,False,0.08959213,False,0.11331058,False,stabilized_flow_log_feature
2024-03-07 17:00:00,0.105321325,False,train,0.085004985,False,0.09979212,False,0.13116686,False,stabilized_flow_log_feature
2024-03-08 05:00:00,0.09585416,False,train,0.072007306,False,0.08533756,False,0.1302176,False,stabilized_flow_log_feature
2024-03-08 17:00:00,0.10582742,False,train,0.08866913,False,0.10307624,False,0.12573689,False,stabilized_flow_log_feature
2024-03-09 05:00:00,0.10719388,False,train,0.081495225,False,0.103560574,False,0.13652584,False,stabilized_flow_log_feature
2024-03-09 17:00:00,0.120244056,False,train,0.09432422,False,0.12320446,False,0.14320345,False,stabilized_flow_log_feature
2024-03-10 05:00:00,0.094913006,False,train,0.05808873,False,0.088671796,False,0.13797848,False,stabilized_flow_log_feature
2024-03-10 17:00:00,0.13907945,False,train,0.112116046,False,0.13297968,False,0.17214262,False,stabilized_flow_log_feature
2024-03-11 05:00:00,0.16263567,False,train,0.11926464,False,0.1496076,False,0.21903478,False,stabilized_flow_log_feature
2024-03-11 17:00:00,0.13820508,False,train,0.10451296,False,0.12194487,False,0.18815736,False,stabilized_flow_log_feature
2024-03-12 05:00:00,0.1179846,False,train,0.106247395,False,0.09257719,False,0.15512918,False,stabilized_flow_log_feature
2024-03-12 17:00:00,0.2841786,False,train,0.13723467,False,0.36498618,True,0.350315,False,return_temp_c
2024-03-13 05:00:00,0.29968828,False,train,0.15272133,False,0.36560026,True,0.38074327,False,stabilized_flow_log_feature
2024-03-13 17:00:00,0.12775211,False,train,0.10597459,False,0.10227913,False,0.17500259,False,stabilized_flow_log_feature
2024-03-14 05:00:00,0.093199044,False,train,0.07812785,False,0.08942828,False,0.11204099,False,stabilized_flow_log_feature
2024-03-14 17:00:00,0.09747629,False,train,0.08494101,False,0.082833864,False,0.124654,False,stabilized_flow_log_feature
2024-03-15 05:00:00,0.11478947,False,train,0.09721139,False,0.09273726,False,0.15441976,False,stabilized_flow_log_feature
2024-03-15 17:00:00,0.11319889,False,train,0.10055587,False,0.08763087,False,0.15140994,False,stabilized_flow_log_feature
2024-03-16 05:00:00,0.09508377,False,train,0.08089698,False,0.08101652,False,0.1233378,False,stabilized_flow_log_feature
2024-03-16 17:00:00,0.079452485,False,train,0.059781272,False,0.06079665,False,0.11777953,False,stabilized_flow_log_feature
2024-03-17 05:00:00,0.096966416,False,train,0.0628329,False,0.07566559,False,0.15240073,False,stabilized_flow_log_feature
2024-03-17 17:00:00,0.09679624,False,train,0.06784191,False,0.08100774,False,0.14153904,False,stabilized_flow_log_feature
2024-03-18 05:00:00,0.10822724,False,train,0.06426169,False,0.070337005,False,0.19008301,False,stabilized_flow_log_feature
2024-03-18 17:00:00,0.10945345,False,train,0.058420792,False,0.07346702,False,0.19647254,False,stabilized_flow_log_feature
2024-03-19 05:00:00,0.091342025,False,train,0.05139037,False,0.06584731,False,0.15678842,False,stabilized_flow_log_feature
2024-03-19 17:00:00,0.098207325,False,train,0.043875027,False,0.07665818,False,0.17408879,False,stabilized_flow_log_feature
2024-03-20 05:00:00,0.09526878,False,train,0.04941809,False,0.07304945,False,0.1633388,False,stabilized_flow_log_feature
2024-03-20 17:00:00,0.07640309,False,train,0.0362004,False,0.058870655,False,0.1341382,False,stabilized_flow_log_feature
2024-03-21 05:00:00,0.05951745,False,train,0.047400434,False,0.04726403,False,0.08388788,False,stabilized_flow_log_feature
2024-03-21 17:00:00,0.079672575,False,train,0.062656365,False,0.08280589,False,0.09355548,False,stabilized_flow_log_feature
2024-03-22 05:00:00,0.07263097,False,train,0.047229502,False,0.068920046,False,0.10174336,False,stabilized_flow_log_feature
2024-03-22 17:00:00,0.06663081,False,train,0.039108593,False,0.059485536,False,0.1012983,False,stabilized_flow_log_feature
2024-03-23 05:00:00,0.058501653,False,train,0.047149714,False,0.060344085,False,0.068011165,False,stabilized_flow_log_feature
2024-03-23 17:00:00,0.072542295,False,train,0.062165048,False,0.07937505,False,0.07608681,False,return_temp_c
2024-03-24 05:00:00,0.1119886,False,train,0.06944182,False,0.07534233,False,0.19118161,False,stabilized_flow_log_feature
2024-03-24 17:00:00,0.11873089,False,train,0.09632635,False,0.08408684,False,0.17577942,False,stabilized_flow_log_feature
2024-03-25 05:00:00,0.15224677,False,train,0.11621961,False,0.12035342,False,0.22016723,False,stabilized_flow_log_feature
2024-03-25 17:00:00,0.13944124,False,train,0.09368273,False,0.11201867,False,0.2126223,False,stabilized_flow_log_feature
2024-03-26 05:00:00,0.12430416,False,train,0.08305812,False,0.101518534,False,0.18833582,False,stabilized_flow_log_feature
2024-03-26 17:00:00,0.12891822,False,train,0.08544137,False,0.10386946,False,0.1974438,False,stabilized_flow_log_feature
2024-03-27 05:00:00,0.102436945,False,train,0.084544756,False,0.10327863,False,0.119487464,False,stabilized_flow_log_feature
2024-03-27 17:00:00,0.11559388,False,train,0.099216856,False,0.11586676,False,0.13169801,False,stabilized_flow_log_feature
2024-03-28 05:00:00,0.11178676,False,train,0.07803499,False,0.087998845,False,0.16932647,False,stabilized_flow_log_feature
2024-03-28 17:00:00,0.10310337,False,train,0.08245416,False,0.08006252,False,0.14679344,False,stabilized_flow_log_feature
2024-03-29 05:00:00,0.09028215,False,train,0.08756261,False,0.08053882,False,0.102744974,False,stabilized_flow_log_feature
2024-03-29 17:00:00,0.088237576,False,train,0.088262044,False,0.06736652,False,0.10908417,False,stabilized_flow_log_feature
2024-03-30 05:00:00,0.097001754,False,train,0.09470496,False,0.086556315,False,0.109743975,False,stabilized_flow_log_feature
2024-03-30 17:00:00,0.09375065,False,train,0.09210386,False,0.088495314,False,0.100652754,False,stabilized_flow_log_feature
2024-03-31 05:00:00,0.13325816,False,train,0.09052243,False,0.11624852,False,0.19300352,False,stabilized_flow_log_feature
2024-03-31 17:00:00,0.12340903,False,train,0.08104974,False,0.096930265,False,0.19224715,False,stabilized_flow_log_feature
2024-04-01 05:00:00,0.10623717,False,train,0.0742112,False,0.09609977,False,0.14840052,False,stabilized_flow_log_feature
2024-04-01 17:00:00,0.10228255,False,train,0.078764744,False,0.08696395,False,0.14111893,False,stabilized_flow_log_feature
2024-04-02 05:00:00,0.09063375,False,train,0.07612092,False,0.05550241,False,0.1402779,False,stabilized_flow_log_feature
2024-04-02 17:00:00,0.087341174,False,train,0.0554222,False,0.04596566,False,0.16063568,False,stabilized_flow_log_feature
2024-04-03 05:00:00,0.23862277,False,train,0.18501617,False,0.1652609,False,0.36559126,False,stabilized_flow_log_feature
2024-04-03 17:00:00,0.42203015,True,train,0.4728916,True,0.2677046,False,0.5254941,False,stabilized_flow_log_feature
2024-04-04 05:00:00,0.28963518,False,train,0.3534002,True,0.17549889,False,0.34000638,False,supply_temp_c
2024-04-04 17:00:00,0.13734004,False,train,0.10690632,False,0.097578146,False,0.20753564,False,stabilized_flow_log_feature
2024-04-05 05:00:00,0.13961688,False,train,0.11514018,False,0.087629795,False,0.21608062,False,stabilized_flow_log_feature
2024-04-05 17:00:00,0.16680929,False,train,0.10647911,False,0.13952166,False,0.2544271,False,stabilized_flow_log_feature
2024-04-06 05:00:00,0.15495595,False,train,0.094382815,False,0.1408272,False,0.22965787,False,stabilized_flow_log_feature
2024-04-06 17:00:00,0.13891578,False,train,0.09157277,False,0.1065635,False,0.218611,False,stabilized_flow_log_feature
2024-04-07 05:00:00,0.15289527,False,train,0.07770145,False,0.08594666,False,0.29503775,False,stabilized_flow_log_feature
2024-04-07 17:00:00,0.14237443,False,train,0.06548244,False,0.07734215,False,0.28429866,False,stabilized_flow_log_feature
2024-04-08 05:00:00,0.13098355,False,train,0.067316465,False,0.095556706,False,0.23007745,False,stabilized_flow_log_feature
2024-04-08 17:00:00,0.14098938,False,train,0.095880814,False,0.10290518,False,0.22418217,False,stabilized_flow_log_feature
2024-04-09 05:00:00,0.1264251,False,train,0.09907838,False,0.11712996,False,0.16306697,False,stabilized_flow_log_feature
2024-04-09 17:00:00,0.23503225,False,train,0.11243218,False,0.13596703,False,0.45669746,False,stabilized_flow_log_feature
2024-04-10 05:00:00,0.57285094,True,train,0.14956431,False,0.21182394,False,1.3571645,True,stabilized_flow_log_feature
2024-04-10 17:00:00,0.46877092,True,train,0.1309782,False,0.1819244,False,1.0934104,True,stabilized_flow_log_feature
2024-04-11 05:00:00,0.12889522,False,train,0.08974018,False,0.10468736,False,0.19225813,False,stabilized_flow_log_feature
2024-04-11 17:00:00,0.12385978,False,train,0.07987188,False,0.10384387,False,0.18786359,False,stabilized_flow_log_feature
2024-04-12 05:00:00,0.13693741,False,train,0.08677911,False,0.07926088,False,0.24477218,False,stabilized_flow_log_feature
2024-04-12 17:00:00,0.13036776,False,train,0.0783872,False,0.0845925,False,0.22812355,False,stabilized_flow_log_feature
2024-04-13 05:00:00,0.10519874,False,train,0.07887765,False,0.09437504,False,0.14234354,False,stabilized_flow_log_feature
2024-04-13 17:00:00,0.1134674,False,train,0.08770307,False,0.09796447,False,0.15473469,False,stabilized_flow_log_feature
2024-04-14 05:00:00,0.11486048,False,train,0.07508135,False,0.08623818,False,0.18326193,False,stabilized_flow_log_feature
2024-04-14 17:00:00,0.09988877,False,train,0.0726785,False,0.07415103,False,0.15283675,False,stabilized_flow_log_feature
2024-04-15 05:00:00,0.13772713,False,train,0.06478029,False,0.08970928,False,0.25869182,False,stabilized_flow_log_feature
2024-04-17 05:00:00,0.09892194,False,train,0.056800555,False,0.08307987,False,0.1568854,False,stabilized_flow_log_feature
2024-04-17 17:00:00,0.09551536,False,train,0.06155931,False,0.09196093,False,0.13302581,False,stabilized_flow_log_feature
2024-04-19 05:00:00,0.3312679,False,train,0.07992266,False,0.10417754,False,0.80970335,True,stabilized_flow_log_feature
2024-04-19 17:00:00,0.303203,False,train,0.06896792,False,0.08794256,False,0.7526985,True,stabilized_flow_log_feature
2024-04-20 05:00:00,0.18943085,False,train,0.04888335,False,0.08539891,False,0.4340103,False,stabilized_flow_log_feature
2024-04-20 17:00:00,0.18846112,False,train,0.07082642,False,0.09479917,False,0.39975777,False,stabilized_flow_log_feature
2024-04-21 05:00:00,0.11376829,False,train,0.0774953,False,0.106984705,False,0.15682484,False,stabilized_flow_log_feature
2024-04-21 17:00:00,0.10018975,False,train,0.045886632,False,0.07992687,False,0.17475577,False,stabilized_flow_log_feature
2024-04-22 05:00:00,0.09379048,False,train,0.050732385,False,0.061656024,False,0.16898303,False,stabilized_flow_log_feature
2024-04-22 17:00:00,0.0935981,False,train,0.07553844,False,0.076190494,False,0.12906535,False,stabilized_flow_log_feature
2024-04-23 05:00:00,0.10069934,False,train,0.09755901,False,0.110900246,False,0.093638755,False,return_temp_c
2024-04-23 17:00:00,0.10859105,False,train,0.12745392,False,0.112965725,False,0.08535352,False,supply_temp_c
2024-04-24 05:00:00,0.1260914,False,train,0.14254303,False,0.09442366,False,0.14130749,False,supply_temp_c
2024-04-24 17:00:00,0.12784728,False,train,0.13153146,False,0.12281725,False,0.12919317,False,supply_temp_c
2024-04-25 05:00:00,0.13300787,False,train,0.11395038,False,0.15813212,False,0.1269411,False,return_temp_c
2024-04-25 17:00:00,0.15687881,False,train,0.11140138,False,0.15282615,False,0.20640892,False,stabilized_flow_log_feature
2024-04-26 05:00:00,0.11664173,False,train,0.095509686,False,0.096319415,False,0.15809608,False,stabilized_flow_log_feature
2024-04-26 17:00:00,0.13981314,False,train,0.09974412,False,0.14579605,False,0.17389925,False,stabilized_flow_log_feature
2024-04-27 05:00:00,0.16710936,False,train,0.10242748,False,0.16653441,False,0.23236616,False,stabilized_flow_log_feature
2024-04-27 17:00:00,0.13411848,False,train,0.08854953,False,0.105710685,False,0.2080952,False,stabilized_flow_log_feature
2024-04-28 05:00:00,0.10888993,False,train,0.072655015,False,0.09376457,False,0.1602502,False,stabilized_flow_log_feature
2024-04-28 17:00:00,0.11538165,False,train,0.08896113,False,0.10706069,False,0.15012312,False,stabilized_flow_log_feature
2024-04-29 05:00:00,0.1428674,False,train,0.12902766,False,0.12126032,False,0.17831421,False,stabilized_flow_log_feature
2024-04-29 17:00:00,0.14438833,False,train,0.13524103,False,0.1341843,False,0.16373965,False,stabilized_flow_log_feature
2024-04-30 05:00:00,0.13696839,False,train,0.14237231,False,0.11647401,False,0.15205882,False,stabilized_flow_log_feature
2024-04-30 17:00:00,0.15784909,False,train,0.12897678,False,0.14007308,False,0.20449735,False,stabilized_flow_log_feature
2024-05-01 05:00:00,0.15768184,False,train,0.13414244,False,0.16262995,False,0.17627315,False,stabilized_flow_log_feature
2024-05-01 17:00:00,0.14396964,False,train,0.12664118,False,0.12997179,False,0.17529593,False,stabilized_flow_log_feature
2024-05-02 05:00:00,0.15173745,False,train,0.10849708,False,0.12425032,False,0.22246496,False,stabilized_flow_log_feature
2024-05-02 17:00:00,0.14387599,False,train,0.06617961,False,0.096385725,False,0.2690626,False,stabilized_flow_log_feature
2024-05-03 05:00:00,0.13967103,False,train,0.07427666,False,0.098259665,False,0.24647672,False,stabilized_flow_log_feature
2024-05-03 17:00:00,0.13487872,False,train,0.08778594,False,0.08987794,False,0.22697227,False,stabilized_flow_log_feature
2024-05-04 05:00:00,0.14449602,False,train,0.11905677,False,0.11153378,False,0.20289755,False,stabilized_flow_log_feature
2024-05-04 17:00:00,0.13260834,False,train,0.11560351,False,0.13826092,False,0.14396061,False,stabilized_flow_log_feature
2024-05-05 05:00:00,0.13424295,False,train,0.09612896,False,0.100135885,False,0.20646404,False,stabilized_flow_log_feature
2024-05-05 17:00:00,0.154304,False,train,0.09454284,False,0.09522012,False,0.27314904,False,stabilized_flow_log_feature
2024-05-06 05:00:00,0.13108699,False,train,0.0733087,False,0.10931031,False,0.2106419,False,stabilized_flow_log_feature
2024-05-06 17:00:00,0.14739412,False,train,0.102203675,False,0.11754831,False,0.22243035,False,stabilized_flow_log_feature
2024-05-07 05:00:00,0.12929496,False,train,0.11636632,False,0.103416435,False,0.16810215,False,stabilized_flow_log_feature
2024-05-07 17:00:00,0.118755765,False,train,0.09112808,False,0.09887108,False,0.1662681,False,stabilized_flow_log_feature
2024-05-08 05:00:00,0.10951686,False,train,0.08393947,False,0.0830354,False,0.16157572,False,stabilized_flow_log_feature
2024-05-08 17:00:00,0.13475618,False,train,0.086002074,False,0.09031856,False,0.22794795,False,stabilized_flow_log_feature
2024-05-09 05:00:00,0.1435748,False,train,0.07562361,False,0.08312503,False,0.27197585,False,stabilized_flow_log_feature
2024-05-09 17:00:00,0.14267565,False,train,0.08489394,False,0.095035434,False,0.24809755,False,stabilized_flow_log_feature
2024-05-10 05:00:00,0.13301653,False,train,0.092023365,False,0.09443098,False,0.21259527,False,stabilized_flow_log_feature
2024-05-10 17:00:00,0.1444626,False,train,0.09007708,False,0.08384597,False,0.2594647,False,stabilized_flow_log_feature
2024-05-11 05:00:00,0.16163328,False,train,0.09332639,False,0.098287016,False,0.2932864,False,stabilized_flow_log_feature
2024-05-11 17:00:00,0.14173633,False,train,0.072307855,False,0.09789476,False,0.25500637,False,stabilized_flow_log_feature
2024-05-12 05:00:00,0.16302383,False,train,0.06572688,False,0.08930188,False,0.33404276,False,stabilized_flow_log_feature
2024-05-12 17:00:00,0.20588252,False,train,0.13233542,False,0.09556958,False,0.38974258,False,stabilized_flow_log_feature
2024-05-13 05:00:00,0.18809228,False,train,0.14382386,False,0.108563215,False,0.31188974,False,stabilized_flow_log_feature
2024-05-13 17:00:00,0.14781389,False,train,0.09856874,False,0.100292355,False,0.24458058,False,stabilized_flow_log_feature
2024-05-14 05:00:00,0.15115395,False,train,0.08368238,False,0.12737997,False,0.24239951,False,stabilized_flow_log_feature
2024-05-14 17:00:00,0.16634291,False,train,0.08528286,False,0.15171374,False,0.2620321,False,stabilized_flow_log_feature
2024-05-15 05:00:00,0.1309071,False,train,0.08700184,False,0.11650828,False,0.18921113,False,stabilized_flow_log_feature
2024-05-15 17:00:00,0.11529146,False,train,0.09649966,False,0.09077054,False,0.1586042,False,stabilized_flow_log_feature
2024-05-16 05:00:00,0.10115134,False,train,0.07191182,False,0.09901772,False,0.13252448,False,stabilized_flow_log_feature
2024-05-16 17:00:00,0.1316456,False,train,0.070814304,False,0.07576925,False,0.24835324,False,stabilized_flow_log_feature
2024-05-17 05:00:00,0.14014396,False,train,0.092918694,False,0.07634499,False,0.25116822,False,stabilized_flow_log_feature
2024-05-17 17:00:00,0.1402759,False,train,0.10327822,False,0.10189434,False,0.21565515,False,stabilized_flow_log_feature
2024-05-18 05:00:00,0.13021128,False,train,0.08040206,False,0.0943571,False,0.21587461,False,stabilized_flow_log_feature
2024-05-18 17:00:00,0.09451925,False,train,0.05297901,False,0.06800288,False,0.16257584,False,stabilized_flow_log_feature
2024-05-19 05:00:00,0.0975984,False,train,0.07105404,False,0.06355608,False,0.15818511,False,stabilized_flow_log_feature
2024-05-19 17:00:00,0.121877395,False,train,0.07663437,False,0.09356248,False,0.19543535,False,stabilized_flow_log_feature
2024-05-20 05:00:00,0.12054983,False,train,0.06816869,False,0.08738926,False,0.20609154,False,stabilized_flow_log_feature
2024-05-20 17:00:00,0.12271991,False,train,0.060352918,False,0.08765465,False,0.22015215,False,stabilized_flow_log_feature
2024-05-21 05:00:00,0.11631332,False,train,0.05857718,False,0.09041981,False,0.199943,False,stabilized_flow_log_feature
2024-05-21 17:00:00,0.109623246,False,train,0.05703338,False,0.099672884,False,0.17216347,False,stabilized_flow_log_feature
2024-05-22 05:00:00,0.12109615,False,train,0.0684746,False,0.09856773,False,0.19624613,False,stabilized_flow_log_feature
2024-05-22 17:00:00,0.13542844,False,train,0.07429852,False,0.09730675,False,0.2346801,False,stabilized_flow_log_feature
2024-05-23 05:00:00,0.12591667,False,train,0.076393336,False,0.08740849,False,0.2139482,False,stabilized_flow_log_feature
2024-05-23 17:00:00,0.12531081,False,train,0.08033805,False,0.100491695,False,0.19510268,False,stabilized_flow_log_feature
2024-05-24 05:00:00,0.11852351,False,train,0.06235103,False,0.098772705,False,0.19444676,False,stabilized_flow_log_feature
2024-05-24 17:00:00,0.09678876,False,train,0.051771402,False,0.06891888,False,0.16967599,False,stabilized_flow_log_feature
2024-05-25 05:00:00,0.09691792,False,train,0.057339843,False,0.06898068,False,0.16443324,False,stabilized_flow_log_feature
2024-05-25 17:00:00,0.115337,False,train,0.07035501,False,0.07109199,False,0.20456403,False,stabilized_flow_log_feature
2024-05-26 05:00:00,0.13691646,False,train,0.12372219,False,0.0895045,False,0.19752266,False,stabilized_flow_log_feature
2024-05-26 17:00:00,0.14121498,False,train,0.124753006,False,0.11050585,False,0.18838607,False,stabilized_flow_log_feature
2024-05-27 05:00:00,0.18184273,False,train,0.10820678,False,0.108954675,False,0.32836667,False,stabilized_flow_log_feature
2024-05-27 17:00:00,0.20027125,False,train,0.09495754,False,0.12151951,False,0.38433668,False,stabilized_flow_log_feature
2024-05-28 05:00:00,0.16029775,False,train,0.08932603,False,0.11018344,False,0.28138384,False,stabilized_flow_log_feature
2024-05-28 17:00:00,0.14544655,False,train,0.10228977,False,0.13695434,False,0.19709551,False,stabilized_flow_log_feature
2024-05-29 05:00:00,0.13307461,False,train,0.0894627,False,0.1289181,False,0.18084304,False,stabilized_flow_log_feature
2024-05-29 17:00:00,0.13220045,False,train,0.08337941,False,0.08081856,False,0.2324034,False,stabilized_flow_log_feature
2024-05-30 05:00:00,0.12086483,False,train,0.098919325,False,0.043956604,False,0.21971859,False,stabilized_flow_log_feature
2024-05-30 17:00:00,0.11656794,False,train,0.07830677,False,0.044024017,False,0.227373,False,stabilized_flow_log_feature
2024-05-31 05:00:00,0.12340849,False,train,0.07635889,False,0.051837523,False,0.24202906,False,stabilized_flow_log_feature
2024-05-31 17:00:00,0.11622593,False,train,0.0682638,False,0.057332654,False,0.22308137,False,stabilized_flow_log_feature
2024-06-01 05:00:00,0.11433796,False,train,0.067676306,False,0.06120952,False,0.21412806,False,stabilized_flow_log_feature
2024-06-01 17:00:00,0.11644312,False,train,0.07187589,False,0.048356872,False,0.22909658,False,stabilized_flow_log_feature
2024-06-02 05:00:00,0.13542037,False,train,0.085513085,False,0.055206567,False,0.26554146,False,stabilized_flow_log_feature
2024-06-02 17:00:00,0.14740734,False,train,0.08472637,False,0.05485594,False,0.3026397,False,stabilized_flow_log_feature
2024-06-03 05:00:00,0.14731425,False,train,0.08864903,False,0.058694605,False,0.29459915,False,stabilized_flow_log_feature
2024-06-03 17:00:00,0.1558209,False,train,0.114473194,False,0.06435513,False,0.28863436,False,stabilized_flow_log_feature
2024-06-04 05:00:00,0.14781523,False,train,0.11833584,False,0.056467608,False,0.26864222,False,stabilized_flow_log_feature
2024-06-04 17:00:00,0.13013022,False,train,0.10106499,False,0.05188161,False,0.237444,False,stabilized_flow_log_feature
2024-06-05 05:00:00,0.11810691,False,train,0.11191016,False,0.05715177,False,0.18525879,False,stabilized_flow_log_feature
2024-06-05 17:00:00,0.12432308,False,train,0.11225408,False,0.058779243,False,0.20193596,False,stabilized_flow_log_feature
2024-06-06 05:00:00,0.17010295,False,train,0.09890488,False,0.06416261,False,0.34724137,False,stabilized_flow_log_feature
2024-06-06 17:00:00,0.18625242,False,train,0.09865574,False,0.10925383,False,0.3508476,False,stabilized_flow_log_feature
2024-06-07 05:00:00,0.13919058,False,train,0.11102423,False,0.108285844,False,0.1982617,False,stabilized_flow_log_feature
2024-06-07 17:00:00,0.10388776,False,train,0.119906545,False,0.060012814,False,0.13174392,False,stabilized_flow_log_feature
2024-06-08 05:00:00,0.10534106,False,train,0.10849237,False,0.061504763,False,0.14602609,False,stabilized_flow_log_feature
2024-06-08 17:00:00,0.096969716,False,train,0.09057791,False,0.041947555,False,0.15838368,False,stabilized_flow_log_feature
2024-06-09 05:00:00,0.08728967,False,train,0.08035607,False,0.050061956,False,0.131451,False,stabilized_flow_log_feature
2024-06-09 17:00:00,0.098019324,False,train,0.10935732,False,0.06708815,False,0.1176125,False,stabilized_flow_log_feature
2024-06-10 05:00:00,0.11634216,False,train,0.102103,False,0.0956574,False,0.15126608,False,stabilized_flow_log_feature
2024-06-10 17:00:00,0.09778484,False,train,0.075036034,False,0.09943065,False,0.11888781,False,stabilized_flow_log_feature
2024-06-11 05:00:00,0.064026795,False,train,0.08367941,False,0.05983438,False,0.048566584,False,supply_temp_c
2024-06-11 17:00:00,0.05771156,False,train,0.07640386,False,0.050312866,False,0.046417963,False,supply_temp_c
2024-06-12 05:00:00,0.044280794,False,train,0.05887283,False,0.045726288,False,0.028243259,False,supply_temp_c
2024-06-12 17:00:00,0.054245003,False,train,0.069733776,False,0.062919624,False,0.0300816,False,supply_temp_c
2024-06-13 05:00:00,0.059866473,False,train,0.07974702,False,0.06444322,False,0.0354092,False,supply_temp_c
2024-06-13 17:00:00,0.056619022,False,train,0.076592594,False,0.06067263,False,0.032591835,False,supply_temp_c
2024-06-14 05:00:00,0.05586716,False,train,0.08081292,False,0.054317866,False,0.032470696,False,supply_temp_c
2024-06-14 17:00:00,0.055727556,False,train,0.08307154,False,0.05132623,False,0.032784887,False,supply_temp_c
2024-06-15 05:00:00,0.05686851,False,train,0.08386952,False,0.060443204,False,0.026292795,False,supply_temp_c
2024-06-15 17:00:00,0.05637867,False,train,0.08106826,False,0.056690563,False,0.03137718,False,supply_temp_c
2024-06-16 05:00:00,0.057179067,False,train,0.08876533,False,0.054076258,False,0.02869562,False,supply_temp_c
2024-06-16 17:00:00,0.06362934,False,train,0.094891965,False,0.07123706,False,0.02475898,False,supply_temp_c
2024-06-17 05:00:00,0.060263284,False,train,0.084662415,False,0.07042104,False,0.025706371,False,supply_temp_c
2024-06-17 17:00:00,0.0626949,False,train,0.088609666,False,0.07360619,False,0.025868839,False,supply_temp_c
2024-06-18 05:00:00,0.063721865,False,train,0.08340152,False,0.07366996,False,0.0340941,False,supply_temp_c
2024-06-18 17:00:00,0.06231892,False,train,0.08445263,False,0.06586305,False,0.03664109,False,supply_temp_c
2024-06-19 05:00:00,0.0586376,False,train,0.076726176,False,0.06874029,False,0.030446345,False,supply_temp_c
2024-06-19 17:00:00,0.06101966,False,train,0.088145636,False,0.065195516,False,0.029717842,False,supply_temp_c
2024-06-20 05:00:00,0.0751264,False,train,0.09988088,False,0.098395236,False,0.027103089,False,supply_temp_c
2024-06-20 17:00:00,0.12223738,False,train,0.0876734,False,0.14461584,False,0.13442288,False,return_temp_c
2024-06-21 05:00:00,0.14533392,False,train,0.09686208,False,0.09296197,False,0.24617767,False,stabilized_flow_log_feature
2024-06-21 17:00:00,0.10410007,False,train,0.088852316,False,0.04548788,False,0.17796,False,stabilized_flow_log_feature
2024-06-22 05:00:00,0.08803265,False,train,0.093471415,False,0.053224683,False,0.11740186,False,stabilized_flow_log_feature
2024-06-22 17:00:00,0.09077223,False,train,0.08041964,False,0.052994415,False,0.13890266,False,stabilized_flow_log_feature
2024-06-23 05:00:00,0.076624036,False,train,0.06749112,False,0.054684848,False,0.10769617,False,stabilized_flow_log_feature
2024-06-23 17:00:00,0.08861064,False,train,0.09552028,False,0.0520844,False,0.118227236,False,stabilized_flow_log_feature
2024-06-24 05:00:00,0.09001793,False,train,0.094394155,False,0.047978867,False,0.12768073,False,stabilized_flow_log_feature
2024-06-24 17:00:00,0.09119022,False,train,0.08076309,False,0.046282515,False,0.14652504,False,stabilized_flow_log_feature
2024-06-25 05:00:00,0.099512726,False,train,0.08809894,False,0.056161035,False,0.15427819,False,stabilized_flow_log_feature
2024-06-25 17:00:00,0.108803496,False,train,0.07316362,False,0.055254366,False,0.1979925,False,stabilized_flow_log_feature
2024-06-26 05:00:00,0.098091274,False,train,0.08510753,False,0.05090602,False,0.15826024,False,stabilized_flow_log_feature
2024-06-26 17:00:00,0.12699595,False,train,0.07876392,False,0.06319944,False,0.23902448,False,stabilized_flow_log_feature
2024-06-27 05:00:00,0.13718328,False,train,0.073069476,False,0.05348489,False,0.28499544,False,stabilized_flow_log_feature
2024-06-27 17:00:00,0.11708535,False,train,0.08645428,False,0.04858462,False,0.21621715,False,stabilized_flow_log_feature
2024-06-28 05:00:00,0.10662398,False,train,0.07896274,False,0.052383963,False,0.18852524,False,stabilized_flow_log_feature
2024-06-28 17:00:00,0.09744684,False,train,0.083939366,False,0.04787467,False,0.16052647,False,stabilized_flow_log_feature
2024-06-29 05:00:00,0.097619146,False,train,0.061918184,False,0.051633283,False,0.17930599,False,stabilized_flow_log_feature
2024-06-29 17:00:00,0.115559235,False,train,0.056493852,False,0.03971636,False,0.2504675,False,stabilized_flow_log_feature
2024-06-30 05:00:00,0.1070774,False,train,0.06182778,False,0.033085268,False,0.22631915,False,stabilized_flow_log_feature
2024-06-30 17:00:00,0.21069074,False,train,0.14753874,False,0.22443199,False,0.26010147,False,stabilized_flow_log_feature
2024-07-01 05:00:00,0.2172694,False,train,0.13681316,False,0.22344775,False,0.29154727,False,stabilized_flow_log_feature
2024-07-01 17:00:00,0.1075097,False,train,0.060491454,False,0.051812425,False,0.21022527,False,stabilized_flow_log_feature
2024-07-02 05:00:00,0.10912426,False,train,0.063300245,False,0.066839606,False,0.1972329,False,stabilized_flow_log_feature
2024-07-03 17:00:00,0.28206804,False,train,0.1351646,False,0.60643405,True,0.104605496,False,return_temp_c
2024-07-04 05:00:00,0.27481583,False,train,0.14253691,False,0.59316796,True,0.08874256,False,return_temp_c
2024-07-04 17:00:00,0.06884486,False,train,0.070098475,False,0.037797745,False,0.09863833,False,stabilized_flow_log_feature
2024-07-05 05:00:00,0.076487266,False,train,0.073989116,False,0.05340999,False,0.10206267,False,stabilized_flow_log_feature
2024-07-05 17:00:00,0.07149071,False,train,0.07431441,False,0.048819277,False,0.09133842,False,stabilized_flow_log_feature
2024-07-06 05:00:00,0.06424616,False,train,0.07098735,False,0.0537361,False,0.06801503,False,supply_temp_c
2024-07-06 17:00:00,0.06223544,False,train,0.07427921,False,0.048984528,False,0.063442595,False,supply_temp_c
2024-07-07 05:00:00,0.06909581,False,train,0.060281593,False,0.04901645,False,0.09798937,False,stabilized_flow_log_feature
2024-07-07 17:00:00,0.13448682,False,train,0.079762675,False,0.060124,False,0.2635738,False,stabilized_flow_log_feature
2024-07-08 05:00:00,0.1310385,False,train,0.07816597,False,0.06597432,False,0.24897526,False,stabilized_flow_log_feature
2024-07-08 17:00:00,0.07405282,False,train,0.06992742,False,0.054084312,False,0.098146714,False,stabilized_flow_log_feature
2024-07-09 05:00:00,0.0737969,False,train,0.06887682,False,0.05652958,False,0.09598432,False,stabilized_flow_log_feature
2024-07-09 17:00:00,0.07485133,False,train,0.07260101,False,0.060112614,False,0.09184035,False,stabilized_flow_log_feature
2024-07-10 05:00:00,0.08173381,False,train,0.07484216,False,0.061782118,False,0.10857717,False,stabilized_flow_log_feature
2024-07-10 17:00:00,0.08622307,False,train,0.07955655,False,0.05163641,False,0.12747626,False,stabilized_flow_log_feature
2024-07-11 05:00:00,0.07916669,False,train,0.08724705,False,0.04599589,False,0.10425711,False,stabilized_flow_log_feature
2024-07-11 17:00:00,0.098783515,False,train,0.083522536,False,0.051606253,False,0.16122173,False,stabilized_flow_log_feature
2024-07-12 05:00:00,0.09175018,False,train,0.07292004,False,0.0603269,False,0.14200358,False,stabilized_flow_log_feature
2024-07-12 17:00:00,0.07223406,False,train,0.07439021,False,0.05020733,False,0.09210462,False,stabilized_flow_log_feature
2024-07-13 05:00:00,0.07335496,False,train,0.073121116,False,0.055565733,False,0.091378056,False,stabilized_flow_log_feature
2024-07-13 17:00:00,0.07258574,False,train,0.06881233,False,0.060780432,False,0.08816444,False,stabilized_flow_log_feature
2024-07-14 05:00:00,0.08286187,False,train,0.07608767,False,0.047176708,False,0.12532122,False,stabilized_flow_log_feature
2024-07-14 17:00:00,0.083580375,False,train,0.07443092,False,0.050699174,False,0.12561102,False,stabilized_flow_log_feature
2024-07-15 05:00:00,0.07762571,False,train,0.07229524,False,0.059373125,False,0.101208754,False,stabilized_flow_log_feature
2024-07-15 17:00:00,0.0818945,False,train,0.073437974,False,0.06520286,False,0.10704267,False,stabilized_flow_log_feature
2024-07-16 05:00:00,0.07977867,False,train,0.07488434,False,0.057183754,False,0.107267916,False,stabilized_flow_log_feature
2024-07-16 17:00:00,0.07321592,False,train,0.06715824,False,0.06407664,False,0.08841288,False,stabilized_flow_log_feature
2024-07-17 05:00:00,0.07391239,False,train,0.07502759,False,0.06908897,False,0.077620596,False,stabilized_flow_log_feature
2024-07-17 17:00:00,0.085852,False,train,0.080979355,False,0.100654565,False,0.07592205,False,return_temp_c
2024-07-18 05:00:00,0.097587794,False,train,0.07644129,False,0.10930554,False,0.10701653,False,return_temp_c
2024-07-18 17:00:00,0.090945564,False,train,0.08967019,False,0.042927276,False,0.14023918,False,stabilized_flow_log_feature
2024-07-19 05:00:00,0.08316102,False,train,0.0768398,False,0.04518475,False,0.12745847,False,stabilized_flow_log_feature
2024-07-19 17:00:00,0.08736528,False,train,0.079443865,False,0.043358993,False,0.13929297,False,stabilized_flow_log_feature
2024-07-20 05:00:00,0.08942369,False,train,0.07902429,False,0.043389264,False,0.14585753,False,stabilized_flow_log_feature
2024-07-20 17:00:00,0.09949359,False,train,0.07492937,False,0.06773274,False,0.15581869,False,stabilized_flow_log_feature
2024-07-21 05:00:00,0.100948125,False,train,0.095128514,False,0.053909536,False,0.15380631,False,stabilized_flow_log_feature
2024-07-21 17:00:00,0.10007022,False,train,0.08438772,False,0.06468103,False,0.1511419,False,stabilized_flow_log_feature
2024-07-22 05:00:00,0.08736877,False,train,0.079834834,False,0.05966268,False,0.12260879,False,stabilized_flow_log_feature
2024-07-22 17:00:00,0.107035674,False,train,0.07536879,False,0.053727638,False,0.1920106,False,stabilized_flow_log_feature
2024-07-23 05:00:00,0.099985994,False,train,0.07425903,False,0.05027553,False,0.17542344,False,stabilized_flow_log_feature
2024-07-23 17:00:00,0.07425124,False,train,0.075221054,False,0.04104644,False,0.10648622,False,stabilized_flow_log_feature
2024-07-24 05:00:00,0.07142759,False,train,0.07233118,False,0.0482183,False,0.09373329,False,stabilized_flow_log_feature
2024-07-24 17:00:00,0.13561194,False,train,0.07869907,False,0.13838746,False,0.18974926,False,stabilized_flow_log_feature
2024-07-25 05:00:00,0.14218624,False,train,0.08355317,False,0.12986524,False,0.21314035,False,stabilized_flow_log_feature
2024-07-25 17:00:00,0.06619703,False,train,0.06500707,False,0.04988836,False,0.08369566,False,stabilized_flow_log_feature
2024-07-26 05:00:00,0.06066583,False,train,0.061716095,False,0.054023046,False,0.06625835,False,stabilized_flow_log_feature
2024-07-26 17:00:00,0.06618878,False,train,0.06872914,False,0.040846672,False,0.0889905,False,stabilized_flow_log_feature
2024-07-27 05:00:00,0.07754409,False,train,0.07843464,False,0.04377562,False,0.110421985,False,stabilized_flow_log_feature
2024-07-27 17:00:00,0.074790366,False,train,0.073466025,False,0.056414787,False,0.09449028,False,stabilized_flow_log_feature
2024-07-28 05:00:00,0.089000195,False,train,0.08026979,False,0.047050327,False,0.13968046,False,stabilized_flow_log_feature
2024-07-28 17:00:00,0.08706024,False,train,0.07392763,False,0.049126502,False,0.13812658,False,stabilized_flow_log_feature
2024-07-29 05:00:00,0.07586477,False,train,0.068919,False,0.052397896,False,0.106277436,False,stabilized_flow_log_feature
2024-07-29 17:00:00,0.08068766,False,train,0.081758074,False,0.044473697,False,0.11583119,False,stabilized_flow_log_feature
2024-07-30 05:00:00,0.07967431,False,train,0.07802693,False,0.04665254,False,0.11434346,False,stabilized_flow_log_feature
2024-07-30 17:00:00,0.078428075,False,train,0.07556499,False,0.057152122,False,0.102567114,False,stabilized_flow_log_feature
2024-07-31 05:00:00,0.10017916,False,train,0.08674859,False,0.04591562,False,0.16787328,False,stabilized_flow_log_feature
2024-07-31 17:00:00,0.10171889,False,train,0.08045398,False,0.05647741,False,0.16822527,False,stabilized_flow_log_feature
2024-08-01 05:00:00,0.09557732,False,train,0.09897808,False,0.045746833,False,0.14200707,False,stabilized_flow_log_feature
2024-08-01 17:00:00,0.087928295,False,train,0.08351693,False,0.047892082,False,0.13237585,False,stabilized_flow_log_feature
2024-08-02 05:00:00,0.07034871,False,train,0.0741621,False,0.043709304,False,0.09317475,False,stabilized_flow_log_feature
2024-08-02 17:00:00,0.06756328,False,train,0.07157452,False,0.04541627,False,0.08569906,False,stabilized_flow_log_feature
2024-08-03 05:00:00,0.073457025,False,train,0.07579278,False,0.058254067,False,0.086324215,False,stabilized_flow_log_feature
2024-08-03 17:00:00,0.08254479,False,train,0.086487465,False,0.04372813,False,0.11741876,False,stabilized_flow_log_feature
2024-08-04 05:00:00,0.0807378,False,train,0.081028014,False,0.042277828,False,0.11890753,False,stabilized_flow_log_feature
2024-08-04 17:00:00,0.07414142,False,train,0.08036331,False,0.048708472,False,0.09335246,False,stabilized_flow_log_feature
2024-08-05 05:00:00,0.06777373,False,train,0.072913185,False,0.052536245,False,0.077871755,False,stabilized_flow_log_feature
2024-08-05 17:00:00,0.09901326,False,train,0.11747933,False,0.071962215,False,0.10759822,False,supply_temp_c
2024-08-06 05:00:00,0.11889509,False,train,0.10027126,False,0.1251169,False,0.13129711,False,stabilized_flow_log_feature
2024-08-06 17:00:00,0.15730934,False,train,0.17633589,False,0.16617292,False,0.12941921,False,supply_temp_c
2024-08-07 05:00:00,0.115827255,False,train,0.07459346,False,0.12601484,False,0.14687346,False,stabilized_flow_log_feature
2024-08-07 17:00:00,0.11883458,False,train,0.11563539,False,0.092459284,False,0.14840905,False,stabilized_flow_log_feature
2024-08-09 05:00:00,0.40012822,True,train,0.3218309,True,0.4378586,True,0.44069505,False,stabilized_flow_log_feature
2024-08-09 17:00:00,0.15115507,False,train,0.07327124,False,0.050049882,False,0.33014414,False,stabilized_flow_log_feature
2024-08-10 05:00:00,0.21404253,False,train,0.097657174,False,0.10491371,False,0.43955672,False,stabilized_flow_log_feature
2024-08-10 17:00:00,0.22240752,False,train,0.09953046,False,0.11825979,False,0.44943237,False,stabilized_flow_log_feature
2024-08-11 05:00:00,0.26455075,False,train,0.09589535,False,0.092015386,False,0.60574156,False,stabilized_flow_log_feature
2024-08-11 17:00:00,0.25332198,False,train,0.094986886,False,0.06818195,False,0.5967971,False,stabilized_flow_log_feature
2024-08-12 05:00:00,0.22048971,False,train,0.08709913,False,0.08228673,False,0.49208328,False,stabilized_flow_log_feature
2024-08-12 17:00:00,0.20750546,False,train,0.08497121,False,0.10224708,False,0.4352981,False,stabilized_flow_log_feature
2024-08-13 05:00:00,0.29554516,False,train,0.103769325,False,0.10721185,False,0.67565423,False,stabilized_flow_log_feature
2024-08-13 17:00:00,0.31109816,False,train,0.10851621,False,0.12775609,False,0.69702214,True,stabilized_flow_log_feature
2024-08-14 05:00:00,0.26833385,False,train,0.113356836,False,0.10800048,False,0.58364433,False,stabilized_flow_log_feature
2024-08-14 17:00:00,0.28888056,False,train,0.09560132,False,0.09684152,False,0.67419887,False,stabilized_flow_log_feature
2024-08-15 05:00:00,0.2293788,False,train,0.087296344,False,0.08520474,False,0.51563525,False,stabilized_flow_log_feature
2024-08-15 17:00:00,0.43069455,True,train,0.23135328,False,0.48729953,True,0.5734308,False,stabilized_flow_log_feature
2024-08-16 05:00:00,0.43923098,True,train,0.27047533,True,0.47411,True,0.5731075,False,stabilized_flow_log_feature
2024-08-16 17:00:00,0.20727485,False,train,0.08953958,False,0.064451635,False,0.4678334,False,stabilized_flow_log_feature
2024-08-17 05:00:00,0.28456527,False,train,0.14969379,False,0.117331274,False,0.5866707,False,stabilized_flow_log_feature
2024-08-17 17:00:00,0.2932821,False,train,0.17519157,False,0.20429426,False,0.5003604,False,stabilized_flow_log_feature
2024-08-18 05:00:00,0.2629878,False,train,0.21242529,False,0.15224856,False,0.42428958,False,stabilized_flow_log_feature
2024-08-18 17:00:00,0.20118824,False,train,0.089653276,False,0.07581782,False,0.43809366,False,stabilized_flow_log_feature
2024-08-19 05:00:00,0.25346586,False,train,0.122431904,False,0.10209596,False,0.5358697,False,stabilized_flow_log_feature
2024-08-19 17:00:00,0.1982744,False,train,0.10233891,False,0.15647338,False,0.3360109,False,stabilized_flow_log_feature
2024-08-20 05:00:00,0.18103261,False,train,0.15304314,False,0.16067363,False,0.22938113,False,stabilized_flow_log_feature
2024-08-20 17:00:00,0.15026313,False,train,0.07171055,False,0.11542503,False,0.2636538,False,stabilized_flow_log_feature
2024-08-21 05:00:00,0.20001343,False,train,0.0703791,False,0.06890027,False,0.46076092,False,stabilized_flow_log_feature
2024-08-21 17:00:00,0.23239633,False,train,0.08416715,False,0.083026074,False,0.52999574,False,stabilized_flow_log_feature
2024-08-22 05:00:00,0.24498156,False,train,0.090976685,False,0.09104818,False,0.5529197,False,stabilized_flow_log_feature
2024-08-22 17:00:00,0.24632986,False,train,0.09997321,False,0.079395235,False,0.5596211,False,stabilized_flow_log_feature
2024-08-23 05:00:00,0.2451565,False,train,0.096842684,False,0.12119138,False,0.5174354,False,stabilized_flow_log_feature
2024-08-23 17:00:00,0.29397836,False,train,0.10247153,False,0.14756937,False,0.6318942,False,stabilized_flow_log_feature
2024-08-24 05:00:00,0.33743912,False,train,0.12382132,False,0.12702529,False,0.7614708,True,stabilized_flow_log_feature
2024-08-24 17:00:00,0.36423725,True,train,0.13124886,False,0.123648316,False,0.83781457,True,stabilized_flow_log_feature
2024-08-25 05:00:00,0.3357502,False,train,0.12513913,False,0.115388155,False,0.76672316,True,stabilized_flow_log_feature
2024-08-25 17:00:00,0.30016908,False,train,0.10320187,False,0.12727897,False,0.6700263,False,stabilized_flow_log_feature
2024-08-26 05:00:00,0.27567723,False,train,0.098583184,False,0.11580518,False,0.61264324,False,stabilized_flow_log_feature
2024-08-26 17:00:00,0.26196784,False,train,0.08764681,False,0.1265888,False,0.57166785,False,stabilized_flow_log_feature
2024-08-27 05:00:00,0.35647905,True,train,0.105652265,False,0.098956764,False,0.8648283,True,stabilized_flow_log_feature
2024-08-27 17:00:00,0.3462645,False,train,0.114682175,False,0.09441668,False,0.82969475,True,stabilized_flow_log_feature
2024-08-28 05:00:00,0.19275896,False,train,0.11432428,False,0.10552379,False,0.35842887,False,stabilized_flow_log_feature
2024-08-28 17:00:00,0.2651643,False,train,0.10641626,False,0.09392031,False,0.59515625,False,stabilized_flow_log_feature
2024-08-29 05:00:00,0.385867,True,train,0.08829016,False,0.11676613,False,0.9525446,True,stabilized_flow_log_feature
2024-08-29 17:00:00,0.31757748,False,train,0.08099427,False,0.12305799,False,0.7486802,True,stabilized_flow_log_feature
2024-08-30 05:00:00,0.21163651,False,train,0.124391854,False,0.12698919,False,0.3835285,False,stabilized_flow_log_feature
2024-08-30 17:00:00,0.18672633,False,train,0.12199489,False,0.16655119,False,0.2716329,False,stabilized_flow_log_feature
2024-08-31 05:00:00,0.22791995,False,train,0.15793905,False,0.11530036,False,0.41052046,False,stabilized_flow_log_feature
2024-08-31 17:00:00,0.19347912,False,train,0.12666161,False,0.0864203,False,0.36735547,False,stabilized_flow_log_feature
2024-09-01 05:00:00,0.19639127,False,train,0.084643334,False,0.14330617,False,0.3612243,False,stabilized_flow_log_feature
2024-09-01 17:00:00,0.20175973,False,train,0.12921552,False,0.10473754,False,0.3713261,False,stabilized_flow_log_feature
2024-09-02 05:00:00,0.18463118,False,train,0.08066543,False,0.07809407,False,0.39513406,False,stabilized_flow_log_feature
2024-09-02 17:00:00,0.16911528,False,train,0.07519353,False,0.14549367,False,0.2866586,False,stabilized_flow_log_feature
2024-09-03 05:00:00,0.094043605,False,train,0.096821286,False,0.12144947,False,0.06386004,False,return_temp_c
2024-09-03 17:00:00,0.080819115,False,train,0.07939144,False,0.10118366,False,0.06188224,False,return_temp_c
2024-09-04 05:00:00,0.07838306,False,train,0.10303679,False,0.06699735,False,0.06511504,False,supply_temp_c
2024-09-04 17:00:00,0.06898339,False,train,0.06158322,False,0.042900458,False,0.10246647,False,stabilized_flow_log_feature
2024-09-05 05:00:00,0.15860489,False,train,0.07795292,False,0.052491337,False,0.3453704,False,stabilized_flow_log_feature
2024-09-05 17:00:00,0.17972486,False,train,0.121495046,False,0.07749792,False,0.3401816,False,stabilized_flow_log_feature
2024-09-06 05:00:00,0.14682168,False,train,0.11887566,False,0.1088381,False,0.21275125,False,stabilized_flow_log_feature
2024-09-06 17:00:00,0.14313824,False,train,0.121578954,False,0.09440985,False,0.21342592,False,stabilized_flow_log_feature
2024-09-07 05:00:00,0.17011012,False,train,0.11944318,False,0.08965286,False,0.30123428,False,stabilized_flow_log_feature
2024-09-07 17:00:00,0.20417987,False,train,0.06709424,False,0.07474015,False,0.47070524,False,stabilized_flow_log_feature
2024-09-08 05:00:00,0.23162396,False,train,0.066383414,False,0.09331476,False,0.5351737,False,stabilized_flow_log_feature
2024-09-08 17:00:00,0.24241379,False,train,0.099327944,False,0.14004914,False,0.4878643,False,stabilized_flow_log_feature
2024-09-09 05:00:00,0.20204718,False,train,0.09725342,False,0.10446901,False,0.4044191,False,stabilized_flow_log_feature
2024-09-09 17:00:00,0.16228415,False,train,0.08462856,False,0.10010538,False,0.3021185,False,stabilized_flow_log_feature
2024-09-10 05:00:00,0.1390699,False,train,0.082668446,False,0.14930801,False,0.18523322,False,stabilized_flow_log_feature
2024-09-10 17:00:00,0.14249896,False,train,0.09442532,False,0.11843965,False,0.21463192,False,stabilized_flow_log_feature
2024-09-11 05:00:00,0.21655732,False,train,0.082240716,False,0.15550716,False,0.4119241,False,stabilized_flow_log_feature
2024-09-11 17:00:00,0.23028547,False,train,0.10772581,False,0.16654699,False,0.41658354,False,stabilized_flow_log_feature
2024-09-12 05:00:00,0.15094642,False,train,0.13338704,False,0.103312396,False,0.21613984,False,stabilized_flow_log_feature
2024-09-12 17:00:00,0.12086794,False,train,0.1269043,False,0.13343184,False,0.10226771,False,return_temp_c
2024-09-13 05:00:00,0.16172358,False,train,0.17194276,False,0.099261165,False,0.21396685,False,stabilized_flow_log_feature
2024-09-13 17:00:00,0.11504163,False,train,0.11028769,False,0.046204507,False,0.18863271,False,stabilized_flow_log_feature
2024-09-14 05:00:00,0.11255663,False,train,0.12757902,False,0.061031878,False,0.14905901,False,stabilized_flow_log_feature
2024-09-14 17:00:00,0.08790345,False,train,0.1233925,False,0.05373743,False,0.086580396,False,supply_temp_c
2024-09-15 05:00:00,0.10214053,False,train,0.1205296,False,0.05776934,False,0.12812267,False,stabilized_flow_log_feature
2024-09-15 17:00:00,0.111020856,False,train,0.13311177,False,0.06307807,False,0.13687271,False,stabilized_flow_log_feature
2024-09-16 05:00:00,0.12139266,False,train,0.10781338,False,0.07019169,False,0.18617289,False,stabilized_flow_log_feature
2024-09-16 17:00:00,0.1378227,False,train,0.11707274,False,0.08295967,False,0.21343571,False,stabilized_flow_log_feature
2024-09-17 05:00:00,0.13651906,False,train,0.14860967,False,0.07800481,False,0.1829427,False,stabilized_flow_log_feature
2024-09-17 17:00:00,0.12312651,False,train,0.13105363,False,0.072873734,False,0.16545217,False,stabilized_flow_log_feature
2024-09-18 05:00:00,0.12520808,False,train,0.12650026,False,0.060129527,False,0.18899442,False,stabilized_flow_log_feature
2024-09-18 17:00:00,0.21930104,False,train,0.15140839,False,0.10817934,False,0.39831543,False,stabilized_flow_log_feature
2024-09-19 05:00:00,0.4532545,True,train,0.11811415,False,0.23640268,False,1.0052468,True,stabilized_flow_log_feature
2024-09-19 17:00:00,0.5727192,True,train,0.07557541,False,0.20603557,False,1.4365467,True,stabilized_flow_log_feature
2024-09-20 05:00:00,0.5189232,True,train,0.054729685,False,0.12363253,False,1.3784075,True,stabilized_flow_log_feature
2024-09-20 17:00:00,0.48900038,True,train,0.049412128,False,0.13803455,False,1.2795545,True,stabilized_flow_log_feature
2024-09-21 05:00:00,0.36018592,True,train,0.09472415,False,0.13404912,False,0.8517845,True,stabilized_flow_log_feature
2024-09-21 17:00:00,0.22048718,False,train,0.103072815,False,0.13643445,False,0.4219543,False,stabilized_flow_log_feature
2024-09-22 05:00:00,0.159621,False,train,0.09550017,False,0.1115961,False,0.27176672,False,stabilized_flow_log_feature
2024-09-22 17:00:00,0.13039917,False,train,0.12272587,False,0.12983242,False,0.13863924,False,stabilized_flow_log_feature
2024-09-23 05:00:00,0.27156985,False,train,0.08581847,False,0.11269195,False,0.61619914,False,stabilized_flow_log_feature
2024-09-23 17:00:00,0.23206931,False,train,0.0633502,False,0.055782825,False,0.57707494,False,stabilized_flow_log_feature
2024-09-24 05:00:00,0.2001607,False,train,0.06767289,False,0.08240623,False,0.45040298,False,stabilized_flow_log_feature
2024-09-24 17:00:00,0.34581354,False,train,0.09877465,False,0.08398893,False,0.85467714,True,stabilized_flow_log_feature
2024-09-25 05:00:00,0.34714264,False,train,0.117636144,False,0.09029112,False,0.8335006,True,stabilized_flow_log_feature
2024-09-25 17:00:00,0.19371638,False,train,0.11827176,False,0.07796983,False,0.3849075,False,stabilized_flow_log_feature
2024-09-26 05:00:00,0.09855098,False,train,0.08189157,False,0.045634463,False,0.1681269,False,stabilized_flow_log_feature
2024-09-26 17:00:00,0.09044324,False,train,0.07070688,False,0.04630511,False,0.15431774,False,stabilized_flow_log_feature
2024-09-27 05:00:00,0.083105296,False,train,0.08038303,False,0.043254618,False,0.12567824,False,stabilized_flow_log_feature
2024-09-27 17:00:00,0.06286546,False,train,0.0744308,False,0.043091428,False,0.07107415,False,supply_temp_c
2024-09-28 05:00:00,0.062336974,False,train,0.06875357,False,0.042507213,False,0.07575016,False,stabilized_flow_log_feature
2024-09-28 17:00:00,0.075683676,False,train,0.08305583,False,0.051642403,False,0.09235278,False,stabilized_flow_log_feature
2024-09-29 05:00:00,0.092078224,False,train,0.08491147,False,0.09192305,False,0.09940013,False,stabilized_flow_log_feature
2024-09-29 17:00:00,0.11870195,False,train,0.06579087,False,0.12523468,False,0.16508025,False,stabilized_flow_log_feature
2024-09-30 05:00:00,0.08956359,False,train,0.057768073,False,0.067034446,False,0.14388825,False,stabilized_flow_log_feature
2024-09-30 17:00:00,0.061977804,False,train,0.06758988,False,0.036738496,False,0.08160504,False,stabilized_flow_log_feature
2024-10-01 05:00:00,0.067611545,False,train,0.082398005,False,0.039454848,False,0.080981754,False,supply_temp_c
2024-10-01 17:00:00,0.055356808,False,train,0.06805133,False,0.0376279,False,0.0603912,False,supply_temp_c
2024-10-02 05:00:00,0.053104244,False,train,0.05533801,False,0.064224966,False,0.039749775,False,return_temp_c
2024-10-02 17:00:00,0.050643828,False,train,0.040958006,False,0.095645845,False,0.015327622,False,return_temp_c
2024-10-03 05:00:00,0.04679707,False,train,0.03689446,False,0.086624674,False,0.016872078,False,return_temp_c
2024-10-03 17:00:00,0.034462374,False,train,0.027679583,False,0.059929132,False,0.015778396,False,return_temp_c
2024-10-04 05:00:00,0.038302656,False,train,0.032454416,False,0.060312897,False,0.022140644,False,return_temp_c
2024-10-04 17:00:00,0.049559977,False,train,0.042040665,False,0.0770151,False,0.029624162,False,return_temp_c
2024-10-05 05:00:00,0.049431436,False,train,0.039384194,False,0.08316445,False,0.025745668,False,return_temp_c
2024-10-05 17:00:00,0.03307923,False,train,0.031078884,False,0.05991553,False,0.0082432665,False,return_temp_c
2024-10-06 05:00:00,0.03471852,False,train,0.033456475,False,0.058103263,False,0.012595821,False,return_temp_c
2024-10-06 17:00:00,0.048724428,False,train,0.045778826,False,0.079003036,False,0.021391423,False,return_temp_c
2024-10-07 05:00:00,0.08125938,False,train,0.056988236,False,0.13087736,False,0.055912536,False,return_temp_c
2024-10-07 17:00:00,0.06708287,False,train,0.044523064,False,0.1077284,False,0.048997145,False,return_temp_c
2024-10-08 05:00:00,0.039467372,False,train,0.039649162,False,0.03793253,False,0.040820424,False,stabilized_flow_log_feature
2024-10-08 17:00:00,0.05760857,False,train,0.06468329,False,0.06214613,False,0.04599631,False,supply_temp_c
2024-10-09 05:00:00,0.061099596,False,train,0.050896302,False,0.078399576,False,0.054002922,False,return_temp_c
2024-10-09 17:00:00,0.037821732,False,train,0.032368645,False,0.065782495,False,0.015314042,False,return_temp_c
2024-10-10 05:00:00,0.039517354,False,train,0.033535622,False,0.06896349,False,0.016052933,False,return_temp_c
2024-10-11 17:00:00,0.18471964,False,train,0.056792364,False,0.08746893,False,0.40989769,False,stabilized_flow_log_feature
2024-10-12 05:00:00,0.10408625,False,train,0.050661158,False,0.06257387,False,0.19902371,False,stabilized_flow_log_feature
2024-10-12 17:00:00,0.11894061,False,train,0.09465473,False,0.06079538,False,0.20137167,False,stabilized_flow_log_feature
2024-10-13 05:00:00,0.15890083,False,train,0.12019682,False,0.05298691,False,0.3035188,False,stabilized_flow_log_feature
2024-10-13 17:00:00,0.12904972,False,train,0.08414224,False,0.057188135,False,0.24581881,False,stabilized_flow_log_feature
2024-10-14 05:00:00,0.110061504,False,train,0.096983254,False,0.07546559,False,0.15773565,False,stabilized_flow_log_feature
2024-10-21 17:00:00,0.121459655,False,train,0.070503384,False,0.059384808,False,0.23449075,False,stabilized_flow_log_feature
2024-10-22 05:00:00,0.16245623,False,train,0.07547798,False,0.07786879,False,0.33402193,False,stabilized_flow_log_feature
2024-10-22 17:00:00,0.15262482,False,train,0.08424526,False,0.08020965,False,0.29341954,False,stabilized_flow_log_feature
2024-10-23 05:00:00,0.16013783,False,train,0.07133263,False,0.10092145,False,0.3081594,False,stabilized_flow_log_feature
2024-10-23 17:00:00,0.15057765,False,train,0.06889216,False,0.09455215,False,0.28828862,False,stabilized_flow_log_feature
2024-10-24 05:00:00,0.14001523,False,train,0.046581995,False,0.07608225,False,0.29738143,False,stabilized_flow_log_feature
2024-10-24 17:00:00,0.14217551,False,train,0.053789806,False,0.06846925,False,0.3042675,False,stabilized_flow_log_feature
2024-10-25 05:00:00,0.10730528,False,train,0.05462713,False,0.061630026,False,0.20565869,False,stabilized_flow_log_feature
2024-10-25 17:00:00,0.083104126,False,train,0.055400744,False,0.06422987,False,0.12968178,False,stabilized_flow_log_feature
2024-10-26 05:00:00,0.09547594,False,train,0.06444009,False,0.055945057,False,0.16604267,False,stabilized_flow_log_feature
2024-10-26 17:00:00,0.11665119,False,train,0.07972453,False,0.09357456,False,0.1766545,False,stabilized_flow_log_feature
2024-10-27 05:00:00,0.104169145,False,train,0.08616377,False,0.095153116,False,0.13119058,False,stabilized_flow_log_feature
2024-10-27 17:00:00,0.15756708,False,train,0.14374273,False,0.14710325,False,0.18185532,False,stabilized_flow_log_feature
2024-10-28 05:00:00,0.1481057,False,train,0.14234315,False,0.111281626,False,0.19069235,False,stabilized_flow_log_feature
2024-10-28 17:00:00,0.10041676,False,train,0.0808121,False,0.059129745,False,0.16130842,False,stabilized_flow_log_feature
2024-10-29 05:00:00,0.0934749,False,train,0.08483075,False,0.062324673,False,0.1332693,False,stabilized_flow_log_feature
2024-10-29 17:00:00,0.09779528,False,train,0.07287943,False,0.07696285,False,0.14354357,False,stabilized_flow_log_feature
2024-10-30 05:00:00,0.16769621,False,train,0.11569286,False,0.09066534,False,0.29673043,False,stabilized_flow_log_feature
2024-10-30 17:00:00,0.17882901,False,train,0.1258605,False,0.09190423,False,0.31872228,False,stabilized_flow_log_feature
2024-10-31 05:00:00,0.1743768,False,train,0.15688221,False,0.08104607,False,0.28520212,False,stabilized_flow_log_feature
2024-10-31 17:00:00,0.18502297,False,train,0.16852307,False,0.10547731,False,0.28106853,False,stabilized_flow_log_feature
2024-11-01 05:00:00,0.17463532,False,train,0.1685103,False,0.11963936,False,0.23575632,False,stabilized_flow_log_feature
2024-11-01 17:00:00,0.1698673,False,train,0.12994936,False,0.123739816,False,0.25591275,False,stabilized_flow_log_feature
2024-11-02 05:00:00,0.19243783,False,train,0.15846743,False,0.11239403,False,0.30645207,False,stabilized_flow_log_feature
2024-11-02 17:00:00,0.16905919,False,train,0.13838942,False,0.09434972,False,0.2744384,False,stabilized_flow_log_feature
2024-11-03 05:00:00,0.15981767,False,train,0.13589849,False,0.098935395,False,0.24461915,False,stabilized_flow_log_feature
2024-11-03 17:00:00,0.19780056,False,train,0.16163541,False,0.09474293,False,0.33702335,False,stabilized_flow_log_feature
2024-11-04 05:00:00,0.21912602,False,train,0.15688665,False,0.12421205,False,0.37627935,False,stabilized_flow_log_feature
2024-11-04 17:00:00,0.1871114,False,train,0.115071185,False,0.13604864,False,0.3102143,False,stabilized_flow_log_feature
2024-11-05 05:00:00,0.2043656,False,train,0.12770374,False,0.110436805,False,0.37495625,False,stabilized_flow_log_feature
2024-11-05 17:00:00,0.18525738,False,train,0.17010571,False,0.08725819,False,0.2984083,False,stabilized_flow_log_feature
2024-11-06 05:00:00,0.1554659,False,train,0.14342175,False,0.11429534,False,0.20868061,False,stabilized_flow_log_feature
2024-11-06 17:00:00,0.16499355,False,train,0.11614441,False,0.10414756,False,0.27468872,False,stabilized_flow_log_feature
2024-11-07 05:00:00,0.1876377,False,train,0.1700476,False,0.12008089,False,0.2727846,False,stabilized_flow_log_feature
2024-11-07 17:00:00,0.19291262,False,train,0.1895055,False,0.12304484,False,0.26618752,False,stabilized_flow_log_feature
2024-11-08 05:00:00,0.17935711,False,train,0.157517,False,0.12328029,False,0.25727397,False,stabilized_flow_log_feature
2024-11-08 17:00:00,0.16271056,False,train,0.13641079,False,0.10995836,False,0.24176253,False,stabilized_flow_log_feature
2024-11-09 05:00:00,0.18482792,False,train,0.13584363,False,0.11806792,False,0.30057225,False,stabilized_flow_log_feature
2024-11-09 17:00:00,0.21340376,False,train,0.18350355,False,0.10165141,False,0.35505638,False,stabilized_flow_log_feature
2024-11-10 05:00:00,0.16066153,False,train,0.11780861,False,0.113478124,False,0.25069788,False,stabilized_flow_log_feature
2024-11-10 17:00:00,0.13217199,False,train,0.09719238,False,0.082265735,False,0.21705782,False,stabilized_flow_log_feature
2024-11-11 05:00:00,0.08248676,False,train,0.077327065,False,0.06837784,False,0.10175539,False,stabilized_flow_log_feature
2024-11-11 17:00:00,0.07551132,False,train,0.07851686,False,0.07458117,False,0.073435925,False,supply_temp_c
2024-11-12 05:00:00,0.09199173,False,train,0.11156099,False,0.09868706,False,0.06572712,False,supply_temp_c
2024-11-12 17:00:00,0.145024,False,train,0.18610556,False,0.14290471,False,0.106061764,False,supply_temp_c
2024-11-13 05:00:00,0.12527442,False,train,0.15654992,False,0.1105032,False,0.108770154,False,supply_temp_c
2024-11-13 17:00:00,0.07597805,False,train,0.06327512,False,0.07686556,False,0.08779345,False,stabilized_flow_log_feature
2024-11-14 05:00:00,0.07686335,False,train,0.061870527,False,0.07910622,False,0.08961332,False,stabilized_flow_log_feature
2024-11-14 17:00:00,0.09542448,False,train,0.077835284,False,0.10484775,False,0.10359038,False,return_temp_c
2024-11-15 05:00:00,0.08999924,False,train,0.07836725,False,0.11072671,False,0.0809038,False,return_temp_c
2024-11-15 17:00:00,0.07314604,False,train,0.055144947,False,0.09504799,False,0.06924517,False,return_temp_c
2024-11-16 05:00:00,0.06904885,False,train,0.05327191,False,0.08531346,False,0.068561174,False,return_temp_c
2024-11-16 17:00:00,0.065895855,False,train,0.04419804,False,0.087881476,False,0.06560806,False,return_temp_c
2024-11-17 05:00:00,0.056839306,False,train,0.05203228,False,0.07943476,False,0.039050873,False,return_temp_c
2024-11-17 17:00:00,0.05740332,False,train,0.05821139,False,0.070955105,False,0.043043476,False,return_temp_c
2024-11-18 05:00:00,0.06179901,False,train,0.059118196,False,0.060222268,False,0.06605657,False,stabilized_flow_log_feature
2024-11-18 17:00:00,0.07429046,False,train,0.07692137,False,0.072816394,False,0.073133595,False,supply_temp_c
2024-11-19 05:00:00,0.08521399,False,train,0.08328098,False,0.07085811,False,0.10150287,False,stabilized_flow_log_feature
2024-11-19 17:00:00,0.22014485,False,train,0.19562618,False,0.13270888,False,0.33209947,False,stabilized_flow_log_feature
2024-11-20 05:00:00,0.2282285,False,train,0.20536214,False,0.16301495,False,0.31630835,False,stabilized_flow_log_feature
2024-11-20 17:00:00,0.12426303,False,train,0.10674735,False,0.13349096,False,0.13255078,False,return_temp_c
2024-11-21 05:00:00,0.14878224,False,train,0.121707715,False,0.13530482,False,0.1893342,False,stabilized_flow_log_feature
2024-11-21 17:00:00,0.12245361,False,train,0.08678707,False,0.1311677,False,0.14940605,False,stabilized_flow_log_feature
2024-11-22 05:00:00,0.09594727,False,train,0.07426525,False,0.10819247,False,0.105384044,False,return_temp_c
2024-11-22 17:00:00,0.090808935,False,train,0.086366504,False,0.09008292,False,0.095977366,False,stabilized_flow_log_feature
2024-11-23 05:00:00,0.09432887,False,train,0.09177319,False,0.11172653,False,0.07948693,False,return_temp_c
2024-11-23 17:00:00,0.08632245,False,train,0.078846246,False,0.09854563,False,0.08157546,False,return_temp_c
2024-11-24 05:00:00,0.081775926,False,train,0.07286045,False,0.07573369,False,0.09673364,False,stabilized_flow_log_feature
2024-11-24 17:00:00,0.08682195,False,train,0.07926857,False,0.082795165,False,0.098402135,False,stabilized_flow_log_feature
2024-11-25 05:00:00,0.09084315,False,train,0.09856079,False,0.08703545,False,0.086933196,False,supply_temp_c
2024-11-25 17:00:00,0.077145286,False,train,0.081991315,False,0.07558561,False,0.07385894,False,supply_temp_c
2024-11-26 05:00:00,0.063032836,False,train,0.06159531,False,0.07948364,False,0.048019547,False,return_temp_c
2024-11-26 17:00:00,0.071716696,False,train,0.061468497,False,0.09755512,False,0.05612647,False,return_temp_c
2024-11-27 05:00:00,0.05331144,False,train,0.05019094,False,0.07036165,False,0.039381724,False,return_temp_c
2024-11-27 17:00:00,0.058738522,False,train,0.061217114,False,0.065290995,False,0.04970747,False,return_temp_c
2024-11-28 05:00:00,0.06683671,False,train,0.061084677,False,0.068602525,False,0.07082293,False,stabilized_flow_log_feature
2024-11-28 17:00:00,0.06051542,False,train,0.05795921,False,0.054230064,False,0.06935698,False,stabilized_flow_log_feature
2024-11-29 05:00:00,0.071113974,False,train,0.075046,False,0.061107505,False,0.07718839,False,stabilized_flow_log_feature
2024-11-29 17:00:00,0.0678704,False,train,0.07463632,False,0.05865261,False,0.07032225,False,supply_temp_c
2024-11-30 05:00:00,0.062259674,False,train,0.06662727,False,0.06787387,False,0.05227788,False,return_temp_c
2024-11-30 17:00:00,0.053937044,False,train,0.051682502,False,0.059270296,False,0.050858337,False,return_temp_c
2024-12-01 05:00:00,0.056119706,False,train,0.055392787,False,0.04424864,False,0.06871768,False,stabilized_flow_log_feature
2024-12-01 17:00:00,0.05966729,False,train,0.053036317,False,0.048942506,False,0.07702305,False,stabilized_flow_log_feature
2024-12-02 05:00:00,0.058242083,False,train,0.04709087,False,0.053648204,False,0.073987186,False,stabilized_flow_log_feature
2024-12-02 17:00:00,0.059442215,False,train,0.05859098,False,0.05892464,False,0.060811024,False,stabilized_flow_log_feature
2024-12-03 05:00:00,0.043097686,False,train,0.04135664,False,0.057484407,False,0.030452011,False,return_temp_c
2024-12-03 17:00:00,0.045012135,False,train,0.042742476,False,0.05697086,False,0.035323065,False,return_temp_c
2024-12-04 05:00:00,0.05761567,False,train,0.05417055,False,0.0630744,False,0.055602044,False,return_temp_c
2024-12-04 17:00:00,0.05552085,False,train,0.05719607,False,0.058945816,False,0.050420653,False,return_temp_c
2024-12-05 05:00:00,0.05977675,False,train,0.07144045,False,0.060753863,False,0.047135938,False,supply_temp_c
2024-12-05 17:00:00,0.05379298,False,train,0.06408658,False,0.04649511,False,0.05079725,False,supply_temp_c
2024-12-06 05:00:00,0.05268665,False,train,0.06304846,False,0.056008343,False,0.039003152,False,supply_temp_c
2024-12-06 17:00:00,0.04605419,False,train,0.049089234,False,0.052890792,False,0.036182538,False,return_temp_c
2024-12-07 05:00:00,0.04847288,False,train,0.049500227,False,0.057312485,False,0.038605932,False,return_temp_c
2024-12-07 17:00:00,0.064934246,False,train,0.07791565,False,0.07637779,False,0.040509317,False,supply_temp_c
2024-12-08 05:00:00,0.13145906,False,train,0.107156634,False,0.094571315,False,0.19264925,False,stabilized_flow_log_feature
2024-12-08 17:00:00,0.26901507,False,train,0.18308747,False,0.20535487,False,0.41860297,False,stabilized_flow_log_feature
2024-12-09 05:00:00,0.1988975,False,train,0.16220523,False,0.1518975,False,0.2825897,False,stabilized_flow_log_feature
2024-12-09 17:00:00,0.077025145,False,train,0.099927336,False,0.08052998,False,0.050618112,False,supply_temp_c
2024-12-10 05:00:00,0.07307916,False,train,0.09252871,False,0.073910564,False,0.052798185,False,supply_temp_c
2024-12-10 17:00:00,0.0886419,False,train,0.10259104,False,0.1010246,False,0.06231005,False,supply_temp_c
2024-12-11 05:00:00,0.087869726,False,train,0.102701314,False,0.09741965,False,0.06348821,False,supply_temp_c
2024-12-11 17:00:00,0.075325824,False,train,0.092843026,False,0.0705756,False,0.06255885,False,supply_temp_c
2024-12-12 05:00:00,0.08058487,False,train,0.087974735,False,0.10841317,False,0.045366716,False,return_temp_c
2024-12-12 17:00:00,0.08544827,False,train,0.09927415,False,0.11624742,False,0.04082326,False,return_temp_c
2024-12-13 05:00:00,0.08304766,False,train,0.11368664,False,0.07968926,False,0.05576709,False,supply_temp_c
2024-12-13 17:00:00,0.093294576,False,train,0.10803473,False,0.11170372,False,0.060145304,False,return_temp_c
2024-12-14 05:00:00,0.09795658,False,train,0.10587138,False,0.13257024,False,0.055428118,False,return_temp_c
2024-12-14 17:00:00,0.107757226,False,train,0.1366099,False,0.12873629,False,0.057925463,False,supply_temp_c
2024-12-15 05:00:00,0.08368468,False,train,0.10294849,False,0.100187145,False,0.047918413,False,supply_temp_c
2024-12-15 17:00:00,0.10692907,False,train,0.13019304,False,0.15602867,False,0.034565505,False,return_temp_c
2024-12-16 05:00:00,0.09556496,False,train,0.12080342,False,0.103582956,False,0.06230852,False,supply_temp_c
2024-12-16 17:00:00,0.089334816,False,train,0.098163284,False,0.10401881,False,0.06582234,False,return_temp_c
2024-12-17 05:00:00,0.07828159,False,train,0.09570285,False,0.108080804,False,0.031061113,False,return_temp_c
2024-12-17 17:00:00,0.07077744,False,train,0.09570024,False,0.09319309,False,0.023438958,False,supply_temp_c
2024-12-18 05:00:00,0.07843324,False,train,0.10268553,False,0.07160447,False,0.06100973,False,supply_temp_c
2024-12-18 17:00:00,0.07769334,False,train,0.08721151,False,0.079692975,False,0.06617556,False,supply_temp_c
2024-12-19 05:00:00,0.06812555,False,train,0.07021936,False,0.07974373,False,0.054413576,False,return_temp_c
2024-12-19 17:00:00,0.0778179,False,train,0.09548939,False,0.09141537,False,0.046548944,False,supply_temp_c
2024-12-20 05:00:00,0.07781676,False,train,0.09651988,False,0.10736076,False,0.029569643,False,return_temp_c
2024-12-20 17:00:00,0.07542762,False,train,0.08646453,False,0.10689663,False,0.032921728,False,return_temp_c
2024-12-21 05:00:00,0.06854604,False,train,0.085124694,False,0.09549075,False,0.025022665,False,return_temp_c
2024-12-21 17:00:00,0.060874924,False,train,0.06783238,False,0.0904162,False,0.024376208,False,return_temp_c
2024-12-22 05:00:00,0.078791186,False,train,0.08473364,False,0.10762745,False,0.044012457,False,return_temp_c
2024-12-22 17:00:00,0.08986077,False,train,0.10267312,False,0.123102896,False,0.043806266,False,return_temp_c
2024-12-23 05:00:00,0.073625356,False,train,0.10820953,False,0.07133614,False,0.041330423,False,supply_temp_c
2024-12-23 17:00:00,0.07406007,False,train,0.08790028,False,0.090062045,False,0.044217885,False,return_temp_c
2024-12-24 05:00:00,0.06995359,False,train,0.081838876,False,0.075063564,False,0.05295834,False,supply_temp_c
2024-12-24 17:00:00,0.051282864,False,train,0.0443449,False,0.061447557,False,0.048056137,False,return_temp_c
2024-12-25 05:00:00,0.044767793,False,train,0.046109516,False,0.06314185,False,0.025052018,False,return_temp_c
2024-12-25 17:00:00,0.035632864,False,train,0.029734217,False,0.04742911,False,0.029735276,False,return_temp_c
2024-12-26 05:00:00,0.04253017,False,train,0.039195467,False,0.04002485,False,0.048370194,False,stabilized_flow_log_feature
2024-12-26 17:00:00,0.052852906,False,train,0.05303671,False,0.055461153,False,0.05006085,False,return_temp_c
2024-12-27 05:00:00,0.051359657,False,train,0.055131514,False,0.06461975,False,0.034327704,False,return_temp_c
2024-12-27 17:00:00,0.04448593,False,train,0.03918264,False,0.05920353,False,0.035071615,False,return_temp_c
2024-12-28 05:00:00,0.049029514,False,train,0.050796,False,0.059740707,False,0.036551844,False,return_temp_c
2024-12-28 17:00:00,0.043343384,False,train,0.04266547,False,0.054200154,False,0.03316454,False,return_temp_c
2024-12-29 05:00:00,0.04737247,False,train,0.04449353,False,0.06563658,False,0.031987306,False,return_temp_c
2024-12-29 17:00:00,0.045664907,False,train,0.036207553,False,0.06598672,False,0.03480045,False,return_temp_c
2024-12-30 05:00:00,0.05246994,False,train,0.05315568,False,0.07363561,False,0.030618526,False,return_temp_c
2024-12-30 17:00:00,0.05179774,False,train,0.049075697,False,0.07504931,False,0.0312682,False,return_temp_c
2024-12-31 05:00:00,0.054164384,False,train,0.058148548,False,0.073305525,False,0.031039089,False,return_temp_c
2024-12-31 17:00:00,0.05146584,False,train,0.051452756,False,0.074131675,False,0.028813088,False,return_temp_c
2025-01-01 05:00:00,0.064738914,False,train,0.06625477,False,0.075732924,False,0.052229073,False,return_temp_c
2025-01-01 17:00:00,0.053588465,False,train,0.036071908,False,0.073622294,False,0.051071193,False,return_temp_c
2025-01-02 05:00:00,0.041599017,False,train,0.039660614,False,0.06123435,False,0.023902088,False,return_temp_c
2025-01-02 17:00:00,0.049464185,False,train,0.043644693,False,0.0774654,False,0.027282475,False,return_temp_c
2025-01-03 05:00:00,0.062669724,False,train,0.058414277,False,0.08882431,False,0.040770557,False,return_temp_c
2025-01-03 17:00:00,0.05819846,False,train,0.050752845,False,0.07815907,False,0.04568347,False,return_temp_c
2025-01-04 05:00:00,0.052418407,False,train,0.05377552,False,0.07091707,False,0.03256263,False,return_temp_c
2025-01-04 17:00:00,0.07082885,False,train,0.07741169,False,0.09371978,False,0.041355085,False,return_temp_c
2025-01-05 05:00:00,0.059170544,False,train,0.07415541,False,0.06515375,False,0.038202453,False,supply_temp_c
2025-01-05 17:00:00,0.052273117,False,train,0.047383483,False,0.080668986,False,0.028766895,False,return_temp_c
2025-01-06 05:00:00,0.052410364,False,train,0.053202733,False,0.07218822,False,0.031840134,False,return_temp_c
2025-01-06 17:00:00,0.06663741,False,train,0.041120805,False,0.07270784,False,0.08608359,False,stabilized_flow_log_feature
2025-01-07 05:00:00,0.071608126,False,train,0.058294613,False,0.06831421,False,0.08821556,False,stabilized_flow_log_feature
2025-01-07 17:00:00,0.049209543,False,train,0.05144809,False,0.067422055,False,0.028758476,False,return_temp_c
2025-01-08 05:00:00,0.048903324,False,train,0.057328228,False,0.06347481,False,0.025906926,False,return_temp_c
2025-01-08 17:00:00,0.12301777,False,train,0.20001651,False,0.11537403,False,0.05366278,False,supply_temp_c
2025-01-09 05:00:00,0.13419977,False,train,0.20986967,False,0.110994525,False,0.08173511,False,supply_temp_c
2025-01-09 17:00:00,0.07539046,False,train,0.08049108,False,0.08367282,False,0.062007483,False,return_temp_c
2025-01-10 05:00:00,0.089217745,False,train,0.07494558,False,0.10669009,False,0.08601755,False,return_temp_c
2025-01-10 17:00:00,0.0911353,False,train,0.08986374,False,0.09516629,False,0.0883759,False,return_temp_c
2025-01-11 05:00:00,0.05815472,False,train,0.07457287,False,0.063272096,False,0.03661919,False,supply_temp_c
2025-01-11 17:00:00,0.08665416,False,train,0.12808843,False,0.09558328,False,0.03629077,False,supply_temp_c
2025-01-12 05:00:00,0.089590155,False,train,0.12353414,False,0.08847047,False,0.05676584,False,supply_temp_c
2025-01-12 17:00:00,0.08496931,False,train,0.09600309,False,0.108109735,False,0.050795097,False,return_temp_c
2025-01-13 05:00:00,0.07901069,False,train,0.108312964,False,0.106463335,False,0.022255749,False,supply_temp_c
2025-01-13 17:00:00,0.07665884,False,train,0.09704416,False,0.10781754,False,0.025114814,False,return_temp_c
2025-01-14 05:00:00,0.0840393,False,train,0.082602054,False,0.12347897,False,0.046036866,False,return_temp_c
2025-01-14 17:00:00,0.07185628,False,train,0.06941674,False,0.096001334,False,0.050150752,False,return_temp_c
2025-01-15 05:00:00,0.087560475,False,train,0.079830416,False,0.108216435,False,0.07463456,False,return_temp_c
2025-01-15 17:00:00,0.09327128,False,train,0.0752346,False,0.12149907,False,0.08308016,False,return_temp_c
2025-01-16 05:00:00,0.0845466,False,train,0.11698731,False,0.09650385,False,0.040148687,False,supply_temp_c
2025-01-16 17:00:00,0.12672228,False,train,0.18333413,False,0.14171754,False,0.055115182,False,supply_temp_c
2025-01-17 05:00:00,0.12268037,False,train,0.1614396,False,0.14669614,False,0.059905376,False,supply_temp_c
2025-01-17 17:00:00,0.08822279,False,train,0.08972331,False,0.105654694,False,0.06929037,False,return_temp_c
2025-01-18 05:00:00,0.10016513,False,train,0.13481186,False,0.11628875,False,0.04939479,False,supply_temp_c
2025-01-18 17:00:00,0.10616848,False,train,0.102166176,False,0.16729349,False,0.04904573,False,return_temp_c
2025-01-19 05:00:00,0.084170416,False,train,0.089422405,False,0.11374008,False,0.04934876,False,return_temp_c
2025-01-19 17:00:00,0.07945781,False,train,0.09115374,False,0.10174448,False,0.045475204,False,return_temp_c
2025-01-20 05:00:00,0.08633303,False,train,0.10694575,False,0.07227381,False,0.07977954,False,supply_temp_c
2025-01-20 17:00:00,0.07146952,False,train,0.0675597,False,0.09018334,False,0.056665543,False,return_temp_c
2025-01-21 05:00:00,0.07762837,False,train,0.09644404,False,0.099412054,False,0.037029013,False,return_temp_c
2025-01-21 17:00:00,0.08991346,False,train,0.090129234,False,0.11705198,False,0.06255918,False,return_temp_c
2025-01-22 05:00:00,0.09363593,False,train,0.08114683,False,0.09561335,False,0.10414762,False,stabilized_flow_log_feature
2025-01-22 17:00:00,0.06798335,False,train,0.0582646,False,0.06642885,False,0.07925662,False,stabilized_flow_log_feature
2025-01-23 05:00:00,0.0803016,False,train,0.06388842,False,0.080351695,False,0.09666466,False,stabilized_flow_log_feature
2025-01-23 17:00:00,0.19736862,False,train,0.112362325,False,0.10981077,False,0.36993274,False,stabilized_flow_log_feature
2025-01-24 05:00:00,0.19186428,False,train,0.12202924,False,0.09928764,False,0.35427603,False,stabilized_flow_log_feature
2025-01-24 17:00:00,0.23642871,False,train,0.31202692,True,0.16708088,False,0.2301783,False,supply_temp_c
2025-01-25 05:00:00,0.23243684,False,train,0.30092868,True,0.18176033,False,0.21462153,False,supply_temp_c
2025-01-25 17:00:00,0.06778299,False,train,0.05440833,False,0.08568699,False,0.06325365,False,return_temp_c
2025-01-26 05:00:00,0.08206575,False,train,0.06557295,False,0.082253076,False,0.09837121,False,stabilized_flow_log_feature
2025-01-26 17:00:00,0.06912244,False,train,0.044822186,False,0.060956966,False,0.10158817,False,stabilized_flow_log_feature
2025-01-27 05:00:00,0.055916276,False,train,0.05792292,False,0.06952042,False,0.0403055,False,return_temp_c
2025-01-27 17:00:00,0.076268226,False,train,0.09157139,False,0.08537165,False,0.051861603,False,supply_temp_c
2025-01-28 05:00:00,0.08292458,False,train,0.10169325,False,0.09749341,False,0.049587082,False,supply_temp_c
2025-01-28 17:00:00,0.08289787,False,train,0.08674365,False,0.10575593,False,0.05619404,False,return_temp_c
2025-01-29 05:00:00,0.08114989,False,train,0.07843114,False,0.09615036,False,0.06886816,False,return_temp_c
2025-01-29 17:00:00,0.08722969,False,train,0.09616021,False,0.09632912,False,0.06919972,False,return_temp_c
2025-01-30 05:00:00,0.21203174,False,train,0.16871351,False,0.30478963,False,0.16259211,False,return_temp_c
2025-01-30 17:00:00,0.22370511,False,train,0.17245077,False,0.33192778,False,0.16673678,False,return_temp_c
2025-01-31 05:00:00,0.10688761,False,train,0.11663871,False,0.14982404,False,0.05420008,False,return_temp_c
2025-01-31 17:00:00,0.102451265,False,train,0.1201312,False,0.12961893,False,0.057603676,False,return_temp_c
2025-02-01 05:00:00,0.0826739,False,train,0.09282134,False,0.08001159,False,0.07518877,False,supply_temp_c
2025-02-01 17:00:00,0.0845617,False,train,0.09414635,False,0.07437804,False,0.08516068,False,supply_temp_c
2025-02-02 05:00:00,0.086860806,False,train,0.10462731,False,0.10157227,False,0.054382846,False,supply_temp_c
2025-02-02 17:00:00,0.07285121,False,train,0.06744626,False,0.092271976,False,0.058835406,False,return_temp_c
2025-02-03 05:00:00,0.0930355,False,train,0.087879784,False,0.11438633,False,0.07684038,False,return_temp_c
2025-02-03 17:00:00,0.0890924,False,train,0.066271655,False,0.11941964,False,0.0815859,False,return_temp_c
2025-02-04 05:00:00,0.07898,False,train,0.067375794,False,0.10673144,False,0.0628328,False,return_temp_c
2025-02-04 17:00:00,0.08102314,False,train,0.07454976,False,0.09835716,False,0.0701625,False,return_temp_c
2025-02-05 05:00:00,0.07296561,False,train,0.06350116,False,0.08050089,False,0.07489478,False,return_temp_c
2025-02-05 17:00:00,0.07847946,False,train,0.07509317,False,0.08871994,False,0.07162528,False,return_temp_c
2025-02-06 05:00:00,0.08401089,False,train,0.08348283,False,0.104681104,False,0.06386873,False,return_temp_c
2025-02-06 17:00:00,0.08683686,False,train,0.06908723,False,0.11989773,False,0.071525626,False,return_temp_c
2025-02-07 05:00:00,0.07507925,False,train,0.07668989,False,0.098347925,False,0.050199945,False,return_temp_c
2025-02-07 17:00:00,0.0745216,False,train,0.06660205,False,0.10523194,False,0.05173084,False,return_temp_c
2025-02-08 05:00:00,0.08561954,False,train,0.08930928,False,0.12981606,False,0.037733253,False,return_temp_c
2025-02-08 17:00:00,0.09051748,False,train,0.08413144,False,0.14980121,False,0.03761979,False,return_temp_c
2025-02-09 05:00:00,0.09127243,False,train,0.091944374,False,0.11816343,False,0.063709475,False,return_temp_c
2025-02-09 17:00:00,0.08742907,False,train,0.07757539,False,0.12268866,False,0.062023178,False,return_temp_c
2025-02-10 05:00:00,0.07946944,False,train,0.07979419,False,0.10077069,False,0.057843465,False,return_temp_c
2025-02-10 17:00:00,0.066354394,False,train,0.06559382,False,0.076852046,False,0.05661733,False,return_temp_c
2025-02-11 05:00:00,0.06824348,False,train,0.065320216,False,0.07752659,False,0.061883647,False,return_temp_c
2025-02-11 17:00:00,0.07294492,False,train,0.06754679,False,0.07313695,False,0.07815102,False,stabilized_flow_log_feature
2025-02-12 05:00:00,0.074647665,False,train,0.064179175,False,0.08120533,False,0.07855851,False,return_temp_c
2025-02-12 17:00:00,0.08975897,False,train,0.08645403,False,0.08669446,False,0.09612846,False,stabilized_flow_log_feature
2025-02-13 05:00:00,0.08612365,False,train,0.09661857,False,0.08998558,False,0.0717668,False,supply_temp_c
2025-02-13 17:00:00,0.13089865,False,train,0.14269589,False,0.13170286,False,0.11829724,False,supply_temp_c
2025-02-14 05:00:00,0.15650898,False,train,0.1530744,False,0.1442128,False,0.17223974,False,stabilized_flow_log_feature
2025-02-14 17:00:00,0.11271795,False,train,0.08480925,False,0.115807444,False,0.13753714,False,stabilized_flow_log_feature
2025-02-15 05:00:00,0.093212955,False,train,0.10239837,False,0.100151,False,0.077089466,False,supply_temp_c
2025-02-15 17:00:00,0.08690345,False,train,0.08481345,False,0.105742685,False,0.07015424,False,return_temp_c
2025-02-16 05:00:00,0.09358514,False,train,0.08792144,False,0.101365946,False,0.09146801,False,return_temp_c
2025-02-16 17:00:00,0.08014507,False,train,0.06795175,False,0.074975364,False,0.097508095,False,stabilized_flow_log_feature
2025-02-17 05:00:00,0.07806258,False,train,0.073719464,False,0.080764405,False,0.079703875,False,return_temp_c
2025-02-17 17:00:00,0.08045663,False,train,0.07070732,False,0.09026181,False,0.080400765,False,return_temp_c
2025-02-18 05:00:00,0.085252345,False,train,0.074834615,False,0.096527725,False,0.0843947,False,return_temp_c
2025-02-18 17:00:00,0.0892643,False,train,0.07264573,False,0.102406025,False,0.09274114,False,return_temp_c
2025-02-19 05:00:00,0.09115848,False,train,0.07429797,False,0.0911834,False,0.10799405,False,stabilized_flow_log_feature
2025-02-19 17:00:00,0.10392971,False,train,0.09132919,False,0.11074189,False,0.10971806,False,return_temp_c
2025-02-20 05:00:00,0.10845038,False,train,0.124515794,False,0.12115904,False,0.07967633,False,supply_temp_c
2025-02-20 17:00:00,0.10245661,False,train,0.114606135,False,0.109074324,False,0.08368937,False,supply_temp_c
2025-02-21 05:00:00,0.07534059,False,train,0.07909047,False,0.08848387,False,0.05844739,False,return_temp_c
2025-02-21 17:00:00,0.06567343,False,train,0.06670535,False,0.090105675,False,0.04020927,False,return_temp_c
2025-02-22 05:00:00,0.07980748,False,train,0.09667688,False,0.07177067,False,0.0709749,False,supply_temp_c
2025-02-22 17:00:00,0.078705676,False,train,0.07232397,False,0.098306,False,0.06548705,False,return_temp_c
2025-02-23 05:00:00,0.06775594,False,train,0.055299312,False,0.08648765,False,0.06148085,False,return_temp_c
2025-02-23 17:00:00,0.06050125,False,train,0.04285715,False,0.06193711,False,0.07670949,False,stabilized_flow_log_feature
2025-02-24 05:00:00,0.06324503,False,train,0.05095026,False,0.057376783,False,0.08140804,False,stabilized_flow_log_feature
2025-02-24 17:00:00,0.07124366,False,train,0.06274892,False,0.064171895,False,0.08681015,False,stabilized_flow_log_feature
2025-02-25 05:00:00,0.0817039,False,train,0.08410966,False,0.055710465,False,0.10529158,False,stabilized_flow_log_feature
2025-02-25 17:00:00,0.08495114,False,train,0.0656192,False,0.078507654,False,0.110726565,False,stabilized_flow_log_feature
2025-02-26 05:00:00,0.07534322,False,train,0.06554842,False,0.07880358,False,0.08167765,False,stabilized_flow_log_feature
2025-02-26 17:00:00,0.09965432,False,train,0.087319426,False,0.12057266,False,0.09107087,False,return_temp_c
2025-02-27 05:00:00,0.11686441,False,train,0.12512158,False,0.1125994,False,0.112872295,False,supply_temp_c
2025-02-27 17:00:00,0.10423538,False,train,0.108482875,False,0.09833608,False,0.105887175,False,supply_temp_c
2025-02-28 05:00:00,0.118663654,False,train,0.12796499,False,0.11535864,False,0.112667374,False,supply_temp_c
2025-02-28 17:00:00,0.23012887,False,train,0.30574128,True,0.17649226,False,0.20815308,False,supply_temp_c
2025-03-01 05:00:00,0.53748345,True,train,0.8398338,True,0.56713617,True,0.2054802,False,supply_temp_c
2025-03-01 17:00:00,0.3773517,True,train,0.5181902,True,0.4856882,True,0.12817676,False,supply_temp_c
2025-03-02 05:00:00,0.094890796,False,train,0.081552245,False,0.0859237,False,0.11719643,False,stabilized_flow_log_feature
2025-03-02 17:00:00,0.10679239,False,train,0.1090233,False,0.08774489,False,0.12360895,False,stabilized_flow_log_feature
2025-03-03 05:00:00,0.11129281,False,train,0.11884066,False,0.097273655,False,0.11776411,False,supply_temp_c
2025-03-03 17:00:00,0.12646708,False,train,0.11147165,False,0.1382723,False,0.12965731,False,return_temp_c
2025-03-04 05:00:00,0.08804656,False,train,0.09176421,False,0.094184734,False,0.07819071,False,return_temp_c
2025-03-04 17:00:00,0.067480214,False,train,0.064640336,False,0.07064555,False,0.06715474,False,return_temp_c
2025-03-05 05:00:00,0.0713967,False,train,0.062390093,False,0.06411167,False,0.08768835,False,stabilized_flow_log_feature
2025-03-05 17:00:00,0.16021718,False,train,0.22203934,False,0.14934196,False,0.109270275,False,supply_temp_c
2025-03-06 05:00:00,0.42311203,True,train,0.38668385,True,0.55601037,True,0.3266418,False,return_temp_c
2025-03-07 17:00:00,0.13338168,False,train,0.05336492,False,0.1303387,False,0.21644144,False,stabilized_flow_log_feature
2025-03-08 05:00:00,0.085698016,False,train,0.059507687,False,0.09068609,False,0.10690024,False,stabilized_flow_log_feature
2025-03-08 17:00:00,0.081993505,False,train,0.0634813,False,0.09790671,False,0.084592514,False,return_temp_c
2025-03-09 05:00:00,0.10636318,False,train,0.07626406,False,0.10815239,False,0.13467307,False,stabilized_flow_log_feature
2025-03-09 17:00:00,0.119456135,False,train,0.09620663,False,0.10610246,False,0.15605928,False,stabilized_flow_log_feature
2025-03-10 05:00:00,0.09112111,False,train,0.08702391,False,0.08683357,False,0.09950585,False,stabilized_flow_log_feature
2025-03-10 17:00:00,0.079376504,False,train,0.070104055,False,0.06673255,False,0.10129293,False,stabilized_flow_log_feature
2025-03-11 05:00:00,0.09789938,False,train,0.08004328,False,0.104477204,False,0.10917766,False,stabilized_flow_log_feature
2025-03-11 17:00:00,0.18065736,False,train,0.113319874,False,0.17653401,False,0.25211826,False,stabilized_flow_log_feature
2025-03-12 05:00:00,0.16124053,False,train,0.11200741,False,0.14880808,False,0.22290616,False,stabilized_flow_log_feature
2025-03-12 17:00:00,0.066953555,False,train,0.053314433,False,0.06282414,False,0.08472208,False,stabilized_flow_log_feature
2025-03-13 05:00:00,0.06974232,False,train,0.07728058,False,0.06990163,False,0.062044766,False,supply_temp_c
2025-03-13 17:00:00,0.11305025,False,train,0.08590659,False,0.08262234,False,0.17062181,False,stabilized_flow_log_feature
2025-03-14 05:00:00,0.12634426,False,train,0.11193607,False,0.076657005,False,0.19043976,False,stabilized_flow_log_feature
2025-03-14 17:00:00,0.111782774,False,train,0.10657438,False,0.082158916,False,0.14661507,False,stabilized_flow_log_feature
2025-03-16 05:00:00,0.18969071,False,train,0.109601386,False,0.15652002,False,0.3029507,False,stabilized_flow_log_feature
2025-03-17 17:00:00,0.4777287,True,train,0.1940956,False,0.5519447,True,0.6871457,False,stabilized_flow_log_feature
2025-03-18 05:00:00,0.24119589,False,train,0.11711469,False,0.3117513,False,0.29472172,False,return_temp_c
2025-03-18 17:00:00,0.08488092,False,train,0.052093524,False,0.07971877,False,0.12283047,False,stabilized_flow_log_feature
2025-03-19 05:00:00,0.09296742,False,train,0.059658747,False,0.085302256,False,0.13394128,False,stabilized_flow_log_feature
2025-03-19 17:00:00,0.29415762,False,train,0.20727159,False,0.24817854,False,0.4270227,False,stabilized_flow_log_feature
2025-03-20 05:00:00,0.28859583,False,train,0.2100178,False,0.23614608,False,0.41962352,False,stabilized_flow_log_feature
2025-03-20 17:00:00,0.081661604,False,train,0.055457946,False,0.089108236,False,0.100418635,False,stabilized_flow_log_feature
2025-03-21 05:00:00,0.07959307,False,train,0.052709702,False,0.07901088,False,0.10705861,False,stabilized_flow_log_feature
2025-03-21 17:00:00,0.08194291,False,train,0.060050685,False,0.06960286,False,0.1161752,False,stabilized_flow_log_feature
2025-03-22 05:00:00,0.0978481,False,train,0.056209203,False,0.0688599,False,0.1684752,False,stabilized_flow_log_feature
2025-03-22 17:00:00,0.0960955,False,train,0.057536606,False,0.069391824,False,0.16135809,False,stabilized_flow_log_feature
2025-03-23 05:00:00,0.08189275,False,train,0.06845898,False,0.0626533,False,0.11456597,False,stabilized_flow_log_feature
2025-03-23 17:00:00,0.08110704,False,train,0.06048556,False,0.06818256,False,0.11465301,False,stabilized_flow_log_feature
2025-03-24 05:00:00,0.09653489,False,test,0.07172205,False,0.07982087,False,0.13806178,False,stabilized_flow_log_feature
2025-03-24 17:00:00,0.09652485,False,test,0.06827101,False,0.08223424,False,0.13906926,False,stabilized_flow_log_feature
2025-03-25 05:00:00,0.086427756,False,test,0.055167902,False,0.073293075,False,0.13082229,False,stabilized_flow_log_feature
2025-03-25 17:00:00,0.09183155,False,test,0.055402312,False,0.07024575,False,0.14984661,False,stabilized_flow_log_feature
2025-03-26 05:00:00,0.08655772,False,test,0.074148156,False,0.07141759,False,0.11410743,False,stabilized_flow_log_feature
2025-03-26 17:00:00,0.084041804,False,test,0.06199942,False,0.07037166,False,0.11975432,False,stabilized_flow_log_feature
2025-03-27 05:00:00,0.083626926,False,test,0.04744043,False,0.06643671,False,0.13700365,False,stabilized_flow_log_feature
2025-03-27 17:00:00,0.08577451,False,test,0.046352174,False,0.06667513,False,0.14429624,False,stabilized_flow_log_feature
2025-03-28 05:00:00,0.07032959,False,test,0.053275257,False,0.074423194,False,0.08329033,False,stabilized_flow_log_feature
2025-03-28 17:00:00,0.07434723,False,test,0.05223168,False,0.06546128,False,0.10534876,False,stabilized_flow_log_feature
2025-03-29 05:00:00,0.06923755,False,test,0.042679343,False,0.05860421,False,0.10642912,False,stabilized_flow_log_feature
2025-03-29 17:00:00,0.07053331,False,test,0.048404317,False,0.053379375,False,0.109816276,False,stabilized_flow_log_feature
2025-03-30 05:00:00,0.06660599,False,test,0.06235494,False,0.06188043,False,0.075582616,False,stabilized_flow_log_feature
2025-03-30 17:00:00,0.07026586,False,test,0.055642903,False,0.07774093,False,0.077413745,False,return_temp_c
2025-03-31 05:00:00,0.083894484,False,test,0.05752669,False,0.07652356,False,0.1176332,False,stabilized_flow_log_feature
2025-03-31 17:00:00,0.084552586,False,test,0.05392317,False,0.08036814,False,0.11936643,False,stabilized_flow_log_feature
2025-04-01 05:00:00,0.07082304,False,test,0.056330156,False,0.06777002,False,0.08836893,False,stabilized_flow_log_feature
2025-04-01 17:00:00,0.0802659,False,test,0.06274284,False,0.07635188,False,0.10170301,False,stabilized_flow_log_feature
2025-04-02 05:00:00,0.23722039,False,test,0.22496493,False,0.19864106,False,0.28805515,False,stabilized_flow_log_feature
2025-04-02 17:00:00,0.23971274,False,test,0.2264904,False,0.19638783,False,0.29626,False,stabilized_flow_log_feature
2025-04-03 05:00:00,0.07412859,False,test,0.06438675,False,0.07572474,False,0.08227426,False,stabilized_flow_log_feature
2025-04-03 17:00:00,0.074254885,False,test,0.06654205,False,0.078023426,False,0.07819917,False,stabilized_flow_log_feature
2025-04-04 05:00:00,0.07617467,False,test,0.06806805,False,0.07680148,False,0.08365446,False,stabilized_flow_log_feature
2025-04-04 17:00:00,0.07531434,False,test,0.054855775,False,0.08104858,False,0.090038694,False,stabilized_flow_log_feature
2025-04-05 05:00:00,0.07296386,False,test,0.053628128,False,0.07344069,False,0.0918228,False,stabilized_flow_log_feature
2025-04-05 17:00:00,0.077862136,False,test,0.061396986,False,0.08197936,False,0.09021006,False,stabilized_flow_log_feature
2025-04-06 05:00:00,0.09381746,False,test,0.061088357,False,0.075479016,False,0.14488499,False,stabilized_flow_log_feature
2025-04-06 17:00:00,0.11265678,False,test,0.07159431,False,0.09398443,False,0.1723916,False,stabilized_flow_log_feature
2025-04-07 05:00:00,0.0913128,False,test,0.06457588,False,0.095959835,False,0.11340272,False,stabilized_flow_log_feature
2025-04-07 17:00:00,0.13743293,False,test,0.066040054,False,0.094213374,False,0.25204536,False,stabilized_flow_log_feature
2025-04-08 05:00:00,0.16513996,False,test,0.07588611,False,0.06365347,False,0.3558803,False,stabilized_flow_log_feature
2025-04-08 17:00:00,0.11870599,False,test,0.07779757,False,0.060407043,False,0.21791334,False,stabilized_flow_log_feature
2025-04-09 05:00:00,0.10118324,False,test,0.0902494,False,0.08506017,False,0.12824015,False,stabilized_flow_log_feature
2025-04-09 17:00:00,0.09323011,False,test,0.080685735,False,0.089466035,False,0.10953856,False,stabilized_flow_log_feature
2025-04-10 05:00:00,0.09374072,False,test,0.092580736,False,0.088786535,False,0.09985489,False,stabilized_flow_log_feature
2025-04-10 17:00:00,0.09258431,False,test,0.08051107,False,0.09349135,False,0.1037505,False,stabilized_flow_log_feature
2025-04-11 05:00:00,0.087652706,False,test,0.074776605,False,0.08252588,False,0.10565561,False,stabilized_flow_log_feature
2025-04-11 17:00:00,0.085359015,False,test,0.072116606,False,0.086904414,False,0.09705603,False,stabilized_flow_log_feature
2025-04-12 05:00:00,0.099936314,False,test,0.08079184,False,0.07952618,False,0.13949093,False,stabilized_flow_log_feature
2025-04-12 17:00:00,0.084942676,False,test,0.06280293,False,0.060238834,False,0.13178626,False,stabilized_flow_log_feature
2025-04-13 05:00:00,0.105839476,False,test,0.074620314,False,0.05805573,False,0.18484236,False,stabilized_flow_log_feature
2025-04-13 17:00:00,0.10890807,False,test,0.071791254,False,0.07780426,False,0.17712872,False,stabilized_flow_log_feature
2025-04-14 05:00:00,0.0861851,False,test,0.07420632,False,0.07860329,False,0.10574568,False,stabilized_flow_log_feature
2025-04-14 17:00:00,0.08600333,False,test,0.06670608,False,0.08194905,False,0.10935485,False,stabilized_flow_log_feature
2025-04-15 05:00:00,0.089601725,False,test,0.07551529,False,0.08439233,False,0.10889754,False,stabilized_flow_log_feature
2025-04-15 17:00:00,0.08800089,False,test,0.070241384,False,0.083117545,False,0.11064375,False,stabilized_flow_log_feature
2025-04-16 05:00:00,0.06708852,False,test,0.05481991,False,0.07107424,False,0.07537143,False,stabilized_flow_log_feature
2025-04-16 17:00:00,0.06993024,False,test,0.05127984,False,0.07803052,False,0.08048035,False,stabilized_flow_log_feature
2025-04-17 05:00:00,0.063151635,False,test,0.04669335,False,0.07184948,False,0.07091208,False,return_temp_c
2025-04-17 17:00:00,0.061020825,False,test,0.051246252,False,0.06840209,False,0.06341413,False,return_temp_c
2025-04-18 05:00:00,0.062279504,False,test,0.0533205,False,0.05376793,False,0.07975009,False,stabilized_flow_log_feature
2025-04-18 17:00:00,0.06138335,False,test,0.054685388,False,0.044735145,False,0.08472953,False,stabilized_flow_log_feature
2025-04-19 05:00:00,0.047649536,False,test,0.05355824,False,0.044976015,False,0.04441434,False,supply_temp_c
2025-04-19 17:00:00,0.0487289,False,test,0.041321862,False,0.060014095,False,0.04485075,False,return_temp_c
2025-04-20 05:00:00,0.06894263,False,test,0.05116793,False,0.079009935,False,0.07665002,False,return_temp_c
2025-04-20 17:00:00,0.08173814,False,test,0.06665513,False,0.096104406,False,0.082454875,False,return_temp_c
2025-04-21 05:00:00,0.07716935,False,test,0.068157025,False,0.08604842,False,0.0773026,False,return_temp_c
2025-04-21 17:00:00,0.07893446,False,test,0.058160733,False,0.08943122,False,0.08921143,False,return_temp_c
2025-04-22 05:00:00,0.081213966,False,test,0.061302748,False,0.07822843,False,0.104110695,False,stabilized_flow_log_feature
2025-04-22 17:00:00,0.08476696,False,test,0.06841738,False,0.08805897,False,0.097824536,False,stabilized_flow_log_feature
2025-04-23 05:00:00,0.10454375,False,test,0.08719582,False,0.094065726,False,0.13236971,False,stabilized_flow_log_feature
2025-04-23 17:00:00,0.17665625,False,test,0.09519667,False,0.09607395,False,0.33869806,False,stabilized_flow_log_feature
2025-04-24 05:00:00,0.16470481,False,test,0.09603485,False,0.083984114,False,0.31409547,False,stabilized_flow_log_feature
2025-04-24 17:00:00,0.095009245,False,test,0.0921725,False,0.07692031,False,0.115934916,False,stabilized_flow_log_feature
2025-04-25 05:00:00,0.1082472,False,test,0.08625304,False,0.06344692,False,0.17504166,False,stabilized_flow_log_feature
2025-04-25 17:00:00,0.095840685,False,test,0.06054152,False,0.06206881,False,0.16491173,False,stabilized_flow_log_feature
2025-04-26 05:00:00,0.10144234,False,test,0.10303148,False,0.0825353,False,0.118760236,False,stabilized_flow_log_feature
2025-04-26 17:00:00,0.10007958,False,test,0.092764616,False,0.085743785,False,0.12173035,False,stabilized_flow_log_feature
2025-04-27 05:00:00,0.102004796,False,test,0.0964246,False,0.07184062,False,0.13774917,False,stabilized_flow_log_feature
2025-04-27 17:00:00,0.085803926,False,test,0.06634104,False,0.05595414,False,0.13511659,False,stabilized_flow_log_feature
2025-04-29 05:00:00,0.21828423,False,test,0.09048439,False,0.08849152,False,0.4758768,False,stabilized_flow_log_feature
2025-04-29 17:00:00,0.21739045,False,test,0.075682744,False,0.08375085,False,0.49273777,False,stabilized_flow_log_feature
2025-04-30 05:00:00,0.24004085,False,test,0.082616165,False,0.07409639,False,0.56341004,False,stabilized_flow_log_feature
2025-04-30 17:00:00,0.22297311,False,test,0.08402276,False,0.06965224,False,0.5152443,False,stabilized_flow_log_feature
2025-05-01 05:00:00,0.18234165,False,test,0.09980271,False,0.06868435,False,0.37853798,False,stabilized_flow_log_feature
2025-05-01 17:00:00,0.17841376,False,test,0.09753835,False,0.07684651,False,0.3608565,False,stabilized_flow_log_feature
2025-05-02 05:00:00,0.08907309,False,test,0.09014031,False,0.07703399,False,0.10004496,False,stabilized_flow_log_feature
2025-05-02 17:00:00,0.08353476,False,test,0.07513802,False,0.08305288,False,0.0924134,False,stabilized_flow_log_feature
2025-05-03 05:00:00,0.079879254,False,test,0.07643068,False,0.08950914,False,0.07369792,False,return_temp_c
2025-05-03 17:00:00,0.08046929,False,test,0.07590634,False,0.087130904,False,0.07837061,False,return_temp_c
2025-05-04 05:00:00,0.0984248,False,test,0.09193433,False,0.084401704,False,0.11893835,False,stabilized_flow_log_feature
2025-05-04 17:00:00,0.09160072,False,test,0.08498246,False,0.079716094,False,0.1101036,False,stabilized_flow_log_feature
2025-05-05 05:00:00,0.085378654,False,test,0.09448441,False,0.09026837,False,0.07138318,False,supply_temp_c
2025-05-05 17:00:00,0.08066944,False,test,0.08019692,False,0.086592495,False,0.075218946,False,return_temp_c
2025-05-06 05:00:00,0.07863198,False,test,0.07766883,False,0.095313616,False,0.062913515,False,return_temp_c
2025-05-06 17:00:00,0.06983323,False,test,0.065918036,False,0.07965399,False,0.06392764,False,return_temp_c
2025-05-07 05:00:00,0.07384023,False,test,0.0766226,False,0.07568384,False,0.069214255,False,supply_temp_c
2025-05-07 17:00:00,0.07937173,False,test,0.08293994,False,0.07983152,False,0.07534375,False,supply_temp_c
2025-05-08 05:00:00,0.06326052,False,test,0.064919226,False,0.07267497,False,0.05218735,False,return_temp_c
2025-05-08 17:00:00,0.06826959,False,test,0.06415175,False,0.08229131,False,0.05836573,False,return_temp_c
2025-05-09 05:00:00,0.07943627,False,test,0.09087706,False,0.09051382,False,0.056917936,False,supply_temp_c
2025-05-09 17:00:00,0.0799174,False,test,0.0899219,False,0.10286265,False,0.046967696,False,return_temp_c
2025-05-10 05:00:00,0.07579875,False,test,0.09396543,False,0.09371094,False,0.03971988,False,supply_temp_c
2025-05-10 17:00:00,0.06697058,False,test,0.07897159,False,0.07928666,False,0.042653482,False,return_temp_c
2025-05-11 05:00:00,0.07274699,False,test,0.08959604,False,0.089410365,False,0.03923456,False,supply_temp_c
2025-05-11 17:00:00,0.07881747,False,test,0.08980975,False,0.102388285,False,0.044254396,False,return_temp_c
2025-05-12 05:00:00,0.082288735,False,test,0.10079711,False,0.10448665,False,0.041582458,False,return_temp_c
2025-05-12 17:00:00,0.08075352,False,test,0.10949949,False,0.09163479,False,0.04112625,False,supply_temp_c
2025-05-13 05:00:00,0.082734406,False,test,0.10193465,False,0.08078793,False,0.06548063,False,supply_temp_c
2025-05-13 17:00:00,0.081538215,False,test,0.09085864,False,0.09561094,False,0.05814508,False,return_temp_c
2025-05-14 05:00:00,0.07883855,False,test,0.096324116,False,0.09268161,False,0.047509942,False,supply_temp_c
2025-05-14 17:00:00,0.07647052,False,test,0.09653888,False,0.08380432,False,0.049068335,False,supply_temp_c
2025-05-15 05:00:00,0.0781321,False,test,0.103533745,False,0.08321881,False,0.04764375,False,supply_temp_c
2025-05-15 17:00:00,0.08774766,False,test,0.090747416,False,0.07918915,False,0.09330639,False,stabilized_flow_log_feature
2025-05-16 05:00:00,0.0825316,False,test,0.053300265,False,0.05914856,False,0.13514598,False,stabilized_flow_log_feature
2025-05-16 17:00:00,0.06664344,False,test,0.05302514,False,0.04174918,False,0.105156,False,stabilized_flow_log_feature
2025-05-17 05:00:00,0.07440518,False,test,0.059923563,False,0.04495286,False,0.11833912,False,stabilized_flow_log_feature
2025-05-17 17:00:00,0.07791155,False,test,0.07322048,False,0.057506803,False,0.103007354,False,stabilized_flow_log_feature
2025-05-18 05:00:00,0.091570675,False,test,0.06943385,False,0.064080976,False,0.14119719,False,stabilized_flow_log_feature
2025-05-18 17:00:00,0.09404144,False,test,0.07065419,False,0.062068988,False,0.14940108,False,stabilized_flow_log_feature
2025-05-19 05:00:00,0.07137513,False,test,0.057263304,False,0.054885704,False,0.101976395,False,stabilized_flow_log_feature
2025-05-19 17:00:00,0.07437803,False,test,0.059043813,False,0.053877395,False,0.110212855,False,stabilized_flow_log_feature
2025-05-20 05:00:00,0.08253254,False,test,0.06901219,False,0.053229894,False,0.12535551,False,stabilized_flow_log_feature
2025-05-20 17:00:00,0.09471154,False,test,0.08321926,False,0.056581125,False,0.14433423,False,stabilized_flow_log_feature
2025-05-21 05:00:00,0.099647254,False,test,0.06547522,False,0.05587851,False,0.17758805,False,stabilized_flow_log_feature
2025-05-21 17:00:00,0.09514424,False,test,0.061628953,False,0.051590372,False,0.17221339,False,stabilized_flow_log_feature
2025-05-22 05:00:00,0.08274201,False,test,0.066096775,False,0.07304243,False,0.10908687,False,stabilized_flow_log_feature
2025-05-22 17:00:00,0.07820664,False,test,0.05596322,False,0.072814904,False,0.10584184,False,stabilized_flow_log_feature
2025-05-23 05:00:00,0.10264203,False,test,0.06378185,False,0.069877155,False,0.1742671,False,stabilized_flow_log_feature
2025-05-23 17:00:00,0.09461563,False,test,0.058835518,False,0.055513788,False,0.1694976,False,stabilized_flow_log_feature
2025-05-24 05:00:00,0.08980253,False,test,0.0522628,False,0.051360536,False,0.16578425,False,stabilized_flow_log_feature
2025-05-24 17:00:00,0.09701433,False,test,0.051270828,False,0.05790037,False,0.18187179,False,stabilized_flow_log_feature
2025-05-25 05:00:00,0.12050666,False,test,0.06458446,False,0.06099685,False,0.23593867,False,stabilized_flow_log_feature
2025-05-25 17:00:00,0.14825985,False,test,0.070432596,False,0.056331813,False,0.3180152,False,stabilized_flow_log_feature
2025-05-26 05:00:00,0.112828046,False,test,0.068611994,False,0.061561137,False,0.20831102,False,stabilized_flow_log_feature
2025-05-26 17:00:00,0.096199594,False,test,0.06551968,False,0.053391904,False,0.1696872,False,stabilized_flow_log_feature
2025-05-27 05:00:00,0.11313788,False,test,0.08903968,False,0.060722154,False,0.1896518,False,stabilized_flow_log_feature
2025-05-27 17:00:00,0.11486898,False,test,0.081768215,False,0.058357224,False,0.2044815,False,stabilized_flow_log_feature
2025-05-28 05:00:00,0.10638681,False,test,0.06690368,False,0.064115494,False,0.18814127,False,stabilized_flow_log_feature
2025-05-28 17:00:00,0.10253471,False,test,0.058933437,False,0.05410929,False,0.1945614,False,stabilized_flow_log_feature
2025-05-29 05:00:00,0.06884032,False,test,0.0559877,False,0.034612026,False,0.11592124,False,stabilized_flow_log_feature
2025-05-29 17:00:00,0.039944295,False,test,0.041815504,False,0.020633748,False,0.057383645,False,stabilized_flow_log_feature
2025-05-30 05:00:00,0.04573624,False,test,0.060889214,False,0.021506958,False,0.05481255,False,supply_temp_c
2025-05-30 17:00:00,0.060900256,False,test,0.06602493,False,0.033639487,False,0.08303634,False,stabilized_flow_log_feature
2025-05-31 05:00:00,0.11840081,False,test,0.061646525,False,0.0633025,False,0.2302534,False,stabilized_flow_log_feature
2025-05-31 17:00:00,0.15314573,False,test,0.06886714,False,0.083169244,False,0.3074008,False,stabilized_flow_log_feature
2025-06-01 05:00:00,0.17568813,False,test,0.07100997,False,0.06679799,False,0.38925648,False,stabilized_flow_log_feature
2025-06-01 17:00:00,0.17935935,False,test,0.057802673,False,0.064369544,False,0.41590583,False,stabilized_flow_log_feature
2025-06-02 05:00:00,0.15606609,False,test,0.052163254,False,0.060879573,False,0.35515544,False,stabilized_flow_log_feature
2025-06-02 17:00:00,0.15627612,False,test,0.065993555,False,0.06505901,False,0.33777586,False,stabilized_flow_log_feature
2025-06-03 05:00:00,0.17760271,False,test,0.07633828,False,0.078462996,False,0.37800696,False,stabilized_flow_log_feature
2025-06-03 17:00:00,0.15201065,False,test,0.07830956,False,0.07323127,False,0.30449113,False,stabilized_flow_log_feature
2025-06-04 05:00:00,0.15190078,False,test,0.08522347,False,0.068900846,False,0.30157807,False,stabilized_flow_log_feature
2025-06-04 17:00:00,0.17452751,False,test,0.07919734,False,0.07308981,False,0.37129536,False,stabilized_flow_log_feature
2025-06-05 05:00:00,0.16423792,False,test,0.08848835,False,0.08509532,False,0.3191301,False,stabilized_flow_log_feature
2025-06-05 17:00:00,0.14171435,False,test,0.08959287,False,0.08401415,False,0.25153604,False,stabilized_flow_log_feature
2025-06-06 05:00:00,0.14575636,False,test,0.08329261,False,0.07467271,False,0.27930382,False,stabilized_flow_log_feature
2025-06-06 17:00:00,0.13885815,False,test,0.07987433,False,0.08468179,False,0.25201836,False,stabilized_flow_log_feature
2025-06-07 05:00:00,0.1546295,False,test,0.070197806,False,0.095460854,False,0.2982298,False,stabilized_flow_log_feature
2025-06-07 17:00:00,0.1577528,False,test,0.076048814,False,0.0818725,False,0.3153371,False,stabilized_flow_log_feature
2025-06-08 05:00:00,0.13412134,False,test,0.06709233,False,0.073751755,False,0.26151994,False,stabilized_flow_log_feature
2025-06-08 17:00:00,0.15181164,False,test,0.0820175,False,0.06977773,False,0.30363968,False,stabilized_flow_log_feature
2025-06-09 05:00:00,0.14713106,False,test,0.09314391,False,0.05109218,False,0.2971571,False,stabilized_flow_log_feature
2025-06-09 17:00:00,0.14991431,False,test,0.102310695,False,0.0845687,False,0.2628635,False,stabilized_flow_log_feature
2025-06-10 05:00:00,0.16650677,False,test,0.11156101,False,0.09066889,False,0.2972904,False,stabilized_flow_log_feature
2025-06-10 17:00:00,0.17151174,False,test,0.11929836,False,0.07336678,False,0.3218701,False,stabilized_flow_log_feature
2025-06-11 05:00:00,0.15871413,False,test,0.11509556,False,0.08983216,False,0.27121466,False,stabilized_flow_log_feature
2025-06-11 17:00:00,0.16922793,False,test,0.103139855,False,0.10908586,False,0.29545805,False,stabilized_flow_log_feature
2025-06-12 05:00:00,0.18583883,False,test,0.12502392,False,0.100541145,False,0.3319515,False,stabilized_flow_log_feature
2025-06-12 17:00:00,0.1961174,False,test,0.13148546,False,0.1119724,False,0.34489432,False,stabilized_flow_log_feature
2025-06-13 05:00:00,0.19503716,False,test,0.11634025,False,0.13201779,False,0.33675346,False,stabilized_flow_log_feature
2025-06-13 17:00:00,0.18723255,False,test,0.14698023,False,0.13215978,False,0.2825576,False,stabilized_flow_log_feature
2025-06-14 05:00:00,0.17644186,False,test,0.15479864,False,0.1339467,False,0.2405803,False,stabilized_flow_log_feature
2025-06-14 17:00:00,0.15522817,False,test,0.13655624,False,0.12289912,False,0.20622914,False,stabilized_flow_log_feature
2025-06-15 05:00:00,0.12676221,False,test,0.112602495,False,0.097604655,False,0.17007947,False,stabilized_flow_log_feature
2025-06-15 17:00:00,0.2620388,False,test,0.14381392,False,0.13267682,False,0.5096257,False,stabilized_flow_log_feature
2025-06-16 05:00:00,0.78757906,True,test,0.16122462,False,0.1727621,False,2.0287507,True,stabilized_flow_log_feature
2025-06-16 17:00:00,1.1052167,True,test,0.14005204,False,0.17480876,False,3.000789,True,stabilized_flow_log_feature
2025-06-17 05:00:00,1.0575867,True,test,0.20996265,False,0.1666029,False,2.796194,True,stabilized_flow_log_feature
2025-06-17 17:00:00,1.0298481,True,test,0.21985166,False,0.20260926,False,2.6670835,True,stabilized_flow_log_feature
2025-06-18 05:00:00,1.0033337,True,test,0.19103956,False,0.19006379,False,2.6288974,True,stabilized_flow_log_feature
2025-06-18 17:00:00,0.8410917,True,test,0.17405695,False,0.18179667,False,2.1674216,True,stabilized_flow_log_feature
2025-06-19 05:00:00,0.6523484,True,test,0.18004405,False,0.21692745,False,1.5600737,True,stabilized_flow_log_feature
2025-06-19 17:00:00,0.53076315,True,test,0.13843243,False,0.19660635,False,1.2572504,True,stabilized_flow_log_feature
2025-06-20 05:00:00,0.46008837,True,test,0.13478081,False,0.2573569,False,0.9881274,True,stabilized_flow_log_feature
2025-06-20 17:00:00,0.47406694,True,test,0.12772442,False,0.23878382,False,1.0556926,True,stabilized_flow_log_feature
2025-06-21 05:00:00,0.4324597,True,test,0.12192858,False,0.1739213,False,1.0015293,True,stabilized_flow_log_feature
2025-06-21 17:00:00,0.5022733,True,test,0.15805219,False,0.17084491,False,1.1779228,True,stabilized_flow_log_feature
2025-06-22 05:00:00,0.5724148,True,test,0.14206071,False,0.16766657,False,1.4075173,True,stabilized_flow_log_feature
2025-06-22 17:00:00,0.49255148,True,test,0.14353779,False,0.16700955,False,1.1671071,True,stabilized_flow_log_feature
2025-06-23 05:00:00,0.6237433,True,test,0.12615223,False,0.1893189,False,1.555759,True,stabilized_flow_log_feature
2025-06-23 17:00:00,0.6405738,True,test,0.12714384,False,0.1930454,False,1.6015321,True,stabilized_flow_log_feature
2025-06-24 05:00:00,0.48977306,True,test,0.17452854,False,0.1414624,False,1.1533281,True,stabilized_flow_log_feature
2025-06-24 17:00:00,0.51397634,True,test,0.16945897,False,0.10755581,False,1.2649145,True,stabilized_flow_log_feature
2025-06-25 05:00:00,0.4065339,True,test,0.13937786,False,0.122464,False,0.95775986,True,stabilized_flow_log_feature
2025-06-25 17:00:00,0.33417174,False,test,0.1528761,False,0.13349713,False,0.71614194,True,stabilized_flow_log_feature
2025-06-26 05:00:00,0.3703522,True,test,0.12682627,False,0.13855805,False,0.84567237,True,stabilized_flow_log_feature
2025-06-26 17:00:00,0.3969242,True,test,0.08050999,False,0.104692616,False,1.00557,True,stabilized_flow_log_feature
2025-06-27 05:00:00,0.4476694,True,test,0.09421102,False,0.11522705,False,1.1335701,True,stabilized_flow_log_feature
2025-06-27 17:00:00,0.39252803,True,test,0.10978777,False,0.12263157,False,0.94516474,True,stabilized_flow_log_feature
2025-06-28 05:00:00,0.2614217,False,test,0.1053391,False,0.10989214,False,0.5690339,False,stabilized_flow_log_feature
2025-06-28 17:00:00,0.2249288,False,test,0.08779033,False,0.09323659,False,0.49375942,False,stabilized_flow_log_feature
2025-06-29 05:00:00,0.26198074,False,test,0.08401585,False,0.093439154,False,0.6084872,False,stabilized_flow_log_feature
2025-06-29 17:00:00,0.3761519,True,test,0.13656257,False,0.14655417,False,0.845339,True,stabilized_flow_log_feature
2025-06-30 05:00:00,0.39321974,True,test,0.20617954,False,0.22544646,False,0.7480332,True,stabilized_flow_log_feature
2025-06-30 17:00:00,0.48811468,True,test,0.26485202,True,0.23197858,False,0.96751356,True,stabilized_flow_log_feature
2025-07-01 05:00:00,0.45574018,True,test,0.27375698,True,0.19863887,False,0.89482456,True,stabilized_flow_log_feature
2025-07-01 17:00:00,0.34323874,False,test,0.2221442,False,0.16060835,False,0.6469637,False,stabilized_flow_log_feature
2025-07-02 05:00:00,0.46038336,True,test,0.16364037,False,0.18225415,False,1.0352558,True,stabilized_flow_log_feature
2025-07-02 17:00:00,0.62208784,True,test,0.17921239,False,0.23591137,False,1.4511399,True,stabilized_flow_log_feature
2025-07-03 05:00:00,0.4071998,True,test,0.13399614,False,0.17055964,False,0.9170436,True,stabilized_flow_log_feature
2025-07-03 17:00:00,0.09504029,False,test,0.09407535,False,0.06169766,False,0.12934786,False,stabilized_flow_log_feature
2025-07-04 05:00:00,0.12852167,False,test,0.10236037,False,0.058753762,False,0.22445084,False,stabilized_flow_log_feature
2025-07-04 17:00:00,0.16053697,False,test,0.16212766,False,0.09845189,False,0.22103137,False,stabilized_flow_log_feature
2025-07-05 05:00:00,0.16393681,False,test,0.21079786,False,0.15597801,False,0.12503453,False,supply_temp_c
2025-07-05 17:00:00,0.17087118,False,test,0.2012733,False,0.18638529,False,0.12495493,False,supply_temp_c
2025-07-06 05:00:00,0.17893212,False,test,0.22660203,False,0.1825854,False,0.12760894,False,supply_temp_c
2025-07-06 17:00:00,0.26652378,False,test,0.23029505,False,0.34740743,True,0.22186889,False,return_temp_c
2025-07-07 05:00:00,0.20485479,False,test,0.13110217,False,0.28508613,False,0.19837606,False,return_temp_c
2025-07-07 17:00:00,0.11678476,False,test,0.09951533,False,0.10706853,False,0.14377041,False,stabilized_flow_log_feature
2025-07-08 05:00:00,0.16946568,False,test,0.16220447,False,0.15586522,False,0.19032729,False,stabilized_flow_log_feature
2025-07-08 17:00:00,0.18127833,False,test,0.17516321,False,0.1685669,False,0.20010495,False,stabilized_flow_log_feature
2025-07-09 05:00:00,0.17356491,False,test,0.19171236,False,0.1712821,False,0.15770021,False,supply_temp_c
2025-07-09 17:00:00,0.1668473,False,test,0.20525317,False,0.15993246,False,0.13535635,False,supply_temp_c
2025-07-10 05:00:00,0.13078207,False,test,0.1496214,False,0.14225905,False,0.10046578,False,supply_temp_c
