window_start,reconstruction_mse,is_reconstruction_anomaly,split,supply_temp_c_reconstruction_mse,is_supply_temp_c_channel_anomaly,return_temp_c_reconstruction_mse,is_return_temp_c_channel_anomaly,derived_flow_kg_s_reconstruction_mse,is_derived_flow_kg_s_channel_anomaly,dominant_anomalous_feature
2024-01-03 20:00:00,0.15343925,False,train,0.16057986,False,0.14244695,False,0.15729095,False,supply_temp_c
2024-01-04 08:00:00,0.15552598,False,train,0.15484181,False,0.1523224,False,0.15941377,False,derived_flow_kg_s
2024-01-04 20:00:00,0.20873183,False,train,0.17735398,False,0.17690356,False,0.27193794,False,derived_flow_kg_s
2024-01-05 08:00:00,0.20330983,False,train,0.19318376,False,0.14755775,False,0.26918802,False,derived_flow_kg_s
2024-01-05 20:00:00,0.5557505,False,train,0.15199903,False,0.19986701,False,1.3153855,False,derived_flow_kg_s
2024-01-06 08:00:00,0.5514323,False,train,0.1243952,False,0.20536749,False,1.3245343,False,derived_flow_kg_s
2024-01-06 20:00:00,0.5072415,False,train,0.13629842,False,0.17845982,False,1.2069662,False,derived_flow_kg_s
2024-01-07 08:00:00,0.55145717,False,train,0.17101793,False,0.22286016,False,1.2604933,False,derived_flow_kg_s
2024-01-07 20:00:00,0.22425672,False,train,0.27410212,False,0.17836632,False,0.22030176,False,supply_temp_c
2024-01-08 08:00:00,0.17955552,False,train,0.22967839,False,0.11996467,False,0.18902351,False,supply_temp_c
2024-01-08 20:00:00,0.30917197,False,train,0.19198918,False,0.14190958,False,0.59361714,False,derived_flow_kg_s
2024-01-09 08:00:00,0.3091943,False,train,0.13845457,False,0.19461155,False,0.59451675,False,derived_flow_kg_s
2024-01-09 20:00:00,0.5482632,False,train,0.17681141,False,0.22321858,False,1.2447597,False,derived_flow_kg_s
2024-01-10 08:00:00,0.5654943,False,train,0.23365867,False,0.20812441,False,1.2546996,False,derived_flow_kg_s
2024-01-10 20:00:00,0.1464207,False,train,0.1961547,False,0.1175332,False,0.12557425,False,supply_temp_c
2024-01-11 08:00:00,0.1306216,False,train,0.111744024,False,0.14660397,False,0.1335168,False,return_temp_c
2024-01-11 20:00:00,0.3229522,False,train,0.13741234,False,0.19511668,False,0.63632756,False,derived_flow_kg_s
2024-01-12 08:00:00,0.33514595,False,train,0.1634525,False,0.20096754,False,0.64101785,False,derived_flow_kg_s
2024-01-12 20:00:00,2.0510402,True,train,0.24349827,False,0.5057035,False,5.403919,True,derived_flow_kg_s
2024-01-13 08:00:00,2.051381,True,train,0.19990249,False,0.53582484,False,5.418417,True,derived_flow_kg_s
2024-01-13 20:00:00,0.15621042,False,train,0.14420913,False,0.17695868,False,0.14746344,False,return_temp_c
2024-01-14 08:00:00,0.17913933,False,train,0.20813145,False,0.1747277,False,0.15455885,False,supply_temp_c
2024-01-14 20:00:00,0.28884667,False,train,0.21264744,False,0.15738575,False,0.49650678,False,derived_flow_kg_s
2024-01-15 08:00:00,0.3024906,False,train,0.22713298,False,0.15682727,False,0.52351165,False,derived_flow_kg_s
2024-01-15 20:00:00,0.19192487,False,train,0.24773282,False,0.12300411,False,0.20503767,False,supply_temp_c
2024-01-16 08:00:00,0.18459451,False,train,0.22776353,False,0.13816772,False,0.18785231,False,supply_temp_c
2024-01-16 20:00:00,0.60030395,False,train,0.20871127,False,0.19008346,False,1.4021173,False,derived_flow_kg_s
2024-01-17 08:00:00,0.58414435,False,train,0.11793569,False,0.19916165,False,1.435336,False,derived_flow_kg_s
2024-01-17 20:00:00,0.13208832,False,train,0.14127013,False,0.10693172,False,0.14806312,False,derived_flow_kg_s
2024-01-18 08:00:00,0.1515587,False,train,0.20416658,False,0.09582129,False,0.15468816,False,supply_temp_c
2024-01-18 20:00:00,0.16363522,False,train,0.16307601,False,0.10590545,False,0.2219242,False,derived_flow_kg_s
2024-01-19 08:00:00,0.16199538,False,train,0.13413389,False,0.12509097,False,0.22676128,False,derived_flow_kg_s
2024-01-19 20:00:00,0.30569595,False,train,0.15012407,False,0.1513872,False,0.6155767,False,derived_flow_kg_s
2024-01-20 08:00:00,0.3112327,False,train,0.13840376,False,0.17086615,False,0.6244282,False,derived_flow_kg_s
2024-01-20 20:00:00,0.14884554,False,train,0.14652301,False,0.11101564,False,0.188998,False,derived_flow_kg_s
2024-01-21 08:00:00,0.15661925,False,train,0.15874736,False,0.116767704,False,0.19434272,False,derived_flow_kg_s
2024-01-21 20:00:00,0.41336367,False,train,0.17543435,False,0.15311204,False,0.91154456,False,derived_flow_kg_s
2024-01-23 08:00:00,0.22179946,False,train,0.22570677,False,0.13069044,False,0.3090012,False,derived_flow_kg_s
2024-01-23 20:00:00,0.16148125,False,train,0.24423206,False,0.099868946,False,0.14034273,False,supply_temp_c
2024-01-24 08:00:00,0.172144,False,train,0.21722305,False,0.16247244,False,0.13673647,False,supply_temp_c
2024-01-24 20:00:00,0.15350306,False,train,0.2077808,False,0.15309401,False,0.09963439,False,supply_temp_c
2024-01-25 08:00:00,0.1532492,False,train,0.23810136,False,0.10047757,False,0.1211687,False,supply_temp_c
2024-01-25 20:00:00,0.1518298,False,train,0.2644997,False,0.09806681,False,0.09292289,False,supply_temp_c
2024-01-26 08:00:00,0.1439572,False,train,0.2126119,False,0.11820498,False,0.101054676,False,supply_temp_c
2024-01-26 20:00:00,0.21282332,False,train,0.1662455,False,0.10877826,False,0.3634462,False,derived_flow_kg_s
2024-01-27 08:00:00,0.20280588,False,train,0.12784646,False,0.085309975,False,0.3952612,False,derived_flow_kg_s
2024-01-27 20:00:00,0.20681109,False,train,0.13870062,False,0.10302299,False,0.37870967,False,derived_flow_kg_s
2024-01-28 08:00:00,0.22530082,False,train,0.16220582,False,0.14779966,False,0.36589697,False,derived_flow_kg_s
2024-01-28 20:00:00,1.0610862,False,train,0.17128523,False,0.24046634,False,2.771507,True,derived_flow_kg_s
2024-01-29 08:00:00,1.0774105,True,train,0.1837006,False,0.2756152,False,2.7729158,True,derived_flow_kg_s
2024-01-29 20:00:00,0.34731472,False,train,0.1808693,False,0.1860917,False,0.6749831,False,derived_flow_kg_s
2024-01-30 08:00:00,0.3559879,False,train,0.18425739,False,0.20156407,False,0.68214226,False,derived_flow_kg_s
2024-01-30 20:00:00,0.12331959,False,train,0.16800876,False,0.1337291,False,0.068220936,False,supply_temp_c
2024-01-31 08:00:00,0.20174693,False,train,0.15156907,False,0.17605846,False,0.27761325,False,derived_flow_kg_s
2024-01-31 20:00:00,0.22161429,False,train,0.21572287,False,0.18252867,False,0.26659134,False,derived_flow_kg_s
2024-02-01 08:00:00,0.17773175,False,train,0.24230488,False,0.1540928,False,0.13679765,False,supply_temp_c
2024-02-01 20:00:00,0.17079078,False,train,0.22729783,False,0.18116052,False,0.10391396,False,supply_temp_c
2024-02-02 08:00:00,0.16622087,False,train,0.20075195,False,0.18807514,False,0.10983548,False,supply_temp_c
2024-02-02 20:00:00,0.1567871,False,train,0.22365408,False,0.15490776,False,0.091799416,False,supply_temp_c
2024-02-03 08:00:00,0.18822888,False,train,0.27148896,False,0.20621414,False,0.08698348,False,supply_temp_c
2024-02-03 20:00:00,0.1725654,False,train,0.21625467,False,0.21270351,False,0.08873802,False,supply_temp_c
2024-02-04 08:00:00,0.16931373,False,train,0.23825717,False,0.14063172,False,0.12905227,False,supply_temp_c
2024-02-04 20:00:00,0.17287087,False,train,0.20690162,False,0.13369633,False,0.17801465,False,supply_temp_c
2024-02-05 08:00:00,0.21019296,False,train,0.23665361,False,0.18166219,False,0.2122631,False,supply_temp_c
2024-02-05 20:00:00,0.24879986,False,train,0.29812098,False,0.25667542,False,0.1916032,False,supply_temp_c
2024-02-06 08:00:00,0.20091933,False,train,0.18840496,False,0.25059357,False,0.16375943,False,return_temp_c
2024-02-06 20:00:00,0.13109848,False,train,0.15654717,False,0.14221218,False,0.0945361,False,supply_temp_c
2024-02-07 08:00:00,0.17694648,False,train,0.22512537,False,0.19238043,False,0.11333368,False,supply_temp_c
2024-02-07 20:00:00,0.17773739,False,train,0.21287034,False,0.17908265,False,0.14125915,False,supply_temp_c
2024-02-08 08:00:00,0.15916301,False,train,0.17885494,False,0.17772119,False,0.1209129,False,supply_temp_c
2024-02-08 20:00:00,0.13859545,False,train,0.1631582,False,0.1629691,False,0.08965904,False,supply_temp_c
2024-02-09 08:00:00,0.13820046,False,train,0.14301941,False,0.17406686,False,0.097515166,False,return_temp_c
2024-02-09 20:00:00,0.12353811,False,train,0.12509872,False,0.16494098,False,0.08057461,False,return_temp_c
2024-02-10 08:00:00,0.11641354,False,train,0.0972715,False,0.16663761,False,0.08533151,False,return_temp_c
2024-02-10 20:00:00,0.11707059,False,train,0.10782942,False,0.15568149,False,0.08770088,False,return_temp_c
2024-02-11 08:00:00,0.11365218,False,train,0.08748714,False,0.16385792,False,0.08961144,False,return_temp_c
2024-02-11 20:00:00,0.1126176,False,train,0.09069549,False,0.17264424,False,0.07451307,False,return_temp_c
2024-02-12 08:00:00,0.120095305,False,train,0.122098505,False,0.15441535,False,0.08377206,False,return_temp_c
2024-02-12 20:00:00,8.000276,True,train,0.30682555,False,1.6641961,True,22.029806,True,derived_flow_kg_s
2024-02-13 08:00:00,8.042096,True,train,0.3321139,False,1.7098821,True,22.084291,True,derived_flow_kg_s
2024-02-13 20:00:00,0.21874698,False,train,0.21536428,False,0.19989054,False,0.24098611,False,derived_flow_kg_s
2024-02-14 08:00:00,0.21051778,False,train,0.21141051,False,0.22310448,False,0.19703837,False,return_temp_c
2024-02-14 20:00:00,0.21800148,False,train,0.20691134,False,0.21692729,False,0.2301658,False,derived_flow_kg_s
2024-02-15 08:00:00,0.22348912,False,train,0.24363375,False,0.18685311,False,0.23998047,False,supply_temp_c
2024-02-15 20:00:00,0.19320625,False,train,0.22015381,False,0.19191669,False,0.1675482,False,supply_temp_c
2024-02-16 08:00:00,0.17211106,False,train,0.182198,False,0.20303588,False,0.13109928,False,return_temp_c
2024-02-16 20:00:00,0.16632873,False,train,0.1604225,False,0.18695141,False,0.15161224,False,return_temp_c
2024-02-17 08:00:00,0.21063985,False,train,0.23462965,False,0.21131696,False,0.18597291,False,supply_temp_c
2024-02-17 20:00:00,0.19660941,False,train,0.22240965,False,0.200743,False,0.16667561,False,supply_temp_c
2024-02-18 08:00:00,0.14968309,False,train,0.15408318,False,0.17519034,False,0.11977575,False,return_temp_c
2024-02-18 20:00:00,0.15735953,False,train,0.14461948,False,0.17382711,False,0.15363196,False,return_temp_c
2024-02-19 08:00:00,0.13342242,False,train,0.0790245,False,0.12513311,False,0.19610961,False,derived_flow_kg_s
2024-02-19 20:00:00,0.14803281,False,train,0.109170675,False,0.13268049,False,0.20224725,False,derived_flow_kg_s
2024-02-20 08:00:00,0.16843683,False,train,0.16736425,False,0.17083997,False,0.16710626,False,return_temp_c
2024-02-20 20:00:00,0.18721789,False,train,0.18348466,False,0.17677484,False,0.2013942,False,derived_flow_kg_s
2024-02-21 08:00:00,0.17815895,False,train,0.185183,False,0.18342447,False,0.16586937,False,supply_temp_c
2024-02-21 20:00:00,0.1627956,False,train,0.14326744,False,0.17540468,False,0.16971469,False,return_temp_c
2024-02-22 08:00:00,0.16284026,False,train,0.16190793,False,0.15839756,False,0.16821527,False,derived_flow_kg_s
2024-02-22 20:00:00,0.14629665,False,train,0.1390848,False,0.13784201,False,0.16196316,False,derived_flow_kg_s
2024-02-23 08:00:00,0.13186969,False,train,0.11335131,False,0.13781865,False,0.14443913,False,derived_flow_kg_s
2024-02-23 20:00:00,0.12242818,False,train,0.11365258,False,0.1233898,False,0.13024217,False,derived_flow_kg_s
2024-02-24 08:00:00,0.10714565,False,train,0.09385419,False,0.10763677,False,0.119946,False,derived_flow_kg_s
2024-02-24 20:00:00,0.12918408,False,train,0.1027019,False,0.12902768,False,0.15582268,False,derived_flow_kg_s
2024-02-25 08:00:00,0.17277844,False,train,0.16526733,False,0.17199923,False,0.18106882,False,derived_flow_kg_s
2024-02-25 20:00:00,0.16989028,False,train,0.15411603,False,0.17179991,False,0.18375492,False,derived_flow_kg_s
2024-02-26 08:00:00,0.14138608,False,train,0.13507026,False,0.14072241,False,0.14836551,False,derived_flow_kg_s
2024-02-26 20:00:00,0.14425306,False,train,0.15191102,False,0.14596792,False,0.13488024,False,supply_temp_c
2024-02-27 08:00:00,0.14317453,False,train,0.14100839,False,0.13566656,False,0.15284859,False,derived_flow_kg_s
2024-02-27 20:00:00,0.15287608,False,train,0.145531,False,0.14863567,False,0.16446157,False,derived_flow_kg_s
2024-02-28 08:00:00,0.14242649,False,train,0.13584614,False,0.16188945,False,0.12954395,False,return_temp_c
2024-02-28 20:00:00,0.13854285,False,train,0.12302977,False,0.16478688,False,0.12781192,False,return_temp_c
2024-02-29 08:00:00,0.14421465,False,train,0.11502988,False,0.18253857,False,0.13507546,False,return_temp_c
2024-02-29 20:00:00,0.13328846,False,train,0.09490657,False,0.16750993,False,0.13744889,False,return_temp_c
2024-03-01 08:00:00,0.13173038,False,train,0.12824824,False,0.13739125,False,0.1295516,False,return_temp_c
2024-03-01 20:00:00,0.1598388,False,train,0.18700163,False,0.13956824,False,0.15294652,False,supply_temp_c
2024-03-02 08:00:00,0.17753857,False,train,0.21475959,False,0.16565393,False,0.15220223,False,supply_temp_c
2024-03-02 20:00:00,0.14451486,False,train,0.13747193,False,0.1389972,False,0.1570754,False,derived_flow_kg_s
2024-03-03 08:00:00,0.15214072,False,train,0.17879726,False,0.15296699,False,0.12465789,False,supply_temp_c
2024-03-03 20:00:00,0.32406017,False,train,0.37027216,False,0.34752524,False,0.25438312,False,supply_temp_c
2024-03-04 08:00:00,0.34245053,False,train,0.34493056,False,0.42855796,False,0.25386304,False,return_temp_c
2024-03-04 20:00:00,0.21107851,False,train,0.1534903,False,0.26016182,False,0.21958344,False,return_temp_c
2024-03-05 08:00:00,0.18034908,False,train,0.18022715,False,0.13347225,False,0.2273478,False,derived_flow_kg_s
2024-03-05 20:00:00,0.16558775,False,train,0.1617974,False,0.16297676,False,0.17198908,False,derived_flow_kg_s
2024-03-06 08:00:00,0.13695055,False,train,0.13969444,False,0.13807327,False,0.13308395,False,supply_temp_c
2024-03-06 20:00:00,0.13206506,False,train,0.115499295,False,0.1369612,False,0.14373468,False,derived_flow_kg_s
2024-03-07 08:00:00,0.16171564,False,train,0.18011244,False,0.16129121,False,0.14374325,False,supply_temp_c
2024-03-07 20:00:00,0.16639303,False,train,0.1954037,False,0.14166518,False,0.16211021,False,supply_temp_c
2024-03-08 08:00:00,0.13984764,False,train,0.12969266,False,0.14511584,False,0.14473444,False,return_temp_c
2024-03-08 20:00:00,0.13724059,False,train,0.12979747,False,0.1529776,False,0.12894672,False,return_temp_c
2024-03-09 08:00:00,0.16202201,False,train,0.1750931,False,0.16990381,False,0.14106913,False,supply_temp_c
2024-03-09 20:00:00,0.1675007,False,train,0.159252,False,0.12876512,False,0.21448494,False,derived_flow_kg_s
2024-03-10 08:00:00,0.16246302,False,train,0.1611277,False,0.14799832,False,0.17826302,False,derived_flow_kg_s
2024-03-10 20:00:00,0.1565572,False,train,0.14599194,False,0.13892098,False,0.18475871,False,derived_flow_kg_s
2024-03-11 08:00:00,0.23937123,False,train,0.2599515,False,0.20684247,False,0.25131965,False,supply_temp_c
2024-03-11 20:00:00,0.22069788,False,train,0.22191137,False,0.15752554,False,0.28265676,False,derived_flow_kg_s
2024-03-12 08:00:00,0.18572146,False,train,0.14533976,False,0.12391304,False,0.28791156,False,derived_flow_kg_s
2024-03-12 20:00:00,0.26299626,False,train,0.22221255,False,0.22213411,False,0.34464213,False,derived_flow_kg_s
2024-03-13 08:00:00,0.29761454,False,train,0.2651743,False,0.21519367,False,0.4124757,False,derived_flow_kg_s
2024-03-13 20:00:00,0.25348008,False,train,0.20588511,False,0.16012731,False,0.3944277,False,derived_flow_kg_s
2024-03-14 08:00:00,0.20978951,False,train,0.1515777,False,0.20065962,False,0.27713123,False,derived_flow_kg_s
2024-03-14 20:00:00,0.18809551,False,train,0.12825082,False,0.17711203,False,0.2589237,False,derived_flow_kg_s
2024-03-15 08:00:00,0.2002539,False,train,0.19013946,False,0.1664236,False,0.24419862,False,derived_flow_kg_s
2024-03-15 20:00:00,0.21546258,False,train,0.17655098,False,0.19863564,False,0.2712011,False,derived_flow_kg_s
2024-03-16 08:00:00,0.19518048,False,train,0.1307831,False,0.17465644,False,0.2801019,False,derived_flow_kg_s
2024-03-16 20:00:00,0.17935753,False,train,0.11687914,False,0.12994075,False,0.29125273,False,derived_flow_kg_s
2024-03-17 08:00:00,0.18771282,False,train,0.15320437,False,0.12053141,False,0.28940275,False,derived_flow_kg_s
2024-03-17 20:00:00,0.20168716,False,train,0.16752575,False,0.14269543,False,0.2948403,False,derived_flow_kg_s
2024-03-18 08:00:00,0.15200664,False,train,0.18093431,False,0.111718684,False,0.16336693,False,supply_temp_c
2024-03-18 20:00:00,0.25513127,False,train,0.17397417,False,0.11342905,False,0.47799063,False,derived_flow_kg_s
2024-03-19 08:00:00,0.24167047,False,train,0.1280969,False,0.11088767,False,0.4860269,False,derived_flow_kg_s
2024-03-19 20:00:00,0.128103,False,train,0.14111859,False,0.11096562,False,0.13222483,False,supply_temp_c
2024-03-20 08:00:00,0.14049348,False,train,0.11994993,False,0.15378955,False,0.14774098,False,return_temp_c
2024-03-20 20:00:00,0.10964014,False,train,0.09566162,False,0.106833994,False,0.12642477,False,derived_flow_kg_s
2024-03-21 08:00:00,0.12473515,False,train,0.088552214,False,0.13187133,False,0.15378189,False,derived_flow_kg_s
2024-03-21 20:00:00,0.15171522,False,train,0.109680735,False,0.102846116,False,0.24261874,False,derived_flow_kg_s
2024-03-22 08:00:00,0.16018526,False,train,0.13634913,False,0.107666485,False,0.23654015,False,derived_flow_kg_s
2024-03-22 20:00:00,0.13027662,False,train,0.13080595,False,0.115816414,False,0.1442075,False,derived_flow_kg_s
2024-03-23 08:00:00,0.13594292,False,train,0.14815094,False,0.12416783,False,0.13550997,False,supply_temp_c
2024-03-23 20:00:00,0.13719247,False,train,0.15638779,False,0.11142248,False,0.14376716,False,supply_temp_c
2024-03-24 08:00:00,0.17316705,False,train,0.19597097,False,0.14242844,False,0.18110175,False,supply_temp_c
2024-03-24 20:00:00,0.16520712,False,train,0.1981687,False,0.12064751,False,0.17680514,False,supply_temp_c
2024-03-25 08:00:00,0.18130183,False,train,0.23379491,False,0.15078399,False,0.15932661,False,supply_temp_c
2024-03-25 20:00:00,0.15936194,False,train,0.2118237,False,0.1329819,False,0.13328023,False,supply_temp_c
2024-03-26 08:00:00,0.1495919,False,train,0.18789804,False,0.119654804,False,0.14122279,False,supply_temp_c
2024-03-26 20:00:00,0.3513254,False,train,0.19604766,False,0.14421563,False,0.71371293,False,derived_flow_kg_s
2024-03-27 08:00:00,0.3589053,False,train,0.19960237,False,0.13662367,False,0.7404898,False,derived_flow_kg_s
2024-03-27 20:00:00,0.17113295,False,train,0.19067426,False,0.12091788,False,0.20180671,False,derived_flow_kg_s
2024-03-28 08:00:00,0.18106137,False,train,0.14802442,False,0.18032503,False,0.21483468,False,derived_flow_kg_s
2024-03-28 20:00:00,0.17135535,False,train,0.16688007,False,0.17076667,False,0.17641936,False,derived_flow_kg_s
2024-03-29 08:00:00,0.16811348,False,train,0.1904701,False,0.14462824,False,0.16924204,False,supply_temp_c
2024-03-29 20:00:00,0.1464003,False,train,0.16437724,False,0.1158106,False,0.15901306,False,supply_temp_c
2024-03-30 08:00:00,0.1570528,False,train,0.17008905,False,0.13415073,False,0.16691859,False,supply_temp_c
2024-03-30 20:00:00,0.14732029,False,train,0.1965469,False,0.10443226,False,0.14098169,False,supply_temp_c
2024-03-31 08:00:00,0.13631327,False,train,0.15870512,False,0.10318016,False,0.14705457,False,supply_temp_c
2024-03-31 20:00:00,0.12683447,False,train,0.1413962,False,0.105419554,False,0.13368766,False,supply_temp_c
2024-04-01 08:00:00,0.13848065,False,train,0.14145914,False,0.13582852,False,0.13815428,False,supply_temp_c
2024-04-01 20:00:00,0.15928099,False,train,0.1507959,False,0.15744482,False,0.16960226,False,derived_flow_kg_s
2024-04-02 08:00:00,0.15976883,False,train,0.15074217,False,0.17376198,False,0.15480231,False,return_temp_c
2024-04-02 20:00:00,0.15793079,False,train,0.12634803,False,0.16047549,False,0.1869688,False,derived_flow_kg_s
2024-04-03 08:00:00,0.15040937,False,train,0.11002815,False,0.11903154,False,0.22216845,False,derived_flow_kg_s
2024-04-03 20:00:00,1.1791383,True,train,0.19426034,False,0.44774923,False,2.895405,True,derived_flow_kg_s
2024-04-04 08:00:00,1.2169433,True,train,0.26282987,False,0.49600017,False,2.8920002,True,derived_flow_kg_s
2024-04-04 20:00:00,0.21469776,False,train,0.2298227,False,0.15131319,False,0.2629574,False,derived_flow_kg_s
2024-04-05 08:00:00,0.23228577,False,train,0.31202826,False,0.12021915,False,0.2646099,False,supply_temp_c
2024-04-05 20:00:00,0.36481985,False,train,0.32015076,False,0.12538284,False,0.64892596,False,derived_flow_kg_s
2024-04-06 08:00:00,0.36130846,False,train,0.260057,False,0.15388948,False,0.6699787,False,derived_flow_kg_s
2024-04-06 20:00:00,0.18046284,False,train,0.2425764,False,0.12380164,False,0.1750104,False,supply_temp_c
2024-04-07 08:00:00,0.19139773,False,train,0.24909015,False,0.149274,False,0.175829,False,supply_temp_c
2024-04-07 20:00:00,0.20397967,False,train,0.25692618,False,0.13479209,False,0.22022067,False,supply_temp_c
2024-04-08 08:00:00,0.21302925,False,train,0.26347294,False,0.1478834,False,0.22773139,False,supply_temp_c
2024-04-08 20:00:00,0.18856484,False,train,0.24750476,False,0.11790118,False,0.20028861,False,supply_temp_c
2024-04-09 08:00:00,0.1822951,False,train,0.22075295,False,0.14416677,False,0.1819656,False,supply_temp_c
2024-04-09 20:00:00,0.18098837,False,train,0.21240114,False,0.13989799,False,0.190666,False,supply_temp_c
2024-04-10 08:00:00,0.17026526,False,train,0.20077294,False,0.10244871,False,0.20757413,False,derived_flow_kg_s
2024-04-10 20:00:00,0.14215896,False,train,0.1667171,False,0.10756472,False,0.15219504,False,supply_temp_c
2024-04-11 08:00:00,0.14960828,False,train,0.16998528,False,0.097853124,False,0.18098642,False,derived_flow_kg_s
2024-04-11 20:00:00,0.13933605,False,train,0.18722726,False,0.084936254,False,0.14584464,False,supply_temp_c
2024-04-12 08:00:00,0.15505475,False,train,0.21947215,False,0.09919677,False,0.14649536,False,supply_temp_c
2024-04-12 20:00:00,0.15124433,False,train,0.25752434,False,0.07728585,False,0.11892279,False,supply_temp_c
2024-04-13 08:00:00,0.21911451,False,train,0.20577568,False,0.07740113,False,0.3741667,False,derived_flow_kg_s
2024-04-13 20:00:00,0.21245368,False,train,0.18054383,False,0.08687214,False,0.36994517,False,derived_flow_kg_s
2024-04-14 08:00:00,0.16562264,False,train,0.20470862,False,0.085042715,False,0.20711654,False,derived_flow_kg_s
2024-04-14 20:00:00,0.1487483,False,train,0.18695994,False,0.07707038,False,0.18221454,False,supply_temp_c
2024-04-15 08:00:00,0.13681343,False,train,0.1709115,False,0.08817514,False,0.15135364,False,supply_temp_c
2024-04-15 20:00:00,0.13470028,False,train,0.18392034,False,0.06681498,False,0.15336552,False,supply_temp_c
2024-04-16 08:00:00,0.14865223,False,train,0.15657745,False,0.103051424,False,0.18632777,False,derived_flow_kg_s
2024-04-16 20:00:00,0.13336381,False,train,0.1416315,False,0.085632525,False,0.17282741,False,derived_flow_kg_s
2024-04-17 08:00:00,0.15562697,False,train,0.18989104,False,0.107991226,False,0.16899861,False,supply_temp_c
2024-04-17 20:00:00,0.13150698,False,train,0.18131529,False,0.074564755,False,0.13864093,False,supply_temp_c
2024-04-18 08:00:00,0.13864227,False,train,0.18196201,False,0.07074637,False,0.1632184,False,supply_temp_c
2024-04-18 20:00:00,0.12539774,False,train,0.14986557,False,0.06682839,False,0.15949929,False,derived_flow_kg_s
2024-04-19 08:00:00,0.12145349,False,train,0.12880167,False,0.07819053,False,0.15736821,False,derived_flow_kg_s
2024-04-19 20:00:00,0.11652955,False,train,0.11844929,False,0.07704454,False,0.1540948,False,derived_flow_kg_s
2024-04-20 08:00:00,0.12192844,False,train,0.14795299,False,0.07120937,False,0.14662294,False,supply_temp_c
2024-04-20 20:00:00,0.11949968,False,train,0.12017482,False,0.101972796,False,0.13635145,False,derived_flow_kg_s
2024-04-21 08:00:00,0.11845335,False,train,0.12625863,False,0.105869375,False,0.123232044,False,supply_temp_c
2024-04-21 20:00:00,0.113881044,False,train,0.097828895,False,0.11345323,False,0.130361,False,derived_flow_kg_s
2024-04-22 08:00:00,0.13828975,False,train,0.15117233,False,0.124697246,False,0.13899963,False,supply_temp_c
2024-04-22 20:00:00,0.13402829,False,train,0.15568918,False,0.12291152,False,0.12348414,False,supply_temp_c
2024-04-23 08:00:00,0.14984535,False,train,0.22559154,False,0.1219792,False,0.10196531,False,supply_temp_c
2024-04-23 20:00:00,0.13424365,False,train,0.232023,False,0.09906127,False,0.07164667,False,supply_temp_c
2024-04-24 08:00:00,0.1330516,False,train,0.22593892,False,0.076146446,False,0.09706947,False,supply_temp_c
2024-04-24 20:00:00,0.12946883,False,train,0.20981787,False,0.09035524,False,0.08823335,False,supply_temp_c
2024-04-25 08:00:00,0.14459148,False,train,0.2234263,False,0.102544196,False,0.10780387,False,supply_temp_c
2024-04-25 20:00:00,0.11986262,False,train,0.1988623,False,0.062029507,False,0.09869608,False,supply_temp_c
2024-04-26 08:00:00,0.13194302,False,train,0.2023357,False,0.08334572,False,0.110147595,False,supply_temp_c
2024-04-26 20:00:00,0.11544824,False,train,0.19006072,False,0.06911147,False,0.087172516,False,supply_temp_c
2024-04-27 08:00:00,0.1259793,False,train,0.19614291,False,0.08168157,False,0.10011339,False,supply_temp_c
2024-04-27 20:00:00,0.107852586,False,train,0.17694026,False,0.07077716,False,0.07584033,False,supply_temp_c
2024-04-28 08:00:00,0.112522274,False,train,0.14726624,False,0.11004007,False,0.08026053,False,supply_temp_c
2024-04-28 20:00:00,0.20457646,False,train,0.19395359,False,0.19870217,False,0.22107363,False,derived_flow_kg_s
2024-04-29 08:00:00,0.25008777,False,train,0.279898,False,0.24113595,False,0.22922932,False,supply_temp_c
2024-04-29 20:00:00,0.18745305,False,train,0.25196013,False,0.18114303,False,0.12925605,False,supply_temp_c
2024-04-30 08:00:00,0.182053,False,train,0.27382827,False,0.13204065,False,0.14029008,False,supply_temp_c
2024-04-30 20:00:00,0.17735046,False,train,0.27136934,False,0.11291925,False,0.1477628,False,supply_temp_c
2024-05-01 08:00:00,0.17265563,False,train,0.23268503,False,0.13977884,False,0.14550303,False,supply_temp_c
2024-05-01 20:00:00,0.15871948,False,train,0.24234109,False,0.112919115,False,0.12089831,False,supply_temp_c
2024-05-02 08:00:00,0.15421876,False,train,0.19885087,False,0.113247715,False,0.15055774,False,supply_temp_c
2024-05-02 20:00:00,0.14329414,False,train,0.1863265,False,0.10779085,False,0.13576506,False,supply_temp_c
2024-05-03 08:00:00,0.15720588,False,train,0.16994824,False,0.1420011,False,0.15966831,False,supply_temp_c
2024-05-03 20:00:00,0.16780818,False,train,0.22738354,False,0.12026864,False,0.15577236,False,supply_temp_c
2024-05-04 08:00:00,0.16551162,False,train,0.20850296,False,0.12243968,False,0.16559221,False,supply_temp_c
2024-05-04 20:00:00,0.15046126,False,train,0.19217022,False,0.102788836,False,0.15642472,False,supply_temp_c
2024-05-05 08:00:00,0.14690828,False,train,0.18875915,False,0.1025176,False,0.1494481,False,supply_temp_c
2024-05-05 20:00:00,0.1893503,False,train,0.21541356,False,0.10705981,False,0.24557756,False,derived_flow_kg_s
2024-05-06 08:00:00,0.23185301,False,train,0.2793204,False,0.16205598,False,0.25418258,False,supply_temp_c
2024-05-06 20:00:00,0.19734341,False,train,0.23215847,False,0.20590104,False,0.15397073,False,supply_temp_c
2024-05-07 08:00:00,0.19423872,False,train,0.2888725,False,0.13764818,False,0.15619558,False,supply_temp_c
2024-05-07 20:00:00,0.15981178,False,train,0.24925266,False,0.10541302,False,0.124769695,False,supply_temp_c
2024-05-08 08:00:00,0.15617315,False,train,0.21813494,False,0.108276464,False,0.14210802,False,supply_temp_c
2024-05-08 20:00:00,0.16941968,False,train,0.26058212,False,0.09689283,False,0.15078402,False,supply_temp_c
2024-05-09 08:00:00,0.19228342,False,train,0.318437,False,0.10271421,False,0.15569903,False,supply_temp_c
2024-05-09 20:00:00,0.17142278,False,train,0.19691269,False,0.106194556,False,0.21116112,False,derived_flow_kg_s
2024-05-10 08:00:00,0.17498316,False,train,0.18816726,False,0.102813125,False,0.23396908,False,derived_flow_kg_s
2024-05-10 20:00:00,0.1694933,False,train,0.24524541,False,0.11630604,False,0.14692849,False,supply_temp_c
2024-05-11 08:00:00,0.1837309,False,train,0.22714353,False,0.17283946,False,0.15120976,False,supply_temp_c
2024-05-11 20:00:00,0.16949369,False,train,0.20332736,False,0.13803299,False,0.16712071,False,supply_temp_c
2024-05-12 08:00:00,0.20405,False,train,0.2542862,False,0.17242225,False,0.18544154,False,supply_temp_c
2024-05-12 20:00:00,0.2468422,False,train,0.25136897,False,0.18679202,False,0.30236557,False,derived_flow_kg_s
2024-05-13 08:00:00,0.2660008,False,train,0.29215914,False,0.17705607,False,0.3287872,False,derived_flow_kg_s
2024-05-13 20:00:00,0.1634659,False,train,0.23854285,False,0.10219293,False,0.14966188,False,supply_temp_c
2024-05-14 08:00:00,0.1696441,False,train,0.23819618,False,0.1103048,False,0.16043134,False,supply_temp_c
2024-05-14 20:00:00,0.15729256,False,train,0.23391752,False,0.075296916,False,0.16266327,False,supply_temp_c
2024-05-15 08:00:00,0.16015925,False,train,0.22285026,False,0.080161914,False,0.17746556,False,supply_temp_c
2024-05-15 20:00:00,0.16107263,False,train,0.2244435,False,0.13670206,False,0.1220723,False,supply_temp_c
2024-05-16 08:00:00,0.16619794,False,train,0.18047673,False,0.17343958,False,0.14467753,False,supply_temp_c
2024-05-16 20:00:00,0.15184139,False,train,0.17151034,False,0.10754258,False,0.17647125,False,derived_flow_kg_s
2024-05-17 08:00:00,0.15413755,False,train,0.14501087,False,0.114881724,False,0.20252001,False,derived_flow_kg_s
2024-05-17 20:00:00,0.122635856,False,train,0.15248953,False,0.08037175,False,0.13504626,False,supply_temp_c
2024-05-18 08:00:00,0.13540779,False,train,0.12917699,False,0.11704585,False,0.16000052,False,derived_flow_kg_s
2024-05-18 20:00:00,0.120466076,False,train,0.13419068,False,0.092391945,False,0.13481556,False,derived_flow_kg_s
2024-05-19 08:00:00,0.14880966,False,train,0.19818534,False,0.111786366,False,0.13645725,False,supply_temp_c
2024-05-19 20:00:00,0.15169786,False,train,0.19390829,False,0.09733566,False,0.16384964,False,supply_temp_c
2024-05-20 08:00:00,0.15566821,False,train,0.1668651,False,0.11857507,False,0.18156451,False,derived_flow_kg_s
2024-05-20 20:00:00,0.14572233,False,train,0.1812451,False,0.09007091,False,0.16585098,False,supply_temp_c
2024-05-21 08:00:00,0.1548084,False,train,0.1773396,False,0.108134836,False,0.17895074,False,derived_flow_kg_s
2024-05-21 20:00:00,0.11977487,False,train,0.1717272,False,0.086934544,False,0.100662895,False,supply_temp_c
2024-05-22 08:00:00,0.13162123,False,train,0.16298868,False,0.07721899,False,0.15465601,False,supply_temp_c
2024-05-22 20:00:00,0.11673432,False,train,0.14945136,False,0.06027433,False,0.14047728,False,supply_temp_c
2024-05-23 08:00:00,0.12134968,False,train,0.17077899,False,0.07998172,False,0.11328835,False,supply_temp_c
2024-05-23 20:00:00,0.11310712,False,train,0.17753702,False,0.070589386,False,0.091194965,False,supply_temp_c
2024-05-24 08:00:00,0.11611661,False,train,0.11093509,False,0.09087949,False,0.14653526,False,derived_flow_kg_s
2024-05-24 20:00:00,0.09326243,False,train,0.09766972,False,0.063337885,False,0.11877968,False,derived_flow_kg_s
2024-05-25 08:00:00,0.11898681,False,train,0.09171174,False,0.12609373,False,0.13915496,False,derived_flow_kg_s
2024-05-25 20:00:00,0.13548,False,train,0.17523003,False,0.1120342,False,0.11917573,False,supply_temp_c
2024-05-26 08:00:00,0.17191045,False,train,0.25299934,False,0.12621683,False,0.13651516,False,supply_temp_c
2024-05-26 20:00:00,0.17596617,False,train,0.28088582,False,0.10818491,False,0.13882779,False,supply_temp_c
2024-05-27 08:00:00,0.1592347,False,train,0.24170534,False,0.1126689,False,0.12332988,False,supply_temp_c
2024-05-27 20:00:00,0.13585946,False,train,0.21470076,False,0.08399984,False,0.108877756,False,supply_temp_c
2024-05-28 08:00:00,0.15744093,False,train,0.16674328,False,0.11690853,False,0.188671,False,derived_flow_kg_s
2024-05-28 20:00:00,0.15689659,False,train,0.14500423,False,0.12292376,False,0.20276181,False,derived_flow_kg_s
2024-05-29 08:00:00,0.12251815,False,train,0.10559365,False,0.109991364,False,0.15196948,False,derived_flow_kg_s
2024-05-29 20:00:00,0.081353635,False,train,0.08211267,False,0.038623806,False,0.1233244,False,derived_flow_kg_s
2024-05-30 08:00:00,0.103235684,False,train,0.095122986,False,0.046442658,False,0.16814138,False,derived_flow_kg_s
2024-05-30 20:00:00,0.105248384,False,train,0.103786595,False,0.04181342,False,0.17014515,False,derived_flow_kg_s
2024-05-31 08:00:00,0.094881415,False,train,0.10440838,False,0.03645457,False,0.14378129,False,derived_flow_kg_s
2024-05-31 20:00:00,0.096700385,False,train,0.10764583,False,0.035427056,False,0.14702827,False,derived_flow_kg_s
2024-06-01 08:00:00,0.09817237,False,train,0.09905398,False,0.03395192,False,0.16151118,False,derived_flow_kg_s
2024-06-01 20:00:00,0.09764838,False,train,0.10186317,False,0.03649437,False,0.1545876,False,derived_flow_kg_s
2024-06-02 08:00:00,0.1006133,False,train,0.11439705,False,0.03641186,False,0.151031,False,derived_flow_kg_s
2024-06-02 20:00:00,0.10213343,False,train,0.11137572,False,0.036884475,False,0.15814011,False,derived_flow_kg_s
2024-06-03 08:00:00,0.10644555,False,train,0.12014619,False,0.038654715,False,0.16053575,False,derived_flow_kg_s
2024-06-03 20:00:00,0.11777907,False,train,0.14618492,False,0.040795088,False,0.16635717,False,derived_flow_kg_s
2024-06-04 08:00:00,0.11514921,False,train,0.13398784,False,0.040806796,False,0.17065299,False,derived_flow_kg_s
2024-06-04 20:00:00,0.12389326,False,train,0.14827919,False,0.04627375,False,0.17712682,False,derived_flow_kg_s
2024-06-05 08:00:00,0.12716551,False,train,0.14835903,False,0.051011648,False,0.18212585,False,derived_flow_kg_s
2024-06-05 20:00:00,0.12315324,False,train,0.14880365,False,0.048446376,False,0.17220967,False,derived_flow_kg_s
2024-06-06 08:00:00,0.12056822,False,train,0.1546971,False,0.044129837,False,0.16287772,False,derived_flow_kg_s
2024-06-06 20:00:00,0.130179,False,train,0.15764518,False,0.058664043,False,0.17422782,False,derived_flow_kg_s
2024-06-07 08:00:00,0.13971561,False,train,0.15941077,False,0.063665055,False,0.19607098,False,derived_flow_kg_s
2024-06-07 20:00:00,0.1486213,False,train,0.16036768,False,0.06492585,False,0.22057043,False,derived_flow_kg_s
2024-06-08 08:00:00,0.15082616,False,train,0.16776325,False,0.0690729,False,0.21564238,False,derived_flow_kg_s
2024-06-08 20:00:00,0.12188343,False,train,0.12818347,False,0.054297794,False,0.183169,False,derived_flow_kg_s
2024-06-09 08:00:00,0.098413035,False,train,0.09981487,False,0.04264447,False,0.15277979,False,derived_flow_kg_s
2024-06-09 20:00:00,0.095098495,False,train,0.12932481,False,0.0405591,False,0.11541157,False,supply_temp_c
2024-06-10 08:00:00,0.10065395,False,train,0.168275,False,0.05458474,False,0.07910212,False,supply_temp_c
2024-06-10 20:00:00,0.09888707,False,train,0.17390406,False,0.05947874,False,0.063278414,False,supply_temp_c
2024-06-11 08:00:00,0.08860063,False,train,0.15054756,False,0.051151186,False,0.06410312,False,supply_temp_c
2024-06-11 20:00:00,0.088861875,False,train,0.12934901,False,0.07113204,False,0.066104576,False,supply_temp_c
2024-06-12 08:00:00,0.08819196,False,train,0.13484862,False,0.059536245,False,0.070191,False,supply_temp_c
2024-06-12 20:00:00,0.08130795,False,train,0.12401446,False,0.051722717,False,0.06818665,False,supply_temp_c
2024-06-13 08:00:00,0.08104235,False,train,0.11730683,False,0.059498746,False,0.06632147,False,supply_temp_c
2024-06-13 20:00:00,0.07763251,False,train,0.118498765,False,0.047119055,False,0.06727972,False,supply_temp_c
2024-06-14 08:00:00,0.07273495,False,train,0.10625336,False,0.04704331,False,0.06490818,False,supply_temp_c
2024-06-14 20:00:00,0.07293682,False,train,0.10416929,False,0.049351413,False,0.065289736,False,supply_temp_c
2024-06-15 08:00:00,0.07034138,False,train,0.096601866,False,0.046082776,False,0.06833952,False,supply_temp_c
2024-06-15 20:00:00,0.07391279,False,train,0.1054521,False,0.047714125,False,0.068572156,False,supply_temp_c
2024-06-16 08:00:00,0.080744505,False,train,0.12151956,False,0.050057262,False,0.07065669,False,supply_temp_c
2024-06-16 20:00:00,0.08193898,False,train,0.11992674,False,0.053269356,False,0.07262083,False,supply_temp_c
2024-06-17 08:00:00,0.07656357,False,train,0.11179808,False,0.04760228,False,0.07029032,False,supply_temp_c
2024-06-17 20:00:00,0.07470557,False,train,0.10028082,False,0.05608518,False,0.067750685,False,supply_temp_c
2024-06-18 08:00:00,0.0740119,False,train,0.09709825,False,0.05784152,False,0.06709594,False,supply_temp_c
2024-06-18 20:00:00,0.0689228,False,train,0.08946868,False,0.04913001,False,0.068169735,False,supply_temp_c
2024-06-19 08:00:00,0.07201956,False,train,0.087524176,False,0.05972747,False,0.06880706,False,supply_temp_c
2024-06-19 20:00:00,0.07664868,False,train,0.103188224,False,0.055943605,False,0.070814215,False,supply_temp_c
2024-06-20 08:00:00,0.14630015,False,train,0.1822639,False,0.09991328,False,0.1567233,False,supply_temp_c
2024-06-20 20:00:00,0.23924764,False,train,0.23111995,False,0.17625652,False,0.31036642,False,derived_flow_kg_s
2024-06-21 08:00:00,0.2215926,False,train,0.23458731,False,0.16360226,False,0.26658827,False,derived_flow_kg_s
2024-06-21 20:00:00,0.09319818,False,train,0.13057621,False,0.031478297,False,0.11754006,False,supply_temp_c
2024-06-22 08:00:00,0.087494776,False,train,0.11467885,False,0.03453521,False,0.11327025,False,supply_temp_c
2024-06-22 20:00:00,0.08731776,False,train,0.113696404,False,0.031635184,False,0.11662168,False,derived_flow_kg_s
2024-06-23 08:00:00,0.08840276,False,train,0.109199196,False,0.04017471,False,0.11583438,False,derived_flow_kg_s
2024-06-23 20:00:00,0.09175262,False,train,0.1217784,False,0.031162621,False,0.12231684,False,derived_flow_kg_s
2024-06-24 08:00:00,0.094144516,False,train,0.13215548,False,0.033613756,False,0.11666427,False,supply_temp_c
2024-06-24 20:00:00,0.084777884,False,train,0.12363708,False,0.03310913,False,0.097587414,False,supply_temp_c
2024-06-25 08:00:00,0.0805383,False,train,0.12792431,False,0.024740651,False,0.08894994,False,supply_temp_c
2024-06-25 20:00:00,0.08120815,False,train,0.12928163,False,0.034008283,False,0.08033453,False,supply_temp_c
2024-06-26 08:00:00,0.087481655,False,train,0.14074321,False,0.042251106,False,0.079450645,False,supply_temp_c
2024-06-26 20:00:00,0.11123122,False,train,0.12521268,False,0.102382995,False,0.10609799,False,supply_temp_c
2024-06-27 08:00:00,0.105908565,False,train,0.10057023,False,0.09537411,False,0.12178141,False,derived_flow_kg_s
2024-06-27 20:00:00,0.0785952,False,train,0.096894674,False,0.038578358,False,0.10031257,False,derived_flow_kg_s
2024-06-28 08:00:00,0.0817633,False,train,0.116829924,False,0.034077693,False,0.09438226,False,supply_temp_c
2024-06-28 20:00:00,0.08583937,False,train,0.12612851,False,0.031164909,False,0.100224696,False,supply_temp_c
2024-06-29 08:00:00,0.07899007,False,train,0.10422177,False,0.027811347,False,0.1049371,False,derived_flow_kg_s
2024-06-29 20:00:00,0.07551673,False,train,0.10137242,False,0.027166845,False,0.098010965,False,supply_temp_c
2024-06-30 08:00:00,0.08210073,False,train,0.12216923,False,0.024514534,False,0.09961843,False,supply_temp_c
2024-06-30 20:00:00,0.07490068,False,train,0.10271906,False,0.024745265,False,0.097237706,False,supply_temp_c
2024-07-01 08:00:00,0.0748208,False,train,0.10017931,False,0.031618405,False,0.09266469,False,supply_temp_c
2024-07-01 20:00:00,0.08465375,False,train,0.12170246,False,0.032334,False,0.09992477,False,supply_temp_c
2024-07-02 08:00:00,0.08568329,False,train,0.11460477,False,0.042318523,False,0.10012659,False,supply_temp_c
2024-07-02 20:00:00,0.08128615,False,train,0.10998073,False,0.036528703,False,0.09734898,False,supply_temp_c
2024-07-03 08:00:00,0.07885986,False,train,0.10584428,False,0.032332476,False,0.09840282,False,supply_temp_c
2024-07-03 20:00:00,0.07650837,False,train,0.107025005,False,0.033686593,False,0.08881355,False,supply_temp_c
2024-07-04 08:00:00,0.06706296,False,train,0.08740183,False,0.036533825,False,0.07725323,False,supply_temp_c
2024-07-04 20:00:00,0.06319393,False,train,0.069750436,False,0.04096127,False,0.0788701,False,derived_flow_kg_s
2024-07-05 08:00:00,0.06320111,False,train,0.06718376,False,0.0441701,False,0.07824948,False,derived_flow_kg_s
2024-07-05 20:00:00,0.06318055,False,train,0.06765176,False,0.043716315,False,0.078173585,False,derived_flow_kg_s
2024-07-06 08:00:00,0.06403366,False,train,0.065259896,False,0.047200203,False,0.07964086,False,derived_flow_kg_s
2024-07-06 20:00:00,0.063982755,False,train,0.06025125,False,0.047811866,False,0.08388513,False,derived_flow_kg_s
2024-07-07 08:00:00,0.06717545,False,train,0.06579457,False,0.04817171,False,0.087560065,False,derived_flow_kg_s
2024-07-07 20:00:00,0.06851894,False,train,0.06996346,False,0.05111447,False,0.084478885,False,derived_flow_kg_s
2024-07-08 08:00:00,0.07782948,False,train,0.070555694,False,0.0765362,False,0.08639655,False,derived_flow_kg_s
2024-07-08 20:00:00,0.07754139,False,train,0.073521785,False,0.07129601,False,0.08780638,False,derived_flow_kg_s
2024-07-09 08:00:00,0.06977859,False,train,0.07484519,False,0.048700947,False,0.08578965,False,derived_flow_kg_s
2024-07-09 20:00:00,0.06963389,False,train,0.072691984,False,0.051416535,False,0.08479315,False,derived_flow_kg_s
2024-07-10 08:00:00,0.06597134,False,train,0.07323618,False,0.040959828,False,0.083718,False,derived_flow_kg_s
2024-07-10 20:00:00,0.071694836,False,train,0.08872155,False,0.043976914,False,0.082386054,False,supply_temp_c
2024-07-11 08:00:00,0.06774896,False,train,0.078724615,False,0.044427857,False,0.08009438,False,derived_flow_kg_s
2024-07-11 20:00:00,0.06574619,False,train,0.07368458,False,0.04072802,False,0.082825966,False,derived_flow_kg_s
2024-07-12 08:00:00,0.064593196,False,train,0.06807802,False,0.04228131,False,0.083420254,False,derived_flow_kg_s
2024-07-12 20:00:00,0.06861262,False,train,0.08538774,False,0.037299704,False,0.08315041,False,supply_temp_c
2024-07-13 08:00:00,0.063778244,False,train,0.07473016,False,0.03461661,False,0.08198797,False,derived_flow_kg_s
2024-07-13 20:00:00,0.06259021,False,train,0.07630699,False,0.03153829,False,0.07992535,False,derived_flow_kg_s
2024-07-14 08:00:00,0.067185186,False,train,0.08088223,False,0.039370846,False,0.08130247,False,derived_flow_kg_s
2024-07-14 20:00:00,0.06358434,False,train,0.072568245,False,0.039555103,False,0.07862968,False,derived_flow_kg_s
2024-07-15 08:00:00,0.06195104,False,train,0.06718422,False,0.0380367,False,0.08063222,False,derived_flow_kg_s
2024-07-15 20:00:00,0.07446095,False,train,0.092672475,False,0.050107855,False,0.080602534,False,supply_temp_c
2024-07-16 08:00:00,0.07990371,False,train,0.10843167,False,0.0566107,False,0.07466877,False,supply_temp_c
2024-07-16 20:00:00,0.07651279,False,train,0.099840224,False,0.057688504,False,0.07200965,False,supply_temp_c
2024-07-17 08:00:00,0.090873875,False,train,0.12475451,False,0.06592628,False,0.08194084,False,supply_temp_c
2024-07-17 20:00:00,0.097220585,False,train,0.09135536,False,0.08408556,False,0.11622084,False,derived_flow_kg_s
2024-07-18 08:00:00,0.0863931,False,train,0.09714321,False,0.051299248,False,0.110736884,False,derived_flow_kg_s
2024-07-18 20:00:00,0.06348848,False,train,0.06988744,False,0.042645942,False,0.077932075,False,derived_flow_kg_s
2024-07-19 08:00:00,0.06704639,False,train,0.0838509,False,0.04043211,False,0.07685616,False,supply_temp_c
2024-07-19 20:00:00,0.065292954,False,train,0.074906275,False,0.043491784,False,0.0774808,False,derived_flow_kg_s
2024-07-20 08:00:00,0.063875966,False,train,0.07744449,False,0.036558554,False,0.07762488,False,derived_flow_kg_s
2024-07-20 20:00:00,0.07120952,False,train,0.0906367,False,0.04426256,False,0.07872931,False,supply_temp_c
2024-07-21 08:00:00,0.07167499,False,train,0.08773766,False,0.049146593,False,0.07814071,False,supply_temp_c
2024-07-21 20:00:00,0.076339036,False,train,0.092295684,False,0.05454752,False,0.082173906,False,supply_temp_c
2024-07-22 08:00:00,0.07037609,False,train,0.07737757,False,0.049646307,False,0.08410439,False,derived_flow_kg_s
2024-07-22 20:00:00,0.073920764,False,train,0.08967095,False,0.060282975,False,0.07180839,False,supply_temp_c
2024-07-23 08:00:00,0.071785666,False,train,0.08434793,False,0.05368836,False,0.07732069,False,supply_temp_c
2024-07-23 20:00:00,0.06823996,False,train,0.07871658,False,0.045894388,False,0.08010889,False,derived_flow_kg_s
2024-07-24 08:00:00,0.06530857,False,train,0.07515051,False,0.043510396,False,0.07726478,False,derived_flow_kg_s
2024-07-24 20:00:00,0.075261205,False,train,0.08707667,False,0.058656454,False,0.08005053,False,supply_temp_c
2024-07-25 08:00:00,0.07813141,False,train,0.090524375,False,0.062083017,False,0.08178683,False,supply_temp_c
2024-07-25 20:00:00,0.06585076,False,train,0.07635609,False,0.042199988,False,0.078996174,False,derived_flow_kg_s
2024-07-26 08:00:00,0.06498066,False,train,0.07651957,False,0.04342517,False,0.07499727,False,supply_temp_c
2024-07-26 20:00:00,0.061082236,False,train,0.06437364,False,0.041670192,False,0.077202864,False,derived_flow_kg_s
2024-07-27 08:00:00,0.05929368,False,train,0.06382146,False,0.035023104,False,0.07903647,False,derived_flow_kg_s
2024-07-27 20:00:00,0.062772796,False,train,0.07105405,False,0.040507596,False,0.07675675,False,derived_flow_kg_s
2024-07-28 08:00:00,0.064886466,False,train,0.069115035,False,0.04377922,False,0.08176514,False,derived_flow_kg_s
2024-07-28 20:00:00,0.062368937,False,train,0.06874162,False,0.036934633,False,0.08143056,False,derived_flow_kg_s
2024-07-29 08:00:00,0.060726,False,train,0.0667469,False,0.036909465,False,0.07852163,False,derived_flow_kg_s
2024-07-29 20:00:00,0.06190651,False,train,0.0649096,False,0.04327242,False,0.07753752,False,derived_flow_kg_s
2024-07-30 08:00:00,0.060443595,False,train,0.0632947,False,0.041185755,False,0.07685032,False,derived_flow_kg_s
2024-07-30 20:00:00,0.061708465,False,train,0.061483566,False,0.04353937,False,0.08010244,False,derived_flow_kg_s
2024-07-31 08:00:00,0.063520536,False,train,0.06971046,False,0.043835,False,0.07701615,False,derived_flow_kg_s
2024-07-31 20:00:00,0.06780411,False,train,0.08909453,False,0.037607,False,0.076710805,False,supply_temp_c
2024-08-01 08:00:00,0.06645376,False,train,0.08027254,False,0.041449733,False,0.077639006,False,supply_temp_c
2024-08-01 20:00:00,0.06770314,False,train,0.085413255,False,0.040207636,False,0.077488534,False,supply_temp_c
2024-08-02 08:00:00,0.06405256,False,train,0.07396727,False,0.0388957,False,0.07929472,False,derived_flow_kg_s
2024-08-02 20:00:00,0.05988725,False,train,0.061889693,False,0.03660543,False,0.08116664,False,derived_flow_kg_s
2024-08-03 08:00:00,0.06221281,False,train,0.074723035,False,0.035318352,False,0.07659706,False,derived_flow_kg_s
2024-08-03 20:00:00,0.059944052,False,train,0.066667214,False,0.03751221,False,0.075652726,False,derived_flow_kg_s
2024-08-04 08:00:00,0.058047518,False,train,0.065972,False,0.032488894,False,0.07568168,False,derived_flow_kg_s
2024-08-04 20:00:00,0.057165246,False,train,0.05772254,False,0.036571722,False,0.07720149,False,derived_flow_kg_s
2024-08-05 08:00:00,0.060437594,False,train,0.062248614,False,0.039677218,False,0.07938694,False,derived_flow_kg_s
2024-08-05 20:00:00,0.153124,False,train,0.1639971,False,0.12006172,False,0.17531319,False,derived_flow_kg_s
2024-08-06 08:00:00,0.20788911,False,train,0.18781789,False,0.18823366,False,0.2476158,False,derived_flow_kg_s
2024-08-06 20:00:00,0.19990258,False,train,0.1899392,False,0.18991107,False,0.21985741,False,derived_flow_kg_s
2024-08-07 08:00:00,0.17761514,False,train,0.1811382,False,0.17045657,False,0.18125069,False,derived_flow_kg_s
2024-08-07 20:00:00,0.16014613,False,train,0.12975805,False,0.16209672,False,0.18858363,False,derived_flow_kg_s
2024-08-09 08:00:00,0.29554302,False,train,0.35307738,False,0.2728193,False,0.26073238,False,supply_temp_c
2024-08-09 20:00:00,0.09455673,False,train,0.11654421,False,0.06377377,False,0.10335221,False,supply_temp_c
2024-08-10 08:00:00,0.08673838,False,train,0.09168445,False,0.07132375,False,0.09720693,False,derived_flow_kg_s
2024-08-10 20:00:00,0.08173502,False,train,0.0930684,False,0.069815814,False,0.08232088,False,supply_temp_c
2024-08-11 08:00:00,0.07125832,False,train,0.08485111,False,0.047478516,False,0.081445344,False,supply_temp_c
2024-08-11 20:00:00,0.06475046,False,train,0.07508101,False,0.04472742,False,0.07444293,False,supply_temp_c
2024-08-12 08:00:00,0.084798545,False,train,0.099889874,False,0.06175402,False,0.09275175,False,supply_temp_c
2024-08-12 20:00:00,0.07882372,False,train,0.08775747,False,0.057546064,False,0.091167636,False,derived_flow_kg_s
2024-08-13 08:00:00,0.115905896,False,train,0.1417541,False,0.0847649,False,0.121198714,False,supply_temp_c
2024-08-13 20:00:00,0.09869537,False,train,0.09346992,False,0.08285446,False,0.119761735,False,derived_flow_kg_s
2024-08-14 08:00:00,0.08868018,False,train,0.10708406,False,0.07403021,False,0.08492625,False,supply_temp_c
2024-08-14 20:00:00,0.07715836,False,train,0.10156097,False,0.05698933,False,0.0729248,False,supply_temp_c
2024-08-15 08:00:00,0.12347375,False,train,0.122430794,False,0.16647476,False,0.0815157,False,return_temp_c
2024-08-15 20:00:00,0.16794851,False,train,0.15631622,False,0.21722172,False,0.13030757,False,return_temp_c
2024-08-16 08:00:00,0.1607093,False,train,0.12877737,False,0.23914075,False,0.11420976,False,return_temp_c
2024-08-16 20:00:00,0.07574983,False,train,0.10167255,False,0.050831165,False,0.074745774,False,supply_temp_c
2024-08-17 08:00:00,0.19327691,False,train,0.20384221,False,0.15268306,False,0.22330546,False,derived_flow_kg_s
2024-08-17 20:00:00,0.25371987,False,train,0.21247613,False,0.21568541,False,0.33299807,False,derived_flow_kg_s
2024-08-18 08:00:00,0.17588507,False,train,0.1738493,False,0.14689253,False,0.20691341,False,derived_flow_kg_s
2024-08-18 20:00:00,0.07360798,False,train,0.09932556,False,0.049516127,False,0.071982265,False,supply_temp_c
2024-08-19 08:00:00,0.10832562,False,train,0.109866194,False,0.0854345,False,0.12967618,False,derived_flow_kg_s
2024-08-19 20:00:00,0.14750557,False,train,0.13051748,False,0.11902481,False,0.1929744,False,derived_flow_kg_s
2024-08-20 08:00:00,0.12989432,False,train,0.11501398,False,0.10673037,False,0.16793859,False,derived_flow_kg_s
2024-08-20 20:00:00,0.07873988,False,train,0.07601524,False,0.059886236,False,0.10031816,False,derived_flow_kg_s
2024-08-21 08:00:00,0.06040289,False,train,0.0661029,False,0.040583096,False,0.07452269,False,derived_flow_kg_s
2024-08-21 20:00:00,0.06361289,False,train,0.07319614,False,0.041161522,False,0.07648101,False,derived_flow_kg_s
2024-08-22 08:00:00,0.067699164,False,train,0.07542074,False,0.049700636,False,0.07797612,False,derived_flow_kg_s
2024-08-22 20:00:00,0.071572706,False,train,0.07988194,False,0.039312284,False,0.09552389,False,derived_flow_kg_s
2024-08-23 08:00:00,0.087433845,False,train,0.09931773,False,0.032063123,False,0.13092068,False,derived_flow_kg_s
2024-08-23 20:00:00,0.10337575,False,train,0.1064421,False,0.051984746,False,0.15170038,False,derived_flow_kg_s
2024-08-24 08:00:00,0.10143329,False,train,0.101734735,False,0.06734193,False,0.1352232,False,derived_flow_kg_s
2024-08-24 20:00:00,0.103577904,False,train,0.11034212,False,0.07190854,False,0.12848304,False,derived_flow_kg_s
2024-08-25 08:00:00,0.102720395,False,train,0.101301126,False,0.06910329,False,0.13775676,False,derived_flow_kg_s
2024-08-25 20:00:00,0.108241245,False,train,0.12219375,False,0.052130505,False,0.15039948,False,derived_flow_kg_s
2024-08-26 08:00:00,0.10632835,False,train,0.10510027,False,0.06455969,False,0.14932513,False,derived_flow_kg_s
2024-08-26 20:00:00,0.08801696,False,train,0.08978512,False,0.04359517,False,0.13067058,False,derived_flow_kg_s
2024-08-27 08:00:00,0.089373976,False,train,0.09416904,False,0.03555107,False,0.13840179,False,derived_flow_kg_s
2024-08-27 20:00:00,0.0851082,False,train,0.10185278,False,0.027741952,False,0.12572987,False,derived_flow_kg_s
2024-08-28 08:00:00,0.08782191,False,train,0.11034029,False,0.031464547,False,0.12166088,False,derived_flow_kg_s
2024-08-28 20:00:00,0.08810528,False,train,0.10917604,False,0.03214262,False,0.122997165,False,derived_flow_kg_s
2024-08-29 08:00:00,0.08769418,False,train,0.11585641,False,0.03174962,False,0.11547653,False,supply_temp_c
2024-08-29 20:00:00,0.078016035,False,train,0.08826759,False,0.044334095,False,0.10144642,False,derived_flow_kg_s
2024-08-30 08:00:00,0.1566065,False,train,0.16505642,False,0.10029598,False,0.20446706,False,derived_flow_kg_s
2024-08-30 20:00:00,0.19352585,False,train,0.1419306,False,0.16143498,False,0.277212,False,derived_flow_kg_s
2024-08-31 08:00:00,0.1577655,False,train,0.16354345,False,0.1390887,False,0.17066431,False,derived_flow_kg_s
2024-08-31 20:00:00,0.12003287,False,train,0.098865956,False,0.101808675,False,0.15942396,False,derived_flow_kg_s
2024-09-01 08:00:00,0.12988533,False,train,0.10696084,False,0.1255338,False,0.15716138,False,derived_flow_kg_s
2024-09-01 20:00:00,0.110408194,False,train,0.09189552,False,0.15517701,False,0.08415204,False,return_temp_c
2024-09-02 08:00:00,0.11395698,False,train,0.12013007,False,0.10433563,False,0.11740526,False,supply_temp_c
2024-09-02 20:00:00,0.13726091,False,train,0.10348644,False,0.12521894,False,0.18307738,False,derived_flow_kg_s
2024-09-03 08:00:00,0.18822247,False,train,0.18617325,False,0.15367553,False,0.22481869,False,derived_flow_kg_s
2024-09-03 20:00:00,0.16441016,False,train,0.11607101,False,0.16287737,False,0.2142821,False,derived_flow_kg_s
2024-09-04 08:00:00,0.14966907,False,train,0.13117851,False,0.16241083,False,0.15541784,False,return_temp_c
2024-09-04 20:00:00,0.11307892,False,train,0.109521724,False,0.1378891,False,0.091825984,False,return_temp_c
2024-09-05 08:00:00,0.12740774,False,train,0.1610169,False,0.12548393,False,0.09572238,False,supply_temp_c
2024-09-05 20:00:00,0.12021581,False,train,0.16600583,False,0.10126395,False,0.09337768,False,supply_temp_c
2024-09-06 08:00:00,0.11564089,False,train,0.16352676,False,0.09140072,False,0.09199519,False,supply_temp_c
2024-09-06 20:00:00,0.124873005,False,train,0.18279727,False,0.09370947,False,0.09811225,False,supply_temp_c
2024-09-07 08:00:00,0.12141001,False,train,0.17527848,False,0.092829145,False,0.09612239,False,supply_temp_c
2024-09-07 20:00:00,0.10323595,False,train,0.124970555,False,0.10164679,False,0.08309052,False,supply_temp_c
2024-09-08 08:00:00,0.11342858,False,train,0.15757644,False,0.092985995,False,0.08972327,False,supply_temp_c
2024-09-08 20:00:00,0.13596949,False,train,0.17755806,False,0.11890999,False,0.11144048,False,supply_temp_c
2024-09-09 08:00:00,0.1414733,False,train,0.18081658,False,0.13376443,False,0.1098389,False,supply_temp_c
2024-09-09 20:00:00,0.15304449,False,train,0.17088477,False,0.13780314,False,0.15044554,False,supply_temp_c
2024-09-10 08:00:00,0.17086536,False,train,0.1690327,False,0.16090983,False,0.18265355,False,derived_flow_kg_s
2024-09-10 20:00:00,0.15399222,False,train,0.15040867,False,0.1493142,False,0.16225378,False,derived_flow_kg_s
2024-09-11 08:00:00,0.13082127,False,train,0.1304114,False,0.13873924,False,0.12331315,False,return_temp_c
2024-09-11 20:00:00,0.13110343,False,train,0.14731708,False,0.15728188,False,0.088711314,False,return_temp_c
2024-09-12 08:00:00,0.2054955,False,train,0.21651852,False,0.15532888,False,0.2446391,False,derived_flow_kg_s
2024-09-12 20:00:00,0.2574891,False,train,0.15563388,False,0.21611142,False,0.40072203,False,derived_flow_kg_s
2024-09-13 08:00:00,0.2486574,False,train,0.22508447,False,0.2550691,False,0.26581863,False,derived_flow_kg_s
2024-09-13 20:00:00,0.14587809,False,train,0.1817766,False,0.16991949,False,0.08593821,False,supply_temp_c
2024-09-14 08:00:00,0.14216603,False,train,0.17947394,False,0.16084607,False,0.08617807,False,supply_temp_c
2024-09-14 20:00:00,0.1491701,False,train,0.20200825,False,0.15778017,False,0.08772185,False,supply_temp_c
2024-09-15 08:00:00,0.15283397,False,train,0.21430838,False,0.15330935,False,0.09088415,False,supply_temp_c
2024-09-15 20:00:00,0.14722693,False,train,0.2032365,False,0.14795525,False,0.09048905,False,supply_temp_c
2024-09-16 08:00:00,0.1441059,False,train,0.1887902,False,0.15651122,False,0.08701628,False,supply_temp_c
2024-09-16 20:00:00,0.1576851,False,train,0.2034256,False,0.17900795,False,0.0906217,False,supply_temp_c
2024-09-17 08:00:00,0.14962724,False,train,0.20551443,False,0.15271795,False,0.090649314,False,supply_temp_c
2024-09-17 20:00:00,0.15588133,False,train,0.21989451,False,0.15798116,False,0.08976834,False,supply_temp_c
2024-09-18 08:00:00,0.16720363,False,train,0.23791951,False,0.16968484,False,0.094006546,False,supply_temp_c
2024-09-18 20:00:00,0.16381912,False,train,0.24959786,False,0.14606027,False,0.0957992,False,supply_temp_c
2024-09-19 08:00:00,0.14535731,False,train,0.21987997,False,0.12646748,False,0.08972451,False,supply_temp_c
2024-09-19 20:00:00,0.118248,False,train,0.13451709,False,0.1429792,False,0.07724766,False,return_temp_c
2024-09-20 08:00:00,0.10966277,False,train,0.08393688,False,0.17044292,False,0.07460851,False,return_temp_c
2024-09-20 20:00:00,0.107038565,False,train,0.0886567,False,0.15795577,False,0.074503236,False,return_temp_c
2024-09-21 08:00:00,0.27615353,False,train,0.25449502,False,0.203072,False,0.37089357,False,derived_flow_kg_s
2024-09-21 20:00:00,0.52877134,False,train,0.37983355,False,0.3298464,False,0.87663406,False,derived_flow_kg_s
2024-09-22 08:00:00,0.66648823,False,train,0.4876121,True,0.42885053,False,1.0830022,False,derived_flow_kg_s
2024-09-22 20:00:00,0.7189503,False,train,0.46887287,True,0.5158364,False,1.1721417,False,derived_flow_kg_s
2024-09-23 08:00:00,0.54758674,False,train,0.42348328,False,0.5301127,False,0.68916434,False,derived_flow_kg_s
2024-09-23 20:00:00,0.23315604,False,train,0.1780989,False,0.40894607,False,0.11242318,False,return_temp_c
2024-09-24 08:00:00,0.17487048,False,train,0.16842729,False,0.25381744,False,0.10236666,False,return_temp_c
2024-09-24 20:00:00,0.21176483,False,train,0.20792955,False,0.34846732,False,0.07889763,False,return_temp_c
2024-09-25 08:00:00,0.21676295,False,train,0.29820704,False,0.26995456,False,0.08212721,False,supply_temp_c
2024-09-25 20:00:00,0.16616303,False,train,0.22317559,False,0.16806553,False,0.10724801,False,supply_temp_c
2024-09-26 08:00:00,0.09071956,False,train,0.086067855,False,0.06406937,False,0.12202146,False,derived_flow_kg_s
2024-09-26 20:00:00,0.07746214,False,train,0.09127441,False,0.018982293,False,0.12212971,False,derived_flow_kg_s
2024-09-27 08:00:00,0.07135942,False,train,0.079320334,False,0.026048208,False,0.1087097,False,derived_flow_kg_s
2024-09-27 20:00:00,0.062046666,False,train,0.06142572,False,0.02524685,False,0.09946742,False,derived_flow_kg_s
2024-09-28 08:00:00,0.060448084,False,train,0.05733264,False,0.019761307,False,0.10425029,False,derived_flow_kg_s
2024-09-28 20:00:00,0.055343874,False,train,0.054679915,False,0.017875249,False,0.09347645,False,derived_flow_kg_s
2024-09-29 08:00:00,0.15318106,False,train,0.13948728,False,0.095109336,False,0.22494656,False,derived_flow_kg_s
2024-09-29 20:00:00,0.17085312,False,train,0.1465529,False,0.12387871,False,0.24212776,False,derived_flow_kg_s
2024-09-30 08:00:00,0.10661101,False,train,0.12866996,False,0.073806345,False,0.11735672,False,supply_temp_c
2024-09-30 20:00:00,0.06126563,False,train,0.06835683,False,0.019072184,False,0.09636787,False,derived_flow_kg_s
2024-10-01 08:00:00,0.06558502,False,train,0.072634645,False,0.021672241,False,0.10244814,False,derived_flow_kg_s
2024-10-01 20:00:00,0.058157496,False,train,0.060056865,False,0.02139089,False,0.09302474,False,derived_flow_kg_s
2024-10-02 08:00:00,0.057887893,False,train,0.05187946,False,0.026846483,False,0.09493774,False,derived_flow_kg_s
2024-10-02 20:00:00,0.05206612,False,train,0.025842287,False,0.040334772,False,0.090021305,False,derived_flow_kg_s
2024-10-03 08:00:00,0.057111815,False,train,0.03634303,False,0.05032791,False,0.084664494,False,derived_flow_kg_s
2024-10-03 20:00:00,0.0576577,False,train,0.034186777,False,0.048727006,False,0.09005933,False,derived_flow_kg_s
2024-10-04 08:00:00,0.06254188,False,train,0.0384437,False,0.05537228,False,0.093809664,False,derived_flow_kg_s
2024-10-04 20:00:00,0.059348002,False,train,0.030133838,False,0.056937844,False,0.09097233,False,derived_flow_kg_s
2024-10-05 08:00:00,0.059969366,False,train,0.034653015,False,0.053803246,False,0.09145186,False,derived_flow_kg_s
2024-10-05 20:00:00,0.055051483,False,train,0.024240235,False,0.051273108,False,0.08964112,False,derived_flow_kg_s
2024-10-06 08:00:00,0.053586252,False,train,0.02591169,False,0.05203381,False,0.08281327,False,derived_flow_kg_s
2024-10-06 20:00:00,0.049979784,False,train,0.02320396,False,0.04718493,False,0.07955045,False,derived_flow_kg_s
2024-10-07 08:00:00,0.11399984,False,train,0.078635834,False,0.1128262,False,0.15053748,False,derived_flow_kg_s
2024-10-07 20:00:00,0.11601414,False,train,0.09675646,False,0.102125645,False,0.14916031,False,derived_flow_kg_s
2024-10-08 08:00:00,0.060758207,False,train,0.062533475,False,0.039392885,False,0.080348276,False,derived_flow_kg_s
2024-10-08 20:00:00,0.056369655,False,train,0.04648544,False,0.039818663,False,0.08280486,False,derived_flow_kg_s
2024-10-09 08:00:00,0.05163693,False,train,0.03061667,False,0.0438387,False,0.08045543,False,derived_flow_kg_s
2024-10-09 20:00:00,0.059401613,False,train,0.032179818,False,0.053878065,False,0.092146955,False,derived_flow_kg_s
2024-10-10 08:00:00,0.06790512,False,train,0.043016717,False,0.06385166,False,0.09684697,False,derived_flow_kg_s
2024-10-10 20:00:00,0.065766364,False,train,0.037915125,False,0.06595687,False,0.09342709,False,derived_flow_kg_s
2024-10-11 08:00:00,0.10926121,False,train,0.07101045,False,0.14452128,False,0.11225188,False,return_temp_c
2024-10-11 20:00:00,0.11903625,False,train,0.08512113,False,0.12962803,False,0.14235957,False,derived_flow_kg_s
2024-10-12 08:00:00,0.08197152,False,train,0.07551328,False,0.028214693,False,0.14218658,False,derived_flow_kg_s
2024-10-12 20:00:00,0.08299732,False,train,0.08718246,False,0.025732063,False,0.13607745,False,derived_flow_kg_s
2024-10-13 08:00:00,0.081698924,False,train,0.08605785,False,0.022255309,False,0.1367836,False,derived_flow_kg_s
2024-10-13 20:00:00,0.088835515,False,train,0.09738717,False,0.020617282,False,0.14850213,False,derived_flow_kg_s
2024-10-14 08:00:00,0.0882462,False,train,0.104427315,False,0.019043718,False,0.14126757,False,derived_flow_kg_s
2024-10-14 20:00:00,0.082455546,False,train,0.09815479,False,0.017814973,False,0.13139686,False,derived_flow_kg_s
2024-10-15 08:00:00,0.08317529,False,train,0.10442378,False,0.018014697,False,0.12708737,False,derived_flow_kg_s
2024-10-15 20:00:00,0.08110404,False,train,0.10195661,False,0.017661786,False,0.123693705,False,derived_flow_kg_s
2024-10-16 08:00:00,0.08375342,False,train,0.10528221,False,0.016909948,False,0.12906812,False,derived_flow_kg_s
2024-10-16 20:00:00,0.11342195,False,train,0.10470877,False,0.07587478,False,0.15968229,False,derived_flow_kg_s
2024-10-17 08:00:00,0.116415635,False,train,0.093491755,False,0.090177186,False,0.16557795,False,derived_flow_kg_s
2024-10-17 20:00:00,0.09223816,False,train,0.08930215,False,0.047293082,False,0.14011925,False,derived_flow_kg_s
2024-10-18 08:00:00,0.08754795,False,train,0.090266146,False,0.036917165,False,0.13546053,False,derived_flow_kg_s
2024-10-18 20:00:00,0.06931367,False,train,0.06340214,False,0.02737598,False,0.11716289,False,derived_flow_kg_s
2024-10-19 08:00:00,0.06777415,False,train,0.060645986,False,0.02460125,False,0.118075214,False,derived_flow_kg_s
2024-10-19 20:00:00,0.06366959,False,train,0.05943464,False,0.021381067,False,0.110193096,False,derived_flow_kg_s
2024-10-20 08:00:00,0.06688804,False,train,0.062423006,False,0.02120711,False,0.11703401,False,derived_flow_kg_s
2024-10-20 20:00:00,0.073571734,False,train,0.07283998,False,0.021078438,False,0.12679677,False,derived_flow_kg_s
2024-10-21 08:00:00,0.067721285,False,train,0.06254857,False,0.015850099,False,0.12476521,False,derived_flow_kg_s
2024-10-21 20:00:00,0.085371375,False,train,0.10950526,False,0.027651807,False,0.118957065,False,derived_flow_kg_s
2024-10-22 08:00:00,0.09477959,False,train,0.14335659,False,0.037095305,False,0.10388688,False,supply_temp_c
2024-10-22 20:00:00,0.10698798,False,train,0.15203626,False,0.052325547,False,0.11660213,False,supply_temp_c
2024-10-23 08:00:00,0.14578465,False,train,0.1668507,False,0.10458517,False,0.16591804,False,supply_temp_c
2024-10-23 20:00:00,0.13032354,False,train,0.15920228,False,0.0774889,False,0.15427941,False,supply_temp_c
2024-10-24 08:00:00,0.12913045,False,train,0.13089035,False,0.10663295,False,0.14986806,False,derived_flow_kg_s
2024-10-24 20:00:00,0.0929165,False,train,0.12534225,False,0.057335827,False,0.09607142,False,supply_temp_c
2024-10-25 08:00:00,0.11197588,False,train,0.10448536,False,0.11844361,False,0.112998694,False,return_temp_c
2024-10-25 20:00:00,0.10432073,False,train,0.106262445,False,0.08611671,False,0.12058303,False,derived_flow_kg_s
2024-10-26 08:00:00,0.12044932,False,train,0.091871075,False,0.14110096,False,0.12837589,False,return_temp_c
2024-10-26 20:00:00,0.09387059,False,train,0.10667709,False,0.07713372,False,0.09780094,False,supply_temp_c
2024-10-27 08:00:00,0.1492757,False,train,0.17571545,False,0.13538611,False,0.13672556,False,supply_temp_c
2024-10-27 20:00:00,0.17116486,False,train,0.15972123,False,0.22635882,False,0.12741454,False,return_temp_c
2024-10-28 08:00:00,0.13806489,False,train,0.14652544,False,0.1479747,False,0.1196945,False,return_temp_c
2024-10-28 20:00:00,0.10201873,False,train,0.107417434,False,0.0883027,False,0.110336035,False,derived_flow_kg_s
2024-10-29 08:00:00,0.12802051,False,train,0.16033494,False,0.12336906,False,0.10035748,False,supply_temp_c
2024-10-29 20:00:00,0.15860324,False,train,0.19974822,False,0.12092189,False,0.15513963,False,supply_temp_c
2024-10-30 08:00:00,0.19033068,False,train,0.23227791,False,0.12279769,False,0.21591641,False,supply_temp_c
2024-10-30 20:00:00,0.15362586,False,train,0.21275121,False,0.07113812,False,0.17698823,False,supply_temp_c
2024-10-31 08:00:00,0.16879824,False,train,0.2072288,False,0.13104777,False,0.16811813,False,supply_temp_c
2024-10-31 20:00:00,0.15361184,False,train,0.21450567,False,0.10962766,False,0.1367022,False,supply_temp_c
2024-11-01 08:00:00,0.16933046,False,train,0.21167196,False,0.13938414,False,0.15693533,False,supply_temp_c
2024-11-01 20:00:00,0.16274501,False,train,0.23103774,False,0.10191664,False,0.15528063,False,supply_temp_c
2024-11-02 08:00:00,0.16823867,False,train,0.20034178,False,0.14285871,False,0.16151553,False,supply_temp_c
2024-11-02 20:00:00,0.14986001,False,train,0.21456246,False,0.09273847,False,0.14227909,False,supply_temp_c
2024-11-03 08:00:00,0.22391182,False,train,0.2542704,False,0.28191105,False,0.13555403,False,return_temp_c
2024-11-03 20:00:00,0.30748823,False,train,0.29703176,False,0.34378946,False,0.28164348,False,return_temp_c
2024-11-04 08:00:00,0.26248717,False,train,0.26889288,False,0.20718051,False,0.31138816,False,derived_flow_kg_s
2024-11-04 20:00:00,0.15346377,False,train,0.25328386,False,0.069552965,False,0.13755444,False,supply_temp_c
2024-11-05 08:00:00,0.17893088,False,train,0.23861052,False,0.12568861,False,0.1724935,False,supply_temp_c
2024-11-05 20:00:00,0.18396188,False,train,0.25340965,False,0.12323356,False,0.17524247,False,supply_temp_c
2024-11-06 08:00:00,0.18376562,False,train,0.2165396,False,0.14231062,False,0.19244659,False,supply_temp_c
2024-11-06 20:00:00,0.16598865,False,train,0.22709984,False,0.11507577,False,0.1557904,False,supply_temp_c
2024-11-07 08:00:00,0.18931597,False,train,0.22708265,False,0.1497735,False,0.19109173,False,supply_temp_c
2024-11-07 20:00:00,0.21294123,False,train,0.27597657,False,0.14873104,False,0.21411602,False,supply_temp_c
2024-11-08 08:00:00,0.21321262,False,train,0.28729603,False,0.16852723,False,0.1838146,False,supply_temp_c
2024-11-08 20:00:00,0.16269715,False,train,0.24802142,False,0.119952954,False,0.120117106,False,supply_temp_c
2024-11-09 08:00:00,0.16668607,False,train,0.22287486,False,0.13250585,False,0.14467749,False,supply_temp_c
2024-11-09 20:00:00,0.15669587,False,train,0.23072882,False,0.12466548,False,0.11469328,False,supply_temp_c
2024-11-10 08:00:00,0.17664069,False,train,0.20098911,False,0.20022221,False,0.12871073,False,supply_temp_c
2024-11-10 20:00:00,0.14427443,False,train,0.16495995,False,0.1634371,False,0.104426205,False,supply_temp_c
2024-11-11 08:00:00,0.14450051,False,train,0.09886068,False,0.23032331,False,0.10431755,False,return_temp_c
2024-11-11 20:00:00,0.1515819,False,train,0.12204533,False,0.21143357,False,0.12126682,False,return_temp_c
2024-11-12 08:00:00,0.19822222,False,train,0.17803042,False,0.24619281,False,0.17044343,False,return_temp_c
2024-11-12 20:00:00,0.1868551,False,train,0.2160498,False,0.21409623,False,0.13041921,False,supply_temp_c
2024-11-13 08:00:00,0.14151528,False,train,0.17571367,False,0.16080667,False,0.08802548,False,supply_temp_c
2024-11-13 20:00:00,0.191267,False,train,0.15859374,False,0.3151475,False,0.10005975,False,return_temp_c
2024-11-14 08:00:00,0.21686584,False,train,0.18049829,False,0.3515968,False,0.11850244,False,return_temp_c
2024-11-14 20:00:00,0.16249244,False,train,0.16024286,False,0.21882851,False,0.10840595,False,return_temp_c
2024-11-15 08:00:00,0.13594365,False,train,0.120291494,False,0.1851406,False,0.10239888,False,return_temp_c
2024-11-15 20:00:00,0.13499148,False,train,0.11431718,False,0.18814726,False,0.102510035,False,return_temp_c
2024-11-16 08:00:00,0.13278902,False,train,0.09158056,False,0.19914174,False,0.10764474,False,return_temp_c
2024-11-16 20:00:00,0.138411,False,train,0.10241216,False,0.1981157,False,0.114705145,False,return_temp_c
2024-11-17 08:00:00,0.13574556,False,train,0.11563674,False,0.17847164,False,0.11312822,False,return_temp_c
2024-11-17 20:00:00,0.14083967,False,train,0.10886278,False,0.21580355,False,0.09785267,False,return_temp_c
2024-11-18 08:00:00,0.15718013,False,train,0.13796023,False,0.23375656,False,0.099823594,False,return_temp_c
2024-11-18 20:00:00,0.15168142,False,train,0.12587176,False,0.21371062,False,0.115461886,False,return_temp_c
2024-11-19 08:00:00,0.21636374,False,train,0.22359256,False,0.2846014,False,0.14089729,False,return_temp_c
2024-11-19 20:00:00,0.23057164,False,train,0.26150486,False,0.27464008,False,0.15556996,False,return_temp_c
2024-11-20 08:00:00,0.20649426,False,train,0.2182798,False,0.22779448,False,0.17340846,False,return_temp_c
2024-11-20 20:00:00,0.20145583,False,train,0.18235774,False,0.23283698,False,0.18917273,False,return_temp_c
2024-11-21 08:00:00,0.21568225,False,train,0.1764492,False,0.24960595,False,0.22099166,False,return_temp_c
2024-11-21 20:00:00,0.17166266,False,train,0.15636958,False,0.19930053,False,0.15931788,False,return_temp_c
2024-11-22 08:00:00,0.15201752,False,train,0.13409473,False,0.18613535,False,0.13582246,False,return_temp_c
2024-11-22 20:00:00,0.14521955,False,train,0.12875156,False,0.18005688,False,0.12685019,False,return_temp_c
2024-11-23 08:00:00,0.14816909,False,train,0.1415093,False,0.14952208,False,0.15347587,False,derived_flow_kg_s
2024-11-23 20:00:00,0.12858498,False,train,0.14666848,False,0.13306592,False,0.10602053,False,supply_temp_c
2024-11-24 08:00:00,0.14225739,False,train,0.15656327,False,0.15303738,False,0.11717149,False,supply_temp_c
2024-11-24 20:00:00,0.16362442,False,train,0.18638682,False,0.18273091,False,0.1217555,False,supply_temp_c
2024-11-25 08:00:00,0.1754935,False,train,0.18904726,False,0.19884986,False,0.13858338,False,return_temp_c
2024-11-25 20:00:00,0.14506164,False,train,0.15741615,False,0.16339053,False,0.11437825,False,return_temp_c
2024-11-26 08:00:00,0.14202455,False,train,0.12737174,False,0.19038127,False,0.108320616,False,return_temp_c
2024-11-26 20:00:00,0.12776068,False,train,0.13304098,False,0.16470905,False,0.085532,False,return_temp_c
2024-11-27 08:00:00,0.13130909,False,train,0.1293776,False,0.17172725,False,0.0928224,False,return_temp_c
2024-11-27 20:00:00,0.13359047,False,train,0.13339578,False,0.16268621,False,0.10468946,False,return_temp_c
2024-11-28 08:00:00,0.12914085,False,train,0.12861826,False,0.15026228,False,0.108542025,False,return_temp_c
2024-11-28 20:00:00,0.12535678,False,train,0.12794182,False,0.1594675,False,0.088661015,False,return_temp_c
2024-11-29 08:00:00,0.14633907,False,train,0.14549692,False,0.18499738,False,0.10852287,False,return_temp_c
2024-11-29 20:00:00,0.15145782,False,train,0.17733818,False,0.19028823,False,0.08674702,False,return_temp_c
2024-11-30 08:00:00,0.1686385,False,train,0.18644796,False,0.21801227,False,0.101455234,False,return_temp_c
2024-11-30 20:00:00,0.15966897,False,train,0.1584571,False,0.2118359,False,0.108713895,False,return_temp_c
2024-12-01 08:00:00,0.13145764,False,train,0.10321643,False,0.16019033,False,0.13096617,False,return_temp_c
2024-12-01 20:00:00,0.1192146,False,train,0.09131279,False,0.15412565,False,0.112205386,False,return_temp_c
2024-12-02 08:00:00,0.116096154,False,train,0.09831482,False,0.14037149,False,0.109602116,False,return_temp_c
2024-12-02 20:00:00,0.11127126,False,train,0.095140606,False,0.15712194,False,0.081551224,False,return_temp_c
2024-12-03 08:00:00,0.121716104,False,train,0.08456197,False,0.18662794,False,0.093958415,False,return_temp_c
2024-12-03 20:00:00,0.13149597,False,train,0.102749474,False,0.19631083,False,0.0954276,False,return_temp_c
2024-12-04 08:00:00,0.13203043,False,train,0.09249783,False,0.19874698,False,0.1048465,False,return_temp_c
2024-12-04 20:00:00,0.13721162,False,train,0.11503333,False,0.19708143,False,0.099520065,False,return_temp_c
2024-12-05 08:00:00,0.15507954,False,train,0.104702465,False,0.19566925,False,0.16486686,False,return_temp_c
2024-12-05 20:00:00,0.17023492,False,train,0.09851172,False,0.24097627,False,0.17121674,False,return_temp_c
2024-12-06 08:00:00,0.15510464,False,train,0.09954689,False,0.23237498,False,0.13339205,False,return_temp_c
2024-12-06 20:00:00,0.16008295,False,train,0.102014355,False,0.25313482,False,0.12509964,False,return_temp_c
2024-12-07 08:00:00,0.18023056,False,train,0.16072486,False,0.27230933,False,0.1076575,False,return_temp_c
2024-12-07 20:00:00,0.16105215,False,train,0.1304016,False,0.19744945,False,0.15530539,False,return_temp_c
2024-12-08 08:00:00,0.26259077,False,train,0.24158688,False,0.22980367,False,0.31638166,False,derived_flow_kg_s
2024-12-08 20:00:00,0.34875625,False,train,0.2124371,False,0.4634874,False,0.3703443,False,return_temp_c
2024-12-09 08:00:00,0.2946205,False,train,0.21552205,False,0.4677849,False,0.20055461,False,return_temp_c
2024-12-09 20:00:00,0.15594222,False,train,0.16463916,False,0.20225562,False,0.10093186,False,return_temp_c
2024-12-10 08:00:00,0.15699272,False,train,0.13102803,False,0.21440364,False,0.12554644,False,return_temp_c
2024-12-10 20:00:00,0.16747911,False,train,0.1482645,False,0.22485484,False,0.12931803,False,return_temp_c
2024-12-11 08:00:00,0.1647329,False,train,0.17516899,False,0.18731444,False,0.1317153,False,return_temp_c
2024-12-11 20:00:00,0.1608541,False,train,0.18947858,False,0.19293654,False,0.10014716,False,return_temp_c
2024-12-12 08:00:00,0.16943845,False,train,0.19823058,False,0.20005493,False,0.11002985,False,return_temp_c
2024-12-12 20:00:00,0.1639741,False,train,0.20822787,False,0.19372497,False,0.089969456,False,supply_temp_c
2024-12-13 08:00:00,0.1725645,False,train,0.17044711,False,0.24283312,False,0.10441331,False,return_temp_c
2024-12-13 20:00:00,0.17254212,False,train,0.16421306,False,0.23102415,False,0.122389175,False,return_temp_c
2024-12-14 08:00:00,0.17845838,False,train,0.17022641,False,0.22571896,False,0.13942975,False,return_temp_c
2024-12-14 20:00:00,0.19894043,False,train,0.15993182,False,0.26673058,False,0.17015886,False,return_temp_c
2024-12-15 08:00:00,0.21153219,False,train,0.16912954,False,0.27000615,False,0.1954609,False,return_temp_c
2024-12-15 20:00:00,0.17848822,False,train,0.17016308,False,0.23571241,False,0.12958921,False,return_temp_c
2024-12-16 08:00:00,0.15058538,False,train,0.11584357,False,0.23189366,False,0.10401892,False,return_temp_c
2024-12-16 20:00:00,0.14773078,False,train,0.12238228,False,0.23373093,False,0.08707916,False,return_temp_c
2024-12-17 08:00:00,0.14855692,False,train,0.13993888,False,0.21520187,False,0.09053,False,return_temp_c
2024-12-17 20:00:00,0.16504484,False,train,0.18447034,False,0.21100418,False,0.09966,False,return_temp_c
2024-12-18 08:00:00,0.15032752,False,train,0.15183957,False,0.19114846,False,0.10799453,False,return_temp_c
2024-12-18 20:00:00,0.1269992,False,train,0.11400259,False,0.18008979,False,0.08690519,False,return_temp_c
2024-12-19 08:00:00,0.141792,False,train,0.11544595,False,0.20998557,False,0.09994441,False,return_temp_c
2024-12-19 20:00:00,0.14415643,False,train,0.1387897,False,0.2082352,False,0.08544443,False,return_temp_c
2024-12-20 08:00:00,0.14575881,False,train,0.1337408,False,0.20761742,False,0.09591812,False,return_temp_c
2024-12-20 20:00:00,0.16296297,False,train,0.16515161,False,0.22665803,False,0.09707927,False,return_temp_c
2024-12-21 08:00:00,0.16142885,False,train,0.13372354,False,0.23006266,False,0.120500304,False,return_temp_c
2024-12-21 20:00:00,0.1580887,False,train,0.09735641,False,0.22473286,False,0.15217684,False,return_temp_c
2024-12-22 08:00:00,0.15984601,False,train,0.16112931,False,0.18033153,False,0.13807721,False,return_temp_c
2024-12-22 20:00:00,0.15195237,False,train,0.22169971,False,0.16456033,False,0.069597125,False,supply_temp_c
2024-12-23 08:00:00,0.16447183,False,train,0.15099238,False,0.199767,False,0.14265615,False,return_temp_c
2024-12-23 20:00:00,0.15838778,False,train,0.13745049,False,0.19903956,False,0.13867332,False,return_temp_c
2024-12-24 08:00:00,0.1194578,False,train,0.11118523,False,0.14309166,False,0.10409653,False,return_temp_c
2024-12-24 20:00:00,0.11393228,False,train,0.09746837,False,0.14926046,False,0.09506804,False,return_temp_c
2024-12-25 08:00:00,0.11844865,False,train,0.09255132,False,0.16352713,False,0.09926755,False,return_temp_c
2024-12-25 20:00:00,0.11298343,False,train,0.09068718,False,0.15536171,False,0.092901416,False,return_temp_c
2024-12-26 08:00:00,0.12366201,False,train,0.09600591,False,0.17174526,False,0.10323485,False,return_temp_c
2024-12-26 20:00:00,0.1251034,False,train,0.11303399,False,0.16822267,False,0.09405354,False,return_temp_c
2024-12-27 08:00:00,0.1265356,False,train,0.09145716,False,0.1772816,False,0.110868014,False,return_temp_c
2024-12-27 20:00:00,0.11647083,False,train,0.09804579,False,0.16148238,False,0.0898843,False,return_temp_c
2024-12-28 08:00:00,0.12237963,False,train,0.1069114,False,0.16019063,False,0.10003682,False,return_temp_c
2024-12-28 20:00:00,0.11923361,False,train,0.10629836,False,0.16422512,False,0.08717736,False,return_temp_c
2024-12-29 08:00:00,0.12594415,False,train,0.103099175,False,0.18427087,False,0.09046236,False,return_temp_c
2024-12-29 20:00:00,0.12358662,False,train,0.10472441,False,0.18381704,False,0.0822184,False,return_temp_c
2024-12-30 08:00:00,0.12463772,False,train,0.09462556,False,0.17988889,False,0.09939871,False,return_temp_c
2024-12-30 20:00:00,0.12994586,False,train,0.10721955,False,0.17505138,False,0.10756666,False,return_temp_c
2024-12-31 08:00:00,0.13802968,False,train,0.109342255,False,0.1839887,False,0.120758034,False,return_temp_c
2024-12-31 20:00:00,0.13798183,False,train,0.122725956,False,0.17620905,False,0.1150105,False,return_temp_c
2025-01-01 08:00:00,0.12948091,False,train,0.083187126,False,0.17504925,False,0.13020636,False,return_temp_c
2025-01-01 20:00:00,0.12582724,False,train,0.08540803,False,0.17671312,False,0.11536053,False,return_temp_c
2025-01-02 08:00:00,0.14173058,False,train,0.1160871,False,0.19069602,False,0.11840858,False,return_temp_c
2025-01-02 20:00:00,0.14529765,False,train,0.12494261,False,0.18917312,False,0.121777155,False,return_temp_c
2025-01-03 08:00:00,0.14431325,False,train,0.1373984,False,0.18788016,False,0.10766121,False,return_temp_c
2025-01-03 20:00:00,0.1440991,False,train,0.12996231,False,0.18946397,False,0.112871,False,return_temp_c
2025-01-04 08:00:00,0.15392765,False,train,0.14142251,False,0.19390947,False,0.126451,False,return_temp_c
2025-01-04 20:00:00,0.16081162,False,train,0.13847929,False,0.19330086,False,0.15065472,False,return_temp_c
2025-01-05 08:00:00,0.16501433,False,train,0.14179264,False,0.20711993,False,0.14613044,False,return_temp_c
2025-01-05 20:00:00,0.13667028,False,train,0.112714045,False,0.19706084,False,0.10023591,False,return_temp_c
2025-01-06 08:00:00,0.1354248,False,train,0.09734026,False,0.20236367,False,0.10657045,False,return_temp_c
2025-01-06 20:00:00,0.13657099,False,train,0.10298139,False,0.19773406,False,0.108997546,False,return_temp_c
2025-01-07 08:00:00,0.15113284,False,train,0.115355946,False,0.21271376,False,0.1253288,False,return_temp_c
2025-01-07 20:00:00,0.16967385,False,train,0.13277532,False,0.24830465,False,0.12794153,False,return_temp_c
2025-01-08 08:00:00,0.18613563,False,train,0.16512695,False,0.24639004,False,0.14688982,False,return_temp_c
2025-01-08 20:00:00,0.17442292,False,train,0.13248329,False,0.22217686,False,0.1686086,False,return_temp_c
2025-01-09 08:00:00,0.20385772,False,train,0.1710304,False,0.2631912,False,0.17735153,False,return_temp_c
2025-01-09 20:00:00,0.1718357,False,train,0.119292505,False,0.23956215,False,0.15665247,False,return_temp_c
2025-01-10 08:00:00,0.17469853,False,train,0.1429548,False,0.23935771,False,0.14178307,False,return_temp_c
2025-01-10 20:00:00,0.16708763,False,train,0.13010676,False,0.22739314,False,0.14376302,False,return_temp_c
2025-01-11 08:00:00,0.16160019,False,train,0.157743,False,0.19028832,False,0.13676922,False,return_temp_c
2025-01-11 20:00:00,0.16588126,False,train,0.1733595,False,0.20476218,False,0.11952209,False,return_temp_c
2025-01-12 08:00:00,0.17281145,False,train,0.1775872,False,0.21764715,False,0.12319999,False,return_temp_c
2025-01-12 20:00:00,0.18705708,False,train,0.22972083,False,0.21615487,False,0.11529549,False,supply_temp_c
2025-01-13 08:00:00,0.17841573,False,train,0.17872067,False,0.21219237,False,0.14433415,False,return_temp_c
2025-01-13 20:00:00,0.16202447,False,train,0.17556804,False,0.1820752,False,0.12843014,False,return_temp_c
2025-01-14 08:00:00,0.19117126,False,train,0.21493226,False,0.23476046,False,0.12382107,False,return_temp_c
2025-01-14 20:00:00,0.1663355,False,train,0.16356622,False,0.21888535,False,0.116554916,False,return_temp_c
2025-01-15 08:00:00,0.18548638,False,train,0.16362636,False,0.2701358,False,0.122696936,False,return_temp_c
2025-01-15 20:00:00,0.1703251,False,train,0.13668649,False,0.26568368,False,0.108605094,False,return_temp_c
2025-01-16 08:00:00,0.22952387,False,train,0.2391543,False,0.31691846,False,0.13249882,False,return_temp_c
2025-01-16 20:00:00,0.20567708,False,train,0.20113099,False,0.27921057,False,0.13668963,False,return_temp_c
2025-01-17 08:00:00,0.19449717,False,train,0.19176479,False,0.26764116,False,0.12408561,False,return_temp_c
2025-01-17 20:00:00,0.21113585,False,train,0.26326248,False,0.26212597,False,0.10801914,False,supply_temp_c
2025-01-18 08:00:00,0.21332277,False,train,0.28868845,False,0.22619426,False,0.12508558,False,supply_temp_c
2025-01-18 20:00:00,0.1620773,False,train,0.1600339,False,0.18023282,False,0.14596517,False,return_temp_c
2025-01-19 08:00:00,0.19821827,False,train,0.23038779,False,0.20200817,False,0.1622589,False,supply_temp_c
2025-01-19 20:00:00,0.16795222,False,train,0.15678637,False,0.1921701,False,0.15490018,False,return_temp_c
2025-01-20 08:00:00,0.20623869,False,train,0.18686049,False,0.28849867,False,0.14335692,False,return_temp_c
2025-01-20 20:00:00,0.19007622,False,train,0.16898711,False,0.2672261,False,0.1340154,False,return_temp_c
2025-01-21 08:00:00,0.19696182,False,train,0.20505898,False,0.24689026,False,0.13893613,False,return_temp_c
2025-01-21 20:00:00,0.1806809,False,train,0.18323612,False,0.22858877,False,0.1302178,False,return_temp_c
2025-01-22 08:00:00,0.15274721,False,train,0.10942837,False,0.21928798,False,0.12952532,False,return_temp_c
2025-01-22 20:00:00,0.1398236,False,train,0.11239225,False,0.18629748,False,0.12078109,False,return_temp_c
2025-01-23 08:00:00,0.15108675,False,train,0.11930192,False,0.19417168,False,0.13978657,False,return_temp_c
2025-01-23 20:00:00,0.14359838,False,train,0.12567757,False,0.20541638,False,0.099701144,False,return_temp_c
2025-01-24 08:00:00,0.15435712,False,train,0.14605738,False,0.19493006,False,0.12208388,False,return_temp_c
2025-01-24 20:00:00,0.16503046,False,train,0.16835326,False,0.19977069,False,0.12696747,False,return_temp_c
2025-01-25 08:00:00,0.15322208,False,train,0.11557784,False,0.22446215,False,0.119626276,False,return_temp_c
2025-01-25 20:00:00,0.14240296,False,train,0.104009725,False,0.20660232,False,0.116596825,False,return_temp_c
2025-01-26 08:00:00,0.16762693,False,train,0.12805347,False,0.21717668,False,0.15765066,False,return_temp_c
2025-01-26 20:00:00,0.15669724,False,train,0.119958155,False,0.2055176,False,0.14461598,False,return_temp_c
2025-01-27 08:00:00,0.16728498,False,train,0.10883015,False,0.25858983,False,0.13443495,False,return_temp_c
2025-01-27 20:00:00,0.19592075,False,train,0.15788446,False,0.27581987,False,0.1540579,False,return_temp_c
2025-01-28 08:00:00,0.18183628,False,train,0.1591734,False,0.23110203,False,0.1552334,False,return_temp_c
2025-01-28 20:00:00,0.1706986,False,train,0.14458014,False,0.24543278,False,0.12208294,False,return_temp_c
2025-01-29 08:00:00,0.17608207,False,train,0.16460522,False,0.22655798,False,0.13708304,False,return_temp_c
2025-01-29 20:00:00,0.17342122,False,train,0.18224193,False,0.22114278,False,0.116878994,False,return_temp_c
2025-01-30 08:00:00,0.20069702,False,train,0.20548736,False,0.24205284,False,0.15455091,False,return_temp_c
2025-01-30 20:00:00,0.20357828,False,train,0.23032881,False,0.2570862,False,0.12331984,False,return_temp_c
2025-01-31 08:00:00,0.2014722,False,train,0.20677407,False,0.2813755,False,0.11626699,False,return_temp_c
2025-01-31 20:00:00,0.1973204,False,train,0.195979,False,0.27750054,False,0.11848167,False,return_temp_c
2025-02-01 08:00:00,0.18177858,False,train,0.16131811,False,0.24241413,False,0.14160356,False,return_temp_c
2025-02-01 20:00:00,0.18532962,False,train,0.1619636,False,0.27875933,False,0.11526591,False,return_temp_c
2025-02-02 08:00:00,0.18925327,False,train,0.16628963,False,0.26659492,False,0.13487525,False,return_temp_c
2025-02-02 20:00:00,0.16299705,False,train,0.15092538,False,0.24273324,False,0.095332526,False,return_temp_c
2025-02-03 08:00:00,0.1567486,False,train,0.14368276,False,0.20998047,False,0.116582565,False,return_temp_c
2025-02-03 20:00:00,0.1596788,False,train,0.15100788,False,0.21004015,False,0.117988385,False,return_temp_c
2025-02-04 08:00:00,0.165172,False,train,0.1503255,False,0.20741977,False,0.13777068,False,return_temp_c
2025-02-04 20:00:00,0.1681286,False,train,0.15279846,False,0.23157223,False,0.12001511,False,return_temp_c
2025-02-05 08:00:00,0.17616865,False,train,0.13849491,False,0.2617987,False,0.12821232,False,return_temp_c
2025-02-05 20:00:00,0.18204588,False,train,0.14281844,False,0.27647707,False,0.12684213,False,return_temp_c
2025-02-06 08:00:00,0.1939041,False,train,0.16176316,False,0.26931882,False,0.15063037,False,return_temp_c
2025-02-06 20:00:00,0.17508465,False,train,0.14641385,False,0.26943022,False,0.1094099,False,return_temp_c
2025-02-07 08:00:00,0.17382868,False,train,0.1173679,False,0.27018714,False,0.133931,False,return_temp_c
2025-02-07 20:00:00,0.17500384,False,train,0.12855764,False,0.26077375,False,0.13568014,False,return_temp_c
2025-02-08 08:00:00,0.17119798,False,train,0.15437223,False,0.25690627,False,0.10231546,False,return_temp_c
2025-02-08 20:00:00,0.16761672,False,train,0.16457675,False,0.24088746,False,0.09738594,False,return_temp_c
2025-02-09 08:00:00,0.17455758,False,train,0.14858322,False,0.24593592,False,0.12915362,False,return_temp_c
2025-02-09 20:00:00,0.17785615,False,train,0.13681869,False,0.2825574,False,0.11419242,False,return_temp_c
2025-02-10 08:00:00,0.173277,False,train,0.13095805,False,0.2525502,False,0.13632275,False,return_temp_c
2025-02-10 20:00:00,0.16589598,False,train,0.13472603,False,0.24472918,False,0.118232705,False,return_temp_c
2025-02-11 08:00:00,0.16647479,False,train,0.13659002,False,0.2247771,False,0.13805726,False,return_temp_c
2025-02-11 20:00:00,0.16072267,False,train,0.13103177,False,0.23131321,False,0.1198231,False,return_temp_c
2025-02-12 08:00:00,0.16767925,False,train,0.13846186,False,0.23473072,False,0.12984513,False,return_temp_c
2025-02-12 20:00:00,0.17334805,False,train,0.15014826,False,0.23834251,False,0.13155344,False,return_temp_c
2025-02-13 08:00:00,0.17281741,False,train,0.13621609,False,0.24607389,False,0.13616219,False,return_temp_c
2025-02-13 20:00:00,0.19167921,False,train,0.1765536,False,0.26340604,False,0.135078,False,return_temp_c
2025-02-14 08:00:00,0.19802535,False,train,0.15276092,False,0.29040718,False,0.15090792,False,return_temp_c
2025-02-14 20:00:00,0.17399822,False,train,0.12839635,False,0.27802563,False,0.11557271,False,return_temp_c
2025-02-15 08:00:00,0.18169527,False,train,0.16250804,False,0.2565474,False,0.1260304,False,return_temp_c
2025-02-15 20:00:00,0.17294633,False,train,0.15456967,False,0.25388384,False,0.11038548,False,return_temp_c
2025-02-16 08:00:00,0.18311073,False,train,0.105946474,False,0.28346092,False,0.15992479,False,return_temp_c
2025-02-16 20:00:00,0.17846994,False,train,0.1129596,False,0.27570322,False,0.14674695,False,return_temp_c
2025-02-17 08:00:00,0.17999826,False,train,0.12474059,False,0.26252636,False,0.15272787,False,return_temp_c
2025-02-17 20:00:00,0.17409807,False,train,0.12780012,False,0.24684845,False,0.14764561,False,return_temp_c
2025-02-18 08:00:00,0.17263323,False,train,0.104464225,False,0.2565201,False,0.15691535,False,return_temp_c
2025-02-18 20:00:00,0.17037946,False,train,0.10916763,False,0.2662877,False,0.1356831,False,return_temp_c
2025-02-19 08:00:00,0.16812877,False,train,0.12569551,False,0.24135244,False,0.13733836,False,return_temp_c
2025-02-19 20:00:00,0.18319148,False,train,0.18031168,False,0.25654542,False,0.11271735,False,return_temp_c
2025-02-20 08:00:00,0.20587699,False,train,0.17247808,False,0.2939705,False,0.1511824,False,return_temp_c
2025-02-20 20:00:00,0.20271334,False,train,0.2034233,False,0.2716408,False,0.13307583,False,return_temp_c
2025-02-21 08:00:00,0.1409779,False,train,0.08505816,False,0.24926056,False,0.08861496,False,return_temp_c
2025-02-21 20:00:00,0.14132005,False,train,0.11526257,False,0.23562151,False,0.07307607,False,return_temp_c
2025-02-22 08:00:00,0.16607329,False,train,0.11467677,False,0.27550802,False,0.108035065,False,return_temp_c
2025-02-22 20:00:00,0.15142815,False,train,0.098760135,False,0.2556651,False,0.09985918,False,return_temp_c
2025-02-23 08:00:00,0.14291605,False,train,0.10297973,False,0.21679097,False,0.1089775,False,return_temp_c
2025-02-23 20:00:00,0.14254275,False,train,0.102368474,False,0.21729548,False,0.10796427,False,return_temp_c
2025-02-24 08:00:00,0.15051925,False,train,0.10038498,False,0.22062592,False,0.13054685,False,return_temp_c
2025-02-24 20:00:00,0.15398112,False,train,0.12025777,False,0.2111244,False,0.13056114,False,return_temp_c
2025-02-25 08:00:00,0.17654973,False,train,0.13260561,False,0.2546142,False,0.14242943,False,return_temp_c
2025-02-25 20:00:00,0.17121857,False,train,0.13546157,False,0.2682124,False,0.10998178,False,return_temp_c
2025-02-26 08:00:00,0.17609318,False,train,0.12971483,False,0.26287895,False,0.1356858,False,return_temp_c
2025-02-26 20:00:00,0.32241288,False,train,0.14801584,False,0.29500288,False,0.52421993,False,derived_flow_kg_s
2025-02-27 08:00:00,0.3604088,False,train,0.1952092,False,0.33379886,False,0.5522184,False,derived_flow_kg_s
2025-02-27 20:00:00,0.30222356,False,train,0.32438216,False,0.39440355,False,0.18788494,False,return_temp_c
2025-02-28 08:00:00,1.2026325,True,train,0.35376644,False,0.8248279,True,2.4293032,False,derived_flow_kg_s
2025-02-28 20:00:00,1.8777593,True,train,0.5307519,True,0.9040659,True,4.1984596,True,derived_flow_kg_s
2025-03-01 08:00:00,1.0537819,False,train,0.5381319,True,0.6695578,False,1.9536557,False,derived_flow_kg_s
2025-03-01 20:00:00,0.39481524,False,train,0.434845,False,0.544059,False,0.20554177,False,return_temp_c
2025-03-02 08:00:00,0.291024,False,train,0.2933159,False,0.36494622,False,0.21480994,False,return_temp_c
2025-03-02 20:00:00,0.30492783,False,train,0.3014603,False,0.42206445,False,0.19125874,False,return_temp_c
2025-03-03 08:00:00,0.31515133,False,train,0.26435304,False,0.4977279,False,0.18337305,False,return_temp_c
2025-03-03 20:00:00,0.2876297,False,train,0.233492,False,0.44572115,False,0.1836759,False,return_temp_c
2025-03-04 08:00:00,0.18163924,False,train,0.14934532,False,0.24371976,False,0.1518526,False,return_temp_c
2025-03-04 20:00:00,0.15728062,False,train,0.12166703,False,0.2236188,False,0.12655604,False,return_temp_c
2025-03-05 08:00:00,0.15784961,False,train,0.10616646,False,0.24397872,False,0.123403616,False,return_temp_c
2025-03-05 20:00:00,0.18648504,False,train,0.15610012,False,0.27723053,False,0.12612444,False,return_temp_c
2025-03-06 08:00:00,0.2162192,False,train,0.16666378,False,0.30903444,False,0.17295943,False,return_temp_c
2025-03-06 20:00:00,0.20297672,False,train,0.1549604,False,0.30092463,False,0.1530451,False,return_temp_c
2025-03-07 08:00:00,0.24133594,False,train,0.2202247,False,0.34173438,False,0.1620488,False,return_temp_c
2025-03-07 20:00:00,0.19957002,False,train,0.17396103,False,0.29369488,False,0.13105412,False,return_temp_c
2025-03-08 08:00:00,0.23604685,False,train,0.14790224,False,0.42366478,False,0.1365736,False,return_temp_c
2025-03-08 20:00:00,0.24377935,False,train,0.1713873,False,0.40587124,False,0.15407942,False,return_temp_c
2025-03-09 08:00:00,0.44376504,False,train,0.35825863,False,0.7757986,True,0.1972378,False,return_temp_c
2025-03-09 20:00:00,0.5372551,False,train,0.51536953,True,0.8680487,True,0.22834723,False,return_temp_c
2025-03-10 08:00:00,0.532527,False,train,0.5190897,True,0.84378856,True,0.23470296,False,return_temp_c
2025-03-10 20:00:00,0.4300156,False,train,0.3666772,False,0.75473285,True,0.16863674,False,return_temp_c
2025-03-11 08:00:00,0.19738767,False,train,0.1873314,False,0.25573775,False,0.1490939,False,return_temp_c
2025-03-11 20:00:00,0.34208536,False,train,0.3163511,False,0.48226607,False,0.2276389,False,return_temp_c
2025-03-12 08:00:00,0.352234,False,train,0.3177814,False,0.510632,False,0.2282886,False,return_temp_c
2025-03-12 20:00:00,0.21486463,False,train,0.2013023,False,0.27887204,False,0.16441949,False,return_temp_c
2025-03-13 08:00:00,0.42947495,False,train,0.41743025,False,0.69474936,False,0.17624527,False,return_temp_c
2025-03-13 20:00:00,0.42350754,False,train,0.42354798,False,0.69163084,False,0.15534374,False,return_temp_c
2025-03-14 08:00:00,0.23937818,False,train,0.19348447,False,0.32052425,False,0.20412587,False,return_temp_c
2025-03-14 20:00:00,0.24502161,False,train,0.21409488,False,0.3187568,False,0.20221315,False,return_temp_c
2025-03-15 08:00:00,0.23616685,False,train,0.2811527,False,0.2901055,False,0.13724242,False,return_temp_c
2025-03-15 20:00:00,0.23707151,False,train,0.27994177,False,0.28748256,False,0.14379026,False,return_temp_c
2025-03-16 08:00:00,0.28664532,False,train,0.2835175,False,0.44500414,False,0.1314144,False,return_temp_c
2025-03-16 20:00:00,0.72738767,False,train,1.0701635,True,0.69973373,True,0.4122658,False,supply_temp_c
2025-03-17 08:00:00,0.6539771,False,train,0.9500983,True,0.57986027,False,0.4319727,False,supply_temp_c
2025-03-17 20:00:00,0.24480207,False,train,0.20071797,False,0.35665223,False,0.17703597,False,return_temp_c
2025-03-18 08:00:00,0.1855474,False,train,0.14725111,False,0.26429334,False,0.14509772,False,return_temp_c
2025-03-18 20:00:00,0.20734495,False,train,0.15821655,False,0.3241013,False,0.13971704,False,return_temp_c
2025-03-19 08:00:00,0.17922822,False,train,0.116115265,False,0.28874868,False,0.13282071,False,return_temp_c
2025-03-19 20:00:00,0.42151636,False,train,0.43748525,False,0.5732753,False,0.2537885,False,return_temp_c
2025-03-20 08:00:00,0.43073645,False,train,0.45050737,True,0.58224076,False,0.2594613,False,return_temp_c
2025-03-20 20:00:00,0.13854875,False,train,0.08392602,False,0.22541715,False,0.106303014,False,return_temp_c
2025-03-21 08:00:00,0.17676985,False,train,0.124866046,False,0.22058046,False,0.18486308,False,return_temp_c
2025-03-21 20:00:00,0.21223925,False,train,0.17396499,False,0.27959508,False,0.18315774,False,return_temp_c
2025-03-22 08:00:00,0.21825063,False,train,0.17993706,False,0.28750718,False,0.18730766,False,return_temp_c
2025-03-22 20:00:00,0.16245867,False,train,0.113759756,False,0.21994077,False,0.15367547,False,return_temp_c
2025-03-23 08:00:00,0.1847363,False,train,0.15670125,False,0.2643176,False,0.13319008,False,return_temp_c
2025-03-23 20:00:00,0.18305871,False,train,0.16263461,False,0.2581527,False,0.1283888,False,return_temp_c
2025-03-24 08:00:00,0.15965353,False,train,0.10726174,False,0.27131072,False,0.10038812,False,return_temp_c
2025-03-24 20:00:00,0.16134599,False,test,0.116163515,False,0.28747317,False,0.080401234,False,return_temp_c
2025-03-25 08:00:00,0.14848231,False,test,0.10148726,False,0.24798214,False,0.095977515,False,return_temp_c
2025-03-25 20:00:00,0.15810129,False,test,0.11785389,False,0.24939793,False,0.10705205,False,return_temp_c
2025-03-26 08:00:00,0.17446816,False,test,0.121842,False,0.2805669,False,0.120995544,False,return_temp_c
2025-03-26 20:00:00,0.16094314,False,test,0.1036127,False,0.27665225,False,0.102564454,False,return_temp_c
2025-03-27 08:00:00,0.13895935,False,test,0.08005699,False,0.21812712,False,0.11869394,False,return_temp_c
2025-03-27 20:00:00,0.14455134,False,test,0.083813705,False,0.24100871,False,0.108831614,False,return_temp_c
2025-03-28 08:00:00,0.17116329,False,test,0.08729116,False,0.24744989,False,0.17874885,False,return_temp_c
2025-03-28 20:00:00,0.1531105,False,test,0.08380297,False,0.2369535,False,0.13857505,False,return_temp_c
2025-03-29 08:00:00,0.13527663,False,test,0.077359565,False,0.18055578,False,0.14791454,False,return_temp_c
2025-03-29 20:00:00,0.16936967,False,test,0.103237174,False,0.1907622,False,0.21410961,False,derived_flow_kg_s
2025-03-30 08:00:00,0.1641578,False,test,0.114512764,False,0.23353803,False,0.14442253,False,return_temp_c
2025-03-30 20:00:00,0.13612401,False,test,0.08998277,False,0.23816808,False,0.08022121,False,return_temp_c
2025-03-31 08:00:00,0.1381053,False,test,0.085784525,False,0.22596961,False,0.10256178,False,return_temp_c
2025-03-31 20:00:00,0.131226,False,test,0.07971691,False,0.2095236,False,0.1044375,False,return_temp_c
2025-04-01 08:00:00,0.12189499,False,test,0.06409922,False,0.19404815,False,0.107537635,False,return_temp_c
2025-04-01 20:00:00,0.12959974,False,test,0.074558355,False,0.20419602,False,0.11004484,False,return_temp_c
2025-04-02 08:00:00,0.20413738,False,test,0.18281966,False,0.2573724,False,0.17222007,False,return_temp_c
2025-04-02 20:00:00,0.22395849,False,test,0.2038014,False,0.31074557,False,0.15732846,False,return_temp_c
2025-04-03 08:00:00,0.16701275,False,test,0.10506836,False,0.26513907,False,0.13083078,False,return_temp_c
2025-04-03 20:00:00,0.13899912,False,test,0.0850386,False,0.22191341,False,0.11004532,False,return_temp_c
2025-04-04 08:00:00,0.18433934,False,test,0.10370025,False,0.24777526,False,0.20154254,False,return_temp_c
2025-04-04 20:00:00,0.16893595,False,test,0.10703439,False,0.23170282,False,0.16807063,False,return_temp_c
2025-04-05 08:00:00,0.15206027,False,test,0.09574336,False,0.17805545,False,0.18238203,False,derived_flow_kg_s
2025-04-05 20:00:00,0.16750874,False,test,0.103056766,False,0.20134912,False,0.1981203,False,return_temp_c
2025-04-06 08:00:00,0.16586262,False,test,0.121605396,False,0.21636659,False,0.15961589,False,return_temp_c
2025-04-06 20:00:00,0.1684762,False,test,0.12136326,False,0.2071511,False,0.17691422,False,return_temp_c
2025-04-07 08:00:00,0.14489998,False,test,0.089337744,False,0.19756944,False,0.14779277,False,return_temp_c
2025-04-07 20:00:00,0.13786569,False,test,0.11885667,False,0.1799003,False,0.11484009,False,return_temp_c
2025-04-08 08:00:00,0.15067013,False,test,0.1295452,False,0.19172029,False,0.13074492,False,return_temp_c
2025-04-08 20:00:00,0.15042531,False,test,0.14565273,False,0.18938653,False,0.11623672,False,return_temp_c
2025-04-09 08:00:00,0.15411042,False,test,0.13178262,False,0.20075007,False,0.12979855,False,return_temp_c
2025-04-09 20:00:00,0.14128512,False,test,0.12263781,False,0.18586749,False,0.115350045,False,return_temp_c
2025-04-10 08:00:00,0.14493428,False,test,0.11407105,False,0.20622088,False,0.114510916,False,return_temp_c
2025-04-10 20:00:00,0.13076311,False,test,0.10630224,False,0.18329966,False,0.10268741,False,return_temp_c
2025-04-11 08:00:00,0.14688414,False,test,0.11404241,False,0.2150348,False,0.11157515,False,return_temp_c
2025-04-11 20:00:00,0.1571313,False,test,0.13641146,False,0.21214789,False,0.122834556,False,return_temp_c
2025-04-12 08:00:00,0.15321355,False,test,0.13086133,False,0.20585398,False,0.12292536,False,return_temp_c
2025-04-12 20:00:00,0.13436407,False,test,0.11429948,False,0.19176884,False,0.097023845,False,return_temp_c
2025-04-13 08:00:00,0.15280825,False,test,0.12973988,False,0.2092582,False,0.11942666,False,return_temp_c
2025-04-13 20:00:00,0.14566249,False,test,0.12628372,False,0.19813812,False,0.11256567,False,return_temp_c
2025-04-14 08:00:00,0.15599376,False,test,0.10298437,False,0.24907799,False,0.11591893,False,return_temp_c
2025-04-14 20:00:00,0.14854424,False,test,0.1180178,False,0.21819282,False,0.109422095,False,return_temp_c
2025-04-15 08:00:00,0.14995724,False,test,0.13742201,False,0.21427417,False,0.09817549,False,return_temp_c
2025-04-15 20:00:00,0.14572702,False,test,0.12670189,False,0.22026785,False,0.09021131,False,return_temp_c
2025-04-16 08:00:00,0.15571885,False,test,0.10709231,False,0.25652918,False,0.10353506,False,return_temp_c
2025-04-16 20:00:00,0.16549063,False,test,0.11105367,False,0.26318577,False,0.122232445,False,return_temp_c
2025-04-17 08:00:00,0.15710285,False,test,0.10059173,False,0.24140795,False,0.12930888,False,return_temp_c
2025-04-17 20:00:00,0.15624756,False,test,0.110537864,False,0.23316716,False,0.1250377,False,return_temp_c
2025-04-18 08:00:00,0.15655947,False,test,0.12511988,False,0.22342284,False,0.12113565,False,return_temp_c
2025-04-18 20:00:00,0.15215607,False,test,0.109512426,False,0.23827113,False,0.10868465,False,return_temp_c
2025-04-19 08:00:00,0.16150662,False,test,0.08089031,False,0.26673943,False,0.13689014,False,return_temp_c
2025-04-19 20:00:00,0.14701985,False,test,0.0910165,False,0.23614192,False,0.11390108,False,return_temp_c
2025-04-20 08:00:00,0.13921449,False,test,0.10477253,False,0.22192739,False,0.09094358,False,return_temp_c
2025-04-20 20:00:00,0.13114493,False,test,0.1094684,False,0.19850387,False,0.08546251,False,return_temp_c
2025-04-21 08:00:00,0.13882118,False,test,0.09850189,False,0.21955,False,0.09841162,False,return_temp_c
2025-04-21 20:00:00,0.13481505,False,test,0.1015142,False,0.20621638,False,0.09671458,False,return_temp_c
2025-04-22 08:00:00,0.13849147,False,test,0.098797746,False,0.20981379,False,0.10686284,False,return_temp_c
2025-04-22 20:00:00,0.1448765,False,test,0.10738644,False,0.22747691,False,0.0997661,False,return_temp_c
2025-04-23 08:00:00,0.15796259,False,test,0.11776921,False,0.2523368,False,0.10378176,False,return_temp_c
2025-04-23 20:00:00,0.15202822,False,test,0.12042192,False,0.2196637,False,0.11599898,False,return_temp_c
2025-04-24 08:00:00,0.15358347,False,test,0.10353113,False,0.21552296,False,0.14169632,False,return_temp_c
2025-04-24 20:00:00,0.15745378,False,test,0.12996201,False,0.20341253,False,0.13898675,False,return_temp_c
2025-04-25 08:00:00,0.19365662,False,test,0.13749647,False,0.26411736,False,0.179356,False,return_temp_c
2025-04-25 20:00:00,0.17403233,False,test,0.12081585,False,0.23043543,False,0.17084575,False,return_temp_c
2025-04-26 08:00:00,0.18695591,False,test,0.1288897,False,0.2754019,False,0.15657623,False,return_temp_c
2025-04-26 20:00:00,0.19408573,False,test,0.14720604,False,0.2903848,False,0.14466636,False,return_temp_c
2025-04-27 08:00:00,0.22042102,False,test,0.15276888,False,0.32951435,False,0.17897981,False,return_temp_c
2025-04-29 08:00:00,0.19688816,False,test,0.11578532,False,0.27749076,False,0.1973884,False,return_temp_c
2025-04-29 20:00:00,0.18402474,False,test,0.12862442,False,0.2476347,False,0.1758151,False,return_temp_c
2025-04-30 08:00:00,0.18372679,False,test,0.10545447,False,0.2543745,False,0.19135141,False,return_temp_c
2025-04-30 20:00:00,0.17873666,False,test,0.12673122,False,0.23470803,False,0.17477076,False,return_temp_c
2025-05-01 08:00:00,0.21125104,False,test,0.13459796,False,0.27606535,False,0.22308977,False,return_temp_c
2025-05-01 20:00:00,0.19409692,False,test,0.16892819,False,0.22425582,False,0.1891068,False,return_temp_c
2025-05-02 08:00:00,0.16115709,False,test,0.15313615,False,0.18550515,False,0.14482996,False,return_temp_c
2025-05-02 20:00:00,0.18432085,False,test,0.13276826,False,0.18855715,False,0.23163712,False,derived_flow_kg_s
2025-05-03 08:00:00,0.19959514,False,test,0.1489132,False,0.18570542,False,0.26416677,False,derived_flow_kg_s
2025-05-03 20:00:00,0.15728435,False,test,0.15596808,False,0.16910507,False,0.1467799,False,return_temp_c
2025-05-04 08:00:00,0.18708408,False,test,0.15393066,False,0.27112725,False,0.13619433,False,return_temp_c
2025-05-04 20:00:00,0.17270178,False,test,0.14205746,False,0.2366199,False,0.13942799,False,return_temp_c
2025-05-05 08:00:00,0.1568616,False,test,0.12467739,False,0.22368844,False,0.12221893,False,return_temp_c
2025-05-05 20:00:00,0.14437532,False,test,0.11602949,False,0.20981997,False,0.10727649,False,return_temp_c
2025-05-06 08:00:00,0.16750847,False,test,0.13202734,False,0.2685097,False,0.101988345,False,return_temp_c
2025-05-06 20:00:00,0.17169315,False,test,0.148467,False,0.25151667,False,0.11509576,False,return_temp_c
2025-05-07 08:00:00,0.16481297,False,test,0.12741058,False,0.25091785,False,0.11611042,False,return_temp_c
2025-05-07 20:00:00,0.15638736,False,test,0.12680197,False,0.24071245,False,0.10164764,False,return_temp_c
2025-05-08 08:00:00,0.15485841,False,test,0.13190572,False,0.21928634,False,0.11338315,False,return_temp_c
2025-05-08 20:00:00,0.14971942,False,test,0.1194039,False,0.22903939,False,0.10071498,False,return_temp_c
2025-05-09 08:00:00,0.15668947,False,test,0.11576461,False,0.26825097,False,0.086052805,False,return_temp_c
2025-05-09 20:00:00,0.1651731,False,test,0.12596288,False,0.27701077,False,0.092545636,False,return_temp_c
2025-05-10 08:00:00,0.16842061,False,test,0.13056122,False,0.26470783,False,0.109992795,False,return_temp_c
2025-05-10 20:00:00,0.16226317,False,test,0.12924601,False,0.26060963,False,0.09693388,False,return_temp_c
2025-05-11 08:00:00,0.17562589,False,test,0.15508933,False,0.2716581,False,0.1001302,False,return_temp_c
2025-05-11 20:00:00,0.18664163,False,test,0.1727771,False,0.25785425,False,0.1292935,False,return_temp_c
2025-05-12 08:00:00,0.19187412,False,test,0.17914481,False,0.25377175,False,0.14270581,False,return_temp_c
2025-05-12 20:00:00,0.18646134,False,test,0.18712395,False,0.25697723,False,0.11528289,False,return_temp_c
2025-05-13 08:00:00,0.18374217,False,test,0.1643024,False,0.28132948,False,0.105594635,False,return_temp_c
2025-05-13 20:00:00,0.18268995,False,test,0.1580097,False,0.2567396,False,0.13332056,False,return_temp_c
2025-05-14 08:00:00,0.1737359,False,test,0.17003341,False,0.21979298,False,0.13138132,False,return_temp_c
2025-05-14 20:00:00,0.84005666,False,test,0.16761537,False,0.2916395,False,2.0609152,False,derived_flow_kg_s
2025-05-15 08:00:00,0.8548379,False,test,0.17133105,False,0.30061668,False,2.0925655,False,derived_flow_kg_s
2025-05-15 20:00:00,0.19765723,False,test,0.17120539,False,0.2784041,False,0.14336221,False,return_temp_c
2025-05-16 08:00:00,0.18732826,False,test,0.1403379,False,0.27404144,False,0.14760543,False,return_temp_c
2025-05-16 20:00:00,0.177943,False,test,0.14065807,False,0.2495669,False,0.14360403,False,return_temp_c
2025-05-17 08:00:00,0.22104676,False,test,0.18249309,False,0.2098415,False,0.2708057,False,derived_flow_kg_s
2025-05-17 20:00:00,0.4430471,False,test,0.18722165,False,0.18775062,False,0.954169,False,derived_flow_kg_s
2025-05-18 08:00:00,0.43364918,False,test,0.19733602,False,0.21606869,False,0.8875428,False,derived_flow_kg_s
2025-05-18 20:00:00,0.22686887,False,test,0.19738178,False,0.22775026,False,0.25547454,False,derived_flow_kg_s
2025-05-19 08:00:00,0.21486482,False,test,0.19076912,False,0.24036594,False,0.21345942,False,return_temp_c
2025-05-19 20:00:00,0.15261027,False,test,0.15709843,False,0.1683592,False,0.13237323,False,return_temp_c
2025-05-20 08:00:00,0.16812938,False,test,0.16155338,False,0.19403397,False,0.1488008,False,return_temp_c
2025-05-20 20:00:00,0.15568787,False,test,0.16793846,False,0.16459753,False,0.13452762,False,supply_temp_c
2025-05-21 08:00:00,0.16252649,False,test,0.13662602,False,0.19341637,False,0.15753709,False,return_temp_c
2025-05-21 20:00:00,0.14173347,False,test,0.11419646,False,0.15693815,False,0.15406579,False,return_temp_c
2025-05-22 08:00:00,0.13618511,False,test,0.13535847,False,0.14555109,False,0.12764578,False,return_temp_c
2025-05-22 20:00:00,0.13710533,False,test,0.11277235,False,0.16270132,False,0.13584231,False,return_temp_c
2025-05-23 08:00:00,0.15490413,False,test,0.10042739,False,0.21568765,False,0.14859734,False,return_temp_c
2025-05-23 20:00:00,0.15663627,False,test,0.100294925,False,0.2153461,False,0.15426777,False,return_temp_c
2025-05-24 08:00:00,0.14027214,False,test,0.096117415,False,0.17668648,False,0.1480125,False,return_temp_c
2025-05-24 20:00:00,0.14974707,False,test,0.088146836,False,0.19178443,False,0.16930993,False,return_temp_c
2025-05-25 08:00:00,0.14957234,False,test,0.12462715,False,0.16583231,False,0.15825756,False,return_temp_c
2025-05-25 20:00:00,0.14749348,False,test,0.1539845,False,0.14104246,False,0.14745344,False,supply_temp_c
2025-05-26 08:00:00,0.1482169,False,test,0.13813163,False,0.15632923,False,0.15018988,False,return_temp_c
2025-05-26 20:00:00,0.14000468,False,test,0.16051447,False,0.13261825,False,0.12688126,False,supply_temp_c
2025-05-27 08:00:00,0.14245087,False,test,0.17124999,False,0.11629961,False,0.13980298,False,supply_temp_c
2025-05-27 20:00:00,0.14339529,False,test,0.16552655,False,0.12295533,False,0.14170398,False,supply_temp_c
2025-05-28 08:00:00,0.21223919,False,test,0.14516343,False,0.11658007,False,0.37497404,False,derived_flow_kg_s
2025-05-28 20:00:00,0.21459895,False,test,0.13907206,False,0.11251367,False,0.3922111,False,derived_flow_kg_s
2025-05-29 08:00:00,0.13282675,False,test,0.07311656,False,0.16566586,False,0.15969785,False,return_temp_c
2025-05-29 20:00:00,0.15343171,False,test,0.047030207,False,0.21178138,False,0.20148355,False,return_temp_c
2025-05-30 08:00:00,0.1811288,False,test,0.06760218,False,0.24231404,False,0.23347016,False,return_temp_c
2025-05-30 20:00:00,0.16097823,False,test,0.10785732,False,0.18670857,False,0.18836881,False,derived_flow_kg_s
2025-05-31 08:00:00,0.12127146,False,test,0.13968621,False,0.10762688,False,0.11650131,False,supply_temp_c
2025-05-31 20:00:00,0.12040941,False,test,0.14361258,False,0.10496906,False,0.11264659,False,supply_temp_c
2025-06-01 08:00:00,0.12186759,False,test,0.15102531,False,0.10165437,False,0.11292312,False,supply_temp_c
2025-06-01 20:00:00,0.12480111,False,test,0.1453756,False,0.109995455,False,0.1190323,False,supply_temp_c
2025-06-02 08:00:00,0.122793116,False,test,0.14106347,False,0.11118382,False,0.11613209,False,supply_temp_c
2025-06-02 20:00:00,0.1231021,False,test,0.1578545,False,0.115757406,False,0.09569436,False,supply_temp_c
2025-06-03 08:00:00,0.13207565,False,test,0.21709095,False,0.09951201,False,0.07962406,False,supply_temp_c
2025-06-03 20:00:00,0.1404316,False,test,0.24918462,False,0.10168117,False,0.07042902,False,supply_temp_c
2025-06-04 08:00:00,0.13752286,False,test,0.24456006,False,0.09524915,False,0.07275934,False,supply_temp_c
2025-06-04 20:00:00,0.13047877,False,test,0.22811095,False,0.091869555,False,0.07145576,False,supply_temp_c
2025-06-05 08:00:00,0.13000472,False,test,0.23169255,False,0.08929664,False,0.069024965,False,supply_temp_c
2025-06-05 20:00:00,0.13396172,False,test,0.24393636,False,0.08890734,False,0.06904144,False,supply_temp_c
2025-06-06 08:00:00,0.12951057,False,test,0.22068202,False,0.0975203,False,0.07032935,False,supply_temp_c
2025-06-06 20:00:00,0.12422648,False,test,0.19937699,False,0.099004865,False,0.074297585,False,supply_temp_c
2025-06-07 08:00:00,0.12487814,False,test,0.20406199,False,0.10166267,False,0.06890976,False,supply_temp_c
2025-06-07 20:00:00,0.13142754,False,test,0.23405288,False,0.09274896,False,0.06748078,False,supply_temp_c
2025-06-08 08:00:00,0.1319266,False,test,0.23433542,False,0.094442345,False,0.067001976,False,supply_temp_c
2025-06-08 20:00:00,0.12619142,False,test,0.21383663,False,0.0956037,False,0.069133975,False,supply_temp_c
2025-06-09 08:00:00,0.12996128,False,test,0.21956773,False,0.10244915,False,0.067866914,False,supply_temp_c
2025-06-09 20:00:00,0.15447788,False,test,0.27089044,False,0.12439817,False,0.068144985,False,supply_temp_c
2025-06-10 08:00:00,0.17186387,False,test,0.3107057,False,0.13245429,False,0.07243158,False,supply_temp_c
2025-06-10 20:00:00,0.16585538,False,test,0.30103663,False,0.12957327,False,0.06695621,False,supply_temp_c
2025-06-11 08:00:00,0.15636177,False,test,0.26855123,False,0.12973218,False,0.070801966,False,supply_temp_c
2025-06-11 20:00:00,0.1505767,False,test,0.24616094,False,0.13094229,False,0.07462688,False,supply_temp_c
2025-06-12 08:00:00,0.15247573,False,test,0.262324,False,0.12453731,False,0.07056586,False,supply_temp_c
2025-06-12 20:00:00,0.15356925,False,test,0.270789,False,0.12094307,False,0.06897565,False,supply_temp_c
2025-06-13 08:00:00,0.15684317,False,test,0.2824475,False,0.122153796,False,0.06592817,False,supply_temp_c
2025-06-13 20:00:00,0.15802209,False,test,0.29569277,False,0.114584185,False,0.06378933,False,supply_temp_c
2025-06-14 08:00:00,0.1536709,False,test,0.27663627,False,0.121941626,False,0.062434822,False,supply_temp_c
2025-06-14 20:00:00,0.15034829,False,test,0.26642394,False,0.12089088,False,0.06373005,False,supply_temp_c
2025-06-15 08:00:00,0.1507072,False,test,0.26734415,False,0.11721172,False,0.06756575,False,supply_temp_c
2025-06-15 20:00:00,0.15193766,False,test,0.26639253,False,0.12243152,False,0.06698894,False,supply_temp_c
2025-06-16 08:00:00,0.1461423,False,test,0.25711384,False,0.1166893,False,0.06462369,False,supply_temp_c
2025-06-16 20:00:00,0.14740981,False,test,0.25593084,False,0.12123281,False,0.06506578,False,supply_temp_c
2025-06-17 08:00:00,0.14002593,False,test,0.23803653,False,0.11642393,False,0.06561738,False,supply_temp_c
2025-06-17 20:00:00,0.13858642,False,test,0.23111665,False,0.11550807,False,0.06913453,False,supply_temp_c
2025-06-18 08:00:00,0.13487561,False,test,0.2184815,False,0.119438805,False,0.06670652,False,supply_temp_c
2025-06-18 20:00:00,0.13540874,False,test,0.16976179,False,0.1188643,False,0.11760014,False,supply_temp_c
2025-06-19 08:00:00,0.11753139,False,test,0.113465965,False,0.096009225,False,0.14311896,False,derived_flow_kg_s
2025-06-19 20:00:00,0.1469314,False,test,0.18716824,False,0.108303785,False,0.14532216,False,supply_temp_c
2025-06-20 08:00:00,0.14434373,False,test,0.19218512,False,0.09004229,False,0.15080382,False,supply_temp_c
2025-06-20 20:00:00,0.08576282,False,test,0.101289034,False,0.033006337,False,0.122993074,False,derived_flow_kg_s
2025-06-21 08:00:00,0.08156254,False,test,0.097584255,False,0.033034448,False,0.11406893,False,derived_flow_kg_s
2025-06-21 20:00:00,0.080075234,False,test,0.08600157,False,0.033941194,False,0.12028294,False,derived_flow_kg_s
2025-06-22 08:00:00,0.09351677,False,test,0.08467936,False,0.059056263,False,0.13681467,False,derived_flow_kg_s
2025-06-22 20:00:00,0.109958515,False,test,0.07147017,False,0.10985625,False,0.14854911,False,derived_flow_kg_s
2025-06-23 08:00:00,0.11667413,False,test,0.07906041,False,0.119115114,False,0.1518469,False,derived_flow_kg_s
2025-06-23 20:00:00,0.11536503,False,test,0.09680652,False,0.10494357,False,0.144345,False,derived_flow_kg_s
2025-06-24 08:00:00,0.11660293,False,test,0.11484033,False,0.09199975,False,0.14296871,False,derived_flow_kg_s
2025-06-24 20:00:00,0.117153846,False,test,0.11514616,False,0.09432986,False,0.14198552,False,derived_flow_kg_s
2025-06-25 08:00:00,0.10987219,False,test,0.07800258,False,0.104330026,False,0.14728399,False,derived_flow_kg_s
2025-06-25 20:00:00,0.101180635,False,test,0.07322779,False,0.100504495,False,0.1298096,False,derived_flow_kg_s
2025-06-26 08:00:00,0.095458865,False,test,0.067918144,False,0.09546253,False,0.12299591,False,derived_flow_kg_s
2025-06-26 20:00:00,0.097505,False,test,0.074666515,False,0.08515396,False,0.13269453,False,derived_flow_kg_s
2025-06-27 08:00:00,0.097559296,False,test,0.07239863,False,0.0834358,False,0.13684344,False,derived_flow_kg_s
2025-06-27 20:00:00,0.09669752,False,test,0.06331388,False,0.087088026,False,0.13969065,False,derived_flow_kg_s
2025-06-28 08:00:00,0.106769666,False,test,0.08252391,False,0.09938535,False,0.1383997,False,derived_flow_kg_s
2025-06-28 20:00:00,0.10339949,False,test,0.09160668,False,0.08417972,False,0.13441211,False,derived_flow_kg_s
2025-06-29 08:00:00,0.100182496,False,test,0.08575061,False,0.08181556,False,0.13298129,False,derived_flow_kg_s
2025-06-29 20:00:00,0.14366758,False,test,0.20314048,False,0.11072596,False,0.11713629,False,supply_temp_c
2025-06-30 08:00:00,0.20048653,False,test,0.33373162,False,0.16455261,False,0.10317534,False,supply_temp_c
2025-06-30 20:00:00,0.249547,False,test,0.31438133,False,0.26296493,False,0.17129482,False,supply_temp_c
2025-07-01 08:00:00,0.24418157,False,test,0.28561255,False,0.2537662,False,0.19316597,False,supply_temp_c
2025-07-01 20:00:00,0.19002065,False,test,0.25818858,False,0.13572402,False,0.17614932,False,supply_temp_c
2025-07-02 08:00:00,0.14675036,False,test,0.15265112,False,0.10327483,False,0.1843251,False,derived_flow_kg_s
2025-07-02 20:00:00,0.14704624,False,test,0.15716241,False,0.09764119,False,0.1863351,False,derived_flow_kg_s
2025-07-03 08:00:00,0.1347456,False,test,0.13678701,False,0.10676824,False,0.16068158,False,derived_flow_kg_s
2025-07-03 20:00:00,0.119444914,False,test,0.10087847,False,0.105358005,False,0.15209828,False,derived_flow_kg_s
2025-07-04 08:00:00,0.11776695,False,test,0.11084944,False,0.10537627,False,0.13707514,False,derived_flow_kg_s
2025-07-04 20:00:00,0.11266666,False,test,0.1721055,False,0.075829215,False,0.09006526,False,supply_temp_c
2025-07-05 08:00:00,0.10944953,False,test,0.2174304,False,0.054746926,False,0.056171235,False,supply_temp_c
2025-07-05 20:00:00,0.10860206,False,test,0.21214847,False,0.05521071,False,0.058447003,False,supply_temp_c
2025-07-06 08:00:00,0.106866494,False,test,0.21705087,False,0.047300156,False,0.056248445,False,supply_temp_c
2025-07-06 20:00:00,0.08844563,False,test,0.16511913,False,0.040317416,False,0.05990037,False,supply_temp_c
2025-07-07 08:00:00,0.06567076,False,test,0.076449655,False,0.034258984,False,0.086303644,False,derived_flow_kg_s
2025-07-07 20:00:00,0.106955424,False,test,0.13869621,False,0.09985286,False,0.082317166,False,supply_temp_c
2025-07-08 08:00:00,0.17173487,False,test,0.24605323,False,0.16658787,False,0.10256349,False,supply_temp_c
2025-07-08 20:00:00,0.14982608,False,test,0.22724028,False,0.120145656,False,0.10209226,False,supply_temp_c
2025-07-09 08:00:00,0.102165826,False,test,0.2028208,False,0.04664056,False,0.057036128,False,supply_temp_c
2025-07-09 20:00:00,0.11167451,False,test,0.19370125,False,0.056260247,False,0.08506202,False,supply_temp_c
2025-07-10 08:00:00,0.14624152,False,test,0.16373645,False,0.095967375,False,0.17902075,False,derived_flow_kg_s
2025-07-10 20:00:00,0.17015402,False,test,0.16802911,False,0.10288792,False,0.23954497,False,derived_flow_kg_s
2025-07-11 08:00:00,0.17184044,False,test,0.1701206,False,0.11065138,False,0.23474936,False,derived_flow_kg_s
2025-07-11 20:00:00,0.17134592,False,test,0.1718484,False,0.1071302,False,0.23505916,False,derived_flow_kg_s
2025-07-12 08:00:00,0.16639069,False,test,0.16450709,False,0.10345498,False,0.23120998,False,derived_flow_kg_s
2025-07-12 20:00:00,0.1646833,False,test,0.16382441,False,0.10086652,False,0.22935897,False,derived_flow_kg_s
2025-07-13 08:00:00,0.16538662,False,test,0.16332833,False,0.100603044,False,0.23222847,False,derived_flow_kg_s
2025-07-13 20:00:00,0.16538976,False,test,0.1642997,False,0.100641936,False,0.23122765,False,derived_flow_kg_s
2025-07-14 08:00:00,0.1605555,False,test,0.1572025,False,0.09940509,False,0.2250589,False,derived_flow_kg_s
2025-07-14 20:00:00,0.16074072,False,test,0.16102262,False,0.09830681,False,0.22289276,False,derived_flow_kg_s
2025-07-15 08:00:00,0.16551559,False,test,0.16506152,False,0.10192872,False,0.22955649,False,derived_flow_kg_s
