window_start,reconstruction_mse,is_reconstruction_anomaly,split,supply_temp_c_reconstruction_mse,is_supply_temp_c_channel_anomaly,return_temp_c_reconstruction_mse,is_return_temp_c_channel_anomaly,stabilized_flow_log_feature_reconstruction_mse,is_stabilized_flow_log_feature_channel_anomaly,dominant_anomalous_feature
2024-03-20 10:45:00,1.0357441,True,train,1.1546057,True,1.8297094,True,0.12291696,False,return_temp_c
2024-03-20 22:45:00,0.028014328,False,train,0.018783035,False,0.018462721,False,0.046797227,False,stabilized_flow_log_feature
2024-03-21 10:45:00,0.1094983,False,train,0.07567822,False,0.09620037,False,0.15661633,False,stabilized_flow_log_feature
2024-03-23 10:45:00,0.27472553,False,train,0.050064053,False,0.6996479,True,0.07446464,False,return_temp_c
2024-03-23 22:45:00,0.05767419,False,train,0.042314764,False,0.03737533,False,0.09333247,False,stabilized_flow_log_feature
2024-03-24 10:45:00,0.08048295,False,train,0.051925827,False,0.03887164,False,0.15065137,False,stabilized_flow_log_feature
2024-03-24 22:45:00,0.19969139,False,train,0.06665223,False,0.23059654,False,0.30182543,False,stabilized_flow_log_feature
2024-03-25 10:45:00,0.3374666,False,train,0.07602523,False,0.5063668,True,0.4300078,False,return_temp_c
2024-03-25 22:45:00,0.29876125,False,train,0.061453518,False,0.4214904,True,0.41333982,False,return_temp_c
2024-03-26 10:45:00,0.3154246,False,train,0.072466426,False,0.36493695,True,0.5088704,False,stabilized_flow_log_feature
2024-03-26 22:45:00,0.30468354,False,train,0.095834084,False,0.36119953,False,0.45701692,False,stabilized_flow_log_feature
2024-03-27 10:45:00,0.107746005,False,train,0.05045879,False,0.083406515,False,0.18937276,False,stabilized_flow_log_feature
2024-03-27 22:45:00,0.078711934,False,train,0.051768173,False,0.04019868,False,0.14416894,False,stabilized_flow_log_feature
2024-03-28 10:45:00,0.08329813,False,train,0.0460408,False,0.044549316,False,0.15930429,False,stabilized_flow_log_feature
2024-03-28 22:45:00,0.07382551,False,train,0.052859228,False,0.035977665,False,0.1326396,False,stabilized_flow_log_feature
2024-03-29 10:45:00,0.08597009,False,train,0.049672943,False,0.048537776,False,0.15969954,False,stabilized_flow_log_feature
2024-03-29 22:45:00,0.086249724,False,train,0.036950406,False,0.049180876,False,0.1726179,False,stabilized_flow_log_feature
2024-03-30 10:45:00,0.06439805,False,train,0.035208516,False,0.04454841,False,0.11343721,False,stabilized_flow_log_feature
2024-03-30 22:45:00,0.069224484,False,train,0.053519916,False,0.04175456,False,0.11239899,False,stabilized_flow_log_feature
2024-03-31 10:45:00,0.08778351,False,train,0.040924516,False,0.059228074,False,0.16319798,False,stabilized_flow_log_feature
2024-03-31 22:45:00,0.09561341,False,train,0.0439162,False,0.052902177,False,0.19002187,False,stabilized_flow_log_feature
2024-04-01 10:45:00,0.18112324,False,train,0.11989165,False,0.12595096,False,0.2975271,False,stabilized_flow_log_feature
2024-04-01 22:45:00,0.15322548,False,train,0.11571991,False,0.10750818,False,0.2364484,False,stabilized_flow_log_feature
2024-04-02 10:45:00,0.04909081,False,train,0.03610406,False,0.034942508,False,0.07622587,False,stabilized_flow_log_feature
2024-04-02 22:45:00,0.06822524,False,train,0.039547782,False,0.04959168,False,0.11553627,False,stabilized_flow_log_feature
2024-04-03 10:45:00,0.060736433,False,train,0.039635886,False,0.045161635,False,0.09741176,False,stabilized_flow_log_feature
2024-04-03 22:45:00,0.0700777,False,train,0.032585688,False,0.025451677,False,0.15219574,False,stabilized_flow_log_feature
2024-04-04 10:45:00,0.101255566,False,train,0.05781093,False,0.05634172,False,0.18961401,False,stabilized_flow_log_feature
2024-04-04 22:45:00,0.12523477,False,train,0.072717816,False,0.078273706,False,0.22471279,False,stabilized_flow_log_feature
2024-04-05 10:45:00,0.1884025,False,train,0.08176448,False,0.09560183,False,0.38784122,False,stabilized_flow_log_feature
2024-04-05 22:45:00,0.17734781,False,train,0.07876121,False,0.08586568,False,0.36741653,False,stabilized_flow_log_feature
2024-04-06 10:45:00,0.18151347,False,train,0.07505376,False,0.07108884,False,0.39839777,False,stabilized_flow_log_feature
2024-04-06 22:45:00,0.15144055,False,train,0.063944094,False,0.074911095,False,0.31546643,False,stabilized_flow_log_feature
2024-04-07 10:45:00,0.05961241,False,train,0.042077545,False,0.054795638,False,0.081964046,False,stabilized_flow_log_feature
2024-04-09 10:45:00,0.3475248,False,train,0.05352832,False,0.8742872,True,0.11475893,False,return_temp_c
2024-04-09 22:45:00,0.09582583,False,train,0.044765506,False,0.13055593,False,0.11215604,False,return_temp_c
2024-04-10 10:45:00,0.16176921,False,train,0.06496535,False,0.16854282,False,0.25179946,False,stabilized_flow_log_feature
2024-04-10 22:45:00,0.18719345,False,train,0.0891124,False,0.105399124,False,0.3670688,False,stabilized_flow_log_feature
2024-04-11 10:45:00,0.16872114,False,train,0.06396643,False,0.088507004,False,0.3536899,False,stabilized_flow_log_feature
2024-04-11 22:45:00,0.13983563,False,train,0.05140667,False,0.0812428,False,0.2868574,False,stabilized_flow_log_feature
2024-04-12 10:45:00,0.14729577,False,train,0.0609637,False,0.066602886,False,0.31432077,False,stabilized_flow_log_feature
2024-04-12 22:45:00,0.15304296,False,train,0.06524169,False,0.07941238,False,0.31447482,False,stabilized_flow_log_feature
2024-04-13 10:45:00,0.12893838,False,train,0.04746679,False,0.060559105,False,0.27878925,False,stabilized_flow_log_feature
2024-04-13 22:45:00,0.13739434,False,train,0.050694164,False,0.06652603,False,0.29496285,False,stabilized_flow_log_feature
2024-04-14 10:45:00,0.14059404,False,train,0.077090435,False,0.05455607,False,0.29013553,False,stabilized_flow_log_feature
2024-04-14 22:45:00,0.10900378,False,train,0.07004364,False,0.038046103,False,0.21892159,False,stabilized_flow_log_feature
2024-04-15 10:45:00,0.057258114,False,train,0.03544909,False,0.04262447,False,0.09370077,False,stabilized_flow_log_feature
2024-04-15 22:45:00,0.046928987,False,train,0.034222398,False,0.035105977,False,0.071458586,False,stabilized_flow_log_feature
2024-04-16 10:45:00,0.047743622,False,train,0.031990398,False,0.03423305,False,0.07700741,False,stabilized_flow_log_feature
2024-04-16 22:45:00,0.04796159,False,train,0.027237812,False,0.033575222,False,0.08307174,False,stabilized_flow_log_feature
2024-04-17 10:45:00,0.05275928,False,train,0.025260312,False,0.043623745,False,0.08939379,False,stabilized_flow_log_feature
2024-04-17 22:45:00,0.05803128,False,train,0.027035229,False,0.05157208,False,0.09548653,False,stabilized_flow_log_feature
2024-04-18 10:45:00,0.10245196,False,train,0.06179296,False,0.08086432,False,0.16469862,False,stabilized_flow_log_feature
2024-04-18 22:45:00,0.1351695,False,train,0.07631149,False,0.08830911,False,0.24088793,False,stabilized_flow_log_feature
2024-04-19 10:45:00,0.17101458,False,train,0.08454334,False,0.08499243,False,0.3435079,False,stabilized_flow_log_feature
2024-04-19 22:45:00,0.16566014,False,train,0.10157555,False,0.07857171,False,0.31683314,False,stabilized_flow_log_feature
2024-04-20 10:45:00,0.19490999,False,train,0.13941735,False,0.13034175,False,0.31497082,False,stabilized_flow_log_feature
2024-04-20 22:45:00,0.24374922,False,train,0.16101293,False,0.121655755,False,0.44857898,False,stabilized_flow_log_feature
2024-04-21 10:45:00,0.15189518,False,train,0.0709101,False,0.07088745,False,0.31388795,False,stabilized_flow_log_feature
2024-04-21 22:45:00,0.19931518,False,train,0.08085431,False,0.123098075,False,0.39399314,False,stabilized_flow_log_feature
2024-04-22 10:45:00,0.29877537,False,train,0.12837769,False,0.18378192,False,0.58416647,False,stabilized_flow_log_feature
2024-04-22 22:45:00,0.24965137,False,train,0.116898276,False,0.1617852,False,0.47027072,False,stabilized_flow_log_feature
2024-04-23 10:45:00,0.25724012,False,train,0.1276321,False,0.16894197,False,0.47514632,False,stabilized_flow_log_feature
2024-04-23 22:45:00,0.22509207,False,train,0.11899006,False,0.10704693,False,0.4492391,False,stabilized_flow_log_feature
2024-04-24 10:45:00,0.15549411,False,train,0.06399211,False,0.056974698,False,0.34551558,False,stabilized_flow_log_feature
2024-04-24 22:45:00,0.15930359,False,train,0.06151622,False,0.076935284,False,0.3394593,False,stabilized_flow_log_feature
2024-04-25 10:45:00,0.19282842,False,train,0.0876069,False,0.10438165,False,0.38649666,False,stabilized_flow_log_feature
2024-04-25 22:45:00,0.21771608,False,train,0.104548894,False,0.1129337,False,0.43566573,False,stabilized_flow_log_feature
2024-04-26 10:45:00,0.21136981,False,train,0.052262753,False,0.21684323,False,0.36500344,False,stabilized_flow_log_feature
2024-04-26 22:45:00,0.20154451,False,train,0.058584016,False,0.22360976,False,0.32243973,False,stabilized_flow_log_feature
2024-04-27 10:45:00,0.15720047,False,train,0.066651575,False,0.13007088,False,0.27487895,False,stabilized_flow_log_feature
2024-04-27 22:45:00,0.1600736,False,train,0.075154595,False,0.073172845,False,0.33189338,False,stabilized_flow_log_feature
2024-04-28 10:45:00,0.19276135,False,train,0.105567805,False,0.17303921,False,0.29967698,False,stabilized_flow_log_feature
2024-04-28 22:45:00,0.18193199,False,train,0.11326442,False,0.15776113,False,0.2747704,False,stabilized_flow_log_feature
2024-04-29 10:45:00,0.23410508,False,train,0.13207345,False,0.110417,False,0.4598248,False,stabilized_flow_log_feature
2024-04-29 22:45:00,0.26703745,False,train,0.13336657,False,0.19063628,False,0.4771094,False,stabilized_flow_log_feature
2024-04-30 10:45:00,0.21348016,False,train,0.13996351,False,0.1611083,False,0.3393686,False,stabilized_flow_log_feature
2024-04-30 22:45:00,0.15408224,False,train,0.090002984,False,0.0513691,False,0.3208746,False,stabilized_flow_log_feature
2024-05-01 10:45:00,0.1681386,False,train,0.084132314,False,0.06483319,False,0.35545024,False,stabilized_flow_log_feature
2024-05-01 22:45:00,0.17021005,False,train,0.092866756,False,0.09015607,False,0.32760727,False,stabilized_flow_log_feature
2024-05-02 10:45:00,0.18975075,False,train,0.08645212,False,0.11366463,False,0.3691355,False,stabilized_flow_log_feature
2024-05-02 22:45:00,0.1447894,False,train,0.07082393,False,0.07639353,False,0.28715074,False,stabilized_flow_log_feature
2024-05-03 10:45:00,0.12725952,False,train,0.054392163,False,0.09324875,False,0.23413771,False,stabilized_flow_log_feature
2024-05-03 22:45:00,0.15758891,False,train,0.067944095,False,0.1177238,False,0.28709885,False,stabilized_flow_log_feature
2024-05-04 10:45:00,0.1023388,False,train,0.034024328,False,0.06407557,False,0.2089165,False,stabilized_flow_log_feature
2024-05-04 22:45:00,0.097983845,False,train,0.024343276,False,0.037888024,False,0.23172025,False,stabilized_flow_log_feature
2024-05-05 10:45:00,0.08808502,False,train,0.032611977,False,0.06048271,False,0.17116039,False,stabilized_flow_log_feature
2024-05-05 22:45:00,0.10726705,False,train,0.05128087,False,0.06810702,False,0.20241326,False,stabilized_flow_log_feature
2024-05-06 10:45:00,0.18552856,False,train,0.11784083,False,0.11739818,False,0.32134664,False,stabilized_flow_log_feature
2024-05-06 22:45:00,0.16624217,False,train,0.120531134,False,0.10496878,False,0.27322662,False,stabilized_flow_log_feature
2024-05-07 10:45:00,0.13605136,False,train,0.053754598,False,0.057446077,False,0.2969534,False,stabilized_flow_log_feature
2024-05-07 22:45:00,0.15672247,False,train,0.049607124,False,0.06202984,False,0.3585305,False,stabilized_flow_log_feature
2024-05-08 10:45:00,0.13258699,False,train,0.046135176,False,0.06455941,False,0.28706637,False,stabilized_flow_log_feature
2024-05-08 22:45:00,0.11088759,False,train,0.04431376,False,0.063225515,False,0.22512348,False,stabilized_flow_log_feature
2024-05-09 10:45:00,0.14351268,False,train,0.07456533,False,0.06787053,False,0.28810224,False,stabilized_flow_log_feature
2024-05-09 22:45:00,0.14527024,False,train,0.07568912,False,0.0642599,False,0.2958617,False,stabilized_flow_log_feature
2024-05-10 10:45:00,0.09114447,False,train,0.032505825,False,0.051225632,False,0.18970196,False,stabilized_flow_log_feature
2024-05-10 22:45:00,0.08333041,False,train,0.029968992,False,0.04367275,False,0.17634945,False,stabilized_flow_log_feature
2024-05-11 10:45:00,0.072657354,False,train,0.031682584,False,0.041621815,False,0.14466764,False,stabilized_flow_log_feature
2024-05-11 22:45:00,0.10481344,False,train,0.06460724,False,0.057242926,False,0.19259016,False,stabilized_flow_log_feature
2024-05-12 10:45:00,0.17790478,False,train,0.11940864,False,0.2104774,False,0.20382832,False,return_temp_c
2024-05-12 22:45:00,0.15611792,False,train,0.0934651,False,0.17675972,False,0.1981289,False,stabilized_flow_log_feature
2024-05-13 10:45:00,0.13601077,False,train,0.057516232,False,0.06668504,False,0.28383097,False,stabilized_flow_log_feature
2024-05-13 22:45:00,0.14079541,False,train,0.06886,False,0.046060976,False,0.30746529,False,stabilized_flow_log_feature
2024-05-14 10:45:00,0.14192401,False,train,0.07399341,False,0.046597913,False,0.30518073,False,stabilized_flow_log_feature
2024-05-14 22:45:00,0.15262944,False,train,0.08980412,False,0.053806093,False,0.31427813,False,stabilized_flow_log_feature
2024-05-15 10:45:00,0.16296886,False,train,0.074980214,False,0.06816854,False,0.34575784,False,stabilized_flow_log_feature
2024-05-15 22:45:00,0.17408453,False,train,0.07380721,False,0.07054413,False,0.37790227,False,stabilized_flow_log_feature
2024-05-16 10:45:00,0.21860243,False,train,0.10217493,False,0.118849315,False,0.43478307,False,stabilized_flow_log_feature
2024-05-16 22:45:00,0.20617229,False,train,0.116924725,False,0.10448626,False,0.39710584,False,stabilized_flow_log_feature
2024-05-17 10:45:00,0.13524857,False,train,0.0749433,False,0.06833814,False,0.26246426,False,stabilized_flow_log_feature
2024-05-17 22:45:00,0.15401903,False,train,0.09600832,False,0.12504052,False,0.24100824,False,stabilized_flow_log_feature
2024-05-18 10:45:00,0.19122656,False,train,0.082450055,False,0.14209834,False,0.34913132,False,stabilized_flow_log_feature
2024-05-18 22:45:00,0.17284465,False,train,0.04773854,False,0.09868161,False,0.37211385,False,stabilized_flow_log_feature
2024-05-19 10:45:00,0.09576222,False,train,0.03765018,False,0.07449498,False,0.17514153,False,stabilized_flow_log_feature
2024-05-19 22:45:00,0.09506108,False,train,0.033329625,False,0.0807921,False,0.17106147,False,stabilized_flow_log_feature
2024-05-20 10:45:00,0.16110091,False,train,0.07113313,False,0.06500251,False,0.34716704,False,stabilized_flow_log_feature
2024-05-20 22:45:00,0.12427954,False,train,0.07177227,False,0.051439792,False,0.24962652,False,stabilized_flow_log_feature
2024-05-21 10:45:00,0.06291166,False,train,0.03455622,False,0.042837758,False,0.11134099,False,stabilized_flow_log_feature
2024-05-21 22:45:00,0.10553935,False,train,0.040975813,False,0.06655916,False,0.2090831,False,stabilized_flow_log_feature
2024-05-22 10:45:00,0.17987,False,train,0.06337964,False,0.10301384,False,0.37321654,False,stabilized_flow_log_feature
2024-05-22 22:45:00,0.16388533,False,train,0.07843699,False,0.06820589,False,0.34501317,False,stabilized_flow_log_feature
2024-05-23 10:45:00,0.15767097,False,train,0.08307605,False,0.07141176,False,0.31852508,False,stabilized_flow_log_feature
2024-05-23 22:45:00,0.16601495,False,train,0.09088954,False,0.077292494,False,0.3298628,False,stabilized_flow_log_feature
2024-05-24 10:45:00,0.1386891,False,train,0.06405812,False,0.07287368,False,0.2791355,False,stabilized_flow_log_feature
2024-05-24 22:45:00,0.14231727,False,train,0.06534756,False,0.07487896,False,0.28672534,False,stabilized_flow_log_feature
2024-05-25 10:45:00,0.114083014,False,train,0.039710145,False,0.05503193,False,0.24750698,False,stabilized_flow_log_feature
2024-05-25 22:45:00,0.107245356,False,train,0.044322606,False,0.062193602,False,0.21521987,False,stabilized_flow_log_feature
2024-05-26 10:45:00,0.08524625,False,train,0.062135965,False,0.076009,False,0.1175938,False,stabilized_flow_log_feature
2024-05-26 22:45:00,0.1485247,False,train,0.08156303,False,0.08329437,False,0.28071675,False,stabilized_flow_log_feature
2024-05-27 10:45:00,0.18010183,False,train,0.08662644,False,0.07838427,False,0.37529483,False,stabilized_flow_log_feature
2024-05-27 22:45:00,0.12007705,False,train,0.08572013,False,0.058157753,False,0.21635324,False,stabilized_flow_log_feature
2024-05-28 10:45:00,0.12946492,False,train,0.10805573,False,0.05573908,False,0.2246,False,stabilized_flow_log_feature
2024-05-28 22:45:00,0.19176446,False,train,0.09045579,False,0.079844356,False,0.40499318,False,stabilized_flow_log_feature
2024-05-29 10:45:00,0.18248841,False,train,0.099577814,False,0.07893156,False,0.36895576,False,stabilized_flow_log_feature
2024-05-29 22:45:00,0.09318664,False,train,0.050698403,False,0.03437977,False,0.19448172,False,stabilized_flow_log_feature
2024-05-30 10:45:00,0.09294373,False,train,0.05518012,False,0.04477704,False,0.178874,False,stabilized_flow_log_feature
2024-05-30 22:45:00,0.09080513,False,train,0.05007189,False,0.042914804,False,0.17942871,False,stabilized_flow_log_feature
2024-05-31 10:45:00,0.07367265,False,train,0.04084646,False,0.033758502,False,0.14641298,False,stabilized_flow_log_feature
2024-05-31 22:45:00,0.07605421,False,train,0.033106845,False,0.02904933,False,0.16600646,False,stabilized_flow_log_feature
2024-06-01 10:45:00,0.084384084,False,train,0.042602252,False,0.033825774,False,0.17672421,False,stabilized_flow_log_feature
2024-06-01 22:45:00,0.096791185,False,train,0.056379903,False,0.04104962,False,0.19294405,False,stabilized_flow_log_feature
2024-06-02 10:45:00,0.0782567,False,train,0.05730908,False,0.037570503,False,0.13989052,False,stabilized_flow_log_feature
2024-06-02 22:45:00,0.08012615,False,train,0.055423558,False,0.044293094,False,0.14066178,False,stabilized_flow_log_feature
2024-06-03 10:45:00,0.0994312,False,train,0.059610214,False,0.051071364,False,0.18761204,False,stabilized_flow_log_feature
2024-06-03 22:45:00,0.09524608,False,train,0.07078622,False,0.05445526,False,0.16049673,False,stabilized_flow_log_feature
2024-06-04 10:45:00,0.095200494,False,train,0.08047057,False,0.0563375,False,0.14879338,False,stabilized_flow_log_feature
2024-06-04 22:45:00,0.087841034,False,train,0.08094082,False,0.05092301,False,0.13165928,False,stabilized_flow_log_feature
2024-06-05 10:45:00,0.0763392,False,train,0.07530001,False,0.040441293,False,0.1132763,False,stabilized_flow_log_feature
2024-06-05 22:45:00,0.0797794,False,train,0.071085855,False,0.042297553,False,0.1259548,False,stabilized_flow_log_feature
2024-06-06 10:45:00,0.0789833,False,train,0.07663949,False,0.039059978,False,0.12125045,False,stabilized_flow_log_feature
2024-06-06 22:45:00,0.07600243,False,train,0.07699804,False,0.04703543,False,0.10397383,False,stabilized_flow_log_feature
2024-06-07 10:45:00,0.08063212,False,train,0.09281101,False,0.042779386,False,0.10630595,False,stabilized_flow_log_feature
2024-06-07 22:45:00,0.0772831,False,train,0.082180955,False,0.050451864,False,0.09921648,False,stabilized_flow_log_feature
2024-06-08 10:45:00,0.07565418,False,train,0.081726454,False,0.047874164,False,0.09736195,False,stabilized_flow_log_feature
2024-06-08 22:45:00,0.056801837,False,train,0.05741091,False,0.02860722,False,0.08438737,False,stabilized_flow_log_feature
2024-06-09 10:45:00,0.056634884,False,train,0.05563423,False,0.025223525,False,0.0890469,False,stabilized_flow_log_feature
2024-06-09 22:45:00,0.05300127,False,train,0.04018215,False,0.03727613,False,0.08154553,False,stabilized_flow_log_feature
2024-06-10 10:45:00,0.05840075,False,train,0.035546027,False,0.040753353,False,0.09890285,False,stabilized_flow_log_feature
2024-06-10 22:45:00,0.05119979,False,train,0.026616797,False,0.033710945,False,0.09327161,False,stabilized_flow_log_feature
2024-06-11 10:45:00,0.04317176,False,train,0.024629911,False,0.031838175,False,0.0730472,False,stabilized_flow_log_feature
2024-06-11 22:45:00,0.045258384,False,train,0.02979588,False,0.036995504,False,0.06898377,False,stabilized_flow_log_feature
2024-06-12 10:45:00,0.046174124,False,train,0.03030313,False,0.035002686,False,0.07321656,False,stabilized_flow_log_feature
2024-06-12 22:45:00,0.039853,False,train,0.024586493,False,0.03129951,False,0.063673,False,stabilized_flow_log_feature
2024-06-13 10:45:00,0.036785737,False,train,0.027856002,False,0.027669398,False,0.054831818,False,stabilized_flow_log_feature
2024-06-13 22:45:00,0.052035112,False,train,0.027859839,False,0.03463328,False,0.09361222,False,stabilized_flow_log_feature
2024-06-14 10:45:00,0.050333556,False,train,0.022726743,False,0.036903914,False,0.09137002,False,stabilized_flow_log_feature
2024-06-14 22:45:00,0.03992981,False,train,0.025445387,False,0.031823117,False,0.06252093,False,stabilized_flow_log_feature
2024-06-15 10:45:00,0.044692513,False,train,0.027755693,False,0.030441752,False,0.0758801,False,stabilized_flow_log_feature
2024-06-15 22:45:00,0.0393828,False,train,0.026312402,False,0.030239647,False,0.06159636,False,stabilized_flow_log_feature
2024-06-16 10:45:00,0.04488433,False,train,0.030291634,False,0.035833426,False,0.06852792,False,stabilized_flow_log_feature
2024-06-16 22:45:00,0.06287325,False,train,0.032367453,False,0.038669247,False,0.11758304,False,stabilized_flow_log_feature
2024-06-17 10:45:00,0.05739413,False,train,0.03126137,False,0.035376772,False,0.10554424,False,stabilized_flow_log_feature
2024-06-17 22:45:00,0.04789243,False,train,0.026660139,False,0.03852609,False,0.07849105,False,stabilized_flow_log_feature
2024-06-18 10:45:00,0.04151312,False,train,0.0250298,False,0.037174363,False,0.062335182,False,stabilized_flow_log_feature
2024-06-18 22:45:00,0.05116063,False,train,0.033529755,False,0.039097454,False,0.080854684,False,stabilized_flow_log_feature
2024-06-19 10:45:00,0.04985934,False,train,0.038011346,False,0.031369362,False,0.08019732,False,stabilized_flow_log_feature
2024-06-19 22:45:00,0.039913286,False,train,0.028075196,False,0.026843792,False,0.06482088,False,stabilized_flow_log_feature
2024-06-20 10:45:00,0.20269662,False,train,0.17767447,False,0.07365705,False,0.35675827,False,stabilized_flow_log_feature
2024-06-20 22:45:00,0.35942036,False,train,0.2798456,False,0.16977696,False,0.6286385,False,stabilized_flow_log_feature
2024-06-21 10:45:00,0.23466998,False,train,0.19771521,False,0.12471992,False,0.38157484,False,stabilized_flow_log_feature
2024-06-21 22:45:00,0.05295819,False,train,0.05269818,False,0.031702276,False,0.07447412,False,stabilized_flow_log_feature
2024-06-22 10:45:00,0.05121843,False,train,0.050051913,False,0.030014917,False,0.073588446,False,stabilized_flow_log_feature
2024-06-22 22:45:00,0.0496286,False,train,0.041225307,False,0.035191093,False,0.0724694,False,stabilized_flow_log_feature
2024-06-23 10:45:00,0.057934184,False,train,0.053811878,False,0.03225633,False,0.08773434,False,stabilized_flow_log_feature
2024-06-23 22:45:00,0.05609807,False,train,0.051341858,False,0.024970964,False,0.09198138,False,stabilized_flow_log_feature
2024-06-24 10:45:00,0.05664985,False,train,0.05598797,False,0.020005118,False,0.09395647,False,stabilized_flow_log_feature
2024-06-24 22:45:00,0.040937826,False,train,0.036895633,False,0.02009509,False,0.06582276,False,stabilized_flow_log_feature
2024-06-25 10:45:00,0.0313712,False,train,0.022851057,False,0.023652228,False,0.047610328,False,stabilized_flow_log_feature
2024-06-25 22:45:00,0.040208027,False,train,0.023266695,False,0.034809694,False,0.062547676,False,stabilized_flow_log_feature
2024-06-26 10:45:00,0.046833646,False,train,0.030472301,False,0.035337057,False,0.074691586,False,stabilized_flow_log_feature
2024-06-26 22:45:00,0.045771644,False,train,0.032944962,False,0.020542515,False,0.08382744,False,stabilized_flow_log_feature
2024-06-27 10:45:00,0.043770287,False,train,0.033088345,False,0.022239015,False,0.0759835,False,stabilized_flow_log_feature
2024-06-27 22:45:00,0.04577342,False,train,0.037742484,False,0.022508018,False,0.07706975,False,stabilized_flow_log_feature
2024-06-28 10:45:00,0.048733864,False,train,0.035721157,False,0.022825733,False,0.0876547,False,stabilized_flow_log_feature
2024-06-28 22:45:00,0.051325306,False,train,0.03626262,False,0.029665932,False,0.08804736,False,stabilized_flow_log_feature
2024-06-29 10:45:00,0.048092797,False,train,0.034083888,False,0.039555095,False,0.070639394,False,stabilized_flow_log_feature
2024-06-29 22:45:00,0.045231346,False,train,0.038426254,False,0.037511855,False,0.059755918,False,stabilized_flow_log_feature
2024-06-30 10:45:00,0.041280724,False,train,0.03272787,False,0.018932344,False,0.07218195,False,stabilized_flow_log_feature
2024-06-30 22:45:00,0.041522626,False,train,0.030794261,False,0.021665664,False,0.07210795,False,stabilized_flow_log_feature
2024-07-01 10:45:00,0.044851083,False,train,0.029086517,False,0.025292167,False,0.08017456,False,stabilized_flow_log_feature
2024-07-01 22:45:00,0.04820673,False,train,0.036923137,False,0.031636667,False,0.076060385,False,stabilized_flow_log_feature
2024-07-02 10:45:00,0.048268724,False,train,0.03773262,False,0.035230234,False,0.071843326,False,stabilized_flow_log_feature
2024-07-02 22:45:00,0.04834669,False,train,0.03867777,False,0.028517319,False,0.077845,False,stabilized_flow_log_feature
2024-07-03 10:45:00,0.044892937,False,train,0.039258722,False,0.025225364,False,0.07019473,False,stabilized_flow_log_feature
2024-07-03 22:45:00,0.03788368,False,train,0.032872654,False,0.02476742,False,0.056010973,False,stabilized_flow_log_feature
2024-07-04 10:45:00,0.034790378,False,train,0.026427837,False,0.022971623,False,0.05497167,False,stabilized_flow_log_feature
2024-07-04 22:45:00,0.036787856,False,train,0.030397402,False,0.031171372,False,0.04879481,False,stabilized_flow_log_feature
2024-07-05 10:45:00,0.039285492,False,train,0.033909667,False,0.031918034,False,0.052028764,False,stabilized_flow_log_feature
2024-07-05 22:45:00,0.036428317,False,train,0.028292105,False,0.022265958,False,0.058726892,False,stabilized_flow_log_feature
2024-07-06 10:45:00,0.040984653,False,train,0.027663402,False,0.029426059,False,0.06586451,False,stabilized_flow_log_feature
2024-07-06 22:45:00,0.039283097,False,train,0.031938408,False,0.023852138,False,0.062058743,False,stabilized_flow_log_feature
2024-07-07 10:45:00,0.03906587,False,train,0.030031199,False,0.031662006,False,0.05550441,False,stabilized_flow_log_feature
2024-07-07 22:45:00,0.04156776,False,train,0.037515927,False,0.03505606,False,0.0521313,False,stabilized_flow_log_feature
2024-07-08 10:45:00,0.036182232,False,train,0.03403979,False,0.02794403,False,0.04656288,False,stabilized_flow_log_feature
2024-07-08 22:45:00,0.03734875,False,train,0.0297559,False,0.027500322,False,0.05479003,False,stabilized_flow_log_feature
2024-07-09 10:45:00,0.04231978,False,train,0.029735856,False,0.027654156,False,0.06956933,False,stabilized_flow_log_feature
2024-07-09 22:45:00,0.043705013,False,train,0.032281417,False,0.02804354,False,0.07079008,False,stabilized_flow_log_feature
2024-07-10 10:45:00,0.04196222,False,train,0.030022489,False,0.03268517,False,0.063178994,False,stabilized_flow_log_feature
2024-07-10 22:45:00,0.060828634,False,train,0.05365555,False,0.04170057,False,0.08712977,False,stabilized_flow_log_feature
2024-07-11 10:45:00,0.057657737,False,train,0.051155258,False,0.03605782,False,0.08576012,False,stabilized_flow_log_feature
2024-07-11 22:45:00,0.04318926,False,train,0.033057995,False,0.02717782,False,0.069331974,False,stabilized_flow_log_feature
2024-07-12 10:45:00,0.03980865,False,train,0.032002863,False,0.02518817,False,0.062234912,False,stabilized_flow_log_feature
2024-07-12 22:45:00,0.03298907,False,train,0.028962515,False,0.029220833,False,0.040783852,False,stabilized_flow_log_feature
2024-07-13 10:45:00,0.039304122,False,train,0.029707724,False,0.03345387,False,0.054750774,False,stabilized_flow_log_feature
2024-07-13 22:45:00,0.040030625,False,train,0.031868197,False,0.029244887,False,0.0589788,False,stabilized_flow_log_feature
2024-07-14 10:45:00,0.042802818,False,train,0.038068492,False,0.030366128,False,0.059973817,False,stabilized_flow_log_feature
2024-07-14 22:45:00,0.03942492,False,train,0.03521367,False,0.029751854,False,0.053309232,False,stabilized_flow_log_feature
2024-07-15 10:45:00,0.040619746,False,train,0.03972592,False,0.023174502,False,0.058958825,False,stabilized_flow_log_feature
2024-07-15 22:45:00,0.04991691,False,train,0.042922314,False,0.02441042,False,0.082418,False,stabilized_flow_log_feature
2024-07-16 10:45:00,0.05623807,False,train,0.043518648,False,0.039521378,False,0.08567417,False,stabilized_flow_log_feature
2024-07-16 22:45:00,0.056824703,False,train,0.040605307,False,0.049502984,False,0.08036584,False,stabilized_flow_log_feature
2024-07-17 10:45:00,0.089633845,False,train,0.083369374,False,0.05886358,False,0.12666859,False,stabilized_flow_log_feature
2024-07-17 22:45:00,0.09105293,False,train,0.0903228,False,0.060032606,False,0.12280337,False,stabilized_flow_log_feature
2024-07-18 10:45:00,0.04925963,False,train,0.043431923,False,0.03408603,False,0.07026093,False,stabilized_flow_log_feature
2024-07-18 22:45:00,0.041827045,False,train,0.031421293,False,0.024623811,False,0.06943605,False,stabilized_flow_log_feature
2024-07-19 10:45:00,0.044715103,False,train,0.03361651,False,0.026591351,False,0.07393745,False,stabilized_flow_log_feature
2024-07-19 22:45:00,0.037976246,False,train,0.030566609,False,0.024007095,False,0.059355024,False,stabilized_flow_log_feature
2024-07-20 10:45:00,0.036525358,False,train,0.031402778,False,0.022075094,False,0.056098208,False,stabilized_flow_log_feature
2024-07-20 22:45:00,0.0470036,False,train,0.03718938,False,0.028120779,False,0.07570065,False,stabilized_flow_log_feature
2024-07-21 10:45:00,0.051567186,False,train,0.04434642,False,0.029935898,False,0.08041924,False,stabilized_flow_log_feature
2024-07-21 22:45:00,0.046572678,False,train,0.032011826,False,0.028468126,False,0.07923807,False,stabilized_flow_log_feature
2024-07-22 10:45:00,0.042388976,False,train,0.032298204,False,0.032378715,False,0.062490005,False,stabilized_flow_log_feature
2024-07-22 22:45:00,0.048149183,False,train,0.04551216,False,0.025794618,False,0.07314079,False,stabilized_flow_log_feature
2024-07-23 10:45:00,0.05083277,False,train,0.04207165,False,0.043896,False,0.06653066,False,stabilized_flow_log_feature
2024-07-23 22:45:00,0.041994765,False,train,0.03475926,False,0.03424062,False,0.056984425,False,stabilized_flow_log_feature
2024-07-24 10:45:00,0.061515,False,train,0.032311633,False,0.028339857,False,0.1238935,False,stabilized_flow_log_feature
2024-07-24 22:45:00,0.07366409,False,train,0.038036156,False,0.044898357,False,0.13805774,False,stabilized_flow_log_feature
2024-07-25 10:45:00,0.050462432,False,train,0.046843763,False,0.04791684,False,0.056626707,False,stabilized_flow_log_feature
2024-07-25 22:45:00,0.04465249,False,train,0.0413469,False,0.03259288,False,0.060017694,False,stabilized_flow_log_feature
2024-07-26 10:45:00,0.03767077,False,train,0.033122312,False,0.029789232,False,0.050100755,False,stabilized_flow_log_feature
2024-07-26 22:45:00,0.038192794,False,train,0.03559394,False,0.028378904,False,0.050605536,False,stabilized_flow_log_feature
2024-07-27 10:45:00,0.039132122,False,train,0.037188526,False,0.029415188,False,0.05079265,False,stabilized_flow_log_feature
2024-07-27 22:45:00,0.043336943,False,train,0.036130138,False,0.036271963,False,0.057608735,False,stabilized_flow_log_feature
2024-07-28 10:45:00,0.04313603,False,train,0.03468784,False,0.03327674,False,0.06144352,False,stabilized_flow_log_feature
2024-07-28 22:45:00,0.044469103,False,train,0.036259454,False,0.033900753,False,0.0632471,False,stabilized_flow_log_feature
2024-07-29 10:45:00,0.045363467,False,train,0.035128105,False,0.033111107,False,0.06785118,False,stabilized_flow_log_feature
2024-07-29 22:45:00,0.0423463,False,train,0.03304448,False,0.027870784,False,0.06612362,False,stabilized_flow_log_feature
2024-07-30 10:45:00,0.041795604,False,train,0.029157909,False,0.03258183,False,0.06364709,False,stabilized_flow_log_feature
2024-07-30 22:45:00,0.04387319,False,train,0.031410415,False,0.03562539,False,0.06458377,False,stabilized_flow_log_feature
2024-07-31 10:45:00,0.038505256,False,train,0.032097314,False,0.030987,False,0.052431453,False,stabilized_flow_log_feature
2024-07-31 22:45:00,0.042388376,False,train,0.02981366,False,0.028426334,False,0.06892514,False,stabilized_flow_log_feature
2024-08-01 10:45:00,0.040921427,False,train,0.033345494,False,0.031721897,False,0.057696883,False,stabilized_flow_log_feature
2024-08-01 22:45:00,0.040245254,False,train,0.029865531,False,0.030810447,False,0.060059782,False,stabilized_flow_log_feature
2024-08-02 10:45:00,0.038400516,False,train,0.025820086,False,0.027278632,False,0.062102813,False,stabilized_flow_log_feature
2024-08-02 22:45:00,0.038992953,False,train,0.031293873,False,0.024785435,False,0.060899545,False,stabilized_flow_log_feature
2024-08-03 10:45:00,0.03708878,False,train,0.029012175,False,0.028990118,False,0.053264055,False,stabilized_flow_log_feature
2024-08-03 22:45:00,0.031198135,False,train,0.023063784,False,0.023387045,False,0.04714358,False,stabilized_flow_log_feature
2024-08-04 10:45:00,0.03076988,False,train,0.028322095,False,0.020544417,False,0.04344313,False,stabilized_flow_log_feature
2024-08-04 22:45:00,0.032670423,False,train,0.028002694,False,0.026355179,False,0.0436534,False,stabilized_flow_log_feature
2024-08-05 10:45:00,0.03847657,False,train,0.0324047,False,0.028576955,False,0.054448064,False,stabilized_flow_log_feature
2024-08-05 22:45:00,0.15483317,False,train,0.13877434,False,0.08421145,False,0.24151377,False,stabilized_flow_log_feature
2024-08-06 10:45:00,0.18950051,False,train,0.16296051,False,0.1315362,False,0.2740049,False,stabilized_flow_log_feature
2024-08-06 22:45:00,0.11578223,False,train,0.10919855,False,0.1003714,False,0.13777675,False,stabilized_flow_log_feature
2024-08-07 10:45:00,0.1346461,False,train,0.12441522,False,0.09177756,False,0.18774547,False,stabilized_flow_log_feature
2024-08-07 22:45:00,0.20486572,False,train,0.11679623,False,0.21573393,False,0.282067,False,stabilized_flow_log_feature
2024-08-09 10:45:00,0.10671255,False,train,0.10361735,False,0.1197617,False,0.09675861,False,return_temp_c
2024-08-09 22:45:00,0.063144356,False,train,0.0469861,False,0.056409076,False,0.08603788,False,stabilized_flow_log_feature
2024-08-10 10:45:00,0.06579583,False,train,0.048568223,False,0.06294272,False,0.085876554,False,stabilized_flow_log_feature
2024-08-10 22:45:00,0.039363395,False,train,0.025528884,False,0.03436983,False,0.058191475,False,stabilized_flow_log_feature
2024-08-11 10:45:00,0.04015361,False,train,0.029620608,False,0.031020738,False,0.059819486,False,stabilized_flow_log_feature
2024-08-11 22:45:00,0.03912548,False,train,0.03340562,False,0.029905302,False,0.054065507,False,stabilized_flow_log_feature
2024-08-12 10:45:00,0.06302424,False,train,0.05592973,False,0.042129103,False,0.091013856,False,stabilized_flow_log_feature
2024-08-12 22:45:00,0.059734,False,train,0.06067128,False,0.038419526,False,0.0801112,False,stabilized_flow_log_feature
2024-08-13 10:45:00,0.096034214,False,train,0.08572162,False,0.06593154,False,0.13644946,False,stabilized_flow_log_feature
2024-08-13 22:45:00,0.09367439,False,train,0.087429166,False,0.06025223,False,0.13334177,False,stabilized_flow_log_feature
2024-08-14 10:45:00,0.03205808,False,train,0.024192952,False,0.025786659,False,0.04619463,False,stabilized_flow_log_feature
2024-08-14 22:45:00,0.037068088,False,train,0.02924222,False,0.024361664,False,0.05760038,False,stabilized_flow_log_feature
2024-08-15 10:45:00,0.13957888,False,train,0.10735774,False,0.11102741,False,0.20035148,False,stabilized_flow_log_feature
2024-08-15 22:45:00,0.21230006,False,train,0.12002105,False,0.13770004,False,0.37917912,False,stabilized_flow_log_feature
2024-08-16 10:45:00,0.117290124,False,train,0.049353566,False,0.07325689,False,0.22925995,False,stabilized_flow_log_feature
2024-08-16 22:45:00,0.03573146,False,train,0.031478066,False,0.022067362,False,0.053648952,False,stabilized_flow_log_feature
2024-08-17 10:45:00,0.34149706,False,train,0.34940562,True,0.12008065,False,0.5550051,False,stabilized_flow_log_feature
2024-08-17 22:45:00,0.3428846,False,train,0.30547395,False,0.16125472,False,0.56192505,False,stabilized_flow_log_feature
2024-08-18 10:45:00,0.094195254,False,train,0.08524358,False,0.09670395,False,0.10063819,False,stabilized_flow_log_feature
2024-08-18 22:45:00,0.04984713,False,train,0.03441163,False,0.04240108,False,0.07272867,False,stabilized_flow_log_feature
2024-08-19 10:45:00,0.15210551,False,train,0.1453333,False,0.083836466,False,0.22714676,False,stabilized_flow_log_feature
2024-08-19 22:45:00,0.17225271,False,train,0.15045856,False,0.1219906,False,0.24430902,False,stabilized_flow_log_feature
2024-08-20 10:45:00,0.10794191,False,train,0.10309163,False,0.08688572,False,0.13384838,False,stabilized_flow_log_feature
2024-08-20 22:45:00,0.048528984,False,train,0.046102103,False,0.03304908,False,0.066435754,False,stabilized_flow_log_feature
2024-08-21 10:45:00,0.033322826,False,train,0.02667587,False,0.025250206,False,0.04804239,False,stabilized_flow_log_feature
2024-08-21 22:45:00,0.04239027,False,train,0.027889097,False,0.028170874,False,0.07111083,False,stabilized_flow_log_feature
2024-08-22 10:45:00,0.042001303,False,train,0.029368425,False,0.030866822,False,0.06576866,False,stabilized_flow_log_feature
2024-08-22 22:45:00,0.04208384,False,train,0.03640941,False,0.021478584,False,0.068363525,False,stabilized_flow_log_feature
2024-08-23 10:45:00,0.045935873,False,train,0.043637216,False,0.025263065,False,0.06890733,False,stabilized_flow_log_feature
2024-08-23 22:45:00,0.06277099,False,train,0.060432125,False,0.026862724,False,0.10101812,False,stabilized_flow_log_feature
2024-08-24 10:45:00,0.08389345,False,train,0.064154685,False,0.04301973,False,0.14450593,False,stabilized_flow_log_feature
2024-08-24 22:45:00,0.0823242,False,train,0.06658184,False,0.050464805,False,0.12992595,False,stabilized_flow_log_feature
2024-08-25 10:45:00,0.08045963,False,train,0.0808418,False,0.04780979,False,0.112727314,False,stabilized_flow_log_feature
2024-08-25 22:45:00,0.07531069,False,train,0.060670976,False,0.047635466,False,0.117625654,False,stabilized_flow_log_feature
2024-08-26 10:45:00,0.086307794,False,train,0.07348669,False,0.06267652,False,0.122760154,False,stabilized_flow_log_feature
2024-08-26 22:45:00,0.07228461,False,train,0.06507889,False,0.047454398,False,0.104320556,False,stabilized_flow_log_feature
2024-08-27 10:45:00,0.052841127,False,train,0.055049617,False,0.026220942,False,0.07725281,False,stabilized_flow_log_feature
2024-08-27 22:45:00,0.05667307,False,train,0.05604547,False,0.027824342,False,0.086149395,False,stabilized_flow_log_feature
2024-08-28 10:45:00,0.051691975,False,train,0.04954799,False,0.022678472,False,0.082849465,False,stabilized_flow_log_feature
2024-08-28 22:45:00,0.049921628,False,train,0.04605998,False,0.01979485,False,0.08391005,False,stabilized_flow_log_feature
2024-08-29 10:45:00,0.048984017,False,train,0.047014818,False,0.022861108,False,0.07707613,False,stabilized_flow_log_feature
2024-08-29 22:45:00,0.039558027,False,train,0.034930762,False,0.021976696,False,0.061766613,False,stabilized_flow_log_feature
2024-08-30 10:45:00,0.26479942,False,train,0.26379997,False,0.08261189,False,0.4479864,False,stabilized_flow_log_feature
2024-08-30 22:45:00,0.2754005,False,train,0.26850727,False,0.11409667,False,0.44359753,False,stabilized_flow_log_feature
2024-08-31 10:45:00,0.047772996,False,train,0.03424796,False,0.050880298,False,0.058190744,False,stabilized_flow_log_feature
2024-08-31 22:45:00,0.09447112,False,train,0.08288169,False,0.07295958,False,0.12757207,False,stabilized_flow_log_feature
2024-09-01 10:45:00,0.09596053,False,train,0.08550727,False,0.06912323,False,0.13325109,False,stabilized_flow_log_feature
2024-09-01 22:45:00,0.03409096,False,train,0.021227887,False,0.032310303,False,0.04873469,False,stabilized_flow_log_feature
2024-09-02 10:45:00,0.08627959,False,train,0.07804013,False,0.059297603,False,0.12150105,False,stabilized_flow_log_feature
2024-09-02 22:45:00,0.10368152,False,train,0.092907675,False,0.07825077,False,0.13988607,False,stabilized_flow_log_feature
2024-09-03 10:45:00,0.19940312,False,train,0.17552902,False,0.11138985,False,0.31129053,False,stabilized_flow_log_feature
2024-09-03 22:45:00,0.1859887,False,train,0.16296023,False,0.10595774,False,0.2890481,False,stabilized_flow_log_feature
2024-09-04 10:45:00,0.03603675,False,train,0.03267776,False,0.03604615,False,0.03938633,False,stabilized_flow_log_feature
2024-09-04 22:45:00,0.045125622,False,train,0.034538206,False,0.035368007,False,0.065470666,False,stabilized_flow_log_feature
2024-09-05 10:45:00,0.051272493,False,train,0.03893162,False,0.031643044,False,0.08324281,False,stabilized_flow_log_feature
2024-09-05 22:45:00,0.050471168,False,train,0.045469657,False,0.022872962,False,0.08307089,False,stabilized_flow_log_feature
2024-09-06 10:45:00,0.047824934,False,train,0.043571714,False,0.020836651,False,0.07906643,False,stabilized_flow_log_feature
2024-09-06 22:45:00,0.053400144,False,train,0.05398354,False,0.024374323,False,0.08184255,False,stabilized_flow_log_feature
2024-09-07 10:45:00,0.051163144,False,train,0.051473618,False,0.023831954,False,0.07818387,False,stabilized_flow_log_feature
2024-09-07 22:45:00,0.038413413,False,train,0.027490469,False,0.013816718,False,0.07393304,False,stabilized_flow_log_feature
2024-09-08 10:45:00,0.059490297,False,train,0.05125375,False,0.031915512,False,0.09530162,False,stabilized_flow_log_feature
2024-09-08 22:45:00,0.068376936,False,train,0.061892297,False,0.031779554,False,0.11145896,False,stabilized_flow_log_feature
2024-09-09 10:45:00,0.04803124,False,train,0.042211566,False,0.022067815,False,0.07981434,False,stabilized_flow_log_feature
2024-09-09 22:45:00,0.12356666,False,train,0.11969765,False,0.07892511,False,0.17207722,False,stabilized_flow_log_feature
2024-09-10 10:45:00,0.12750717,False,train,0.10407429,False,0.10604635,False,0.17240083,False,stabilized_flow_log_feature
2024-09-10 22:45:00,0.07534528,False,train,0.064333506,False,0.06428122,False,0.0974211,False,stabilized_flow_log_feature
2024-09-11 10:45:00,0.065145776,False,train,0.05452223,False,0.036914427,False,0.10400066,False,stabilized_flow_log_feature
2024-09-11 22:45:00,0.045221824,False,train,0.04282765,False,0.02013922,False,0.0726986,False,stabilized_flow_log_feature
2024-09-12 10:45:00,0.2948586,False,train,0.30735496,False,0.08601355,False,0.49120736,False,stabilized_flow_log_feature
2024-09-12 22:45:00,0.3198515,False,train,0.34364972,True,0.12662901,False,0.48927578,False,stabilized_flow_log_feature
2024-09-13 10:45:00,0.10279797,False,train,0.11399463,False,0.06771424,False,0.12668505,False,stabilized_flow_log_feature
2024-09-13 22:45:00,0.044773426,False,train,0.043716606,False,0.0230952,False,0.06750847,False,stabilized_flow_log_feature
2024-09-14 10:45:00,0.03957763,False,train,0.040576074,False,0.021648148,False,0.05650867,False,stabilized_flow_log_feature
2024-09-14 22:45:00,0.04271203,False,train,0.04826446,False,0.02318073,False,0.05669089,False,stabilized_flow_log_feature
2024-09-15 10:45:00,0.049645543,False,train,0.056516305,False,0.028331427,False,0.06408889,False,stabilized_flow_log_feature
2024-09-15 22:45:00,0.05315338,False,train,0.048857104,False,0.02435301,False,0.086250044,False,stabilized_flow_log_feature
2024-09-16 10:45:00,0.05133842,False,train,0.04491436,False,0.026689908,False,0.082411006,False,stabilized_flow_log_feature
2024-09-16 22:45:00,0.05540608,False,train,0.05357253,False,0.025801731,False,0.08684399,False,stabilized_flow_log_feature
2024-09-17 10:45:00,0.053327363,False,train,0.05048351,False,0.024735877,False,0.0847627,False,stabilized_flow_log_feature
2024-09-17 22:45:00,0.054808237,False,train,0.054418672,False,0.028564267,False,0.08144176,False,stabilized_flow_log_feature
2024-09-18 10:45:00,0.05880343,False,train,0.06712175,False,0.02937953,False,0.07990902,False,stabilized_flow_log_feature
2024-09-18 22:45:00,0.061417878,False,train,0.06911979,False,0.027851475,False,0.08728238,False,stabilized_flow_log_feature
2024-09-19 10:45:00,0.054541174,False,train,0.053187788,False,0.024803897,False,0.08563184,False,stabilized_flow_log_feature
2024-09-19 22:45:00,0.07533692,False,train,0.024010316,False,0.017664341,False,0.18433613,False,stabilized_flow_log_feature
2024-09-20 10:45:00,0.0692136,False,train,0.012899929,False,0.01532456,False,0.17941631,False,stabilized_flow_log_feature
2024-09-20 22:45:00,0.06347257,False,train,0.03398995,False,0.02084657,False,0.13558118,False,stabilized_flow_log_feature
2024-09-21 10:45:00,0.51242304,True,train,0.41481963,True,0.15463775,False,0.96781176,True,stabilized_flow_log_feature
2024-09-21 22:45:00,0.8949248,True,train,0.8180597,True,0.32582295,False,1.5408918,True,stabilized_flow_log_feature
2024-09-22 10:45:00,0.97991776,True,train,1.0386871,True,0.40580988,True,1.4952561,True,stabilized_flow_log_feature
2024-09-22 22:45:00,1.099381,True,train,1.0743883,True,0.5391533,True,1.6846017,True,stabilized_flow_log_feature
2024-09-23 10:45:00,0.77319616,True,train,0.60830534,True,0.62209874,True,1.0891844,True,stabilized_flow_log_feature
2024-09-23 22:45:00,0.19821344,False,train,0.053866874,False,0.2608345,False,0.27993894,False,stabilized_flow_log_feature
2024-09-24 10:45:00,0.13052589,False,train,0.057600934,False,0.033509817,False,0.30046698,False,stabilized_flow_log_feature
2024-09-24 22:45:00,0.12991977,False,train,0.07169536,False,0.032569494,False,0.28549448,False,stabilized_flow_log_feature
2024-09-25 10:45:00,0.12530802,False,train,0.059846733,False,0.044347864,False,0.2717295,False,stabilized_flow_log_feature
2024-09-25 22:45:00,0.09466687,False,train,0.041336533,False,0.031318575,False,0.2113455,False,stabilized_flow_log_feature
2024-09-26 10:45:00,0.088944145,False,train,0.040949937,False,0.0257504,False,0.20013207,False,stabilized_flow_log_feature
2024-09-26 22:45:00,0.10279219,False,train,0.045531098,False,0.032137316,False,0.23070818,False,stabilized_flow_log_feature
2024-09-27 10:45:00,0.12703046,False,train,0.054064926,False,0.035688758,False,0.29133773,False,stabilized_flow_log_feature
2024-09-27 22:45:00,0.13396972,False,train,0.048792902,False,0.030556366,False,0.32255992,False,stabilized_flow_log_feature
2024-09-28 10:45:00,0.13226807,False,train,0.056894243,False,0.031469427,False,0.30844054,False,stabilized_flow_log_feature
2024-09-28 22:45:00,0.10699311,False,train,0.053117935,False,0.022895077,False,0.24496627,False,stabilized_flow_log_feature
2024-09-29 10:45:00,0.22894539,False,train,0.21415772,False,0.0979371,False,0.3747414,False,stabilized_flow_log_feature
2024-09-29 22:45:00,0.225887,False,train,0.2137993,False,0.09009104,False,0.3737707,False,stabilized_flow_log_feature
2024-09-30 10:45:00,0.09255334,False,train,0.020302437,False,0.017838793,False,0.23951878,False,stabilized_flow_log_feature
2024-09-30 22:45:00,0.09872064,False,train,0.03165584,False,0.018987779,False,0.24551825,False,stabilized_flow_log_feature
2024-10-01 10:45:00,0.092561096,False,train,0.032871038,False,0.02247186,False,0.22234039,False,stabilized_flow_log_feature
2024-10-01 22:45:00,0.09344491,False,train,0.031765196,False,0.024061533,False,0.224508,False,stabilized_flow_log_feature
2024-10-02 10:45:00,0.13130736,False,train,0.05443251,False,0.049867366,False,0.2896222,False,stabilized_flow_log_feature
2024-10-02 22:45:00,0.14173354,False,train,0.054496706,False,0.062418606,False,0.30828533,False,stabilized_flow_log_feature
2024-10-03 10:45:00,0.1447368,False,train,0.0558545,False,0.05063586,False,0.32772002,False,stabilized_flow_log_feature
2024-10-03 22:45:00,0.15291202,False,train,0.072969876,False,0.05609462,False,0.32967156,False,stabilized_flow_log_feature
2024-10-04 10:45:00,0.1541034,False,train,0.07377989,False,0.06717941,False,0.32135084,False,stabilized_flow_log_feature
2024-10-04 22:45:00,0.14552696,False,train,0.0818054,False,0.05785984,False,0.29691562,False,stabilized_flow_log_feature
2024-10-05 10:45:00,0.13601269,False,train,0.06732035,False,0.058920342,False,0.28179732,False,stabilized_flow_log_feature
2024-10-05 22:45:00,0.1602777,False,train,0.068152584,False,0.04580021,False,0.36688033,False,stabilized_flow_log_feature
2024-10-06 10:45:00,0.15143432,False,train,0.052317698,False,0.032020602,False,0.3699646,False,stabilized_flow_log_feature
2024-10-06 22:45:00,0.13807803,False,train,0.08531227,False,0.047165554,False,0.28175625,False,stabilized_flow_log_feature
2024-10-07 10:45:00,0.16115506,False,train,0.06530357,False,0.0602027,False,0.3579589,False,stabilized_flow_log_feature
2024-10-07 22:45:00,0.15189835,False,train,0.041003887,False,0.05926988,False,0.3554213,False,stabilized_flow_log_feature
2024-10-08 10:45:00,0.107800886,False,train,0.036633853,False,0.02110604,False,0.26566276,False,stabilized_flow_log_feature
2024-10-08 22:45:00,0.12450584,False,train,0.0470171,False,0.02775762,False,0.29874277,False,stabilized_flow_log_feature
2024-10-09 10:45:00,0.14764597,False,train,0.055769544,False,0.041263405,False,0.34590498,False,stabilized_flow_log_feature
2024-10-09 22:45:00,0.15894234,False,train,0.05663845,False,0.06235573,False,0.35783282,False,stabilized_flow_log_feature
2024-10-10 10:45:00,0.17081398,False,train,0.06783889,False,0.06349059,False,0.38111246,False,stabilized_flow_log_feature
2024-10-10 22:45:00,0.17348982,False,train,0.089666136,False,0.071688585,False,0.3591148,False,stabilized_flow_log_feature
2024-10-11 10:45:00,0.1521981,False,train,0.070501305,False,0.060443427,False,0.3256496,False,stabilized_flow_log_feature
2024-10-11 22:45:00,0.12382296,False,train,0.05212015,False,0.03209607,False,0.28725263,False,stabilized_flow_log_feature
2024-10-12 10:45:00,0.11989297,False,train,0.051471096,False,0.030313611,False,0.27789417,False,stabilized_flow_log_feature
2024-10-12 22:45:00,0.11606269,False,train,0.055233296,False,0.027693316,False,0.26526147,False,stabilized_flow_log_feature
2024-10-13 10:45:00,0.105951935,False,train,0.049922362,False,0.028126733,False,0.23980673,False,stabilized_flow_log_feature
2024-10-13 22:45:00,0.11234551,False,train,0.06103282,False,0.031501595,False,0.24450213,False,stabilized_flow_log_feature
2024-10-14 10:45:00,0.12054834,False,train,0.077030905,False,0.03216669,False,0.2524474,False,stabilized_flow_log_feature
2024-10-14 22:45:00,0.12194206,False,train,0.0728303,False,0.040036384,False,0.25295943,False,stabilized_flow_log_feature
2024-10-15 10:45:00,0.115513645,False,train,0.07185215,False,0.03723141,False,0.23745733,False,stabilized_flow_log_feature
2024-10-15 22:45:00,0.1088389,False,train,0.07226958,False,0.02711177,False,0.22713536,False,stabilized_flow_log_feature
2024-10-16 10:45:00,0.12339728,False,train,0.054475743,False,0.03894145,False,0.27677462,False,stabilized_flow_log_feature
2024-10-16 22:45:00,0.14102033,False,train,0.06373326,False,0.050080653,False,0.30924708,False,stabilized_flow_log_feature
2024-10-17 10:45:00,0.15542321,False,train,0.07729229,False,0.048619255,False,0.3403581,False,stabilized_flow_log_feature
2024-10-17 22:45:00,0.14781672,False,train,0.09201863,False,0.0422281,False,0.30920348,False,stabilized_flow_log_feature
2024-10-18 10:45:00,0.14329228,False,train,0.07351471,False,0.04648352,False,0.3098786,False,stabilized_flow_log_feature
2024-10-18 22:45:00,0.16196647,False,train,0.054020107,False,0.046257675,False,0.38562167,False,stabilized_flow_log_feature
2024-10-19 10:45:00,0.16651362,False,train,0.05397163,False,0.049972672,False,0.3955966,False,stabilized_flow_log_feature
2024-10-19 22:45:00,0.15667984,False,train,0.047237117,False,0.04584213,False,0.37696028,False,stabilized_flow_log_feature
2024-10-20 10:45:00,0.15515132,False,train,0.052343715,False,0.043272097,False,0.36983815,False,stabilized_flow_log_feature
2024-10-20 22:45:00,0.15807687,False,train,0.05360599,False,0.047443762,False,0.37318087,False,stabilized_flow_log_feature
2024-10-21 10:45:00,0.15727574,False,train,0.04413787,False,0.04212238,False,0.38556695,False,stabilized_flow_log_feature
2024-10-21 22:45:00,0.15670703,False,train,0.076772384,False,0.03693749,False,0.35641122,False,stabilized_flow_log_feature
2024-10-22 10:45:00,0.15078264,False,train,0.095322914,False,0.037998524,False,0.31902647,False,stabilized_flow_log_feature
2024-10-22 22:45:00,0.16754901,False,train,0.07390562,False,0.045979694,False,0.3827618,False,stabilized_flow_log_feature
2024-10-23 10:45:00,0.16881472,False,train,0.06809326,False,0.051332325,False,0.38701856,False,stabilized_flow_log_feature
2024-10-23 22:45:00,0.15459853,False,train,0.08103331,False,0.038302053,False,0.34446025,False,stabilized_flow_log_feature
2024-10-24 10:45:00,0.15426393,False,train,0.072324805,False,0.04087578,False,0.34959123,False,stabilized_flow_log_feature
2024-10-24 22:45:00,0.17034552,False,train,0.06700956,False,0.041063838,False,0.40296313,False,stabilized_flow_log_feature
2024-10-25 10:45:00,0.17582369,False,train,0.05167273,False,0.043175414,False,0.4326229,False,stabilized_flow_log_feature
2024-10-25 22:45:00,0.22228773,False,train,0.063765444,False,0.09827133,False,0.5048264,False,stabilized_flow_log_feature
2024-10-26 10:45:00,0.2206984,False,train,0.057285856,False,0.12541273,False,0.4793966,False,stabilized_flow_log_feature
2024-10-26 22:45:00,0.102586985,False,train,0.051384572,False,0.07467397,False,0.18170239,False,stabilized_flow_log_feature
2024-10-27 10:45:00,0.20275378,False,train,0.13894999,False,0.18580025,False,0.2835111,False,stabilized_flow_log_feature
2024-10-27 22:45:00,0.21890855,False,train,0.16418086,False,0.14122663,False,0.35131815,False,stabilized_flow_log_feature
2024-10-28 10:45:00,0.11412803,False,train,0.054148573,False,0.043457564,False,0.24477793,False,stabilized_flow_log_feature
2024-10-28 22:45:00,0.1356074,False,train,0.049358655,False,0.07806839,False,0.27939513,False,stabilized_flow_log_feature
2024-10-29 10:45:00,0.15030438,False,train,0.068027124,False,0.061577592,False,0.32130834,False,stabilized_flow_log_feature
2024-10-29 22:45:00,0.13949068,False,train,0.078728646,False,0.05555823,False,0.28418517,False,stabilized_flow_log_feature
2024-10-30 10:45:00,0.12551576,False,train,0.080233224,False,0.05844031,False,0.23787378,False,stabilized_flow_log_feature
2024-10-30 22:45:00,0.12124603,False,train,0.095656,False,0.053429037,False,0.21465307,False,stabilized_flow_log_feature
2024-10-31 10:45:00,0.107267335,False,train,0.0838648,False,0.078352414,False,0.15958475,False,stabilized_flow_log_feature
2024-10-31 22:45:00,0.07563145,False,train,0.05782351,False,0.09078395,False,0.078286864,False,return_temp_c
2024-11-01 10:45:00,0.06978069,False,train,0.057374258,False,0.068114765,False,0.083853066,False,stabilized_flow_log_feature
2024-11-01 22:45:00,0.070926204,False,train,0.06557833,False,0.06340505,False,0.08379524,False,stabilized_flow_log_feature
2024-11-02 10:45:00,0.08487788,False,train,0.095417075,False,0.06891707,False,0.09029951,False,supply_temp_c
2024-11-02 22:45:00,0.07797485,False,train,0.08326516,False,0.058305476,False,0.09235393,False,stabilized_flow_log_feature
2024-11-03 10:45:00,0.10970354,False,train,0.095202655,False,0.05044368,False,0.1834643,False,stabilized_flow_log_feature
2024-11-03 22:45:00,0.102912255,False,train,0.08289262,False,0.053053696,False,0.17279045,False,stabilized_flow_log_feature
2024-11-04 10:45:00,0.07944836,False,train,0.044754293,False,0.044289213,False,0.14930156,False,stabilized_flow_log_feature
2024-11-04 22:45:00,0.12215641,False,train,0.06928575,False,0.04322957,False,0.2539539,False,stabilized_flow_log_feature
2024-11-05 10:45:00,0.13984944,False,train,0.12673073,False,0.04268151,False,0.2501361,False,stabilized_flow_log_feature
2024-11-05 22:45:00,0.15453383,False,train,0.12259216,False,0.0693085,False,0.27170086,False,stabilized_flow_log_feature
2024-11-06 10:45:00,0.15472691,False,train,0.062039625,False,0.07310944,False,0.32903165,False,stabilized_flow_log_feature
2024-11-06 22:45:00,0.13848113,False,train,0.06876652,False,0.046525802,False,0.30015105,False,stabilized_flow_log_feature
2024-11-07 10:45:00,0.12340832,False,train,0.10469377,False,0.05762433,False,0.20790684,False,stabilized_flow_log_feature
2024-11-07 22:45:00,0.08166471,False,train,0.091156684,False,0.060844388,False,0.09299305,False,stabilized_flow_log_feature
2024-11-08 10:45:00,0.073856935,False,train,0.069268696,False,0.07417452,False,0.078127585,False,stabilized_flow_log_feature
2024-11-08 22:45:00,0.07790471,False,train,0.0719295,False,0.07181556,False,0.08996904,False,stabilized_flow_log_feature
2024-11-09 10:45:00,0.07091206,False,train,0.050261226,False,0.062407654,False,0.10006732,False,stabilized_flow_log_feature
2024-11-09 22:45:00,0.06362695,False,train,0.053607777,False,0.063119315,False,0.07415377,False,stabilized_flow_log_feature
2024-11-10 10:45:00,0.06778961,False,train,0.04807846,False,0.06335729,False,0.09193307,False,stabilized_flow_log_feature
2024-11-10 22:45:00,0.07337375,False,train,0.040905003,False,0.067452244,False,0.111763984,False,stabilized_flow_log_feature
2024-11-11 10:45:00,0.18629482,False,train,0.13198863,False,0.101802476,False,0.32509336,False,stabilized_flow_log_feature
2024-11-11 22:45:00,0.26731217,False,train,0.17174722,False,0.14997177,False,0.48021746,False,stabilized_flow_log_feature
2024-11-12 10:45:00,0.29977205,False,train,0.20913778,False,0.18594198,False,0.5042364,False,stabilized_flow_log_feature
2024-11-12 22:45:00,0.27834865,False,train,0.18292741,False,0.16081843,False,0.4913001,False,stabilized_flow_log_feature
2024-11-13 10:45:00,0.20706232,False,train,0.11374709,False,0.17797665,False,0.32946324,False,stabilized_flow_log_feature
2024-11-13 22:45:00,0.09453941,False,train,0.04398563,False,0.12967166,False,0.10996094,False,return_temp_c
2024-11-14 10:45:00,0.07704849,False,train,0.03643286,False,0.08738915,False,0.10732344,False,stabilized_flow_log_feature
2024-11-14 22:45:00,0.07601959,False,train,0.038718794,False,0.08302463,False,0.10631535,False,stabilized_flow_log_feature
2024-11-15 10:45:00,0.08982303,False,train,0.06506172,False,0.107905574,False,0.09650179,False,return_temp_c
2024-11-15 22:45:00,0.11037964,False,train,0.0674005,False,0.13328768,False,0.13045076,False,return_temp_c
2024-11-16 10:45:00,0.10159858,False,train,0.05536358,False,0.10868159,False,0.1407506,False,stabilized_flow_log_feature
2024-11-16 22:45:00,0.08939436,False,train,0.051140293,False,0.081028216,False,0.13601458,False,stabilized_flow_log_feature
2024-11-17 10:45:00,0.10190388,False,train,0.06585473,False,0.12351131,False,0.11634559,False,return_temp_c
2024-11-17 22:45:00,0.11668311,False,train,0.07355113,False,0.13705263,False,0.13944559,False,stabilized_flow_log_feature
2024-11-18 10:45:00,0.13312314,False,train,0.090379365,False,0.14017428,False,0.16881573,False,stabilized_flow_log_feature
2024-11-18 22:45:00,0.11860316,False,train,0.069029875,False,0.13581657,False,0.15096305,False,stabilized_flow_log_feature
2024-11-19 10:45:00,0.15349136,False,train,0.10302805,False,0.12725879,False,0.23018725,False,stabilized_flow_log_feature
2024-11-19 22:45:00,0.16598018,False,train,0.12692927,False,0.10340413,False,0.26760718,False,stabilized_flow_log_feature
2024-11-20 10:45:00,0.113667995,False,train,0.057916105,False,0.08843526,False,0.19465262,False,stabilized_flow_log_feature
2024-11-20 22:45:00,0.09764358,False,train,0.04816151,False,0.07290428,False,0.17186493,False,stabilized_flow_log_feature
2024-11-21 10:45:00,0.093816996,False,train,0.059539232,False,0.085192524,False,0.13671921,False,stabilized_flow_log_feature
2024-11-21 22:45:00,0.12136965,False,train,0.06943597,False,0.12228926,False,0.17238374,False,stabilized_flow_log_feature
2024-11-22 10:45:00,0.12038146,False,train,0.053803485,False,0.13437821,False,0.17296271,False,stabilized_flow_log_feature
2024-11-22 22:45:00,0.10555717,False,train,0.068702325,False,0.08654066,False,0.1614285,False,stabilized_flow_log_feature
2024-11-23 10:45:00,0.09682275,False,train,0.04673302,False,0.07419376,False,0.16954146,False,stabilized_flow_log_feature
2024-11-23 22:45:00,0.08115203,False,train,0.036309663,False,0.079192765,False,0.12795365,False,stabilized_flow_log_feature
2024-11-24 10:45:00,0.07913013,False,train,0.044314057,False,0.07417849,False,0.118897825,False,stabilized_flow_log_feature
2024-11-24 22:45:00,0.08340515,False,train,0.06214646,False,0.08772182,False,0.10034717,False,stabilized_flow_log_feature
2024-11-25 10:45:00,0.07818261,False,train,0.051458325,False,0.091668695,False,0.09142081,False,return_temp_c
2024-11-25 22:45:00,0.07080755,False,train,0.023968777,False,0.09315541,False,0.09529847,False,stabilized_flow_log_feature
2024-11-26 10:45:00,0.08207648,False,train,0.03245642,False,0.07882924,False,0.13494381,False,stabilized_flow_log_feature
2024-11-26 22:45:00,0.089484066,False,train,0.04136464,False,0.07160511,False,0.15548249,False,stabilized_flow_log_feature
2024-11-27 10:45:00,0.086671725,False,train,0.037567157,False,0.08287042,False,0.13957758,False,stabilized_flow_log_feature
2024-11-27 22:45:00,0.07981556,False,train,0.03505978,False,0.06502798,False,0.13935892,False,stabilized_flow_log_feature
2024-11-28 10:45:00,0.062317774,False,train,0.02447477,False,0.053044673,False,0.10943389,False,stabilized_flow_log_feature
2024-11-28 22:45:00,0.09531687,False,train,0.039130952,False,0.13711606,False,0.10970361,False,return_temp_c
2024-11-29 10:45:00,0.11716112,False,train,0.062780716,False,0.17228633,False,0.116416305,False,return_temp_c
2024-11-29 22:45:00,0.11183752,False,train,0.058029998,False,0.11437154,False,0.163111,False,stabilized_flow_log_feature
2024-11-30 10:45:00,0.095244244,False,train,0.04371381,False,0.092983745,False,0.14903517,False,stabilized_flow_log_feature
2024-11-30 22:45:00,0.08798939,False,train,0.037261274,False,0.09537489,False,0.13133201,False,stabilized_flow_log_feature
2024-12-01 10:45:00,0.08503155,False,train,0.03147652,False,0.08746866,False,0.13614948,False,stabilized_flow_log_feature
2024-12-01 22:45:00,0.070692286,False,train,0.029394021,False,0.051110487,False,0.13157235,False,stabilized_flow_log_feature
2024-12-02 10:45:00,0.07133094,False,train,0.040203795,False,0.04464433,False,0.1291447,False,stabilized_flow_log_feature
2024-12-02 22:45:00,0.1102214,False,train,0.058648806,False,0.06538225,False,0.20663314,False,stabilized_flow_log_feature
2024-12-03 10:45:00,0.11870681,False,train,0.05360651,False,0.0804144,False,0.2220995,False,stabilized_flow_log_feature
2024-12-03 22:45:00,0.09751615,False,train,0.035755206,False,0.08203036,False,0.17476286,False,stabilized_flow_log_feature
2024-12-04 10:45:00,0.10070398,False,train,0.060469758,False,0.09075108,False,0.15089111,False,stabilized_flow_log_feature
2024-12-04 22:45:00,0.13776384,False,train,0.09242072,False,0.12812085,False,0.19274999,False,stabilized_flow_log_feature
2024-12-05 10:45:00,0.17910051,False,train,0.12265537,False,0.19030613,False,0.22434007,False,stabilized_flow_log_feature
2024-12-05 22:45:00,0.25420234,False,train,0.08166924,False,0.1688326,False,0.51210517,False,stabilized_flow_log_feature
2024-12-06 10:45:00,0.23369765,False,train,0.07014311,False,0.16331567,False,0.4676342,False,stabilized_flow_log_feature
2024-12-06 22:45:00,0.20994785,False,train,0.092757136,False,0.16342385,False,0.3736626,False,stabilized_flow_log_feature
2024-12-07 10:45:00,0.45546544,True,train,0.2222801,False,0.32447204,False,0.81964415,True,stabilized_flow_log_feature
2024-12-07 22:45:00,0.4630153,True,train,0.27433124,False,0.2954664,False,0.81924826,True,stabilized_flow_log_feature
2024-12-08 10:45:00,0.27033982,False,train,0.17816673,False,0.19734015,False,0.43551254,False,stabilized_flow_log_feature
2024-12-08 22:45:00,0.20240325,False,train,0.14208442,False,0.23360747,False,0.23151784,False,return_temp_c
2024-12-09 10:45:00,0.1773553,False,train,0.115544416,False,0.26165405,False,0.15486749,False,return_temp_c
2024-12-09 22:45:00,0.16246127,False,train,0.07442296,False,0.14917926,False,0.26378158,False,stabilized_flow_log_feature
2024-12-10 10:45:00,0.16529499,False,train,0.10021704,False,0.112474054,False,0.28319386,False,stabilized_flow_log_feature
2024-12-10 22:45:00,0.08045853,False,train,0.08222854,False,0.047980994,False,0.11116604,False,stabilized_flow_log_feature
2024-12-11 10:45:00,0.06864445,False,train,0.077964246,False,0.025075896,False,0.102893226,False,stabilized_flow_log_feature
2024-12-11 22:45:00,0.093365416,False,train,0.10766659,False,0.0592235,False,0.113206156,False,stabilized_flow_log_feature
2024-12-12 10:45:00,0.08162352,False,train,0.09818483,False,0.047999367,False,0.098686345,False,stabilized_flow_log_feature
2024-12-12 22:45:00,0.081892595,False,train,0.08101546,False,0.04232871,False,0.122333616,False,stabilized_flow_log_feature
2024-12-13 10:45:00,0.10368944,False,train,0.10083083,False,0.06609014,False,0.14414734,False,stabilized_flow_log_feature
2024-12-13 22:45:00,0.10433114,False,train,0.12017543,False,0.051347096,False,0.14147088,False,stabilized_flow_log_feature
2024-12-14 10:45:00,0.08970448,False,train,0.087749906,False,0.0574342,False,0.12392933,False,stabilized_flow_log_feature
2024-12-14 22:45:00,0.10333431,False,train,0.08272263,False,0.04760323,False,0.17967708,False,stabilized_flow_log_feature
2024-12-15 10:45:00,0.096696615,False,train,0.06293501,False,0.0543493,False,0.17280553,False,stabilized_flow_log_feature
2024-12-15 22:45:00,0.072879784,False,train,0.054041654,False,0.04147427,False,0.12312344,False,stabilized_flow_log_feature
2024-12-16 10:45:00,0.086154215,False,train,0.07834888,False,0.04679665,False,0.1333171,False,stabilized_flow_log_feature
2024-12-16 22:45:00,0.072728105,False,train,0.07424905,False,0.03735854,False,0.10657673,False,stabilized_flow_log_feature
2024-12-17 10:45:00,0.0513023,False,train,0.03634859,False,0.026668347,False,0.09088995,False,stabilized_flow_log_feature
2024-12-17 22:45:00,0.089304715,False,train,0.072524466,False,0.04519971,False,0.15018998,False,stabilized_flow_log_feature
2024-12-18 10:45:00,0.11786956,False,train,0.10787193,False,0.060295075,False,0.18544166,False,stabilized_flow_log_feature
2024-12-18 22:45:00,0.09361753,False,train,0.089017145,False,0.04035944,False,0.15147604,False,stabilized_flow_log_feature
2024-12-19 10:45:00,0.080400206,False,train,0.06991906,False,0.043310966,False,0.12797062,False,stabilized_flow_log_feature
2024-12-19 22:45:00,0.077555425,False,train,0.069408156,False,0.037086133,False,0.12617196,False,stabilized_flow_log_feature
2024-12-20 10:45:00,0.06632364,False,train,0.05096386,False,0.029021338,False,0.11898571,False,stabilized_flow_log_feature
2024-12-20 22:45:00,0.08101053,False,train,0.06080099,False,0.022235027,False,0.15999559,False,stabilized_flow_log_feature
2024-12-21 10:45:00,0.09026698,False,train,0.045030195,False,0.04357529,False,0.18219544,False,stabilized_flow_log_feature
2024-12-21 22:45:00,0.09162355,False,train,0.049687777,False,0.05787782,False,0.16730505,False,stabilized_flow_log_feature
2024-12-22 10:45:00,0.07482365,False,train,0.05655719,False,0.049245805,False,0.11866795,False,stabilized_flow_log_feature
2024-12-22 22:45:00,0.08411959,False,train,0.069462754,False,0.041608874,False,0.14128713,False,stabilized_flow_log_feature
2024-12-23 10:45:00,0.12913227,False,train,0.11834147,False,0.063775055,False,0.20528026,False,stabilized_flow_log_feature
2024-12-23 22:45:00,0.13301757,False,train,0.122928895,False,0.06554375,False,0.21058005,False,stabilized_flow_log_feature
2024-12-24 10:45:00,0.12067168,False,train,0.106149286,False,0.086045325,False,0.16982047,False,stabilized_flow_log_feature
2024-12-24 22:45:00,0.09833217,False,train,0.08547738,False,0.047137987,False,0.16238116,False,stabilized_flow_log_feature
2024-12-25 10:45:00,0.083833575,False,train,0.04853745,False,0.06150554,False,0.14145775,False,stabilized_flow_log_feature
2024-12-25 22:45:00,0.07711657,False,train,0.04914686,False,0.045194194,False,0.13700865,False,stabilized_flow_log_feature
2024-12-26 10:45:00,0.078023866,False,train,0.09202552,False,0.043883402,False,0.09816264,False,stabilized_flow_log_feature
2024-12-26 22:45:00,0.08101526,False,train,0.098822735,False,0.043364644,False,0.1008584,False,stabilized_flow_log_feature
2024-12-27 10:45:00,0.09460612,False,train,0.062241334,False,0.05091511,False,0.17066188,False,stabilized_flow_log_feature
2024-12-27 22:45:00,0.09364145,False,train,0.06344139,False,0.040284928,False,0.17719801,False,stabilized_flow_log_feature
2024-12-28 10:45:00,0.083054766,False,train,0.06438305,False,0.04605492,False,0.13872631,False,stabilized_flow_log_feature
2024-12-28 22:45:00,0.081517264,False,train,0.063373655,False,0.034202874,False,0.14697528,False,stabilized_flow_log_feature
2024-12-29 10:45:00,0.08501313,False,train,0.07620691,False,0.054976404,False,0.123856075,False,stabilized_flow_log_feature
2024-12-29 22:45:00,0.089069396,False,train,0.07920685,False,0.03862669,False,0.14937465,False,stabilized_flow_log_feature
2024-12-30 10:45:00,0.09381452,False,train,0.07469123,False,0.04988295,False,0.15686938,False,stabilized_flow_log_feature
2024-12-30 22:45:00,0.10188087,False,train,0.0960431,False,0.04404864,False,0.16555089,False,stabilized_flow_log_feature
2024-12-31 10:45:00,0.122805685,False,train,0.10739273,False,0.08493761,False,0.17608677,False,stabilized_flow_log_feature
2024-12-31 22:45:00,0.11427692,False,train,0.104442306,False,0.053896222,False,0.18449228,False,stabilized_flow_log_feature
2025-01-01 10:45:00,0.10295786,False,train,0.06705389,False,0.07372243,False,0.16809724,False,stabilized_flow_log_feature
2025-01-01 22:45:00,0.09022394,False,train,0.05425224,False,0.04517461,False,0.17124498,False,stabilized_flow_log_feature
2025-01-02 10:45:00,0.092961416,False,train,0.07569616,False,0.048384447,False,0.15480363,False,stabilized_flow_log_feature
2025-01-02 22:45:00,0.08194522,False,train,0.08326059,False,0.031194365,False,0.13138069,False,stabilized_flow_log_feature
2025-01-03 10:45:00,0.07976519,False,train,0.06644363,False,0.058654,False,0.11419793,False,stabilized_flow_log_feature
2025-01-03 22:45:00,0.07199578,False,train,0.057755288,False,0.037044447,False,0.12118763,False,stabilized_flow_log_feature
2025-01-04 10:45:00,0.096922874,False,train,0.0709698,False,0.06513963,False,0.15465921,False,stabilized_flow_log_feature
2025-01-04 22:45:00,0.08582309,False,train,0.060461897,False,0.045593362,False,0.15141402,False,stabilized_flow_log_feature
2025-01-05 10:45:00,0.096437454,False,train,0.08010283,False,0.083188884,False,0.12602064,False,stabilized_flow_log_feature
2025-01-05 22:45:00,0.068709984,False,train,0.06539766,False,0.027333105,False,0.113399185,False,stabilized_flow_log_feature
2025-01-06 10:45:00,0.07528287,False,train,0.06607465,False,0.03427939,False,0.12549458,False,stabilized_flow_log_feature
2025-01-06 22:45:00,0.08262704,False,train,0.07049621,False,0.0403241,False,0.13706084,False,stabilized_flow_log_feature
2025-01-07 10:45:00,0.08101627,False,train,0.05840138,False,0.042687956,False,0.14195946,False,stabilized_flow_log_feature
2025-01-07 22:45:00,0.08679716,False,train,0.08523465,False,0.03655099,False,0.13860585,False,stabilized_flow_log_feature
2025-01-08 10:45:00,0.1307683,False,train,0.09079083,False,0.054629833,False,0.24688424,False,stabilized_flow_log_feature
2025-01-08 22:45:00,0.1645162,False,train,0.08997873,False,0.08276178,False,0.3208081,False,stabilized_flow_log_feature
2025-01-09 10:45:00,0.13681701,False,train,0.09519247,False,0.06953215,False,0.2457264,False,stabilized_flow_log_feature
2025-01-09 22:45:00,0.11065111,False,train,0.09561577,False,0.045624655,False,0.19071291,False,stabilized_flow_log_feature
2025-01-10 10:45:00,0.105806544,False,train,0.112117775,False,0.04339528,False,0.16190656,False,stabilized_flow_log_feature
2025-01-10 22:45:00,0.102958575,False,train,0.080185145,False,0.05669381,False,0.17199677,False,stabilized_flow_log_feature
2025-01-11 10:45:00,0.15662956,False,train,0.117226094,False,0.091726065,False,0.26093653,False,stabilized_flow_log_feature
2025-01-11 22:45:00,0.13900898,False,train,0.12468103,False,0.07325832,False,0.21908759,False,stabilized_flow_log_feature
2025-01-12 10:45:00,0.093857765,False,train,0.113794036,False,0.067729905,False,0.10004935,False,supply_temp_c
2025-01-12 22:45:00,0.08813003,False,train,0.10730094,False,0.03935528,False,0.11773389,False,stabilized_flow_log_feature
2025-01-13 10:45:00,0.080928504,False,train,0.0743336,False,0.056111857,False,0.11234007,False,stabilized_flow_log_feature
2025-01-13 22:45:00,0.06322834,False,train,0.03959815,False,0.06561587,False,0.08447101,False,stabilized_flow_log_feature
2025-01-14 10:45:00,0.06627947,False,train,0.040196326,False,0.024102105,False,0.13453999,False,stabilized_flow_log_feature
2025-01-14 22:45:00,0.078535385,False,train,0.06696624,False,0.038020194,False,0.13061969,False,stabilized_flow_log_feature
2025-01-15 10:45:00,0.07110452,False,train,0.06327401,False,0.029540615,False,0.12049895,False,stabilized_flow_log_feature
2025-01-15 22:45:00,0.0802237,False,train,0.0813169,False,0.036226105,False,0.123128094,False,stabilized_flow_log_feature
2025-01-16 10:45:00,0.097484,False,train,0.105083734,False,0.06759653,False,0.11977175,False,stabilized_flow_log_feature
2025-01-16 22:45:00,0.18108217,False,train,0.12014645,False,0.21968883,False,0.20341122,False,return_temp_c
2025-01-17 10:45:00,0.1566453,False,train,0.10368433,False,0.18085389,False,0.18539768,False,stabilized_flow_log_feature
2025-01-17 22:45:00,0.11648146,False,train,0.15088491,False,0.0678826,False,0.1306769,False,supply_temp_c
2025-01-18 10:45:00,0.14615345,False,train,0.14036743,False,0.103671215,False,0.19442171,False,stabilized_flow_log_feature
2025-01-18 22:45:00,0.108085506,False,train,0.093057215,False,0.05922237,False,0.17197694,False,stabilized_flow_log_feature
2025-01-19 10:45:00,0.078445405,False,train,0.06803023,False,0.034335885,False,0.13297008,False,stabilized_flow_log_feature
2025-01-19 22:45:00,0.11433801,False,train,0.075678244,False,0.09810799,False,0.1692278,False,stabilized_flow_log_feature
2025-01-20 10:45:00,0.115326494,False,train,0.08838028,False,0.11249577,False,0.14510344,False,stabilized_flow_log_feature
2025-01-20 22:45:00,0.077784106,False,train,0.05977727,False,0.041115645,False,0.13245942,False,stabilized_flow_log_feature
2025-01-21 10:45:00,0.074729964,False,train,0.06073576,False,0.030575981,False,0.13287814,False,stabilized_flow_log_feature
2025-01-21 22:45:00,0.10015078,False,train,0.084715545,False,0.035268974,False,0.1804678,False,stabilized_flow_log_feature
2025-01-22 10:45:00,0.11730744,False,train,0.08395337,False,0.027935779,False,0.2400332,False,stabilized_flow_log_feature
2025-01-22 22:45:00,0.13969253,False,train,0.08018369,False,0.04822169,False,0.2906722,False,stabilized_flow_log_feature
2025-01-23 10:45:00,0.14968349,False,train,0.0731171,False,0.042166453,False,0.33376694,False,stabilized_flow_log_feature
2025-01-23 22:45:00,0.1509121,False,train,0.05861849,False,0.06259715,False,0.33152065,False,stabilized_flow_log_feature
2025-01-24 10:45:00,0.14993832,False,train,0.1175198,False,0.06497929,False,0.2673159,False,stabilized_flow_log_feature
2025-01-24 22:45:00,0.12521416,False,train,0.12800615,False,0.07624618,False,0.17139019,False,stabilized_flow_log_feature
2025-01-25 10:45:00,0.1078012,False,train,0.114972554,False,0.05433762,False,0.15409343,False,stabilized_flow_log_feature
2025-01-25 22:45:00,0.10714335,False,train,0.10273663,False,0.047156125,False,0.17153728,False,stabilized_flow_log_feature
2025-01-26 10:45:00,0.1020593,False,train,0.05621111,False,0.048296835,False,0.20166998,False,stabilized_flow_log_feature
2025-01-26 22:45:00,0.12157753,False,train,0.09002394,False,0.03904728,False,0.23566133,False,stabilized_flow_log_feature
2025-01-27 10:45:00,0.11538127,False,train,0.08324471,False,0.043892372,False,0.21900673,False,stabilized_flow_log_feature
2025-01-27 22:45:00,0.110812746,False,train,0.07833693,False,0.04447782,False,0.20962347,False,stabilized_flow_log_feature
2025-01-28 10:45:00,0.10960102,False,train,0.07171153,False,0.043882232,False,0.21320932,False,stabilized_flow_log_feature
2025-01-28 22:45:00,0.11181186,False,train,0.067840375,False,0.054315522,False,0.21327968,False,stabilized_flow_log_feature
2025-01-29 10:45:00,0.11219147,False,train,0.098415636,False,0.034500938,False,0.20365779,False,stabilized_flow_log_feature
2025-01-29 22:45:00,0.11678357,False,train,0.11904326,False,0.0470724,False,0.18423505,False,stabilized_flow_log_feature
2025-01-30 10:45:00,0.10494804,False,train,0.09643021,False,0.044611078,False,0.17380281,False,stabilized_flow_log_feature
2025-01-30 22:45:00,0.10780755,False,train,0.10310337,False,0.06394522,False,0.15637404,False,stabilized_flow_log_feature
2025-01-31 10:45:00,0.096255295,False,train,0.10428827,False,0.052109927,False,0.13236769,False,stabilized_flow_log_feature
2025-01-31 22:45:00,0.091525555,False,train,0.0929853,False,0.04049827,False,0.1410931,False,stabilized_flow_log_feature
2025-02-01 10:45:00,0.08212394,False,train,0.074705265,False,0.037424196,False,0.13424236,False,stabilized_flow_log_feature
2025-02-01 22:45:00,0.09103097,False,train,0.09216603,False,0.043523382,False,0.13740349,False,stabilized_flow_log_feature
2025-02-02 10:45:00,0.08925548,False,train,0.084905356,False,0.03919664,False,0.14366445,False,stabilized_flow_log_feature
2025-02-02 22:45:00,0.075824074,False,train,0.06679922,False,0.03228235,False,0.12839065,False,stabilized_flow_log_feature
2025-02-03 10:45:00,0.07621927,False,train,0.07745812,False,0.019788655,False,0.13141105,False,stabilized_flow_log_feature
2025-02-03 22:45:00,0.085779585,False,train,0.0745309,False,0.032181803,False,0.15062605,False,stabilized_flow_log_feature
2025-02-04 10:45:00,0.09590907,False,train,0.07169912,False,0.026831688,False,0.18919636,False,stabilized_flow_log_feature
2025-02-04 22:45:00,0.10812739,False,train,0.07775854,False,0.03603071,False,0.21059294,False,stabilized_flow_log_feature
2025-02-05 10:45:00,0.09476736,False,train,0.052284107,False,0.037336394,False,0.19468158,False,stabilized_flow_log_feature
2025-02-05 22:45:00,0.08362053,False,train,0.059301227,False,0.038018033,False,0.15354235,False,stabilized_flow_log_feature
2025-02-06 10:45:00,0.07431433,False,train,0.068063416,False,0.031894077,False,0.12298551,False,stabilized_flow_log_feature
2025-02-06 22:45:00,0.10153912,False,train,0.06449174,False,0.05126771,False,0.18885791,False,stabilized_flow_log_feature
2025-02-07 10:45:00,0.13026255,False,train,0.10476312,False,0.08579838,False,0.20022611,False,stabilized_flow_log_feature
2025-02-07 22:45:00,0.12603532,False,train,0.1065307,False,0.058567543,False,0.2130077,False,stabilized_flow_log_feature
2025-02-08 10:45:00,0.11240026,False,train,0.0856432,False,0.056228783,False,0.19532877,False,stabilized_flow_log_feature
2025-02-08 22:45:00,0.08964346,False,train,0.080028005,False,0.045426324,False,0.14347605,False,stabilized_flow_log_feature
2025-02-09 10:45:00,0.08070925,False,train,0.07369513,False,0.045461956,False,0.12297067,False,stabilized_flow_log_feature
2025-02-09 22:45:00,0.086201444,False,train,0.08080946,False,0.04031203,False,0.13748284,False,stabilized_flow_log_feature
2025-02-10 10:45:00,0.08801078,False,train,0.08105857,False,0.02718358,False,0.15579017,False,stabilized_flow_log_feature
2025-02-10 22:45:00,0.08998368,False,train,0.06305216,False,0.032169573,False,0.17472933,False,stabilized_flow_log_feature
2025-02-11 10:45:00,0.09673704,False,train,0.057010647,False,0.04042291,False,0.19277759,False,stabilized_flow_log_feature
2025-02-11 22:45:00,0.09703977,False,train,0.061585065,False,0.0512208,False,0.17831343,False,stabilized_flow_log_feature
2025-02-12 10:45:00,0.10016613,False,train,0.06457284,False,0.0379831,False,0.19794244,False,stabilized_flow_log_feature
2025-02-12 22:45:00,0.102872476,False,train,0.069253474,False,0.05085909,False,0.18850486,False,stabilized_flow_log_feature
2025-02-13 10:45:00,0.091156654,False,train,0.082282014,False,0.025960773,False,0.16522719,False,stabilized_flow_log_feature
2025-02-13 22:45:00,0.12387923,False,train,0.09346762,False,0.060294073,False,0.217876,False,stabilized_flow_log_feature
2025-02-14 10:45:00,0.12638207,False,train,0.11013093,False,0.056770895,False,0.21224439,False,stabilized_flow_log_feature
2025-02-14 22:45:00,0.10258922,False,train,0.09781102,False,0.05288638,False,0.15707023,False,stabilized_flow_log_feature
2025-02-15 10:45:00,0.09311725,False,train,0.08691144,False,0.04511659,False,0.14732374,False,stabilized_flow_log_feature
2025-02-15 22:45:00,0.089960545,False,train,0.07565331,False,0.045353044,False,0.14887527,False,stabilized_flow_log_feature
2025-02-16 10:45:00,0.094207674,False,train,0.07620495,False,0.03096743,False,0.17545062,False,stabilized_flow_log_feature
2025-02-16 22:45:00,0.11166876,False,train,0.07684652,False,0.055709217,False,0.20245056,False,stabilized_flow_log_feature
2025-02-17 10:45:00,0.10144901,False,train,0.063368775,False,0.027381964,False,0.2135963,False,stabilized_flow_log_feature
2025-02-17 22:45:00,0.12126061,False,train,0.071195796,False,0.044791102,False,0.24779494,False,stabilized_flow_log_feature
2025-02-18 10:45:00,0.12646823,False,train,0.070492476,False,0.034205824,False,0.2747064,False,stabilized_flow_log_feature
2025-02-18 22:45:00,0.1399514,False,train,0.08326442,False,0.04804,False,0.2885498,False,stabilized_flow_log_feature
2025-02-19 10:45:00,0.14699426,False,train,0.10327521,False,0.045791287,False,0.29191628,False,stabilized_flow_log_feature
2025-02-19 22:45:00,0.13357627,False,train,0.1368552,False,0.05449525,False,0.20937838,False,stabilized_flow_log_feature
2025-02-20 10:45:00,0.14213571,False,train,0.1510345,False,0.08405954,False,0.19131309,False,stabilized_flow_log_feature
2025-02-20 22:45:00,0.1419127,False,train,0.12750652,False,0.06587846,False,0.23235314,False,stabilized_flow_log_feature
2025-02-21 10:45:00,0.11644541,False,train,0.0835058,False,0.044610843,False,0.22121955,False,stabilized_flow_log_feature
2025-02-21 22:45:00,0.09779595,False,train,0.06304118,False,0.04668781,False,0.18365884,False,stabilized_flow_log_feature
2025-02-22 10:45:00,0.0953749,False,train,0.06157055,False,0.03985408,False,0.18470006,False,stabilized_flow_log_feature
2025-02-22 22:45:00,0.096374206,False,train,0.054233715,False,0.04012185,False,0.19476707,False,stabilized_flow_log_feature
2025-02-23 10:45:00,0.109131016,False,train,0.05148818,False,0.039630394,False,0.23627448,False,stabilized_flow_log_feature
2025-02-23 22:45:00,0.11801362,False,train,0.058193486,False,0.042829078,False,0.2530183,False,stabilized_flow_log_feature
2025-02-24 10:45:00,0.1553215,False,train,0.050847735,False,0.056081146,False,0.3590356,False,stabilized_flow_log_feature
2025-02-24 22:45:00,0.22979379,False,train,0.084173314,False,0.1659802,False,0.43922773,False,stabilized_flow_log_feature
2025-02-25 10:45:00,0.17089278,False,train,0.07647975,False,0.1429853,False,0.29321322,False,stabilized_flow_log_feature
2025-02-25 22:45:00,0.09670924,False,train,0.05753736,False,0.03598885,False,0.1966015,False,stabilized_flow_log_feature
2025-02-26 10:45:00,0.11217722,False,train,0.06478415,False,0.03700153,False,0.234746,False,stabilized_flow_log_feature
2025-02-26 22:45:00,0.11909991,False,train,0.07498445,False,0.048382934,False,0.2339323,False,stabilized_flow_log_feature
2025-02-27 10:45:00,0.10869289,False,train,0.08056706,False,0.03580519,False,0.20970641,False,stabilized_flow_log_feature
2025-02-27 22:45:00,0.19247314,False,train,0.1612001,False,0.07224478,False,0.3439746,False,stabilized_flow_log_feature
2025-02-28 10:45:00,0.29212466,False,train,0.19021182,False,0.25869825,False,0.42746398,False,stabilized_flow_log_feature
2025-02-28 22:45:00,0.23063758,False,train,0.13192457,False,0.26830366,False,0.2916845,False,stabilized_flow_log_feature
2025-03-01 10:45:00,0.12634319,False,train,0.086215496,False,0.1425989,False,0.15021516,False,stabilized_flow_log_feature
2025-03-01 22:45:00,0.10898908,False,train,0.073678814,False,0.051755752,False,0.20153268,False,stabilized_flow_log_feature
2025-03-02 10:45:00,0.10989633,False,train,0.083566464,False,0.036561336,False,0.20956117,False,stabilized_flow_log_feature
2025-03-02 22:45:00,0.1025351,False,train,0.079660475,False,0.06137362,False,0.16657118,False,stabilized_flow_log_feature
2025-03-03 10:45:00,0.109798856,False,train,0.063379705,False,0.053407144,False,0.21260972,False,stabilized_flow_log_feature
2025-03-03 22:45:00,0.119609326,False,train,0.06469655,False,0.06840251,False,0.22572893,False,stabilized_flow_log_feature
2025-03-04 10:45:00,0.108520195,False,train,0.04910126,False,0.058192894,False,0.21826641,False,stabilized_flow_log_feature
2025-03-04 22:45:00,0.07741657,False,train,0.032709282,False,0.01605579,False,0.18348463,False,stabilized_flow_log_feature
2025-03-05 10:45:00,0.064789265,False,train,0.035437074,False,0.02154501,False,0.13738571,False,stabilized_flow_log_feature
2025-03-05 22:45:00,0.088923015,False,train,0.059730064,False,0.042479917,False,0.16455907,False,stabilized_flow_log_feature
2025-03-06 10:45:00,0.28198713,False,train,0.13111539,False,0.21173878,False,0.5031073,False,stabilized_flow_log_feature
2025-03-06 22:45:00,0.28676435,False,train,0.13226472,False,0.24650316,False,0.48152527,False,stabilized_flow_log_feature
2025-03-07 10:45:00,0.09970271,False,train,0.05753203,False,0.088358164,False,0.15321793,False,stabilized_flow_log_feature
2025-03-07 22:45:00,0.07872897,False,train,0.042885125,False,0.041919213,False,0.15138255,False,stabilized_flow_log_feature
2025-03-08 10:45:00,0.09167091,False,train,0.056838717,False,0.05232036,False,0.16585365,False,stabilized_flow_log_feature
2025-03-08 22:45:00,0.095376715,False,train,0.056647006,False,0.043485213,False,0.1859979,False,stabilized_flow_log_feature
2025-03-09 10:45:00,0.085596494,False,train,0.054789048,False,0.027201803,False,0.17479865,False,stabilized_flow_log_feature
2025-03-09 22:45:00,0.08384471,False,train,0.072173394,False,0.038500484,False,0.14086024,False,stabilized_flow_log_feature
2025-03-10 10:45:00,0.10230669,False,train,0.08714947,False,0.03854235,False,0.18122824,False,stabilized_flow_log_feature
2025-03-10 22:45:00,0.09005494,False,train,0.05120271,False,0.03577553,False,0.18318658,False,stabilized_flow_log_feature
2025-03-11 10:45:00,0.075987235,False,train,0.049294394,False,0.030696264,False,0.14797105,False,stabilized_flow_log_feature
2025-03-11 22:45:00,0.12521961,False,train,0.07161838,False,0.063734956,False,0.2403055,False,stabilized_flow_log_feature
2025-03-12 10:45:00,0.13566698,False,train,0.098485194,False,0.062461823,False,0.24605389,False,stabilized_flow_log_feature
2025-03-12 22:45:00,0.10764476,False,train,0.092831284,False,0.05843769,False,0.1716653,False,stabilized_flow_log_feature
2025-03-13 10:45:00,0.10359361,False,train,0.093212046,False,0.071476445,False,0.14609233,False,stabilized_flow_log_feature
2025-03-13 22:45:00,0.09348047,False,train,0.09408224,False,0.038021486,False,0.14833768,False,stabilized_flow_log_feature
2025-03-14 10:45:00,0.101113066,False,train,0.097575724,False,0.06965985,False,0.13610364,False,stabilized_flow_log_feature
2025-03-14 22:45:00,0.14012271,False,train,0.102373786,False,0.09355155,False,0.22444274,False,stabilized_flow_log_feature
2025-03-15 10:45:00,0.18032674,False,train,0.14953022,False,0.10849398,False,0.28295603,False,stabilized_flow_log_feature
2025-03-15 22:45:00,0.2552153,False,train,0.17402165,False,0.2128027,False,0.37882158,False,stabilized_flow_log_feature
2025-03-16 10:45:00,0.23936608,False,train,0.18207942,False,0.18229957,False,0.35371923,False,stabilized_flow_log_feature
2025-03-16 22:45:00,0.40514496,True,train,0.39338282,True,0.41523004,True,0.406822,False,return_temp_c
2025-03-17 10:45:00,0.4115556,True,train,0.38935217,True,0.41451642,True,0.43079808,False,stabilized_flow_log_feature
2025-03-17 22:45:00,0.10263976,False,train,0.051006675,False,0.06164658,False,0.19526602,False,stabilized_flow_log_feature
2025-03-18 10:45:00,0.07200682,False,train,0.034082584,False,0.054678727,False,0.12725918,False,stabilized_flow_log_feature
2025-03-18 22:45:00,0.06188886,False,train,0.030616453,False,0.016172728,False,0.13887739,False,stabilized_flow_log_feature
2025-03-19 10:45:00,0.15623827,False,train,0.05349074,False,0.08744203,False,0.32778203,False,stabilized_flow_log_feature
2025-03-19 22:45:00,0.21532781,False,train,0.11172626,False,0.18492295,False,0.34933424,False,stabilized_flow_log_feature
2025-03-20 10:45:00,0.14797762,False,train,0.07426486,False,0.131005,False,0.23866296,False,stabilized_flow_log_feature
2025-03-20 22:45:00,0.11005489,False,train,0.052771866,False,0.047588844,False,0.22980398,False,stabilized_flow_log_feature
2025-03-21 10:45:00,0.102812655,False,train,0.06932163,False,0.051308062,False,0.18780828,False,stabilized_flow_log_feature
2025-03-21 22:45:00,0.10691285,False,train,0.088521816,False,0.062328864,False,0.16988786,False,stabilized_flow_log_feature
2025-03-22 10:45:00,0.11272105,False,train,0.09875419,False,0.08083176,False,0.15857719,False,stabilized_flow_log_feature
2025-03-22 22:45:00,0.09949788,False,train,0.08409568,False,0.059594348,False,0.15480359,False,stabilized_flow_log_feature
2025-03-23 10:45:00,0.098201275,False,train,0.07415922,False,0.07868158,False,0.14176305,False,stabilized_flow_log_feature
2025-03-23 22:45:00,0.089901485,False,train,0.06648603,False,0.0495398,False,0.15367867,False,stabilized_flow_log_feature
2025-03-24 10:45:00,0.0826827,False,train,0.056087065,False,0.040027756,False,0.15193325,False,stabilized_flow_log_feature
2025-03-24 22:45:00,0.09344841,False,train,0.053021386,False,0.036166493,False,0.19115734,False,stabilized_flow_log_feature
2025-03-25 10:45:00,0.11224299,False,train,0.06734892,False,0.032944355,False,0.23643571,False,stabilized_flow_log_feature
2025-03-25 22:45:00,0.09439671,False,train,0.062119007,False,0.041618276,False,0.17945284,False,stabilized_flow_log_feature
2025-03-26 10:45:00,0.08644684,False,train,0.06602735,False,0.02632939,False,0.16698374,False,stabilized_flow_log_feature
2025-03-26 22:45:00,0.09519687,False,train,0.058351967,False,0.03476743,False,0.1924712,False,stabilized_flow_log_feature
2025-03-27 10:45:00,0.10438347,False,train,0.05512457,False,0.027446851,False,0.23057896,False,stabilized_flow_log_feature
2025-03-27 22:45:00,0.1178454,False,train,0.05098364,False,0.040908936,False,0.26164362,False,stabilized_flow_log_feature
2025-03-28 10:45:00,0.09959554,False,train,0.04982699,False,0.04097246,False,0.20798717,False,stabilized_flow_log_feature
2025-03-28 22:45:00,0.078271925,False,train,0.049558282,False,0.049765002,False,0.13549252,False,stabilized_flow_log_feature
2025-03-29 10:45:00,0.07187253,False,train,0.05563165,False,0.040191744,False,0.11979421,False,stabilized_flow_log_feature
2025-03-29 22:45:00,0.09790823,False,train,0.07454645,False,0.053897616,False,0.16528063,False,stabilized_flow_log_feature
2025-03-30 10:45:00,0.110669225,False,train,0.05159108,False,0.045375723,False,0.2350409,False,stabilized_flow_log_feature
2025-03-30 22:45:00,0.14704116,False,train,0.065935075,False,0.049178217,False,0.32601017,False,stabilized_flow_log_feature
2025-03-31 10:45:00,0.15975732,False,train,0.06326851,False,0.05060966,False,0.36539376,False,stabilized_flow_log_feature
2025-03-31 22:45:00,0.16743612,False,train,0.05724551,False,0.065029785,False,0.3800331,False,stabilized_flow_log_feature
2025-04-01 10:45:00,0.15917717,False,train,0.08029277,False,0.040169965,False,0.35706878,False,stabilized_flow_log_feature
2025-04-01 22:45:00,0.113674216,False,train,0.06457258,False,0.039025262,False,0.2374248,False,stabilized_flow_log_feature
2025-04-02 10:45:00,0.128375,False,train,0.12515488,False,0.059363347,False,0.20060675,False,stabilized_flow_log_feature
2025-04-02 22:45:00,0.16064647,False,train,0.14024083,False,0.07246922,False,0.26922935,False,stabilized_flow_log_feature
2025-04-03 10:45:00,0.13605724,False,train,0.08961185,False,0.03828604,False,0.28027388,False,stabilized_flow_log_feature
2025-04-03 22:45:00,0.17156263,False,train,0.09000841,False,0.1283067,False,0.2963728,False,stabilized_flow_log_feature
2025-04-04 10:45:00,0.15485601,False,train,0.06538848,False,0.10063738,False,0.29854214,False,stabilized_flow_log_feature
2025-04-04 22:45:00,0.10011681,False,train,0.050578345,False,0.03993391,False,0.2098382,False,stabilized_flow_log_feature
2025-04-05 10:45:00,0.09748087,False,train,0.05947067,False,0.025371768,False,0.20760016,False,stabilized_flow_log_feature
2025-04-05 22:45:00,0.14747985,False,train,0.052211393,False,0.05546887,False,0.33475927,False,stabilized_flow_log_feature
2025-04-06 10:45:00,0.15662211,False,train,0.051889498,False,0.064699166,False,0.3532776,False,stabilized_flow_log_feature
2025-04-06 22:45:00,0.19835715,False,train,0.05920096,False,0.08046315,False,0.4554073,False,stabilized_flow_log_feature
2025-04-07 10:45:00,0.2152364,False,train,0.061732303,False,0.07408234,False,0.50989455,False,stabilized_flow_log_feature
2025-04-07 22:45:00,0.24005897,False,train,0.0918171,False,0.09890645,False,0.52945346,False,stabilized_flow_log_feature
2025-04-08 10:45:00,0.23725949,False,test,0.09805872,False,0.09807577,False,0.515644,False,stabilized_flow_log_feature
2025-04-08 22:45:00,0.25404274,False,test,0.09931009,False,0.094278395,False,0.56853974,False,stabilized_flow_log_feature
2025-04-09 10:45:00,0.26446733,False,test,0.12517427,False,0.09630194,False,0.5719257,False,stabilized_flow_log_feature
2025-04-09 22:45:00,0.17425898,False,test,0.10155859,False,0.08236862,False,0.3388497,False,stabilized_flow_log_feature
2025-04-10 10:45:00,0.10224667,False,test,0.058688153,False,0.06762382,False,0.18042807,False,stabilized_flow_log_feature
2025-04-10 22:45:00,0.08000132,False,test,0.03363205,False,0.040091053,False,0.16628082,False,stabilized_flow_log_feature
2025-04-11 10:45:00,0.10057303,False,test,0.02604212,False,0.097903796,False,0.17777319,False,stabilized_flow_log_feature
2025-04-11 22:45:00,0.07879809,False,test,0.03140198,False,0.08559409,False,0.11939821,False,stabilized_flow_log_feature
2025-04-12 10:45:00,0.10213235,False,test,0.047917675,False,0.11629886,False,0.14218053,False,stabilized_flow_log_feature
2025-04-12 22:45:00,0.114864506,False,test,0.04148866,False,0.12026348,False,0.18284138,False,stabilized_flow_log_feature
2025-04-13 10:45:00,0.07041463,False,test,0.020751908,False,0.043750208,False,0.1467418,False,stabilized_flow_log_feature
2025-04-13 22:45:00,0.08556749,False,test,0.032164972,False,0.03784354,False,0.18669392,False,stabilized_flow_log_feature
2025-04-14 10:45:00,0.104276575,False,test,0.03536699,False,0.05857588,False,0.21888687,False,stabilized_flow_log_feature
2025-04-14 22:45:00,0.11656722,False,test,0.03975764,False,0.07183749,False,0.2381065,False,stabilized_flow_log_feature
2025-04-15 10:45:00,0.14481431,False,test,0.032803882,False,0.09795607,False,0.30368298,False,stabilized_flow_log_feature
2025-04-15 22:45:00,0.15616162,False,test,0.045789134,False,0.101051204,False,0.3216445,False,stabilized_flow_log_feature
2025-04-16 10:45:00,0.144409,False,test,0.054423857,False,0.09858427,False,0.28021887,False,stabilized_flow_log_feature
2025-04-16 22:45:00,0.19439274,False,test,0.04647046,False,0.12729609,False,0.4094117,False,stabilized_flow_log_feature
2025-04-17 10:45:00,0.18243134,False,test,0.036882177,False,0.12786074,False,0.3825511,False,stabilized_flow_log_feature
2025-04-17 22:45:00,0.09104372,False,test,0.024431536,False,0.05886787,False,0.18983175,False,stabilized_flow_log_feature
2025-04-18 10:45:00,0.098189026,False,test,0.019609082,False,0.07973449,False,0.19522347,False,stabilized_flow_log_feature
2025-04-18 22:45:00,0.094687626,False,test,0.024604386,False,0.07178349,False,0.187675,False,stabilized_flow_log_feature
2025-04-19 10:45:00,0.10695743,False,test,0.03946322,False,0.095539056,False,0.18587004,False,stabilized_flow_log_feature
2025-04-19 22:45:00,0.10583618,False,test,0.046914846,False,0.07789305,False,0.19270068,False,stabilized_flow_log_feature
2025-04-20 10:45:00,0.08744964,False,test,0.029948303,False,0.08071088,False,0.15168974,False,stabilized_flow_log_feature
2025-04-20 22:45:00,0.083856754,False,test,0.02842124,False,0.068783395,False,0.15436564,False,stabilized_flow_log_feature
2025-04-21 10:45:00,0.0668605,False,test,0.021949666,False,0.043132696,False,0.13549915,False,stabilized_flow_log_feature
2025-04-21 22:45:00,0.10194042,False,test,0.027109578,False,0.037051167,False,0.24166052,False,stabilized_flow_log_feature
2025-04-22 10:45:00,0.10144841,False,test,0.022084972,False,0.03855866,False,0.24370156,False,stabilized_flow_log_feature
2025-04-22 22:45:00,0.07686382,False,test,0.016744392,False,0.03375794,False,0.18008912,False,stabilized_flow_log_feature
2025-04-23 10:45:00,0.115366064,False,test,0.025667092,False,0.023059264,False,0.29737183,False,stabilized_flow_log_feature
2025-04-23 22:45:00,0.102974124,False,test,0.02922642,False,0.02369,False,0.2560059,False,stabilized_flow_log_feature
2025-04-24 10:45:00,0.06785575,False,test,0.03027215,False,0.01849497,False,0.15480013,False,stabilized_flow_log_feature
2025-04-24 22:45:00,0.09626872,False,test,0.023648446,False,0.04950877,False,0.21564896,False,stabilized_flow_log_feature
2025-04-25 10:45:00,0.11919689,False,test,0.03740483,False,0.05827645,False,0.2619094,False,stabilized_flow_log_feature
2025-04-25 22:45:00,0.1792964,False,test,0.05013202,False,0.18944214,False,0.29831502,False,stabilized_flow_log_feature
2025-04-26 10:45:00,0.2712105,False,test,0.07843191,False,0.30198517,False,0.43321443,False,stabilized_flow_log_feature
2025-04-26 22:45:00,0.19959615,False,test,0.063281685,False,0.2178464,False,0.3176604,False,stabilized_flow_log_feature
2025-04-27 10:45:00,0.123980254,False,test,0.051929597,False,0.10850296,False,0.21150826,False,stabilized_flow_log_feature
2025-04-29 10:45:00,0.09169773,False,test,0.041969936,False,0.033621736,False,0.19950153,False,stabilized_flow_log_feature
2025-04-29 22:45:00,0.07132305,False,test,0.03119749,False,0.024521349,False,0.15825032,False,stabilized_flow_log_feature
2025-04-30 10:45:00,0.0633497,False,test,0.027367612,False,0.021937998,False,0.14074346,False,stabilized_flow_log_feature
2025-04-30 22:45:00,0.06271273,False,test,0.021421187,False,0.023336716,False,0.14338027,False,stabilized_flow_log_feature
2025-05-01 10:45:00,0.052290216,False,test,0.031357843,False,0.020956842,False,0.10455599,False,stabilized_flow_log_feature
2025-05-01 22:45:00,0.10510875,False,test,0.029296204,False,0.06720907,False,0.21882099,False,stabilized_flow_log_feature
2025-05-02 10:45:00,0.1335718,False,test,0.027509777,False,0.08189857,False,0.29130706,False,stabilized_flow_log_feature
2025-05-02 22:45:00,0.08624717,False,test,0.022074526,False,0.041554525,False,0.19511247,False,stabilized_flow_log_feature
2025-05-03 10:45:00,0.069059886,False,test,0.03178762,False,0.043332145,False,0.1320599,False,stabilized_flow_log_feature
2025-05-03 22:45:00,0.069419615,False,test,0.028411632,False,0.05406193,False,0.12578529,False,stabilized_flow_log_feature
2025-05-04 10:45:00,0.0728957,False,test,0.028884746,False,0.033402186,False,0.15640017,False,stabilized_flow_log_feature
2025-05-04 22:45:00,0.09486683,False,test,0.0328467,False,0.031795684,False,0.21995811,False,stabilized_flow_log_feature
2025-05-05 10:45:00,0.0978451,False,test,0.030009022,False,0.03567335,False,0.22785293,False,stabilized_flow_log_feature
2025-05-05 22:45:00,0.107889056,False,test,0.021057032,False,0.04750931,False,0.25510082,False,stabilized_flow_log_feature
2025-05-06 10:45:00,0.113056384,False,test,0.030740561,False,0.055272315,False,0.25315633,False,stabilized_flow_log_feature
2025-05-06 22:45:00,0.11417724,False,test,0.032998655,False,0.04561259,False,0.26392046,False,stabilized_flow_log_feature
2025-05-07 10:45:00,0.12515289,False,test,0.055141106,False,0.049997225,False,0.27032027,False,stabilized_flow_log_feature
2025-05-09 10:45:00,0.19336142,False,test,0.08659017,False,0.25439444,False,0.23909958,False,return_temp_c
2025-05-09 22:45:00,0.13238865,False,test,0.050055508,False,0.10154137,False,0.24556907,False,stabilized_flow_log_feature
2025-05-10 10:45:00,0.13413627,False,test,0.0583186,False,0.123378254,False,0.220712,False,stabilized_flow_log_feature
2025-05-10 22:45:00,0.124279074,False,test,0.04615414,False,0.11738811,False,0.20929499,False,stabilized_flow_log_feature
2025-05-11 10:45:00,0.14133248,False,test,0.058693405,False,0.13541918,False,0.22988486,False,stabilized_flow_log_feature
2025-05-11 22:45:00,0.11519422,False,test,0.04846081,False,0.08335933,False,0.21376246,False,stabilized_flow_log_feature
2025-05-12 10:45:00,0.094554015,False,test,0.044443537,False,0.05589825,False,0.18332027,False,stabilized_flow_log_feature
2025-05-12 22:45:00,0.07205545,False,test,0.024775928,False,0.054074038,False,0.13731638,False,stabilized_flow_log_feature
2025-05-13 10:45:00,0.062371977,False,test,0.022557288,False,0.042916894,False,0.12164175,False,stabilized_flow_log_feature
2025-05-13 22:45:00,0.07525743,False,test,0.03590497,False,0.0584451,False,0.13142222,False,stabilized_flow_log_feature
2025-05-14 10:45:00,0.06911401,False,test,0.04047553,False,0.05509917,False,0.111767344,False,stabilized_flow_log_feature
2025-05-14 22:45:00,0.058915813,False,test,0.033065308,False,0.037817277,False,0.105864875,False,stabilized_flow_log_feature
2025-05-15 10:45:00,0.07239333,False,test,0.030939111,False,0.035769206,False,0.15047169,False,stabilized_flow_log_feature
2025-05-15 22:45:00,0.07552766,False,test,0.030727664,False,0.039838705,False,0.15601659,False,stabilized_flow_log_feature
2025-05-16 10:45:00,0.057981517,False,test,0.02738446,False,0.041044265,False,0.10551583,False,stabilized_flow_log_feature
2025-05-16 22:45:00,0.051444747,False,test,0.024792016,False,0.036497805,False,0.0930444,False,stabilized_flow_log_feature
2025-05-17 10:45:00,0.055396147,False,test,0.03259622,False,0.030084968,False,0.10350725,False,stabilized_flow_log_feature
2025-05-17 22:45:00,0.05968437,False,test,0.032096464,False,0.028762842,False,0.118193805,False,stabilized_flow_log_feature
2025-05-18 10:45:00,0.059686806,False,test,0.025552804,False,0.039364066,False,0.11414355,False,stabilized_flow_log_feature
2025-05-18 22:45:00,0.060872953,False,test,0.02668698,False,0.046289343,False,0.109642535,False,stabilized_flow_log_feature
2025-05-19 10:45:00,0.080780216,False,test,0.03025455,False,0.05783589,False,0.15425022,False,stabilized_flow_log_feature
2025-05-19 22:45:00,0.0814014,False,test,0.023867987,False,0.046562295,False,0.17377393,False,stabilized_flow_log_feature
2025-05-20 10:45:00,0.051960938,False,test,0.022919657,False,0.035787754,False,0.09717539,False,stabilized_flow_log_feature
2025-05-20 22:45:00,0.045314908,False,test,0.020732837,False,0.030075705,False,0.085136175,False,stabilized_flow_log_feature
2025-05-21 10:45:00,0.050557833,False,test,0.018521497,False,0.026227562,False,0.10692445,False,stabilized_flow_log_feature
2025-05-21 22:45:00,0.05677688,False,test,0.032804828,False,0.03525395,False,0.10227186,False,stabilized_flow_log_feature
2025-05-22 10:45:00,0.050012156,False,test,0.027898928,False,0.02826939,False,0.09386816,False,stabilized_flow_log_feature
2025-05-22 22:45:00,0.051723238,False,test,0.02789729,False,0.021502376,False,0.10577005,False,stabilized_flow_log_feature
2025-05-23 10:45:00,0.060763042,False,test,0.03481632,False,0.028013004,False,0.1194598,False,stabilized_flow_log_feature
2025-05-23 22:45:00,0.057547525,False,test,0.031126505,False,0.03642764,False,0.10508842,False,stabilized_flow_log_feature
2025-05-24 10:45:00,0.049958132,False,test,0.019488486,False,0.035978097,False,0.094407804,False,stabilized_flow_log_feature
2025-05-24 22:45:00,0.052496657,False,test,0.032207135,False,0.031669218,False,0.0936136,False,stabilized_flow_log_feature
2025-05-25 10:45:00,0.050293848,False,test,0.02823812,False,0.03278809,False,0.08985532,False,stabilized_flow_log_feature
2025-05-25 22:45:00,0.054651454,False,test,0.027042715,False,0.030311538,False,0.10660011,False,stabilized_flow_log_feature
2025-05-26 10:45:00,0.051936787,False,test,0.024438547,False,0.030501308,False,0.10087051,False,stabilized_flow_log_feature
2025-05-26 22:45:00,0.044778537,False,test,0.01754981,False,0.029540434,False,0.08724535,False,stabilized_flow_log_feature
2025-05-27 10:45:00,0.052073933,False,test,0.024244545,False,0.037569813,False,0.09440745,False,stabilized_flow_log_feature
2025-05-27 22:45:00,0.08999658,False,test,0.04266495,False,0.05746955,False,0.16985522,False,stabilized_flow_log_feature
2025-05-28 10:45:00,0.084414944,False,test,0.034821708,False,0.04934363,False,0.1690795,False,stabilized_flow_log_feature
2025-05-28 22:45:00,0.031237772,False,test,0.017438166,False,0.021552755,False,0.054722395,False,stabilized_flow_log_feature
2025-05-29 10:45:00,0.02962642,False,test,0.025929987,False,0.02087152,False,0.04207775,False,stabilized_flow_log_feature
2025-05-29 22:45:00,0.03730589,False,test,0.04139371,False,0.018609105,False,0.05191487,False,stabilized_flow_log_feature
2025-05-30 10:45:00,0.05674447,False,test,0.059591357,False,0.029688587,False,0.080953464,False,stabilized_flow_log_feature
2025-05-30 22:45:00,0.05235212,False,test,0.048170134,False,0.031958163,False,0.076928064,False,stabilized_flow_log_feature
2025-05-31 10:45:00,0.031279597,False,test,0.021324232,False,0.02637917,False,0.046135392,False,stabilized_flow_log_feature
2025-05-31 22:45:00,0.023621898,False,test,0.021994159,False,0.015923247,False,0.032948285,False,stabilized_flow_log_feature
2025-06-01 10:45:00,0.031192753,False,test,0.026096622,False,0.029724834,False,0.03775681,False,stabilized_flow_log_feature
2025-06-01 22:45:00,0.03689257,False,test,0.028598094,False,0.03752628,False,0.04455334,False,stabilized_flow_log_feature
2025-06-02 10:45:00,0.032061473,False,test,0.026147991,False,0.027916828,False,0.042119607,False,stabilized_flow_log_feature
2025-06-02 22:45:00,0.04079716,False,test,0.026229596,False,0.03416643,False,0.061995458,False,stabilized_flow_log_feature
2025-06-03 10:45:00,0.06989177,False,test,0.037515935,False,0.03725789,False,0.1349015,False,stabilized_flow_log_feature
2025-06-03 22:45:00,0.08545677,False,test,0.042170096,False,0.049114507,False,0.16508572,False,stabilized_flow_log_feature
2025-06-04 10:45:00,0.06788336,False,test,0.04010695,False,0.03279454,False,0.1307486,False,stabilized_flow_log_feature
2025-06-04 22:45:00,0.057425745,False,test,0.038151614,False,0.027171323,False,0.1069543,False,stabilized_flow_log_feature
2025-06-05 10:45:00,0.048691683,False,test,0.030807646,False,0.02693001,False,0.0883374,False,stabilized_flow_log_feature
2025-06-05 22:45:00,0.06734921,False,test,0.032269605,False,0.035964455,False,0.13381356,False,stabilized_flow_log_feature
2025-06-06 10:45:00,0.07111421,False,test,0.03764343,False,0.03371736,False,0.14198184,False,stabilized_flow_log_feature
2025-06-06 22:45:00,0.07174549,False,test,0.045636605,False,0.034468666,False,0.13513122,False,stabilized_flow_log_feature
2025-06-07 10:45:00,0.060287602,False,test,0.033914298,False,0.030452082,False,0.11649641,False,stabilized_flow_log_feature
2025-06-07 22:45:00,0.048714202,False,test,0.031254087,False,0.029672613,False,0.085215904,False,stabilized_flow_log_feature
2025-06-08 10:45:00,0.053795952,False,test,0.038215753,False,0.028520895,False,0.094651215,False,stabilized_flow_log_feature
2025-06-08 22:45:00,0.045509756,False,test,0.031717725,False,0.020416038,False,0.0843955,False,stabilized_flow_log_feature
2025-06-09 10:45:00,0.04855653,False,test,0.027715564,False,0.027024554,False,0.09092947,False,stabilized_flow_log_feature
2025-06-09 22:45:00,0.058533173,False,test,0.029978266,False,0.030973239,False,0.11464802,False,stabilized_flow_log_feature
2025-06-10 10:45:00,0.055118516,False,test,0.031128803,False,0.031334113,False,0.102892615,False,stabilized_flow_log_feature
2025-06-10 22:45:00,0.054094307,False,test,0.028881771,False,0.031023772,False,0.102377385,False,stabilized_flow_log_feature
2025-06-11 10:45:00,0.058170088,False,test,0.033386577,False,0.031675808,False,0.10944789,False,stabilized_flow_log_feature
2025-06-11 22:45:00,0.060422856,False,test,0.03349305,False,0.030610517,False,0.11716501,False,stabilized_flow_log_feature
2025-06-12 10:45:00,0.06063903,False,test,0.035308857,False,0.035721432,False,0.11088679,False,stabilized_flow_log_feature
2025-06-12 22:45:00,0.054801002,False,test,0.030700648,False,0.028301587,False,0.10540077,False,stabilized_flow_log_feature
2025-06-13 10:45:00,0.063066095,False,test,0.031804122,False,0.03320732,False,0.12418685,False,stabilized_flow_log_feature
2025-06-13 22:45:00,0.059408374,False,test,0.03271593,False,0.029722722,False,0.11578646,False,stabilized_flow_log_feature
2025-06-14 10:45:00,0.051402863,False,test,0.028106319,False,0.025629282,False,0.100472994,False,stabilized_flow_log_feature
2025-06-14 22:45:00,0.06482728,False,test,0.02761433,False,0.0333532,False,0.13351431,False,stabilized_flow_log_feature
2025-06-15 10:45:00,0.07057238,False,test,0.030742833,False,0.039955616,False,0.14101867,False,stabilized_flow_log_feature
2025-06-15 22:45:00,0.067807704,False,test,0.029749021,False,0.043804806,False,0.1298693,False,stabilized_flow_log_feature
2025-06-16 10:45:00,0.06635252,False,test,0.022604637,False,0.04463227,False,0.13182066,False,stabilized_flow_log_feature
2025-06-16 22:45:00,0.05043569,False,test,0.018943282,False,0.03890741,False,0.093456365,False,stabilized_flow_log_feature
2025-06-17 10:45:00,0.056444798,False,test,0.021606823,False,0.039424267,False,0.10830331,False,stabilized_flow_log_feature
2025-06-17 22:45:00,0.07078457,False,test,0.035624895,False,0.052770864,False,0.12395791,False,stabilized_flow_log_feature
2025-06-18 10:45:00,0.06481311,False,test,0.03037286,False,0.045723516,False,0.11834294,False,stabilized_flow_log_feature
2025-06-18 22:45:00,0.059315283,False,test,0.033740867,False,0.03925423,False,0.10495076,False,stabilized_flow_log_feature
2025-06-19 10:45:00,0.04126023,False,test,0.040707577,False,0.021911545,False,0.061161574,False,stabilized_flow_log_feature
2025-06-19 22:45:00,0.09230212,False,test,0.069384776,False,0.029018953,False,0.17850263,False,stabilized_flow_log_feature
2025-06-20 10:45:00,0.09427789,False,test,0.07243191,False,0.029844081,False,0.18055765,False,stabilized_flow_log_feature
2025-06-20 22:45:00,0.03697024,False,test,0.037659906,False,0.016874567,False,0.056376245,False,stabilized_flow_log_feature
2025-06-21 10:45:00,0.02840582,False,test,0.029197887,False,0.013396523,False,0.042623043,False,stabilized_flow_log_feature
2025-06-21 22:45:00,0.033193596,False,test,0.028517904,False,0.013600287,False,0.057462588,False,stabilized_flow_log_feature
2025-06-22 10:45:00,0.03647728,False,test,0.03364629,False,0.014535918,False,0.061249625,False,stabilized_flow_log_feature
2025-06-22 22:45:00,0.030825347,False,test,0.026414044,False,0.015558965,False,0.05050303,False,stabilized_flow_log_feature
2025-06-23 10:45:00,0.03099932,False,test,0.028009385,False,0.015610148,False,0.049378425,False,stabilized_flow_log_feature
2025-06-23 22:45:00,0.035277877,False,test,0.03385421,False,0.01578345,False,0.05619597,False,stabilized_flow_log_feature
2025-06-24 10:45:00,0.040333875,False,test,0.040029947,False,0.016238447,False,0.06473324,False,stabilized_flow_log_feature
2025-06-24 22:45:00,0.041471515,False,test,0.040179078,False,0.014842491,False,0.06939298,False,stabilized_flow_log_feature
2025-06-25 10:45:00,0.030976474,False,test,0.023619903,False,0.015643291,False,0.053666238,False,stabilized_flow_log_feature
2025-06-25 22:45:00,0.030629452,False,test,0.02284795,False,0.01574834,False,0.05329207,False,stabilized_flow_log_feature
2025-06-26 10:45:00,0.029200617,False,test,0.01958768,False,0.01225007,False,0.055764105,False,stabilized_flow_log_feature
2025-06-26 22:45:00,0.026364371,False,test,0.020554474,False,0.01585337,False,0.04268527,False,stabilized_flow_log_feature
2025-06-27 10:45:00,0.027062628,False,test,0.021759875,False,0.020558001,False,0.03887001,False,stabilized_flow_log_feature
2025-06-27 22:45:00,0.030966828,False,test,0.030657275,False,0.015873643,False,0.046369556,False,stabilized_flow_log_feature
2025-06-28 10:45:00,0.04343213,False,test,0.030434279,False,0.02437482,False,0.07548731,False,stabilized_flow_log_feature
2025-06-28 22:45:00,0.04681867,False,test,0.024431154,False,0.02990825,False,0.08611662,False,stabilized_flow_log_feature
2025-06-29 10:45:00,0.039439887,False,test,0.029471735,False,0.021560311,False,0.06728762,False,stabilized_flow_log_feature
2025-06-29 22:45:00,0.08264035,False,test,0.04475689,False,0.039336395,False,0.16382776,False,stabilized_flow_log_feature
2025-06-30 10:45:00,0.10571103,False,test,0.044376716,False,0.05758813,False,0.21516824,False,stabilized_flow_log_feature
2025-06-30 22:45:00,0.23633535,False,test,0.21574835,False,0.08051034,False,0.41274738,False,stabilized_flow_log_feature
2025-07-01 10:45:00,0.24553905,False,test,0.21662581,False,0.10215142,False,0.41783997,False,stabilized_flow_log_feature
2025-07-01 22:45:00,0.16803975,False,test,0.1862856,False,0.07608757,False,0.24174608,False,stabilized_flow_log_feature
2025-07-02 10:45:00,0.10393166,False,test,0.1452681,False,0.035522435,False,0.13100444,False,supply_temp_c
2025-07-02 22:45:00,0.07268205,False,test,0.10643617,False,0.033239882,False,0.07837009,False,supply_temp_c
2025-07-03 10:45:00,0.047882095,False,test,0.045555353,False,0.025946056,False,0.07214489,False,stabilized_flow_log_feature
2025-07-03 22:45:00,0.033620227,False,test,0.02697171,False,0.020494642,False,0.053394336,False,stabilized_flow_log_feature
2025-07-04 10:45:00,0.045659624,False,test,0.029371968,False,0.028837519,False,0.07876939,False,stabilized_flow_log_feature
2025-07-04 22:45:00,0.053300556,False,test,0.025069268,False,0.03195663,False,0.10287576,False,stabilized_flow_log_feature
2025-07-05 10:45:00,0.04924821,False,test,0.02505046,False,0.024611441,False,0.09808274,False,stabilized_flow_log_feature
2025-07-05 22:45:00,0.042060357,False,test,0.025216693,False,0.022277074,False,0.07868729,False,stabilized_flow_log_feature
2025-07-06 10:45:00,0.04596428,False,test,0.031810485,False,0.027791174,False,0.07829117,False,stabilized_flow_log_feature
2025-07-06 22:45:00,0.07549248,False,test,0.043428253,False,0.05408516,False,0.12896404,False,stabilized_flow_log_feature
2025-07-07 10:45:00,0.1135025,False,test,0.04195128,False,0.100454636,False,0.1981016,False,stabilized_flow_log_feature
2025-07-07 22:45:00,0.11013792,False,test,0.062618606,False,0.076231,False,0.19156416,False,stabilized_flow_log_feature
2025-07-08 10:45:00,0.19539547,False,test,0.12275363,False,0.063300185,False,0.40013263,False,stabilized_flow_log_feature
2025-07-08 22:45:00,0.18546577,False,test,0.1296366,False,0.06287977,False,0.36388096,False,stabilized_flow_log_feature
2025-07-09 10:45:00,0.037722982,False,test,0.01879497,False,0.027261546,False,0.06711242,False,stabilized_flow_log_feature
2025-07-09 22:45:00,0.061761048,False,test,0.06022582,False,0.032385882,False,0.09267145,False,stabilized_flow_log_feature
2025-07-10 10:45:00,0.09123876,False,test,0.12125436,False,0.038530197,False,0.11393171,False,supply_temp_c
2025-07-10 22:45:00,0.090091296,False,test,0.14601697,False,0.036353678,False,0.08790324,False,supply_temp_c
2025-07-11 10:45:00,0.07745544,False,test,0.12746315,False,0.03443296,False,0.07047021,False,supply_temp_c
2025-07-11 22:45:00,0.07425456,False,test,0.12107814,False,0.03525318,False,0.066432364,False,supply_temp_c
2025-07-12 10:45:00,0.073598474,False,test,0.11546192,False,0.03266464,False,0.07266889,False,supply_temp_c
2025-07-12 22:45:00,0.07815165,False,test,0.12109017,False,0.03262344,False,0.08074132,False,supply_temp_c
2025-07-13 10:45:00,0.078692734,False,test,0.1355494,False,0.034802962,False,0.065725826,False,supply_temp_c
2025-07-13 22:45:00,0.0712191,False,test,0.12516208,False,0.03127383,False,0.057221413,False,supply_temp_c
2025-07-14 10:45:00,0.06956069,False,test,0.115367986,False,0.03092148,False,0.06239262,False,supply_temp_c
2025-07-14 22:45:00,0.07317856,False,test,0.122751914,False,0.031790305,False,0.06499343,False,supply_temp_c
2025-07-15 10:45:00,0.07626634,False,test,0.12912154,False,0.032532852,False,0.06714464,False,supply_temp_c
