window_start,reconstruction_mse,is_reconstruction_anomaly,split,supply_temp_c_reconstruction_mse,is_supply_temp_c_channel_anomaly,return_temp_c_reconstruction_mse,is_return_temp_c_channel_anomaly,stabilized_flow_log_feature_reconstruction_mse,is_stabilized_flow_log_feature_channel_anomaly,dominant_anomalous_feature
2024-01-03 20:00:00,0.13172804,False,train,0.16449498,False,0.14160907,False,0.089080036,False,supply_temp_c
2024-01-04 08:00:00,0.1340259,False,train,0.15642156,False,0.15452917,False,0.091127,False,supply_temp_c
2024-01-04 20:00:00,0.14688642,False,train,0.1742961,False,0.17243727,False,0.09392592,False,supply_temp_c
2024-01-05 08:00:00,0.14286423,False,train,0.19450201,False,0.14321196,False,0.09087867,False,supply_temp_c
2024-01-05 20:00:00,0.11472956,False,train,0.14042465,False,0.1200175,False,0.083746515,False,supply_temp_c
2024-01-06 08:00:00,0.11194556,False,train,0.11442784,False,0.12851778,False,0.0928911,False,return_temp_c
2024-01-06 20:00:00,0.107356034,False,train,0.123423554,False,0.10931397,False,0.08933058,False,supply_temp_c
2024-01-07 08:00:00,0.15578756,False,train,0.16349448,False,0.16247277,False,0.14139546,False,supply_temp_c
2024-01-07 20:00:00,0.19622618,False,train,0.27049735,False,0.18046995,False,0.13771117,False,supply_temp_c
2024-01-08 08:00:00,0.1575452,False,train,0.23372824,False,0.1277793,False,0.11112803,False,supply_temp_c
2024-01-08 20:00:00,0.12541346,False,train,0.17826371,False,0.10600993,False,0.091966726,False,supply_temp_c
2024-01-09 08:00:00,0.12401533,False,train,0.12274009,False,0.15584536,False,0.09346058,False,return_temp_c
2024-01-09 20:00:00,0.12955485,False,train,0.16501248,False,0.14834934,False,0.07530274,False,supply_temp_c
2024-01-10 08:00:00,0.1514539,False,train,0.23074155,False,0.13735963,False,0.086260505,False,supply_temp_c
2024-01-10 20:00:00,0.13505882,False,train,0.19407861,False,0.12072489,False,0.09037295,False,supply_temp_c
2024-01-11 08:00:00,0.1211821,False,train,0.1145606,False,0.14976376,False,0.099221915,False,return_temp_c
2024-01-11 20:00:00,0.12686576,False,train,0.13013344,False,0.14417571,False,0.10628813,False,return_temp_c
2024-01-12 08:00:00,0.14208585,False,train,0.16363288,False,0.15049393,False,0.11213073,False,supply_temp_c
2024-01-12 20:00:00,0.13480045,False,train,0.1599796,False,0.1408649,False,0.10355685,False,supply_temp_c
2024-01-13 08:00:00,0.13648467,False,train,0.11556727,False,0.17784499,False,0.11604174,False,return_temp_c
2024-01-13 20:00:00,0.15417694,False,train,0.14086588,False,0.19016345,False,0.13150148,False,return_temp_c
2024-01-14 08:00:00,0.17058863,False,train,0.20528893,False,0.16437744,False,0.14209953,False,supply_temp_c
2024-01-14 20:00:00,0.16322759,False,train,0.21149047,False,0.14648484,False,0.13170746,False,supply_temp_c
2024-01-15 08:00:00,0.180384,False,train,0.22895007,False,0.15985763,False,0.1523443,False,supply_temp_c
2024-01-15 20:00:00,0.1788115,False,train,0.2572066,False,0.13170029,False,0.14752766,False,supply_temp_c
2024-01-16 08:00:00,0.17148842,False,train,0.23655516,False,0.14206931,False,0.13584083,False,supply_temp_c
2024-01-16 20:00:00,0.14068931,False,train,0.19808865,False,0.12137637,False,0.102602966,False,supply_temp_c
2024-01-17 08:00:00,0.124020785,False,train,0.11116453,False,0.12935065,False,0.13154723,False,stabilized_flow_log_feature
2024-01-17 20:00:00,0.117308155,False,train,0.14380954,False,0.10208684,False,0.10602809,False,supply_temp_c
2024-01-18 08:00:00,0.13834782,False,train,0.20549183,False,0.099304415,False,0.110247225,False,supply_temp_c
2024-01-18 20:00:00,0.124301046,False,train,0.16313326,False,0.10923272,False,0.100537114,False,supply_temp_c
2024-01-19 08:00:00,0.1252805,False,train,0.13766374,False,0.12911569,False,0.10906207,False,supply_temp_c
2024-01-19 20:00:00,0.124547005,False,train,0.1451418,False,0.12571713,False,0.10278207,False,supply_temp_c
2024-01-20 08:00:00,0.13066489,False,train,0.13362512,False,0.14634456,False,0.112025,False,return_temp_c
2024-01-20 20:00:00,0.11586462,False,train,0.14773697,False,0.105424665,False,0.094432265,False,supply_temp_c
2024-01-21 08:00:00,0.12465012,False,train,0.16344543,False,0.11335946,False,0.09714547,False,supply_temp_c
2024-01-21 20:00:00,0.12946147,False,train,0.1668051,False,0.11942338,False,0.102155976,False,supply_temp_c
2024-01-23 08:00:00,0.15664056,False,train,0.23117132,False,0.12079429,False,0.11795608,False,supply_temp_c
2024-01-23 20:00:00,0.1458515,False,train,0.24483131,False,0.10176978,False,0.09095335,False,supply_temp_c
2024-01-24 08:00:00,0.15797716,False,train,0.22091217,False,0.16163766,False,0.0913816,False,supply_temp_c
2024-01-24 20:00:00,0.15004387,False,train,0.21179156,False,0.14334773,False,0.09499235,False,supply_temp_c
2024-01-25 08:00:00,0.1543164,False,train,0.2458725,False,0.10543048,False,0.111646265,False,supply_temp_c
2024-01-25 20:00:00,0.16282585,False,train,0.28198656,False,0.11011401,False,0.09637696,False,supply_temp_c
2024-01-26 08:00:00,0.15360835,False,train,0.22996719,False,0.1262583,False,0.104599565,False,supply_temp_c
2024-01-26 20:00:00,0.12493566,False,train,0.17511849,False,0.10190307,False,0.097785436,False,supply_temp_c
2024-01-27 08:00:00,0.113025494,False,train,0.13841496,False,0.080559395,False,0.12010213,False,supply_temp_c
2024-01-27 20:00:00,0.113425456,False,train,0.13441452,False,0.10407272,False,0.10178912,False,supply_temp_c
2024-01-28 08:00:00,0.13579993,False,train,0.16099645,False,0.15321217,False,0.09319115,False,supply_temp_c
2024-01-28 20:00:00,0.11598635,False,train,0.14693056,False,0.11195978,False,0.08906868,False,supply_temp_c
2024-01-29 08:00:00,0.13321367,False,train,0.16176295,False,0.14697067,False,0.09090736,False,supply_temp_c
2024-01-29 20:00:00,0.14233062,False,train,0.1803809,False,0.15458159,False,0.092029355,False,supply_temp_c
2024-01-30 08:00:00,0.15344056,False,train,0.18383081,False,0.17669924,False,0.099791646,False,supply_temp_c
2024-01-30 20:00:00,0.11806634,False,train,0.16550457,False,0.13865599,False,0.05003846,False,supply_temp_c
2024-01-31 08:00:00,0.17630853,False,train,0.14646503,False,0.17328577,False,0.20917483,False,stabilized_flow_log_feature
2024-01-31 20:00:00,0.19704112,False,train,0.2146881,False,0.17643207,False,0.20000322,False,supply_temp_c
2024-02-01 08:00:00,0.16401441,False,train,0.23933834,False,0.15291058,False,0.09979435,False,supply_temp_c
2024-02-01 20:00:00,0.16060762,False,train,0.21859737,False,0.18761474,False,0.07561074,False,supply_temp_c
2024-02-02 08:00:00,0.16348572,False,train,0.21622759,False,0.18818802,False,0.08604159,False,supply_temp_c
2024-02-02 20:00:00,0.15170726,False,train,0.23550546,False,0.15158647,False,0.06802986,False,supply_temp_c
2024-02-03 08:00:00,0.1838343,False,train,0.2700774,False,0.20935641,False,0.072069116,False,supply_temp_c
2024-02-03 20:00:00,0.16940945,False,train,0.2164055,False,0.2165394,False,0.075283445,False,return_temp_c
2024-02-04 08:00:00,0.16145158,False,train,0.23711145,False,0.1401437,False,0.107099615,False,supply_temp_c
2024-02-04 20:00:00,0.16151674,False,train,0.20214671,False,0.14024818,False,0.14215533,False,supply_temp_c
2024-02-05 08:00:00,0.198108,False,train,0.22476137,False,0.18903084,False,0.18053176,False,supply_temp_c
2024-02-05 20:00:00,0.24153334,False,train,0.28054416,False,0.27931944,False,0.1647364,False,supply_temp_c
2024-02-06 08:00:00,0.20316514,False,train,0.19303818,False,0.26555872,False,0.15089853,False,return_temp_c
2024-02-06 20:00:00,0.1315363,False,train,0.16420862,False,0.14273244,False,0.08766788,False,supply_temp_c
2024-02-07 08:00:00,0.17407304,False,train,0.23258387,False,0.19764823,False,0.091987036,False,supply_temp_c
2024-02-07 20:00:00,0.16871642,False,train,0.21922415,False,0.17978065,False,0.107144475,False,supply_temp_c
2024-02-08 08:00:00,0.15628232,False,train,0.18514496,False,0.18456364,False,0.09913832,False,supply_temp_c
2024-02-08 20:00:00,0.13712633,False,train,0.16940363,False,0.16856308,False,0.07341225,False,supply_temp_c
2024-02-09 08:00:00,0.13163576,False,train,0.14891209,False,0.16648541,False,0.07950979,False,return_temp_c
2024-02-09 20:00:00,0.114907995,False,train,0.12637807,False,0.15718444,False,0.06116146,False,return_temp_c
2024-02-10 08:00:00,0.1137523,False,train,0.10469542,False,0.16647208,False,0.07008938,False,return_temp_c
2024-02-10 20:00:00,0.11197412,False,train,0.11390493,False,0.15706015,False,0.0649573,False,return_temp_c
2024-02-11 08:00:00,0.11029598,False,train,0.096339196,False,0.16236678,False,0.072181955,False,return_temp_c
2024-02-11 20:00:00,0.10810821,False,train,0.097559266,False,0.16771509,False,0.05905028,False,return_temp_c
2024-02-12 08:00:00,0.11483514,False,train,0.11838737,False,0.16054945,False,0.06556861,False,return_temp_c
2024-02-12 20:00:00,0.2173612,False,train,0.1636603,False,0.22528924,False,0.26313406,False,stabilized_flow_log_feature
2024-02-13 08:00:00,0.24759799,False,train,0.20404671,False,0.24688505,False,0.29186216,False,stabilized_flow_log_feature
2024-02-13 20:00:00,0.19966526,False,train,0.21301587,False,0.2029652,False,0.18301474,False,supply_temp_c
2024-02-14 08:00:00,0.1967293,False,train,0.21909803,False,0.2260015,False,0.14508837,False,return_temp_c
2024-02-14 20:00:00,0.19271734,False,train,0.21317142,False,0.21918206,False,0.14579849,False,return_temp_c
2024-02-15 08:00:00,0.19909827,False,train,0.24571617,False,0.19515812,False,0.15642051,False,supply_temp_c
2024-02-15 20:00:00,0.18569545,False,train,0.2243176,False,0.19231135,False,0.1404574,False,supply_temp_c
2024-02-16 08:00:00,0.16915824,False,train,0.17772089,False,0.21000718,False,0.11974671,False,return_temp_c
2024-02-16 20:00:00,0.16171695,False,train,0.15907143,False,0.1972787,False,0.12880075,False,return_temp_c
2024-02-17 08:00:00,0.2025619,False,train,0.23663676,False,0.22117555,False,0.1498734,False,supply_temp_c
2024-02-17 20:00:00,0.18725489,False,train,0.22202444,False,0.20078135,False,0.1389589,False,supply_temp_c
2024-02-18 08:00:00,0.14713539,False,train,0.16032322,False,0.17725515,False,0.1038278,False,return_temp_c
2024-02-18 20:00:00,0.14652064,False,train,0.15086202,False,0.16890688,False,0.119793005,False,return_temp_c
2024-02-19 08:00:00,0.11475948,False,train,0.08262066,False,0.12889262,False,0.13276517,False,stabilized_flow_log_feature
2024-02-19 20:00:00,0.13197617,False,train,0.11333584,False,0.12584803,False,0.15674464,False,stabilized_flow_log_feature
2024-02-20 08:00:00,0.16213986,False,train,0.17152838,False,0.17685701,False,0.1380342,False,return_temp_c
2024-02-20 20:00:00,0.17473681,False,train,0.18315439,False,0.18378782,False,0.15726827,False,return_temp_c
2024-02-21 08:00:00,0.16776259,False,train,0.18652926,False,0.19436733,False,0.12239123,False,return_temp_c
2024-02-21 20:00:00,0.15242833,False,train,0.15129036,False,0.17486791,False,0.13112672,False,return_temp_c
2024-02-22 08:00:00,0.15545632,False,train,0.16735794,False,0.16018024,False,0.13883081,False,supply_temp_c
2024-02-22 20:00:00,0.13646592,False,train,0.13794829,False,0.13539864,False,0.13605082,False,supply_temp_c
2024-02-23 08:00:00,0.123515144,False,train,0.11757346,False,0.1362973,False,0.11667466,False,return_temp_c
2024-02-23 20:00:00,0.115356974,False,train,0.11533794,False,0.12202364,False,0.108709335,False,return_temp_c
2024-02-24 08:00:00,0.10229027,False,train,0.09379505,False,0.1120465,False,0.10102927,False,return_temp_c
2024-02-24 20:00:00,0.114528894,False,train,0.096634425,False,0.12519687,False,0.121755384,False,return_temp_c
2024-02-25 08:00:00,0.15702987,False,train,0.16071105,False,0.17157568,False,0.13880286,False,return_temp_c
2024-02-25 20:00:00,0.15649535,False,train,0.15136363,False,0.17538293,False,0.14273943,False,return_temp_c
2024-02-26 08:00:00,0.13620755,False,train,0.14202449,False,0.14113837,False,0.12545982,False,supply_temp_c
2024-02-26 20:00:00,0.14374138,False,train,0.15625452,False,0.15436165,False,0.12060803,False,supply_temp_c
2024-02-27 08:00:00,0.13882309,False,train,0.14438422,False,0.14348795,False,0.12859717,False,supply_temp_c
2024-02-27 20:00:00,0.1405231,False,train,0.14339727,False,0.14756222,False,0.1306098,False,return_temp_c
2024-02-28 08:00:00,0.14126158,False,train,0.1411794,False,0.16997473,False,0.11263066,False,return_temp_c
2024-02-28 20:00:00,0.13572003,False,train,0.12805723,False,0.17301816,False,0.1060847,False,return_temp_c
2024-02-29 08:00:00,0.13762237,False,train,0.11230853,False,0.18806805,False,0.112490535,False,return_temp_c
2024-02-29 20:00:00,0.12778236,False,train,0.091687135,False,0.17067404,False,0.12098584,False,return_temp_c
2024-03-01 08:00:00,0.12919815,False,train,0.13702703,False,0.13694681,False,0.11362062,False,supply_temp_c
2024-03-01 20:00:00,0.14282735,False,train,0.17352535,False,0.1284212,False,0.12653548,False,supply_temp_c
2024-03-02 08:00:00,0.16436368,False,train,0.20263533,False,0.16607523,False,0.12438053,False,supply_temp_c
2024-03-02 20:00:00,0.14072818,False,train,0.14158817,False,0.14258908,False,0.13800733,False,return_temp_c
2024-03-03 08:00:00,0.14134315,False,train,0.17170535,False,0.1531265,False,0.09919762,False,supply_temp_c
2024-03-03 20:00:00,0.30530697,False,train,0.37718812,False,0.33648953,False,0.20224322,False,supply_temp_c
2024-03-04 08:00:00,0.32880092,False,train,0.35563147,False,0.43481645,False,0.19595484,False,return_temp_c
2024-03-04 20:00:00,0.19580287,False,train,0.1436236,False,0.24853499,False,0.19524999,False,return_temp_c
2024-03-05 08:00:00,0.17216672,False,train,0.18004559,False,0.13468798,False,0.20176657,False,stabilized_flow_log_feature
2024-03-05 20:00:00,0.1542387,False,train,0.15669785,False,0.16097234,False,0.14504595,False,return_temp_c
2024-03-06 08:00:00,0.13205375,False,train,0.13500084,False,0.14179671,False,0.11936369,False,return_temp_c
2024-03-06 20:00:00,0.12268081,False,train,0.1126914,False,0.13339956,False,0.12195149,False,return_temp_c
2024-03-07 08:00:00,0.1537353,False,train,0.1755193,False,0.16581787,False,0.11986867,False,supply_temp_c
2024-03-07 20:00:00,0.15674555,False,train,0.18702258,False,0.14486474,False,0.13834931,False,supply_temp_c
2024-03-08 08:00:00,0.13140269,False,train,0.12396739,False,0.14691354,False,0.123327136,False,return_temp_c
2024-03-08 20:00:00,0.12880154,False,train,0.12194118,False,0.1544468,False,0.11001668,False,return_temp_c
2024-03-09 08:00:00,0.15181182,False,train,0.17598017,False,0.16612965,False,0.113325685,False,supply_temp_c
2024-03-09 20:00:00,0.15461874,False,train,0.1641825,False,0.12273085,False,0.17694288,False,stabilized_flow_log_feature
2024-03-10 08:00:00,0.15237576,False,train,0.16267562,False,0.14887044,False,0.14558128,False,supply_temp_c
2024-03-10 20:00:00,0.1464312,False,train,0.14703858,False,0.13530178,False,0.15695316,False,stabilized_flow_log_feature
2024-03-11 08:00:00,0.21281236,False,train,0.25333622,False,0.20585652,False,0.1792444,False,supply_temp_c
2024-03-11 20:00:00,0.19257542,False,train,0.22847135,False,0.16119564,False,0.18805932,False,supply_temp_c
2024-03-12 08:00:00,0.15982917,False,train,0.15715425,False,0.12774704,False,0.1945862,False,stabilized_flow_log_feature
2024-03-12 20:00:00,0.22857077,False,train,0.22152936,False,0.22915061,False,0.23503236,False,stabilized_flow_log_feature
2024-03-13 08:00:00,0.24507512,False,train,0.27557948,False,0.2340809,False,0.22556503,False,supply_temp_c
2024-03-13 20:00:00,0.18857777,False,train,0.2095983,False,0.15990919,False,0.19622582,False,supply_temp_c
2024-03-14 08:00:00,0.18239169,False,train,0.15706842,False,0.20961761,False,0.18048902,False,return_temp_c
2024-03-14 20:00:00,0.16046618,False,train,0.12875168,False,0.17686082,False,0.17578606,False,return_temp_c
2024-03-15 08:00:00,0.17665519,False,train,0.19131376,False,0.16970907,False,0.16894267,False,supply_temp_c
2024-03-15 20:00:00,0.18589936,False,train,0.17325033,False,0.19277352,False,0.19167428,False,return_temp_c
2024-03-16 08:00:00,0.16272946,False,train,0.13118257,False,0.18083864,False,0.17616719,False,return_temp_c
2024-03-16 20:00:00,0.14593464,False,train,0.114848755,False,0.13627766,False,0.18667753,False,stabilized_flow_log_feature
2024-03-17 08:00:00,0.15700358,False,train,0.15774684,False,0.12750076,False,0.1857632,False,stabilized_flow_log_feature
2024-03-17 20:00:00,0.17485027,False,train,0.17288323,False,0.15383005,False,0.19783749,False,stabilized_flow_log_feature
2024-03-18 08:00:00,0.15553534,False,train,0.18281405,False,0.12037113,False,0.16342084,False,supply_temp_c
2024-03-18 20:00:00,0.17437756,False,train,0.1913972,False,0.13197531,False,0.19976018,False,stabilized_flow_log_feature
2024-03-19 08:00:00,0.16260044,False,train,0.14679824,False,0.13098766,False,0.21001542,False,stabilized_flow_log_feature
2024-03-19 20:00:00,0.12960693,False,train,0.14555676,False,0.10903654,False,0.13422756,False,supply_temp_c
2024-03-20 08:00:00,0.14056334,False,train,0.122311056,False,0.15620925,False,0.14316969,False,return_temp_c
2024-03-20 20:00:00,0.10880726,False,train,0.090949096,False,0.1148473,False,0.12062534,False,stabilized_flow_log_feature
2024-03-21 08:00:00,0.12502578,False,train,0.085765354,False,0.14422518,False,0.14508678,False,stabilized_flow_log_feature
2024-03-21 20:00:00,0.14124686,False,train,0.12457231,False,0.112899624,False,0.18626864,False,stabilized_flow_log_feature
2024-03-22 08:00:00,0.1545816,False,train,0.15234987,False,0.12035945,False,0.19103552,False,stabilized_flow_log_feature
2024-03-22 20:00:00,0.1290962,False,train,0.13189743,False,0.116920285,False,0.13847087,False,stabilized_flow_log_feature
2024-03-23 08:00:00,0.13725911,False,train,0.15031254,False,0.1296394,False,0.13182536,False,supply_temp_c
2024-03-23 20:00:00,0.13925532,False,train,0.16435373,False,0.111670084,False,0.14174208,False,supply_temp_c
2024-03-24 08:00:00,0.17361929,False,train,0.19658047,False,0.15075867,False,0.1735187,False,supply_temp_c
2024-03-24 20:00:00,0.1669293,False,train,0.20309365,False,0.12943585,False,0.16825838,False,supply_temp_c
2024-03-25 08:00:00,0.18468855,False,train,0.24383141,False,0.15774506,False,0.15248919,False,supply_temp_c
2024-03-25 20:00:00,0.16176203,False,train,0.21018368,False,0.1360511,False,0.13905129,False,supply_temp_c
2024-03-26 08:00:00,0.15570417,False,train,0.19210352,False,0.12700835,False,0.14800064,False,supply_temp_c
2024-03-26 20:00:00,0.15481904,False,train,0.18506022,False,0.12336104,False,0.15603589,False,supply_temp_c
2024-03-27 08:00:00,0.16142434,False,train,0.18859315,False,0.1185225,False,0.1771573,False,supply_temp_c
2024-03-27 20:00:00,0.17026275,False,train,0.19294308,False,0.13145122,False,0.1863939,False,supply_temp_c
2024-03-28 08:00:00,0.18060899,False,train,0.14861238,False,0.18797661,False,0.20523794,False,stabilized_flow_log_feature
2024-03-28 20:00:00,0.16919056,False,train,0.1742152,False,0.16299362,False,0.17036282,False,supply_temp_c
2024-03-29 08:00:00,0.16962092,False,train,0.20015986,False,0.14743741,False,0.16126543,False,supply_temp_c
2024-03-29 20:00:00,0.15008289,False,train,0.16913779,False,0.12149293,False,0.15961796,False,supply_temp_c
2024-03-30 08:00:00,0.16128938,False,train,0.17469998,False,0.13930929,False,0.16985883,False,supply_temp_c
2024-03-30 20:00:00,0.15029621,False,train,0.2031127,False,0.107193194,False,0.14058273,False,supply_temp_c
2024-03-31 08:00:00,0.14028978,False,train,0.16446333,False,0.10897642,False,0.14742962,False,supply_temp_c
2024-03-31 20:00:00,0.13236035,False,train,0.14644848,False,0.11194416,False,0.1386884,False,supply_temp_c
2024-04-01 08:00:00,0.14458211,False,train,0.14290869,False,0.14903343,False,0.14180416,False,return_temp_c
2024-04-01 20:00:00,0.15837173,False,train,0.15497363,False,0.15858094,False,0.16156058,False,stabilized_flow_log_feature
2024-04-02 08:00:00,0.15394054,False,train,0.14968546,False,0.1600612,False,0.15207495,False,return_temp_c
2024-04-02 20:00:00,0.13463804,False,train,0.11996496,False,0.14746241,False,0.13648675,False,return_temp_c
2024-04-03 08:00:00,0.12855437,False,train,0.10488093,False,0.12017564,False,0.1606065,False,stabilized_flow_log_feature
2024-04-03 20:00:00,0.30792403,False,train,0.15901263,False,0.5037095,True,0.26105002,False,return_temp_c
2024-04-04 08:00:00,0.3511789,False,train,0.2270691,False,0.56145436,True,0.2650133,False,return_temp_c
2024-04-04 20:00:00,0.1812672,False,train,0.23804927,False,0.15376866,False,0.1519837,False,supply_temp_c
2024-04-05 08:00:00,0.20108877,False,train,0.31272963,False,0.13884975,False,0.15168694,False,supply_temp_c
2024-04-05 20:00:00,0.21898966,False,train,0.3374987,False,0.13986547,False,0.17960477,False,supply_temp_c
2024-04-06 08:00:00,0.21707258,False,train,0.28093284,False,0.1658756,False,0.20440929,False,supply_temp_c
2024-04-06 20:00:00,0.18908826,False,train,0.25260642,False,0.12940092,False,0.18525739,False,supply_temp_c
2024-04-07 08:00:00,0.19768158,False,train,0.2526361,False,0.15405507,False,0.18635358,False,supply_temp_c
2024-04-07 20:00:00,0.19610944,False,train,0.27141154,False,0.15354376,False,0.163373,False,supply_temp_c
2024-04-08 08:00:00,0.20747885,False,train,0.27945614,False,0.17356211,False,0.16941828,False,supply_temp_c
2024-04-08 20:00:00,0.18570378,False,train,0.25138742,False,0.12434345,False,0.1813805,False,supply_temp_c
2024-04-09 08:00:00,0.17765078,False,train,0.22124296,False,0.14457385,False,0.16713552,False,supply_temp_c
2024-04-09 20:00:00,0.17859353,False,train,0.21713726,False,0.14058459,False,0.1780588,False,supply_temp_c
2024-04-10 08:00:00,0.16957887,False,train,0.20771603,False,0.1102946,False,0.190726,False,supply_temp_c
2024-04-10 20:00:00,0.14105576,False,train,0.17062871,False,0.10387117,False,0.14866738,False,supply_temp_c
2024-04-11 08:00:00,0.15113616,False,train,0.17857508,False,0.10014421,False,0.17468919,False,supply_temp_c
2024-04-11 20:00:00,0.14102495,False,train,0.19490473,False,0.10031087,False,0.12785925,False,supply_temp_c
2024-04-12 08:00:00,0.15949802,False,train,0.22510608,False,0.11963024,False,0.13375771,False,supply_temp_c
2024-04-12 20:00:00,0.15320486,False,train,0.25477841,False,0.092218556,False,0.11261759,False,supply_temp_c
2024-04-13 08:00:00,0.15090697,False,train,0.2043143,False,0.094290264,False,0.15411629,False,supply_temp_c
2024-04-13 20:00:00,0.14884767,False,train,0.20983446,False,0.08752673,False,0.14918183,False,supply_temp_c
2024-04-14 08:00:00,0.15110809,False,train,0.20940273,False,0.10512946,False,0.13879208,False,supply_temp_c
2024-04-14 20:00:00,0.1381554,False,train,0.21171586,False,0.08319997,False,0.119550355,False,supply_temp_c
2024-04-15 08:00:00,0.13846838,False,train,0.18052225,False,0.09957403,False,0.1353089,False,supply_temp_c
2024-04-15 20:00:00,0.12856227,False,train,0.1864325,False,0.07163829,False,0.12761597,False,supply_temp_c
2024-04-16 08:00:00,0.13734587,False,train,0.15599076,False,0.10791135,False,0.14813548,False,supply_temp_c
2024-04-16 20:00:00,0.12732743,False,train,0.14366165,False,0.09051207,False,0.1478086,False,stabilized_flow_log_feature
2024-04-17 08:00:00,0.15712675,False,train,0.19387925,False,0.12351485,False,0.15398623,False,supply_temp_c
2024-04-17 20:00:00,0.13443983,False,train,0.18793416,False,0.07834187,False,0.13704348,False,supply_temp_c
2024-04-18 08:00:00,0.14050193,False,train,0.1853332,False,0.07720523,False,0.15896738,False,supply_temp_c
2024-04-18 20:00:00,0.124584146,False,train,0.1547259,False,0.06913092,False,0.14989562,False,supply_temp_c
2024-04-19 08:00:00,0.12230306,False,train,0.13013159,False,0.08457733,False,0.15220027,False,stabilized_flow_log_feature
2024-04-19 20:00:00,0.11641693,False,train,0.12211857,False,0.0783294,False,0.14880282,False,stabilized_flow_log_feature
2024-04-20 08:00:00,0.12546639,False,train,0.15074642,False,0.07796077,False,0.147692,False,supply_temp_c
2024-04-20 20:00:00,0.122218795,False,train,0.12765475,False,0.10111604,False,0.1378856,False,stabilized_flow_log_feature
2024-04-21 08:00:00,0.12218674,False,train,0.13296063,False,0.108564325,False,0.1250353,False,supply_temp_c
2024-04-21 20:00:00,0.114674345,False,train,0.09772661,False,0.11462129,False,0.13167514,False,stabilized_flow_log_feature
2024-04-22 08:00:00,0.1389702,False,train,0.14784656,False,0.13170825,False,0.13735579,False,supply_temp_c
2024-04-22 20:00:00,0.13639964,False,train,0.15263338,False,0.12882046,False,0.12774505,False,supply_temp_c
2024-04-23 08:00:00,0.15052676,False,train,0.22235346,False,0.1160697,False,0.113157146,False,supply_temp_c
2024-04-23 20:00:00,0.13174844,False,train,0.22640312,False,0.09896391,False,0.06987832,False,supply_temp_c
2024-04-24 08:00:00,0.13201421,False,train,0.22511555,False,0.07685938,False,0.09406772,False,supply_temp_c
2024-04-24 20:00:00,0.12721132,False,train,0.207175,False,0.09110931,False,0.08334962,False,supply_temp_c
2024-04-25 08:00:00,0.14522897,False,train,0.22333328,False,0.10886842,False,0.1034852,False,supply_temp_c
2024-04-25 20:00:00,0.119340725,False,train,0.20206217,False,0.06650392,False,0.089456104,False,supply_temp_c
2024-04-26 08:00:00,0.1328469,False,train,0.20691793,False,0.09228885,False,0.09933395,False,supply_temp_c
2024-04-26 20:00:00,0.1147311,False,train,0.1923632,False,0.070404656,False,0.08142548,False,supply_temp_c
2024-04-27 08:00:00,0.12649181,False,train,0.19844477,False,0.08554971,False,0.09548097,False,supply_temp_c
2024-04-27 20:00:00,0.10499187,False,train,0.1728435,False,0.07026356,False,0.071868554,False,supply_temp_c
2024-04-28 08:00:00,0.112461954,False,train,0.14637479,False,0.11383706,False,0.07717398,False,supply_temp_c
2024-04-28 20:00:00,0.21311502,False,train,0.2032922,False,0.20145373,False,0.23459907,False,stabilized_flow_log_feature
2024-04-29 08:00:00,0.256711,False,train,0.28123692,False,0.24953605,False,0.23936002,False,supply_temp_c
2024-04-29 20:00:00,0.18985924,False,train,0.26018673,False,0.19118513,False,0.11820587,False,supply_temp_c
2024-04-30 08:00:00,0.18180463,False,train,0.2822384,False,0.13220358,False,0.1309719,False,supply_temp_c
2024-04-30 20:00:00,0.1717094,False,train,0.27429155,False,0.11508412,False,0.12575258,False,supply_temp_c
2024-05-01 08:00:00,0.16764188,False,train,0.23314422,False,0.14220811,False,0.1275733,False,supply_temp_c
2024-05-01 20:00:00,0.15641819,False,train,0.24468862,False,0.1168031,False,0.107762836,False,supply_temp_c
2024-05-02 08:00:00,0.15273167,False,train,0.20298694,False,0.1205134,False,0.1346947,False,supply_temp_c
2024-05-02 20:00:00,0.13633567,False,train,0.18352954,False,0.1108116,False,0.11466589,False,supply_temp_c
2024-05-03 08:00:00,0.15331748,False,train,0.17289698,False,0.14892733,False,0.13812809,False,supply_temp_c
2024-05-03 20:00:00,0.16388068,False,train,0.23516609,False,0.12551083,False,0.1309651,False,supply_temp_c
2024-05-04 08:00:00,0.16346888,False,train,0.20996583,False,0.14169793,False,0.13874288,False,supply_temp_c
2024-05-04 20:00:00,0.1461385,False,train,0.2001617,False,0.1095332,False,0.1287206,False,supply_temp_c
2024-05-05 08:00:00,0.14670283,False,train,0.19693072,False,0.11386087,False,0.1293169,False,supply_temp_c
2024-05-05 20:00:00,0.18983279,False,train,0.22383626,False,0.116749085,False,0.22891307,False,stabilized_flow_log_feature
2024-05-06 08:00:00,0.2346371,False,train,0.27844152,False,0.1834658,False,0.24200404,False,supply_temp_c
2024-05-06 20:00:00,0.1990212,False,train,0.24366839,False,0.21288127,False,0.140514,False,supply_temp_c
2024-05-07 08:00:00,0.19596268,False,train,0.30609015,False,0.13978617,False,0.14201169,False,supply_temp_c
2024-05-07 20:00:00,0.15921265,False,train,0.25767902,False,0.11062663,False,0.10933226,False,supply_temp_c
2024-05-08 08:00:00,0.16170467,False,train,0.22982357,False,0.12451174,False,0.13077866,False,supply_temp_c
2024-05-08 20:00:00,0.17229035,False,train,0.28454173,False,0.108602285,False,0.123727016,False,supply_temp_c
2024-05-09 08:00:00,0.19891773,False,train,0.3402249,False,0.12353847,False,0.13298982,False,supply_temp_c
2024-05-09 20:00:00,0.15776283,False,train,0.22176756,False,0.11782625,False,0.13369475,False,supply_temp_c
2024-05-10 08:00:00,0.1550032,False,train,0.2077136,False,0.11480138,False,0.14249466,False,supply_temp_c
2024-05-10 20:00:00,0.1841664,False,train,0.25740454,False,0.13340074,False,0.16169399,False,supply_temp_c
2024-05-11 08:00:00,0.20508116,False,train,0.23581906,False,0.2004344,False,0.17899,False,supply_temp_c
2024-05-11 20:00:00,0.1813258,False,train,0.2275153,False,0.16442114,False,0.15204088,False,supply_temp_c
2024-05-12 08:00:00,0.21716586,False,train,0.27120754,False,0.20932455,False,0.17096548,False,supply_temp_c
2024-05-12 20:00:00,0.23907802,False,train,0.26424977,False,0.22681193,False,0.22617237,False,supply_temp_c
2024-05-13 08:00:00,0.25375548,False,train,0.30097258,False,0.2143858,False,0.24590813,False,supply_temp_c
2024-05-13 20:00:00,0.158432,False,train,0.25338498,False,0.106497616,False,0.11541346,False,supply_temp_c
2024-05-14 08:00:00,0.16538948,False,train,0.25070873,False,0.12328286,False,0.122176856,False,supply_temp_c
2024-05-14 20:00:00,0.15298638,False,train,0.25320545,False,0.08832407,False,0.117429644,False,supply_temp_c
2024-05-15 08:00:00,0.15729024,False,train,0.24576335,False,0.0937651,False,0.13234225,False,supply_temp_c
2024-05-15 20:00:00,0.15252179,False,train,0.219157,False,0.13484488,False,0.10356348,False,supply_temp_c
2024-05-16 08:00:00,0.16314533,False,train,0.18511689,False,0.17525484,False,0.12906426,False,supply_temp_c
2024-05-16 20:00:00,0.14655034,False,train,0.18833804,False,0.11132785,False,0.13998511,False,supply_temp_c
2024-05-17 08:00:00,0.14674851,False,train,0.15643975,False,0.1217447,False,0.16206111,False,stabilized_flow_log_feature
2024-05-17 20:00:00,0.119958125,False,train,0.16256481,False,0.088160634,False,0.10914888,False,supply_temp_c
2024-05-18 08:00:00,0.13288394,False,train,0.13917564,False,0.1313213,False,0.12815487,False,supply_temp_c
2024-05-18 20:00:00,0.11549815,False,train,0.1398532,False,0.09983936,False,0.10680187,False,supply_temp_c
2024-05-19 08:00:00,0.15281777,False,train,0.2075113,False,0.13069382,False,0.120248176,False,supply_temp_c
2024-05-19 20:00:00,0.15454784,False,train,0.20092754,False,0.10771724,False,0.15499876,False,supply_temp_c
2024-05-20 08:00:00,0.15890379,False,train,0.17180943,False,0.13537921,False,0.1695227,False,supply_temp_c
2024-05-20 20:00:00,0.13874637,False,train,0.18342973,False,0.10177577,False,0.13103363,False,supply_temp_c
2024-05-21 08:00:00,0.15223657,False,train,0.1862569,False,0.124860905,False,0.1455919,False,supply_temp_c
2024-05-21 20:00:00,0.120162025,False,train,0.17881517,False,0.095786534,False,0.08588439,False,supply_temp_c
2024-05-22 08:00:00,0.12674814,False,train,0.16306202,False,0.09062982,False,0.12655257,False,supply_temp_c
2024-05-22 20:00:00,0.11181644,False,train,0.1536025,False,0.06928367,False,0.112563185,False,supply_temp_c
2024-05-23 08:00:00,0.12603556,False,train,0.17562968,False,0.09580035,False,0.10667666,False,supply_temp_c
2024-05-23 20:00:00,0.11720494,False,train,0.18333973,False,0.07919809,False,0.089076996,False,supply_temp_c
2024-05-24 08:00:00,0.117436156,False,train,0.11291534,False,0.10814228,False,0.1312509,False,stabilized_flow_log_feature
2024-05-24 20:00:00,0.08742186,False,train,0.09914055,False,0.06671714,False,0.09640789,False,supply_temp_c
2024-05-25 08:00:00,0.115160376,False,train,0.091882646,False,0.13299109,False,0.1206074,False,return_temp_c
2024-05-25 20:00:00,0.13402319,False,train,0.18347722,False,0.11468083,False,0.1039115,False,supply_temp_c
2024-05-26 08:00:00,0.17207465,False,train,0.25744954,False,0.13975324,False,0.11902117,False,supply_temp_c
2024-05-26 20:00:00,0.17871149,False,train,0.28942105,False,0.12315341,False,0.123560034,False,supply_temp_c
2024-05-27 08:00:00,0.16790295,False,train,0.24614497,False,0.13202763,False,0.12553628,False,supply_temp_c
2024-05-27 20:00:00,0.13517186,False,train,0.21221489,False,0.0919162,False,0.10138454,False,supply_temp_c
2024-05-28 08:00:00,0.15517439,False,train,0.16416489,False,0.1363018,False,0.16505645,False,stabilized_flow_log_feature
2024-05-28 20:00:00,0.16648558,False,train,0.15551671,False,0.17038156,False,0.17355846,False,stabilized_flow_log_feature
2024-05-29 08:00:00,0.1370228,False,train,0.11479202,False,0.15717454,False,0.13910174,False,return_temp_c
2024-05-29 20:00:00,0.08221984,False,train,0.07196822,False,0.04582734,False,0.12886395,False,stabilized_flow_log_feature
2024-05-30 08:00:00,0.10243666,False,train,0.07418268,False,0.057118703,False,0.17600858,False,stabilized_flow_log_feature
2024-05-30 20:00:00,0.10514572,False,train,0.08297912,False,0.05381767,False,0.17864035,False,stabilized_flow_log_feature
2024-05-31 08:00:00,0.096943654,False,train,0.090647005,False,0.04723529,False,0.15294869,False,stabilized_flow_log_feature
2024-05-31 20:00:00,0.09790674,False,train,0.091907345,False,0.045680735,False,0.15613215,False,stabilized_flow_log_feature
2024-06-01 08:00:00,0.09872315,False,train,0.080483876,False,0.044014346,False,0.17167123,False,stabilized_flow_log_feature
2024-06-01 20:00:00,0.09814958,False,train,0.08518055,False,0.045606494,False,0.16366172,False,stabilized_flow_log_feature
2024-06-02 08:00:00,0.10065933,False,train,0.0977208,False,0.044975836,False,0.15928136,False,stabilized_flow_log_feature
2024-06-02 20:00:00,0.10118699,False,train,0.09011218,False,0.04563759,False,0.16781117,False,stabilized_flow_log_feature
2024-06-03 08:00:00,0.105283044,False,train,0.09948182,False,0.049176723,False,0.16719061,False,stabilized_flow_log_feature
2024-06-03 20:00:00,0.11624161,False,train,0.12365093,False,0.051732227,False,0.17334168,False,stabilized_flow_log_feature
2024-06-04 08:00:00,0.11311764,False,train,0.11026127,False,0.051839214,False,0.17725247,False,stabilized_flow_log_feature
2024-06-04 20:00:00,0.12103626,False,train,0.120851636,False,0.05829932,False,0.18395787,False,stabilized_flow_log_feature
2024-06-05 08:00:00,0.12583154,False,train,0.12497839,False,0.06361837,False,0.18889785,False,stabilized_flow_log_feature
2024-06-05 20:00:00,0.12376323,False,train,0.13258807,False,0.059767652,False,0.17893398,False,stabilized_flow_log_feature
2024-06-06 08:00:00,0.119777575,False,train,0.13569981,False,0.052710935,False,0.170922,False,stabilized_flow_log_feature
2024-06-06 20:00:00,0.12956442,False,train,0.13849433,False,0.06919789,False,0.18100102,False,stabilized_flow_log_feature
2024-06-07 08:00:00,0.1391189,False,train,0.13828231,False,0.07642681,False,0.20264758,False,stabilized_flow_log_feature
2024-06-07 20:00:00,0.1458438,False,train,0.13212508,False,0.07887897,False,0.2265274,False,stabilized_flow_log_feature
2024-06-08 08:00:00,0.1466655,False,train,0.13490394,False,0.08378249,False,0.22131006,False,stabilized_flow_log_feature
2024-06-08 20:00:00,0.120231904,False,train,0.103988945,False,0.06732741,False,0.18937935,False,stabilized_flow_log_feature
2024-06-09 08:00:00,0.099761166,False,train,0.083613575,False,0.054126542,False,0.1615434,False,stabilized_flow_log_feature
2024-06-09 20:00:00,0.09784991,False,train,0.12249493,False,0.04925428,False,0.121800534,False,supply_temp_c
2024-06-10 08:00:00,0.10352879,False,train,0.16776018,False,0.062242728,False,0.08058349,False,supply_temp_c
2024-06-10 20:00:00,0.10001782,False,train,0.17328088,False,0.06498746,False,0.061785173,False,supply_temp_c
2024-06-11 08:00:00,0.09043061,False,train,0.14959054,False,0.057282392,False,0.064418904,False,supply_temp_c
2024-06-11 20:00:00,0.09136223,False,train,0.12797283,False,0.07791444,False,0.06819943,False,supply_temp_c
2024-06-12 08:00:00,0.08923766,False,train,0.13243623,False,0.06678485,False,0.068491854,False,supply_temp_c
2024-06-12 20:00:00,0.08170962,False,train,0.12228995,False,0.056558054,False,0.06628086,False,supply_temp_c
2024-06-13 08:00:00,0.08132681,False,train,0.11558545,False,0.06411385,False,0.064281166,False,supply_temp_c
2024-06-13 20:00:00,0.07713367,False,train,0.11614063,False,0.050377488,False,0.06488288,False,supply_temp_c
2024-06-14 08:00:00,0.07315097,False,train,0.10376739,False,0.051256984,False,0.064428546,False,supply_temp_c
2024-06-14 20:00:00,0.07392654,False,train,0.10254222,False,0.054223467,False,0.06501391,False,supply_temp_c
2024-06-15 08:00:00,0.071016245,False,train,0.094355114,False,0.051596608,False,0.067097016,False,supply_temp_c
2024-06-15 20:00:00,0.07494875,False,train,0.10474643,False,0.053088214,False,0.06701161,False,supply_temp_c
2024-06-16 08:00:00,0.08156035,False,train,0.12151749,False,0.05458868,False,0.06857488,False,supply_temp_c
2024-06-16 20:00:00,0.08222474,False,train,0.12136651,False,0.056279987,False,0.06902773,False,supply_temp_c
2024-06-17 08:00:00,0.07628411,False,train,0.10986897,False,0.05103257,False,0.0679508,False,supply_temp_c
2024-06-17 20:00:00,0.07569078,False,train,0.09933486,False,0.060807314,False,0.066930205,False,supply_temp_c
2024-06-18 08:00:00,0.07412381,False,train,0.095703274,False,0.061329518,False,0.065338634,False,supply_temp_c
2024-06-18 20:00:00,0.069028586,False,train,0.08727696,False,0.052977208,False,0.06683161,False,supply_temp_c
2024-06-19 08:00:00,0.072094284,False,train,0.08503427,False,0.0642975,False,0.06695109,False,supply_temp_c
2024-06-19 20:00:00,0.076031566,False,train,0.10239623,False,0.05777428,False,0.06792419,False,supply_temp_c
2024-06-20 08:00:00,0.14645132,False,train,0.17755307,False,0.116434455,False,0.14536645,False,supply_temp_c
2024-06-20 20:00:00,0.24221863,False,train,0.2338727,False,0.20591535,False,0.28686783,False,stabilized_flow_log_feature
2024-06-21 08:00:00,0.21931788,False,train,0.23077004,False,0.17347936,False,0.25370425,False,stabilized_flow_log_feature
2024-06-21 20:00:00,0.0941259,False,train,0.12046403,False,0.035573628,False,0.12634002,False,stabilized_flow_log_feature
2024-06-22 08:00:00,0.08890492,False,train,0.106104106,False,0.039264046,False,0.121346585,False,stabilized_flow_log_feature
2024-06-22 20:00:00,0.08792877,False,train,0.1022999,False,0.03565751,False,0.12582894,False,stabilized_flow_log_feature
2024-06-23 08:00:00,0.08951746,False,train,0.099314146,False,0.043561324,False,0.12567694,False,stabilized_flow_log_feature
2024-06-23 20:00:00,0.092047304,False,train,0.10798328,False,0.035541937,False,0.1326167,False,stabilized_flow_log_feature
2024-06-24 08:00:00,0.09414335,False,train,0.11866996,False,0.037095834,False,0.12666427,False,stabilized_flow_log_feature
2024-06-24 20:00:00,0.08691829,False,train,0.11774421,False,0.035420902,False,0.10758979,False,supply_temp_c
2024-06-25 08:00:00,0.08361452,False,train,0.12517212,False,0.027249647,False,0.098421834,False,supply_temp_c
2024-06-25 20:00:00,0.08442244,False,train,0.12818861,False,0.03624242,False,0.08883631,False,supply_temp_c
2024-06-26 08:00:00,0.09038937,False,train,0.1405484,False,0.04472165,False,0.085898064,False,supply_temp_c
2024-06-26 20:00:00,0.1159073,False,train,0.12378991,False,0.10918564,False,0.11474633,False,supply_temp_c
2024-06-27 08:00:00,0.110236146,False,train,0.09747549,False,0.104299344,False,0.12893361,False,stabilized_flow_log_feature
2024-06-27 20:00:00,0.08137639,False,train,0.09505851,False,0.04433189,False,0.104738764,False,stabilized_flow_log_feature
2024-06-28 08:00:00,0.08541486,False,train,0.116125025,False,0.040834237,False,0.09928533,False,supply_temp_c
2024-06-28 20:00:00,0.08896938,False,train,0.12353569,False,0.038333174,False,0.10503926,False,supply_temp_c
2024-06-29 08:00:00,0.0819626,False,train,0.10046629,False,0.032199565,False,0.11322195,False,stabilized_flow_log_feature
2024-06-29 20:00:00,0.07855158,False,train,0.09931594,False,0.030855894,False,0.1054829,False,stabilized_flow_log_feature
2024-06-30 08:00:00,0.08568391,False,train,0.12140164,False,0.028811729,False,0.10683835,False,supply_temp_c
2024-06-30 20:00:00,0.07807937,False,train,0.101195015,False,0.02764667,False,0.1053964,False,stabilized_flow_log_feature
2024-07-01 08:00:00,0.077145256,False,train,0.09745172,False,0.03448291,False,0.09950114,False,stabilized_flow_log_feature
2024-07-01 20:00:00,0.08732215,False,train,0.117699094,False,0.037975114,False,0.106292255,False,supply_temp_c
2024-07-02 08:00:00,0.08794798,False,train,0.11127362,False,0.046367496,False,0.10620282,False,supply_temp_c
2024-07-02 20:00:00,0.08339667,False,train,0.10635009,False,0.040408865,False,0.10343108,False,supply_temp_c
2024-07-03 08:00:00,0.08167476,False,train,0.102411635,False,0.03638949,False,0.10622314,False,stabilized_flow_log_feature
2024-07-03 20:00:00,0.07964873,False,train,0.10560876,False,0.038080376,False,0.095257044,False,supply_temp_c
2024-07-04 08:00:00,0.07010793,False,train,0.08784323,False,0.041593287,False,0.08088729,False,supply_temp_c
2024-07-04 20:00:00,0.06633086,False,train,0.07081979,False,0.045637976,False,0.08253481,False,stabilized_flow_log_feature
2024-07-05 08:00:00,0.06624186,False,train,0.06859796,False,0.048832014,False,0.08129562,False,stabilized_flow_log_feature
2024-07-05 20:00:00,0.0662846,False,train,0.06989261,False,0.048341513,False,0.0806197,False,stabilized_flow_log_feature
2024-07-06 08:00:00,0.06656746,False,train,0.06709757,False,0.051767603,False,0.0808372,False,stabilized_flow_log_feature
2024-07-06 20:00:00,0.06608719,False,train,0.061415,False,0.053141773,False,0.08370478,False,stabilized_flow_log_feature
2024-07-07 08:00:00,0.06903686,False,train,0.066456355,False,0.05387758,False,0.08677664,False,stabilized_flow_log_feature
2024-07-07 20:00:00,0.07108712,False,train,0.07215411,False,0.05637442,False,0.08473281,False,stabilized_flow_log_feature
2024-07-08 08:00:00,0.08188355,False,train,0.07524907,False,0.08181261,False,0.08858895,False,stabilized_flow_log_feature
2024-07-08 20:00:00,0.08161424,False,train,0.076593496,False,0.07620847,False,0.092040755,False,stabilized_flow_log_feature
2024-07-09 08:00:00,0.07355203,False,train,0.07652745,False,0.0549645,False,0.089164115,False,stabilized_flow_log_feature
2024-07-09 20:00:00,0.073924385,False,train,0.07441152,False,0.058476936,False,0.08888469,False,stabilized_flow_log_feature
2024-07-10 08:00:00,0.069714315,False,train,0.07379256,False,0.04628563,False,0.08906475,False,stabilized_flow_log_feature
2024-07-10 20:00:00,0.07517657,False,train,0.09055241,False,0.04815304,False,0.08682424,False,supply_temp_c
2024-07-11 08:00:00,0.07117909,False,train,0.07906756,False,0.050460044,False,0.084009685,False,stabilized_flow_log_feature
2024-07-11 20:00:00,0.06889636,False,train,0.073196255,False,0.04579881,False,0.08769402,False,stabilized_flow_log_feature
2024-07-12 08:00:00,0.06794747,False,train,0.06787803,False,0.04710439,False,0.088859975,False,stabilized_flow_log_feature
2024-07-12 20:00:00,0.07156944,False,train,0.0844332,False,0.04317155,False,0.087103546,False,stabilized_flow_log_feature
2024-07-13 08:00:00,0.06673919,False,train,0.07467038,False,0.039709095,False,0.08583808,False,stabilized_flow_log_feature
2024-07-13 20:00:00,0.065573186,False,train,0.07634151,False,0.03611831,False,0.08425975,False,stabilized_flow_log_feature
2024-07-14 08:00:00,0.07023369,False,train,0.08135141,False,0.045244846,False,0.08410481,False,stabilized_flow_log_feature
2024-07-14 20:00:00,0.06634921,False,train,0.07171018,False,0.045699775,False,0.08163768,False,stabilized_flow_log_feature
2024-07-15 08:00:00,0.06452196,False,train,0.06666049,False,0.04293314,False,0.08397227,False,stabilized_flow_log_feature
2024-07-15 20:00:00,0.07702478,False,train,0.093096316,False,0.055340935,False,0.08263708,False,supply_temp_c
2024-07-16 08:00:00,0.081998825,False,train,0.10840585,False,0.06297398,False,0.07461666,False,supply_temp_c
2024-07-16 20:00:00,0.0786223,False,train,0.09939194,False,0.06380213,False,0.072672814,False,supply_temp_c
2024-07-17 08:00:00,0.09245101,False,train,0.12543294,False,0.07201052,False,0.079909585,False,supply_temp_c
2024-07-17 20:00:00,0.100626044,False,train,0.09211702,False,0.09684595,False,0.112915196,False,stabilized_flow_log_feature
2024-07-18 08:00:00,0.08749521,False,train,0.094797306,False,0.05809583,False,0.10959253,False,stabilized_flow_log_feature
2024-07-18 20:00:00,0.066124186,False,train,0.06831861,False,0.048514474,False,0.081539474,False,stabilized_flow_log_feature
2024-07-19 08:00:00,0.06984519,False,train,0.08387619,False,0.04415832,False,0.08150106,False,supply_temp_c
2024-07-19 20:00:00,0.0684658,False,train,0.07612776,False,0.04803671,False,0.08123294,False,stabilized_flow_log_feature
2024-07-20 08:00:00,0.066722296,False,train,0.07662486,False,0.0417655,False,0.08177654,False,stabilized_flow_log_feature
2024-07-20 20:00:00,0.07377902,False,train,0.09260104,False,0.047730427,False,0.08100558,False,supply_temp_c
2024-07-21 08:00:00,0.07472391,False,train,0.08963422,False,0.053556386,False,0.080981106,False,supply_temp_c
2024-07-21 20:00:00,0.07841274,False,train,0.09198889,False,0.058711816,False,0.08453751,False,supply_temp_c
2024-07-22 08:00:00,0.073066786,False,train,0.07682244,False,0.056907427,False,0.085470475,False,stabilized_flow_log_feature
2024-07-22 20:00:00,0.07642815,False,train,0.0896086,False,0.064978234,False,0.074697636,False,supply_temp_c
2024-07-23 08:00:00,0.0756039,False,train,0.08549228,False,0.059712633,False,0.081606805,False,supply_temp_c
2024-07-23 20:00:00,0.07173014,False,train,0.08117744,False,0.051181644,False,0.08283132,False,stabilized_flow_log_feature
2024-07-24 08:00:00,0.06821757,False,train,0.07491209,False,0.048582036,False,0.081158586,False,stabilized_flow_log_feature
2024-07-24 20:00:00,0.078994185,False,train,0.08989804,False,0.06337494,False,0.08370956,False,supply_temp_c
2024-07-25 08:00:00,0.081595756,False,train,0.092586935,False,0.06923468,False,0.08296566,False,supply_temp_c
2024-07-25 20:00:00,0.06859422,False,train,0.07566223,False,0.048556644,False,0.081563786,False,stabilized_flow_log_feature
2024-07-26 08:00:00,0.06849283,False,train,0.07824325,False,0.04728048,False,0.07995475,False,stabilized_flow_log_feature
2024-07-26 20:00:00,0.06393989,False,train,0.06439658,False,0.046606626,False,0.080816455,False,stabilized_flow_log_feature
2024-07-27 08:00:00,0.06175424,False,train,0.06286476,False,0.039642267,False,0.08275567,False,stabilized_flow_log_feature
2024-07-27 20:00:00,0.06613354,False,train,0.07236613,False,0.045032173,False,0.08100229,False,stabilized_flow_log_feature
2024-07-28 08:00:00,0.06775072,False,train,0.07092037,False,0.04835115,False,0.08398065,False,stabilized_flow_log_feature
2024-07-28 20:00:00,0.065188505,False,train,0.06828983,False,0.043166876,False,0.08410883,False,stabilized_flow_log_feature
2024-07-29 08:00:00,0.06384776,False,train,0.06711825,False,0.04215671,False,0.08226832,False,stabilized_flow_log_feature
2024-07-29 20:00:00,0.06480829,False,train,0.065963134,False,0.04807538,False,0.08038636,False,stabilized_flow_log_feature
2024-07-30 08:00:00,0.06336902,False,train,0.06179868,False,0.046799373,False,0.08150902,False,stabilized_flow_log_feature
2024-07-30 20:00:00,0.06495542,False,train,0.06130107,False,0.048539508,False,0.08502566,False,stabilized_flow_log_feature
2024-07-31 08:00:00,0.06670315,False,train,0.06976864,False,0.050293352,False,0.08004745,False,stabilized_flow_log_feature
2024-07-31 20:00:00,0.071052305,False,train,0.089559995,False,0.043598816,False,0.07999811,False,supply_temp_c
2024-08-01 08:00:00,0.069534026,False,train,0.08013873,False,0.04750881,False,0.08095452,False,stabilized_flow_log_feature
2024-08-01 20:00:00,0.07042098,False,train,0.08590063,False,0.045122225,False,0.08024009,False,supply_temp_c
2024-08-02 08:00:00,0.06699848,False,train,0.074708305,False,0.044248536,False,0.082038596,False,stabilized_flow_log_feature
2024-08-02 20:00:00,0.062549025,False,train,0.061993152,False,0.041369464,False,0.08428448,False,stabilized_flow_log_feature
2024-08-03 08:00:00,0.06523892,False,train,0.07508495,False,0.04011325,False,0.08051857,False,stabilized_flow_log_feature
2024-08-03 20:00:00,0.06293303,False,train,0.06718071,False,0.042406987,False,0.07921137,False,stabilized_flow_log_feature
2024-08-04 08:00:00,0.06107917,False,train,0.06524746,False,0.036990643,False,0.080999404,False,stabilized_flow_log_feature
2024-08-04 20:00:00,0.060428627,False,train,0.058373135,False,0.041123126,False,0.081789605,False,stabilized_flow_log_feature
2024-08-05 08:00:00,0.063864246,False,train,0.06409356,False,0.043782104,False,0.08371708,False,stabilized_flow_log_feature
2024-08-05 20:00:00,0.15670215,False,train,0.16232684,False,0.14026238,False,0.16751723,False,stabilized_flow_log_feature
2024-08-06 08:00:00,0.21207216,False,train,0.18828066,False,0.21837257,False,0.22956322,False,stabilized_flow_log_feature
2024-08-06 20:00:00,0.19647299,False,train,0.18097936,False,0.20662649,False,0.20181309,False,return_temp_c
2024-08-07 08:00:00,0.17841832,False,train,0.17663102,False,0.18891387,False,0.1697101,False,return_temp_c
2024-08-07 20:00:00,0.16388729,False,train,0.12987508,False,0.18439908,False,0.1773877,False,return_temp_c
2024-08-09 08:00:00,0.29988778,False,train,0.3678334,False,0.29634616,False,0.23548387,False,supply_temp_c
2024-08-09 20:00:00,0.09634113,False,train,0.115449704,False,0.073686205,False,0.09988749,False,supply_temp_c
2024-08-10 08:00:00,0.08984019,False,train,0.09223799,False,0.081619896,False,0.09566269,False,stabilized_flow_log_feature
2024-08-10 20:00:00,0.08237848,False,train,0.092098825,False,0.07315327,False,0.08188334,False,supply_temp_c
2024-08-11 08:00:00,0.07369378,False,train,0.08656919,False,0.053232968,False,0.08127917,False,supply_temp_c
2024-08-11 20:00:00,0.06770664,False,train,0.07607378,False,0.05017741,False,0.07686875,False,stabilized_flow_log_feature
2024-08-12 08:00:00,0.08654589,False,train,0.0992283,False,0.06953862,False,0.090870716,False,supply_temp_c
2024-08-12 20:00:00,0.082136475,False,train,0.08881401,False,0.066725574,False,0.09086982,False,stabilized_flow_log_feature
2024-08-13 08:00:00,0.11695479,False,train,0.13920243,False,0.09392709,False,0.11773485,False,supply_temp_c
2024-08-13 20:00:00,0.10221103,False,train,0.09550923,False,0.09541166,False,0.1157122,False,stabilized_flow_log_feature
2024-08-14 08:00:00,0.08811528,False,train,0.10623729,False,0.0730725,False,0.08503604,False,supply_temp_c
2024-08-14 20:00:00,0.080051556,False,train,0.10250596,False,0.062322143,False,0.07532653,False,supply_temp_c
2024-08-15 08:00:00,0.12548172,False,train,0.12374761,False,0.17168808,False,0.0810095,False,return_temp_c
2024-08-15 20:00:00,0.17013209,False,train,0.15923758,False,0.23062396,False,0.12053469,False,return_temp_c
2024-08-16 08:00:00,0.16410214,False,train,0.12863418,False,0.25405964,False,0.10961259,False,return_temp_c
2024-08-16 20:00:00,0.07898811,False,train,0.10169954,False,0.057513807,False,0.077751,False,supply_temp_c
2024-08-17 08:00:00,0.19803105,False,train,0.20092694,False,0.181493,False,0.21167319,False,stabilized_flow_log_feature
2024-08-17 20:00:00,0.25867453,False,train,0.21738465,False,0.25056902,False,0.30807,False,stabilized_flow_log_feature
2024-08-18 08:00:00,0.17306764,False,train,0.17297454,False,0.15164004,False,0.19458836,False,stabilized_flow_log_feature
2024-08-18 20:00:00,0.07669268,False,train,0.09995096,False,0.05404408,False,0.07608302,False,supply_temp_c
2024-08-19 08:00:00,0.10977439,False,train,0.1089497,False,0.09770314,False,0.12267033,False,stabilized_flow_log_feature
2024-08-19 20:00:00,0.15060186,False,train,0.12991805,False,0.14174525,False,0.18014234,False,stabilized_flow_log_feature
2024-08-20 08:00:00,0.13233155,False,train,0.11590991,False,0.123560525,False,0.15752421,False,stabilized_flow_log_feature
2024-08-20 20:00:00,0.082687326,False,train,0.077370934,False,0.06963655,False,0.1010545,False,stabilized_flow_log_feature
2024-08-21 08:00:00,0.06319003,False,train,0.06677661,False,0.04547405,False,0.077319406,False,stabilized_flow_log_feature
2024-08-21 20:00:00,0.066245295,False,train,0.073390566,False,0.04615004,False,0.07919528,False,stabilized_flow_log_feature
2024-08-22 08:00:00,0.07063102,False,train,0.07563961,False,0.05557656,False,0.080676876,False,stabilized_flow_log_feature
2024-08-22 20:00:00,0.074107066,False,train,0.07632861,False,0.04456537,False,0.101427205,False,stabilized_flow_log_feature
2024-08-23 08:00:00,0.088121146,False,train,0.08642771,False,0.035876468,False,0.14205925,False,stabilized_flow_log_feature
2024-08-23 20:00:00,0.105101146,False,train,0.096092165,False,0.059850663,False,0.15936063,False,stabilized_flow_log_feature
2024-08-24 08:00:00,0.103845224,False,train,0.09630334,False,0.07716658,False,0.13806574,False,stabilized_flow_log_feature
2024-08-24 20:00:00,0.106207825,False,train,0.10613933,False,0.08049316,False,0.13199098,False,stabilized_flow_log_feature
2024-08-25 08:00:00,0.10340783,False,train,0.093803294,False,0.073440544,False,0.14297967,False,stabilized_flow_log_feature
2024-08-25 20:00:00,0.109041,False,train,0.110236414,False,0.05958147,False,0.1573051,False,stabilized_flow_log_feature
2024-08-26 08:00:00,0.10823008,False,train,0.09730047,False,0.07548385,False,0.15190592,False,stabilized_flow_log_feature
2024-08-26 20:00:00,0.08929476,False,train,0.079866886,False,0.049869716,False,0.1381477,False,stabilized_flow_log_feature
2024-08-27 08:00:00,0.088570684,False,train,0.07692512,False,0.03676323,False,0.15202372,False,stabilized_flow_log_feature
2024-08-27 20:00:00,0.084543355,False,train,0.08720169,False,0.028162941,False,0.13826543,False,stabilized_flow_log_feature
2024-08-28 08:00:00,0.087251216,False,train,0.09594653,False,0.031156212,False,0.1346509,False,stabilized_flow_log_feature
2024-08-28 20:00:00,0.087565355,False,train,0.09440664,False,0.032290574,False,0.13599883,False,stabilized_flow_log_feature
2024-08-29 08:00:00,0.08746607,False,train,0.10268998,False,0.032933738,False,0.12677445,False,stabilized_flow_log_feature
2024-08-29 20:00:00,0.078475036,False,train,0.079394415,False,0.047514517,False,0.10851619,False,stabilized_flow_log_feature
2024-08-30 08:00:00,0.15814137,False,train,0.15882452,False,0.1220474,False,0.19355224,False,stabilized_flow_log_feature
2024-08-30 20:00:00,0.19571382,False,train,0.14339305,False,0.18623827,False,0.25751016,False,stabilized_flow_log_feature
2024-08-31 08:00:00,0.15012519,False,train,0.15819041,False,0.13496354,False,0.1572216,False,supply_temp_c
2024-08-31 20:00:00,0.11962908,False,train,0.09871579,False,0.11368599,False,0.1464855,False,stabilized_flow_log_feature
2024-09-01 08:00:00,0.1296151,False,train,0.1079833,False,0.13510491,False,0.14575706,False,stabilized_flow_log_feature
2024-09-01 20:00:00,0.11031121,False,train,0.09558267,False,0.15517198,False,0.08017896,False,return_temp_c
2024-09-02 08:00:00,0.11366676,False,train,0.12149694,False,0.11059851,False,0.10890483,False,supply_temp_c
2024-09-02 20:00:00,0.13711566,False,train,0.104992725,False,0.13869783,False,0.16765644,False,stabilized_flow_log_feature
2024-09-03 08:00:00,0.18239823,False,train,0.17957164,False,0.16207905,False,0.205544,False,stabilized_flow_log_feature
2024-09-03 20:00:00,0.16484404,False,train,0.119173236,False,0.17785172,False,0.19750716,False,stabilized_flow_log_feature
2024-09-04 08:00:00,0.14383313,False,train,0.131184,False,0.15623006,False,0.14408533,False,return_temp_c
2024-09-04 20:00:00,0.11327697,False,train,0.10927255,False,0.13704197,False,0.09351641,False,return_temp_c
2024-09-05 08:00:00,0.12762706,False,train,0.15220249,False,0.12582089,False,0.10485777,False,supply_temp_c
2024-09-05 20:00:00,0.12102207,False,train,0.1546157,False,0.10316492,False,0.105285555,False,supply_temp_c
2024-09-06 08:00:00,0.1173523,False,train,0.15188791,False,0.09510144,False,0.10506759,False,supply_temp_c
2024-09-06 20:00:00,0.12563086,False,train,0.16543253,False,0.098261364,False,0.113198675,False,supply_temp_c
2024-09-07 08:00:00,0.12305845,False,train,0.16098182,False,0.097447015,False,0.1107465,False,supply_temp_c
2024-09-07 20:00:00,0.106549375,False,train,0.11737142,False,0.10924545,False,0.093031235,False,supply_temp_c
2024-09-08 08:00:00,0.115489654,False,train,0.14758614,False,0.099680655,False,0.099202156,False,supply_temp_c
2024-09-08 20:00:00,0.13791317,False,train,0.16903679,False,0.12442956,False,0.120273106,False,supply_temp_c
2024-09-09 08:00:00,0.14072588,False,train,0.170759,False,0.13267322,False,0.118745394,False,supply_temp_c
2024-09-09 20:00:00,0.15458336,False,train,0.16486259,False,0.15028484,False,0.14860265,False,supply_temp_c
2024-09-10 08:00:00,0.17232886,False,train,0.17043383,False,0.17372556,False,0.17282718,False,return_temp_c
2024-09-10 20:00:00,0.15315631,False,train,0.1484754,False,0.15602694,False,0.15496658,False,return_temp_c
2024-09-11 08:00:00,0.13093725,False,train,0.12540413,False,0.14448418,False,0.12292338,False,return_temp_c
2024-09-11 20:00:00,0.1319955,False,train,0.13924223,False,0.15968224,False,0.097062044,False,return_temp_c
2024-09-12 08:00:00,0.20499763,False,train,0.20471103,False,0.17747258,False,0.2328093,False,stabilized_flow_log_feature
2024-09-12 20:00:00,0.2570431,False,train,0.15432598,False,0.24839653,False,0.3684068,True,stabilized_flow_log_feature
2024-09-13 08:00:00,0.23871323,False,train,0.21143092,False,0.25206718,False,0.25264165,False,stabilized_flow_log_feature
2024-09-13 20:00:00,0.14754434,False,train,0.17347066,False,0.17478144,False,0.094380915,False,return_temp_c
2024-09-14 08:00:00,0.14370091,False,train,0.17283697,False,0.16271141,False,0.09555433,False,supply_temp_c
2024-09-14 20:00:00,0.15109593,False,train,0.18967986,False,0.16468386,False,0.09892405,False,supply_temp_c
2024-09-15 08:00:00,0.15342207,False,train,0.2002077,False,0.15804379,False,0.10201478,False,supply_temp_c
2024-09-15 20:00:00,0.14803746,False,train,0.19056177,False,0.15223454,False,0.101316035,False,supply_temp_c
2024-09-16 08:00:00,0.14538266,False,train,0.17888711,False,0.1596397,False,0.097621165,False,supply_temp_c
2024-09-16 20:00:00,0.15855333,False,train,0.19020802,False,0.18364799,False,0.10180401,False,supply_temp_c
2024-09-17 08:00:00,0.1503519,False,train,0.19226182,False,0.15659095,False,0.1022029,False,supply_temp_c
2024-09-17 20:00:00,0.15651508,False,train,0.20654567,False,0.16166566,False,0.10133391,False,supply_temp_c
2024-09-18 08:00:00,0.16746427,False,train,0.22096665,False,0.1732902,False,0.108136006,False,supply_temp_c
2024-09-18 20:00:00,0.16364272,False,train,0.230375,False,0.14905001,False,0.111503154,False,supply_temp_c
2024-09-19 08:00:00,0.14726415,False,train,0.20510924,False,0.13183257,False,0.1048506,False,supply_temp_c
2024-09-19 20:00:00,0.12179674,False,train,0.13246116,False,0.1466036,False,0.08632547,False,return_temp_c
2024-09-20 08:00:00,0.1136806,False,train,0.08477416,False,0.17706513,False,0.079202496,False,return_temp_c
2024-09-20 20:00:00,0.11141239,False,train,0.08944198,False,0.16571262,False,0.07908261,False,return_temp_c
2024-09-21 08:00:00,0.27705616,False,train,0.24762212,False,0.23706411,False,0.34648228,True,stabilized_flow_log_feature
2024-09-21 20:00:00,0.5326786,True,train,0.3794198,False,0.40646374,False,0.8121522,True,stabilized_flow_log_feature
2024-09-22 08:00:00,0.65847963,True,train,0.47658768,True,0.49343994,False,1.0054113,True,stabilized_flow_log_feature
2024-09-22 20:00:00,0.71180135,True,train,0.47095433,True,0.5793206,True,1.085129,True,stabilized_flow_log_feature
2024-09-23 08:00:00,0.54470974,True,train,0.4320004,True,0.5590226,True,0.64310634,True,stabilized_flow_log_feature
2024-09-23 20:00:00,0.23273928,False,train,0.1830122,False,0.40764022,False,0.107565515,False,return_temp_c
2024-09-24 08:00:00,0.17653927,False,train,0.17683299,False,0.2538397,False,0.09894503,False,return_temp_c
2024-09-24 20:00:00,0.2126261,False,train,0.20849621,False,0.34981093,False,0.07957118,False,return_temp_c
2024-09-25 08:00:00,0.21796195,False,train,0.28521907,False,0.2800705,False,0.0885962,False,supply_temp_c
2024-09-25 20:00:00,0.16744873,False,train,0.21171153,False,0.17344303,False,0.11719159,False,supply_temp_c
2024-09-26 08:00:00,0.09122414,False,train,0.076945625,False,0.062095627,False,0.1346312,False,stabilized_flow_log_feature
2024-09-26 20:00:00,0.07770554,False,train,0.07502061,False,0.021140842,False,0.13695516,False,stabilized_flow_log_feature
2024-09-27 08:00:00,0.07183137,False,train,0.06889778,False,0.028003743,False,0.11859258,False,stabilized_flow_log_feature
2024-09-27 20:00:00,0.06257052,False,train,0.053617388,False,0.02776769,False,0.10632647,False,stabilized_flow_log_feature
2024-09-28 08:00:00,0.06068264,False,train,0.0480977,False,0.022442952,False,0.111507274,False,stabilized_flow_log_feature
2024-09-28 20:00:00,0.056315225,False,train,0.047602773,False,0.020784536,False,0.10055836,False,stabilized_flow_log_feature
2024-09-29 08:00:00,0.15495594,False,train,0.13313471,False,0.11646128,False,0.21527188,False,stabilized_flow_log_feature
2024-09-29 20:00:00,0.17482844,False,train,0.14938016,False,0.14406343,False,0.23104177,False,stabilized_flow_log_feature
2024-09-30 08:00:00,0.10364274,False,train,0.12105703,False,0.065422565,False,0.12444862,False,stabilized_flow_log_feature
2024-09-30 20:00:00,0.06214857,False,train,0.056530338,False,0.021392077,False,0.10852329,False,stabilized_flow_log_feature
2024-10-01 08:00:00,0.065323085,False,train,0.058935154,False,0.02359769,False,0.11343639,False,stabilized_flow_log_feature
2024-10-01 20:00:00,0.060108125,False,train,0.05119175,False,0.022740543,False,0.10639206,False,stabilized_flow_log_feature
2024-10-02 08:00:00,0.058659673,False,train,0.047536273,False,0.02929312,False,0.09914962,False,stabilized_flow_log_feature
2024-10-02 20:00:00,0.052502684,False,train,0.026602471,False,0.044491936,False,0.086413644,False,stabilized_flow_log_feature
2024-10-03 08:00:00,0.0577941,False,train,0.037470605,False,0.053741142,False,0.08217057,False,stabilized_flow_log_feature
2024-10-03 20:00:00,0.0585176,False,train,0.03640047,False,0.05246502,False,0.08668733,False,stabilized_flow_log_feature
2024-10-04 08:00:00,0.062566176,False,train,0.04067177,False,0.058340948,False,0.08868581,False,stabilized_flow_log_feature
2024-10-04 20:00:00,0.059537694,False,train,0.031311307,False,0.06059661,False,0.086705156,False,stabilized_flow_log_feature
2024-10-05 08:00:00,0.059419096,False,train,0.03627968,False,0.05611716,False,0.08586045,False,stabilized_flow_log_feature
2024-10-05 20:00:00,0.05493076,False,train,0.026204245,False,0.053233236,False,0.0853548,False,stabilized_flow_log_feature
2024-10-06 08:00:00,0.053865075,False,train,0.028064696,False,0.053413924,False,0.080116615,False,stabilized_flow_log_feature
2024-10-06 20:00:00,0.049582377,False,train,0.024627214,False,0.047423285,False,0.07669663,False,stabilized_flow_log_feature
2024-10-07 08:00:00,0.11648256,False,train,0.081601314,False,0.12580585,False,0.14204052,False,stabilized_flow_log_feature
2024-10-07 20:00:00,0.12046688,False,train,0.09820203,False,0.11608092,False,0.14711766,False,stabilized_flow_log_feature
2024-10-08 08:00:00,0.06398398,False,train,0.059297707,False,0.041520283,False,0.09113396,False,stabilized_flow_log_feature
2024-10-08 20:00:00,0.05823979,False,train,0.044562396,False,0.04305454,False,0.08710244,False,stabilized_flow_log_feature
2024-10-09 08:00:00,0.05238713,False,train,0.032110866,False,0.046627,False,0.07842354,False,stabilized_flow_log_feature
2024-10-09 20:00:00,0.059833553,False,train,0.034407992,False,0.05662702,False,0.08846565,False,stabilized_flow_log_feature
2024-10-10 08:00:00,0.067608,False,train,0.045544993,False,0.066471875,False,0.09080713,False,stabilized_flow_log_feature
2024-10-10 20:00:00,0.06559392,False,train,0.039672747,False,0.068645895,False,0.088463105,False,stabilized_flow_log_feature
2024-10-11 08:00:00,0.10883321,False,train,0.06816033,False,0.15078439,False,0.10755489,False,return_temp_c
2024-10-11 20:00:00,0.12107652,False,train,0.07658977,False,0.13997261,False,0.14666715,False,stabilized_flow_log_feature
2024-10-12 08:00:00,0.08416208,False,train,0.06371085,False,0.036581073,False,0.1521943,False,stabilized_flow_log_feature
2024-10-12 20:00:00,0.08398029,False,train,0.07448827,False,0.031767573,False,0.14568506,False,stabilized_flow_log_feature
2024-10-13 08:00:00,0.0839821,False,train,0.07460776,False,0.028643807,False,0.14869474,False,stabilized_flow_log_feature
2024-10-13 20:00:00,0.089760214,False,train,0.079855345,False,0.025704317,False,0.16372095,False,stabilized_flow_log_feature
2024-10-14 08:00:00,0.08749363,False,train,0.08528184,False,0.023167899,False,0.15403113,False,stabilized_flow_log_feature
2024-10-14 20:00:00,0.0812985,False,train,0.07961175,False,0.020917132,False,0.14336662,False,stabilized_flow_log_feature
2024-10-15 08:00:00,0.08224093,False,train,0.086011924,False,0.021417411,False,0.13929345,False,stabilized_flow_log_feature
2024-10-15 20:00:00,0.07937504,False,train,0.08146856,False,0.021017531,False,0.13563906,False,stabilized_flow_log_feature
2024-10-16 08:00:00,0.08137373,False,train,0.08165775,False,0.020097755,False,0.14236568,False,stabilized_flow_log_feature
2024-10-16 20:00:00,0.11287771,False,train,0.08495039,False,0.08585354,False,0.16782922,False,stabilized_flow_log_feature
2024-10-17 08:00:00,0.118944235,False,train,0.08153006,False,0.10433368,False,0.17096896,False,stabilized_flow_log_feature
2024-10-17 20:00:00,0.09572435,False,train,0.08157447,False,0.057195827,False,0.14840275,False,stabilized_flow_log_feature
2024-10-18 08:00:00,0.0892355,False,train,0.080097266,False,0.044226754,False,0.14338246,False,stabilized_flow_log_feature
2024-10-18 20:00:00,0.07121509,False,train,0.05512166,False,0.033158705,False,0.12536493,False,stabilized_flow_log_feature
2024-10-19 08:00:00,0.06887169,False,train,0.05170915,False,0.030358916,False,0.12454703,False,stabilized_flow_log_feature
2024-10-19 20:00:00,0.06471045,False,train,0.05156998,False,0.026102388,False,0.11645898,False,stabilized_flow_log_feature
2024-10-20 08:00:00,0.0680486,False,train,0.05087949,False,0.026014239,False,0.12725204,False,stabilized_flow_log_feature
2024-10-20 20:00:00,0.07434063,False,train,0.058150243,False,0.026397819,False,0.13847382,False,stabilized_flow_log_feature
2024-10-21 08:00:00,0.06909662,False,train,0.050709512,False,0.021398768,False,0.13518159,False,stabilized_flow_log_feature
2024-10-21 20:00:00,0.08636072,False,train,0.10040555,False,0.03288349,False,0.12579314,False,stabilized_flow_log_feature
2024-10-22 08:00:00,0.09629438,False,train,0.13869326,False,0.041939337,False,0.10825056,False,supply_temp_c
2024-10-22 20:00:00,0.11050215,False,train,0.14970264,False,0.06085762,False,0.12094619,False,supply_temp_c
2024-10-23 08:00:00,0.14282711,False,train,0.16327225,False,0.10820019,False,0.1570089,False,supply_temp_c
2024-10-23 20:00:00,0.12632677,False,train,0.15714747,False,0.08466313,False,0.13716972,False,supply_temp_c
2024-10-24 08:00:00,0.12970105,False,train,0.12982985,False,0.118586995,False,0.14068629,False,stabilized_flow_log_feature
2024-10-24 20:00:00,0.09470555,False,train,0.12420947,False,0.062310312,False,0.09759686,False,supply_temp_c
2024-10-25 08:00:00,0.11331084,False,train,0.09991018,False,0.12540528,False,0.11461707,False,return_temp_c
2024-10-25 20:00:00,0.10430304,False,train,0.1029608,False,0.08679678,False,0.12315155,False,stabilized_flow_log_feature
2024-10-26 08:00:00,0.121864624,False,train,0.094753556,False,0.14651395,False,0.12432637,False,return_temp_c
2024-10-26 20:00:00,0.09124975,False,train,0.100795805,False,0.082801305,False,0.09015215,False,supply_temp_c
2024-10-27 08:00:00,0.1523791,False,train,0.16894822,False,0.15808348,False,0.13010551,False,supply_temp_c
2024-10-27 20:00:00,0.17177461,False,train,0.15227313,False,0.23747005,False,0.12558065,False,return_temp_c
2024-10-28 08:00:00,0.13881435,False,train,0.15513204,False,0.14847054,False,0.112840466,False,supply_temp_c
2024-10-28 20:00:00,0.10076213,False,train,0.10860997,False,0.08974391,False,0.1039325,False,supply_temp_c
2024-10-29 08:00:00,0.13187239,False,train,0.1651995,False,0.13376622,False,0.09665146,False,supply_temp_c
2024-10-29 20:00:00,0.15795138,False,train,0.19899516,False,0.13023199,False,0.144627,False,supply_temp_c
2024-10-30 08:00:00,0.19317278,False,train,0.22637613,False,0.14446028,False,0.20868199,False,supply_temp_c
2024-10-30 20:00:00,0.15088297,False,train,0.19871314,False,0.07934753,False,0.17458822,False,supply_temp_c
2024-10-31 08:00:00,0.16591555,False,train,0.19217806,False,0.13992412,False,0.16564448,False,supply_temp_c
2024-10-31 20:00:00,0.15057768,False,train,0.20351215,False,0.11148063,False,0.13674028,False,supply_temp_c
2024-11-01 08:00:00,0.17011157,False,train,0.19565338,False,0.15074246,False,0.16393885,False,supply_temp_c
2024-11-01 20:00:00,0.15890625,False,train,0.21328998,False,0.104830824,False,0.15859796,False,supply_temp_c
2024-11-02 08:00:00,0.16773269,False,train,0.18862677,False,0.15231822,False,0.16225307,False,supply_temp_c
2024-11-02 20:00:00,0.14742185,False,train,0.20522988,False,0.09684517,False,0.1401905,False,supply_temp_c
2024-11-03 08:00:00,0.2202494,False,train,0.24809617,False,0.2816577,False,0.13099438,False,return_temp_c
2024-11-03 20:00:00,0.2891635,False,train,0.2852987,False,0.33774242,False,0.2444495,False,return_temp_c
2024-11-04 08:00:00,0.25195324,False,train,0.2679595,False,0.21657562,False,0.27132463,False,stabilized_flow_log_feature
2024-11-04 20:00:00,0.15047562,False,train,0.23770066,False,0.075176276,False,0.13854992,False,supply_temp_c
2024-11-05 08:00:00,0.1780147,False,train,0.22838616,False,0.13038225,False,0.17527568,False,supply_temp_c
2024-11-05 20:00:00,0.17545807,False,train,0.23189418,False,0.12574188,False,0.16873817,False,supply_temp_c
2024-11-06 08:00:00,0.17911702,False,train,0.1985187,False,0.1521311,False,0.18670134,False,supply_temp_c
2024-11-06 20:00:00,0.15955465,False,train,0.21596609,False,0.11198926,False,0.15070854,False,supply_temp_c
2024-11-07 08:00:00,0.18232341,False,train,0.2152776,False,0.15410621,False,0.17758644,False,supply_temp_c
2024-11-07 20:00:00,0.20220861,False,train,0.26659307,False,0.15263173,False,0.18740106,False,supply_temp_c
2024-11-08 08:00:00,0.20940009,False,train,0.28134027,False,0.18149666,False,0.16536333,False,supply_temp_c
2024-11-08 20:00:00,0.15851094,False,train,0.23392262,False,0.12587298,False,0.11573719,False,supply_temp_c
2024-11-09 08:00:00,0.16847408,False,train,0.21818696,False,0.1441372,False,0.14309804,False,supply_temp_c
2024-11-09 20:00:00,0.15447506,False,train,0.22126298,False,0.12670858,False,0.11545363,False,supply_temp_c
2024-11-10 08:00:00,0.17041378,False,train,0.18578352,False,0.1991483,False,0.12630944,False,return_temp_c
2024-11-10 20:00:00,0.14181186,False,train,0.16102771,False,0.15925707,False,0.10515082,False,supply_temp_c
2024-11-11 08:00:00,0.14648615,False,train,0.09650093,False,0.24237849,False,0.10057906,False,return_temp_c
2024-11-11 20:00:00,0.14627224,False,train,0.12708803,False,0.20649773,False,0.105230965,False,return_temp_c
2024-11-12 08:00:00,0.19241911,False,train,0.18168329,False,0.23810929,False,0.15746476,False,return_temp_c
2024-11-12 20:00:00,0.18114877,False,train,0.21454597,False,0.20292641,False,0.12597391,False,supply_temp_c
2024-11-13 08:00:00,0.1407492,False,train,0.17704873,False,0.1591253,False,0.0860736,False,supply_temp_c
2024-11-13 20:00:00,0.18983811,False,train,0.16101943,False,0.3015937,False,0.10690119,False,return_temp_c
2024-11-14 08:00:00,0.21627931,False,train,0.18505895,False,0.3379953,False,0.12578373,False,return_temp_c
2024-11-14 20:00:00,0.15647376,False,train,0.16080295,False,0.20810646,False,0.10051185,False,return_temp_c
2024-11-15 08:00:00,0.12989135,False,train,0.12412819,False,0.17147642,False,0.09406944,False,return_temp_c
2024-11-15 20:00:00,0.12967663,False,train,0.11847082,False,0.17654692,False,0.09401215,False,return_temp_c
2024-11-16 08:00:00,0.12883534,False,train,0.099097334,False,0.18579693,False,0.10161171,False,return_temp_c
2024-11-16 20:00:00,0.13246335,False,train,0.10731485,False,0.1846739,False,0.105401285,False,return_temp_c
2024-11-17 08:00:00,0.13333145,False,train,0.123761795,False,0.16858816,False,0.10764439,False,return_temp_c
2024-11-17 20:00:00,0.13471855,False,train,0.109536804,False,0.20484996,False,0.089768894,False,return_temp_c
2024-11-18 08:00:00,0.1487488,False,train,0.13141555,False,0.22535555,False,0.0894753,False,return_temp_c
2024-11-18 20:00:00,0.14529392,False,train,0.12353433,False,0.21238802,False,0.099959396,False,return_temp_c
2024-11-19 08:00:00,0.20595685,False,train,0.21894826,False,0.27554867,False,0.123373605,False,return_temp_c
2024-11-19 20:00:00,0.22149886,False,train,0.2583289,False,0.27169588,False,0.13447179,False,return_temp_c
2024-11-20 08:00:00,0.19486189,False,train,0.21716861,False,0.22313093,False,0.14428613,False,return_temp_c
2024-11-20 20:00:00,0.18875067,False,train,0.17631997,False,0.23455685,False,0.1553752,False,return_temp_c
2024-11-21 08:00:00,0.20520389,False,train,0.1692059,False,0.25323948,False,0.1931663,False,return_temp_c
2024-11-21 20:00:00,0.16180342,False,train,0.14768107,False,0.19535814,False,0.1423711,False,return_temp_c
2024-11-22 08:00:00,0.14358312,False,train,0.12647572,False,0.1769678,False,0.12730585,False,return_temp_c
2024-11-22 20:00:00,0.13693711,False,train,0.12474632,False,0.16846657,False,0.117598474,False,return_temp_c
2024-11-23 08:00:00,0.1404799,False,train,0.13442178,False,0.14702556,False,0.13999234,False,return_temp_c
2024-11-23 20:00:00,0.12184719,False,train,0.13754687,False,0.13017659,False,0.097818114,False,supply_temp_c
2024-11-24 08:00:00,0.13787583,False,train,0.1536671,False,0.15401201,False,0.105948366,False,return_temp_c
2024-11-24 20:00:00,0.15339154,False,train,0.17720695,False,0.17370571,False,0.10926192,False,supply_temp_c
2024-11-25 08:00:00,0.16679409,False,train,0.18043976,False,0.1917298,False,0.1282127,False,return_temp_c
2024-11-25 20:00:00,0.13524124,False,train,0.14891644,False,0.1585458,False,0.0982615,False,return_temp_c
2024-11-26 08:00:00,0.1345765,False,train,0.11786183,False,0.186954,False,0.09891371,False,return_temp_c
2024-11-26 20:00:00,0.12026307,False,train,0.12674595,False,0.15540652,False,0.07863676,False,return_temp_c
2024-11-27 08:00:00,0.12539858,False,train,0.12898958,False,0.16066493,False,0.08654123,False,return_temp_c
2024-11-27 20:00:00,0.12462989,False,train,0.13008922,False,0.14955266,False,0.09424779,False,return_temp_c
2024-11-28 08:00:00,0.12169431,False,train,0.12616062,False,0.1380138,False,0.10090855,False,return_temp_c
2024-11-28 20:00:00,0.11721774,False,train,0.12565686,False,0.14556661,False,0.08042978,False,return_temp_c
2024-11-29 08:00:00,0.13568152,False,train,0.139899,False,0.16918905,False,0.09795654,False,return_temp_c
2024-11-29 20:00:00,0.14181413,False,train,0.1701964,False,0.17858471,False,0.07666127,False,return_temp_c
2024-11-30 08:00:00,0.15836228,False,train,0.17548615,False,0.20532243,False,0.09427828,False,return_temp_c
2024-11-30 20:00:00,0.146293,False,train,0.15026858,False,0.19464111,False,0.093969345,False,return_temp_c
2024-12-01 08:00:00,0.122978225,False,train,0.10073922,False,0.1545637,False,0.11363176,False,return_temp_c
2024-12-01 20:00:00,0.11098532,False,train,0.09157921,False,0.14562713,False,0.09574961,False,return_temp_c
2024-12-02 08:00:00,0.10895815,False,train,0.094596766,False,0.13115452,False,0.101123154,False,return_temp_c
2024-12-02 20:00:00,0.10214262,False,train,0.09045311,False,0.14372252,False,0.07225225,False,return_temp_c
2024-12-03 08:00:00,0.113921046,False,train,0.08263088,False,0.17199068,False,0.087141566,False,return_temp_c
2024-12-03 20:00:00,0.12366651,False,train,0.10310889,False,0.18241353,False,0.08547714,False,return_temp_c
2024-12-04 08:00:00,0.12396084,False,train,0.08995429,False,0.18352647,False,0.09840176,False,return_temp_c
2024-12-04 20:00:00,0.12748384,False,train,0.110512435,False,0.185216,False,0.0867231,False,return_temp_c
2024-12-05 08:00:00,0.13320297,False,train,0.1025419,False,0.18426503,False,0.11280195,False,return_temp_c
2024-12-05 20:00:00,0.14700848,False,train,0.099295564,False,0.2198052,False,0.12192473,False,return_temp_c
2024-12-06 08:00:00,0.14213143,False,train,0.100773476,False,0.2069446,False,0.11867622,False,return_temp_c
2024-12-06 20:00:00,0.1485095,False,train,0.1040869,False,0.23288865,False,0.10855299,False,return_temp_c
2024-12-07 08:00:00,0.16788082,False,train,0.15568018,False,0.25244418,False,0.095518135,False,return_temp_c
2024-12-07 20:00:00,0.15268423,False,train,0.13213488,False,0.2023739,False,0.12354391,False,return_temp_c
2024-12-08 08:00:00,0.25712848,False,train,0.23951484,False,0.2504221,False,0.2814485,False,stabilized_flow_log_feature
2024-12-08 20:00:00,0.341239,False,train,0.20888859,False,0.4916351,False,0.32319328,False,return_temp_c
2024-12-09 08:00:00,0.2737357,False,train,0.20453346,False,0.44621536,False,0.17045827,False,return_temp_c
2024-12-09 20:00:00,0.15032047,False,train,0.16119888,False,0.19979203,False,0.08997051,False,return_temp_c
2024-12-10 08:00:00,0.14972813,False,train,0.12446651,False,0.20909719,False,0.11562071,False,return_temp_c
2024-12-10 20:00:00,0.15346318,False,train,0.13305375,False,0.21713118,False,0.11020457,False,return_temp_c
2024-12-11 08:00:00,0.15339851,False,train,0.16066648,False,0.17856689,False,0.120962135,False,return_temp_c
2024-12-11 20:00:00,0.15551582,False,train,0.1854526,False,0.18518049,False,0.09591431,False,supply_temp_c
2024-12-12 08:00:00,0.16459262,False,train,0.19556601,False,0.193645,False,0.104566865,False,supply_temp_c
2024-12-12 20:00:00,0.15567571,False,train,0.20129861,False,0.18943398,False,0.07629461,False,supply_temp_c
2024-12-13 08:00:00,0.16777769,False,train,0.16490929,False,0.2451983,False,0.09322544,False,return_temp_c
2024-12-13 20:00:00,0.1664961,False,train,0.16632347,False,0.22398527,False,0.109179534,False,return_temp_c
2024-12-14 08:00:00,0.17974012,False,train,0.17211615,False,0.2246555,False,0.14244866,False,return_temp_c
2024-12-14 20:00:00,0.20221043,False,train,0.16222356,False,0.27755752,False,0.16685013,False,return_temp_c
2024-12-15 08:00:00,0.21368213,False,train,0.17736274,False,0.2654159,False,0.1982678,False,return_temp_c
2024-12-15 20:00:00,0.17822012,False,train,0.17133933,False,0.23304506,False,0.130276,False,return_temp_c
2024-12-16 08:00:00,0.14346033,False,train,0.10793976,False,0.22640438,False,0.096036844,False,return_temp_c
2024-12-16 20:00:00,0.13948323,False,train,0.10951685,False,0.23249137,False,0.07644145,False,return_temp_c
2024-12-17 08:00:00,0.14084336,False,train,0.12648405,False,0.21155103,False,0.084495015,False,return_temp_c
2024-12-17 20:00:00,0.15425587,False,train,0.17599028,False,0.20209897,False,0.084678344,False,return_temp_c
2024-12-18 08:00:00,0.14348465,False,train,0.14787228,False,0.18158527,False,0.100996375,False,return_temp_c
2024-12-18 20:00:00,0.11904356,False,train,0.10795245,False,0.17194359,False,0.07723468,False,return_temp_c
2024-12-19 08:00:00,0.13759008,False,train,0.11406518,False,0.20625694,False,0.092448086,False,return_temp_c
2024-12-19 20:00:00,0.135421,False,train,0.1278255,False,0.20326225,False,0.07517526,False,return_temp_c
2024-12-20 08:00:00,0.14020348,False,train,0.12836762,False,0.19944642,False,0.09279642,False,return_temp_c
2024-12-20 20:00:00,0.15085505,False,train,0.15089037,False,0.21763492,False,0.08403987,False,return_temp_c
2024-12-21 08:00:00,0.1511195,False,train,0.120693825,False,0.22312802,False,0.10953662,False,return_temp_c
2024-12-21 20:00:00,0.13913316,False,train,0.0899725,False,0.20765145,False,0.119775474,False,return_temp_c
2024-12-22 08:00:00,0.14494179,False,train,0.15700793,False,0.16408604,False,0.113731444,False,return_temp_c
2024-12-22 20:00:00,0.14361835,False,train,0.21840386,False,0.15262763,False,0.059823602,False,supply_temp_c
2024-12-23 08:00:00,0.14566493,False,train,0.1516874,False,0.17876045,False,0.106546976,False,return_temp_c
2024-12-23 20:00:00,0.13651544,False,train,0.13830258,False,0.17653811,False,0.094705634,False,return_temp_c
2024-12-24 08:00:00,0.11089821,False,train,0.106526434,False,0.13133313,False,0.094835065,False,return_temp_c
2024-12-24 20:00:00,0.10395482,False,train,0.08541719,False,0.14020586,False,0.086241394,False,return_temp_c
2024-12-25 08:00:00,0.10956618,False,train,0.085380204,False,0.1507041,False,0.092614226,False,return_temp_c
2024-12-25 20:00:00,0.10330307,False,train,0.085650764,False,0.14304924,False,0.081209205,False,return_temp_c
2024-12-26 08:00:00,0.11833722,False,train,0.09416261,False,0.16640338,False,0.094445646,False,return_temp_c
2024-12-26 20:00:00,0.11647958,False,train,0.106001645,False,0.15909995,False,0.084337145,False,return_temp_c
2024-12-27 08:00:00,0.11733736,False,train,0.087317996,False,0.16198094,False,0.102713145,False,return_temp_c
2024-12-27 20:00:00,0.10631248,False,train,0.09236425,False,0.14681903,False,0.07975421,False,return_temp_c
2024-12-28 08:00:00,0.1152697,False,train,0.10241831,False,0.15012299,False,0.093267806,False,return_temp_c
2024-12-28 20:00:00,0.11013716,False,train,0.10039783,False,0.15283068,False,0.07718301,False,return_temp_c
2024-12-29 08:00:00,0.11785405,False,train,0.09692484,False,0.17212254,False,0.084514804,False,return_temp_c
2024-12-29 20:00:00,0.11622783,False,train,0.09998575,False,0.17506908,False,0.073628634,False,return_temp_c
2024-12-30 08:00:00,0.11747376,False,train,0.08991629,False,0.16905896,False,0.093446046,False,return_temp_c
2024-12-30 20:00:00,0.118632466,False,train,0.1049526,False,0.16189016,False,0.08905464,False,return_temp_c
2024-12-31 08:00:00,0.12809786,False,train,0.10764748,False,0.1699493,False,0.10669681,False,return_temp_c
2024-12-31 20:00:00,0.12752575,False,train,0.12044815,False,0.1639965,False,0.09813263,False,return_temp_c
2025-01-01 08:00:00,0.11872118,False,train,0.08195243,False,0.15886267,False,0.11534848,False,return_temp_c
2025-01-01 20:00:00,0.112988725,False,train,0.08113844,False,0.16305102,False,0.0947767,False,return_temp_c
2025-01-02 08:00:00,0.13080117,False,train,0.10831299,False,0.1843208,False,0.0997698,False,return_temp_c
2025-01-02 20:00:00,0.13215542,False,train,0.119475126,False,0.17959245,False,0.09739867,False,return_temp_c
2025-01-03 08:00:00,0.13159166,False,train,0.13340487,False,0.17220713,False,0.08916295,False,return_temp_c
2025-01-03 20:00:00,0.13271366,False,train,0.12884395,False,0.1788144,False,0.09048265,False,return_temp_c
2025-01-04 08:00:00,0.14335112,False,train,0.14417835,False,0.17803769,False,0.10783732,False,return_temp_c
2025-01-04 20:00:00,0.15129976,False,train,0.14705952,False,0.18001465,False,0.12682508,False,return_temp_c
2025-01-05 08:00:00,0.14993331,False,train,0.13669957,False,0.18529175,False,0.12780865,False,return_temp_c
2025-01-05 20:00:00,0.12301258,False,train,0.10876172,False,0.17679362,False,0.083482474,False,return_temp_c
2025-01-06 08:00:00,0.12465206,False,train,0.099172235,False,0.18238007,False,0.09240388,False,return_temp_c
2025-01-06 20:00:00,0.1257063,False,train,0.1076896,False,0.1805043,False,0.08892503,False,return_temp_c
2025-01-07 08:00:00,0.13774405,False,train,0.116315186,False,0.18901707,False,0.10789988,False,return_temp_c
2025-01-07 20:00:00,0.15393086,False,train,0.12306457,False,0.2327799,False,0.10594809,False,return_temp_c
2025-01-08 08:00:00,0.16955754,False,train,0.15682839,False,0.23555006,False,0.116294205,False,return_temp_c
2025-01-08 20:00:00,0.16173692,False,train,0.13343316,False,0.22103448,False,0.13074312,False,return_temp_c
2025-01-09 08:00:00,0.18963231,False,train,0.16713937,False,0.24599881,False,0.15575883,False,return_temp_c
2025-01-09 20:00:00,0.15830761,False,train,0.11056056,False,0.23367469,False,0.13068755,False,return_temp_c
2025-01-10 08:00:00,0.16014123,False,train,0.12805986,False,0.23054792,False,0.12181589,False,return_temp_c
2025-01-10 20:00:00,0.15459698,False,train,0.124367595,False,0.21837074,False,0.1210526,False,return_temp_c
2025-01-11 08:00:00,0.1514247,False,train,0.1529543,False,0.17969596,False,0.12162382,False,return_temp_c
2025-01-11 20:00:00,0.15262061,False,train,0.16651587,False,0.18826409,False,0.103081875,False,return_temp_c
2025-01-12 08:00:00,0.15976769,False,train,0.17168687,False,0.19886191,False,0.10875427,False,return_temp_c
2025-01-12 20:00:00,0.17570156,False,train,0.22443841,False,0.20754218,False,0.0951241,False,supply_temp_c
2025-01-13 08:00:00,0.16889387,False,train,0.17406642,False,0.2113601,False,0.12125504,False,return_temp_c
2025-01-13 20:00:00,0.15207464,False,train,0.16370924,False,0.1859665,False,0.10654812,False,return_temp_c
2025-01-14 08:00:00,0.18102854,False,train,0.20297949,False,0.23499918,False,0.10510693,False,return_temp_c
2025-01-14 20:00:00,0.15946719,False,train,0.16015056,False,0.2200185,False,0.09823251,False,return_temp_c
2025-01-15 08:00:00,0.1716894,False,train,0.15406474,False,0.25029275,False,0.11071076,False,return_temp_c
2025-01-15 20:00:00,0.1595371,False,train,0.12706976,False,0.26165628,False,0.08988526,False,return_temp_c
2025-01-16 08:00:00,0.22307563,False,train,0.24052902,False,0.3191309,False,0.10956698,False,return_temp_c
2025-01-16 20:00:00,0.19734745,False,train,0.20437837,False,0.27078202,False,0.11688196,False,return_temp_c
2025-01-17 08:00:00,0.17736916,False,train,0.18164779,False,0.23685592,False,0.11360373,False,return_temp_c
2025-01-17 20:00:00,0.20003492,False,train,0.25907144,False,0.24928026,False,0.091753036,False,supply_temp_c
2025-01-18 08:00:00,0.20760857,False,train,0.29349813,False,0.2276026,False,0.10172496,False,supply_temp_c
2025-01-18 20:00:00,0.15529296,False,train,0.16692154,False,0.17811354,False,0.12084377,False,return_temp_c
2025-01-19 08:00:00,0.18245894,False,train,0.22503203,False,0.18472034,False,0.13762446,False,supply_temp_c
2025-01-19 20:00:00,0.15536422,False,train,0.15442474,False,0.1823011,False,0.12936683,False,return_temp_c
2025-01-20 08:00:00,0.18984792,False,train,0.17784737,False,0.2621866,False,0.12950979,False,return_temp_c
2025-01-20 20:00:00,0.17931142,False,train,0.16335098,False,0.26146576,False,0.11311754,False,return_temp_c
2025-01-21 08:00:00,0.19244695,False,train,0.2139924,False,0.24302499,False,0.12032349,False,return_temp_c
2025-01-21 20:00:00,0.17362383,False,train,0.18721177,False,0.2228667,False,0.11079309,False,return_temp_c
2025-01-22 08:00:00,0.14622122,False,train,0.108032785,False,0.21660323,False,0.11402761,False,return_temp_c
2025-01-22 20:00:00,0.1297819,False,train,0.10834464,False,0.18083583,False,0.10016527,False,return_temp_c
2025-01-23 08:00:00,0.14323112,False,train,0.12116498,False,0.18637697,False,0.1221514,False,return_temp_c
2025-01-23 20:00:00,0.1342891,False,train,0.12557893,False,0.19477715,False,0.08251122,False,return_temp_c
2025-01-24 08:00:00,0.15165307,False,train,0.15020964,False,0.18946074,False,0.11528877,False,return_temp_c
2025-01-24 20:00:00,0.15947284,False,train,0.17504716,False,0.18135448,False,0.1220169,False,return_temp_c
2025-01-25 08:00:00,0.14012155,False,train,0.114801355,False,0.2002889,False,0.10527436,False,return_temp_c
2025-01-25 20:00:00,0.13062645,False,train,0.10039342,False,0.19221224,False,0.099273704,False,return_temp_c
2025-01-26 08:00:00,0.1541334,False,train,0.13086708,False,0.19834758,False,0.13318557,False,return_temp_c
2025-01-26 20:00:00,0.14477117,False,train,0.123206146,False,0.19393818,False,0.117169194,False,return_temp_c
2025-01-27 08:00:00,0.15303898,False,train,0.1032329,False,0.24475099,False,0.11113305,False,return_temp_c
2025-01-27 20:00:00,0.17896903,False,train,0.14838211,False,0.2616197,False,0.1269053,False,return_temp_c
2025-01-28 08:00:00,0.1722553,False,train,0.1514461,False,0.22441517,False,0.14090466,False,return_temp_c
2025-01-28 20:00:00,0.15712045,False,train,0.13373609,False,0.23834811,False,0.09927716,False,return_temp_c
2025-01-29 08:00:00,0.1621961,False,train,0.15486173,False,0.2138737,False,0.117852785,False,return_temp_c
2025-01-29 20:00:00,0.16020937,False,train,0.17034012,False,0.20858718,False,0.101700805,False,return_temp_c
2025-01-30 08:00:00,0.18990195,False,train,0.20077185,False,0.23040585,False,0.13852812,False,return_temp_c
2025-01-30 20:00:00,0.19183673,False,train,0.22636266,False,0.24649888,False,0.10264858,False,return_temp_c
2025-01-31 08:00:00,0.19254875,False,train,0.20316023,False,0.27435166,False,0.10013432,False,return_temp_c
2025-01-31 20:00:00,0.18576056,False,train,0.19125496,False,0.2660732,False,0.099953525,False,return_temp_c
2025-02-01 08:00:00,0.16784011,False,train,0.15126699,False,0.22651754,False,0.12573574,False,return_temp_c
2025-02-01 20:00:00,0.17161117,False,train,0.14961006,False,0.27246663,False,0.092756875,False,return_temp_c
2025-02-02 08:00:00,0.17825413,False,train,0.15846072,False,0.26345977,False,0.11284185,False,return_temp_c
2025-02-02 20:00:00,0.15526265,False,train,0.14525028,False,0.23679172,False,0.08374598,False,return_temp_c
2025-02-03 08:00:00,0.1498271,False,train,0.14377595,False,0.19923572,False,0.10646965,False,return_temp_c
2025-02-03 20:00:00,0.1480034,False,train,0.14624526,False,0.19961114,False,0.09815377,False,return_temp_c
2025-02-04 08:00:00,0.15489197,False,train,0.14402267,False,0.19909859,False,0.1215547,False,return_temp_c
2025-02-04 20:00:00,0.1578708,False,train,0.14566459,False,0.2272744,False,0.100673415,False,return_temp_c
2025-02-05 08:00:00,0.17009129,False,train,0.1360483,False,0.2591164,False,0.11510915,False,return_temp_c
2025-02-05 20:00:00,0.17408922,False,train,0.13590643,False,0.27766666,False,0.10869456,False,return_temp_c
2025-02-06 08:00:00,0.18009977,False,train,0.15602128,False,0.2563208,False,0.12795715,False,return_temp_c
2025-02-06 20:00:00,0.1622497,False,train,0.14091104,False,0.25967023,False,0.08616782,False,return_temp_c
2025-02-07 08:00:00,0.162471,False,train,0.114452206,False,0.2560493,False,0.11691155,False,return_temp_c
2025-02-07 20:00:00,0.16017511,False,train,0.12773548,False,0.24004215,False,0.11274767,False,return_temp_c
2025-02-08 08:00:00,0.16449338,False,train,0.15612204,False,0.2511264,False,0.08623167,False,return_temp_c
2025-02-08 20:00:00,0.16152424,False,train,0.1668189,False,0.23868714,False,0.079066694,False,return_temp_c
2025-02-09 08:00:00,0.16578205,False,train,0.1514241,False,0.23485298,False,0.111069165,False,return_temp_c
2025-02-09 20:00:00,0.16872297,False,train,0.13138074,False,0.2812178,False,0.09357039,False,return_temp_c
2025-02-10 08:00:00,0.1634795,False,train,0.12984513,False,0.24092197,False,0.11967141,False,return_temp_c
2025-02-10 20:00:00,0.15528563,False,train,0.13517152,False,0.23486906,False,0.095816255,False,return_temp_c
2025-02-11 08:00:00,0.15727362,False,train,0.13347316,False,0.22192477,False,0.11642295,False,return_temp_c
2025-02-11 20:00:00,0.15074834,False,train,0.123284005,False,0.22835733,False,0.10060371,False,return_temp_c
2025-02-12 08:00:00,0.1581962,False,train,0.13320522,False,0.22647947,False,0.11490389,False,return_temp_c
2025-02-12 20:00:00,0.16423869,False,train,0.1464945,False,0.23342113,False,0.1128005,False,return_temp_c
2025-02-13 08:00:00,0.16469358,False,train,0.13110057,False,0.24364479,False,0.11933541,False,return_temp_c
2025-02-13 20:00:00,0.18056005,False,train,0.16689764,False,0.26057336,False,0.11420915,False,return_temp_c
2025-02-14 08:00:00,0.18869361,False,train,0.15034086,False,0.2823512,False,0.13338883,False,return_temp_c
2025-02-14 20:00:00,0.16390535,False,train,0.12463608,False,0.26807773,False,0.099002324,False,return_temp_c
2025-02-15 08:00:00,0.174483,False,train,0.16489942,False,0.24732997,False,0.11121964,False,return_temp_c
2025-02-15 20:00:00,0.1662316,False,train,0.15272292,False,0.24674089,False,0.099230975,False,return_temp_c
2025-02-16 08:00:00,0.17415845,False,train,0.106238514,False,0.269181,False,0.14705585,False,return_temp_c
2025-02-16 20:00:00,0.16501373,False,train,0.107900344,False,0.26340872,False,0.12373209,False,return_temp_c
2025-02-17 08:00:00,0.17043751,False,train,0.12161357,False,0.251787,False,0.13791199,False,return_temp_c
2025-02-17 20:00:00,0.16222891,False,train,0.12492516,False,0.24167353,False,0.12008806,False,return_temp_c
2025-02-18 08:00:00,0.1638451,False,train,0.104340814,False,0.24770923,False,0.13948525,False,return_temp_c
2025-02-18 20:00:00,0.1595674,False,train,0.10404172,False,0.26101705,False,0.113643415,False,return_temp_c
2025-02-19 08:00:00,0.15852049,False,train,0.12033852,False,0.23497175,False,0.1202512,False,return_temp_c
2025-02-19 20:00:00,0.17291869,False,train,0.17681472,False,0.24665992,False,0.095281444,False,return_temp_c
2025-02-20 08:00:00,0.19796383,False,train,0.17712122,False,0.2825625,False,0.13420774,False,return_temp_c
2025-02-20 20:00:00,0.19060598,False,train,0.20301978,False,0.25463295,False,0.11416524,False,return_temp_c
2025-02-21 08:00:00,0.13412026,False,train,0.08402739,False,0.24023457,False,0.078098774,False,return_temp_c
2025-02-21 20:00:00,0.13091576,False,train,0.11441345,False,0.2170908,False,0.061243046,False,return_temp_c
2025-02-22 08:00:00,0.15517963,False,train,0.11237743,False,0.2606897,False,0.09247177,False,return_temp_c
2025-02-22 20:00:00,0.14135306,False,train,0.0928106,False,0.24611253,False,0.08513605,False,return_temp_c
2025-02-23 08:00:00,0.13638921,False,train,0.106966734,False,0.20448934,False,0.09771156,False,return_temp_c
2025-02-23 20:00:00,0.13430262,False,train,0.10464286,False,0.20384818,False,0.094416805,False,return_temp_c
2025-02-24 08:00:00,0.14365213,False,train,0.10339282,False,0.2093956,False,0.11816796,False,return_temp_c
2025-02-24 20:00:00,0.14218736,False,train,0.11087037,False,0.20192744,False,0.11376428,False,return_temp_c
2025-02-25 08:00:00,0.1703573,False,train,0.12919293,False,0.25093502,False,0.13094401,False,return_temp_c
2025-02-25 20:00:00,0.16311592,False,train,0.13057232,False,0.25896022,False,0.09981523,False,return_temp_c
2025-02-26 08:00:00,0.16646849,False,train,0.12538609,False,0.25017372,False,0.12384564,False,return_temp_c
2025-02-26 20:00:00,0.20566106,False,train,0.14117454,False,0.27381945,False,0.20198922,False,return_temp_c
2025-02-27 08:00:00,0.24629372,False,train,0.19306733,False,0.32051352,False,0.2253003,False,return_temp_c
2025-02-27 20:00:00,0.2967094,False,train,0.31746215,False,0.41269174,False,0.15997425,False,return_temp_c
2025-02-28 08:00:00,0.44760397,True,train,0.29149225,False,0.8165168,True,0.234803,False,return_temp_c
2025-02-28 20:00:00,0.47961652,True,train,0.31210867,False,0.83972377,True,0.28701723,False,return_temp_c
2025-03-01 08:00:00,0.40752423,True,train,0.38455823,False,0.6254308,True,0.21258365,False,return_temp_c
2025-03-01 20:00:00,0.39168274,True,train,0.43535805,True,0.5611952,True,0.17849486,False,return_temp_c
2025-03-02 08:00:00,0.28351915,False,train,0.29030156,False,0.37054816,False,0.18970776,False,return_temp_c
2025-03-02 20:00:00,0.296024,False,train,0.29329053,False,0.42687485,False,0.1679066,False,return_temp_c
2025-03-03 08:00:00,0.30859333,False,train,0.2591053,False,0.49903992,True,0.16763471,False,return_temp_c
2025-03-03 20:00:00,0.27837297,False,train,0.22704653,False,0.4554622,False,0.15261023,False,return_temp_c
2025-03-04 08:00:00,0.17544729,False,train,0.14547528,False,0.24991511,False,0.1309515,False,return_temp_c
2025-03-04 20:00:00,0.1490696,False,train,0.12402221,False,0.21432103,False,0.10886552,False,return_temp_c
2025-03-05 08:00:00,0.15223598,False,train,0.10819473,False,0.23599438,False,0.11251878,False,return_temp_c
2025-03-05 20:00:00,0.17521122,False,train,0.1554557,False,0.2577565,False,0.11242146,False,return_temp_c
2025-03-06 08:00:00,0.20504452,False,train,0.16101404,False,0.29218188,False,0.16193761,False,return_temp_c
2025-03-06 20:00:00,0.19421501,False,train,0.14461283,False,0.31109133,False,0.12694094,False,return_temp_c
2025-03-07 08:00:00,0.23642138,False,train,0.21902926,False,0.35034156,False,0.13989322,False,return_temp_c
2025-03-07 20:00:00,0.18992335,False,train,0.17850584,False,0.28525722,False,0.10600698,False,return_temp_c
2025-03-08 08:00:00,0.22511874,False,train,0.15490232,False,0.40721524,False,0.11323867,False,return_temp_c
2025-03-08 20:00:00,0.23142248,False,train,0.17759061,False,0.39143005,False,0.12524669,False,return_temp_c
2025-03-09 08:00:00,0.44499582,True,train,0.36646536,False,0.7735114,True,0.1950107,False,return_temp_c
2025-03-09 20:00:00,0.5365408,True,train,0.51559204,True,0.87909055,True,0.21494001,False,return_temp_c
2025-03-10 08:00:00,0.5247288,True,train,0.5144515,True,0.84679914,True,0.21293576,False,return_temp_c
2025-03-10 20:00:00,0.4232464,True,train,0.36191043,False,0.7479674,True,0.15986149,False,return_temp_c
2025-03-11 08:00:00,0.1907124,False,train,0.18953149,False,0.24649549,False,0.13611029,False,return_temp_c
2025-03-11 20:00:00,0.32950303,False,train,0.30673233,False,0.4880755,False,0.19370139,False,return_temp_c
2025-03-12 08:00:00,0.3404246,False,train,0.30995914,False,0.5156459,True,0.19566865,False,return_temp_c
2025-03-12 20:00:00,0.20104325,False,train,0.19898115,False,0.27204606,False,0.1321025,False,return_temp_c
2025-03-13 08:00:00,0.43304148,True,train,0.44152603,True,0.7006671,True,0.15693139,False,return_temp_c
2025-03-13 20:00:00,0.42307335,True,train,0.43668738,True,0.6992316,True,0.13330092,False,return_temp_c
2025-03-14 08:00:00,0.24282964,False,train,0.19498362,False,0.32953393,False,0.20397139,False,return_temp_c
2025-03-14 20:00:00,0.24933155,False,train,0.2224936,False,0.3275616,False,0.19793941,False,return_temp_c
2025-03-15 08:00:00,0.23545276,False,train,0.27213737,False,0.33732665,False,0.09689426,False,return_temp_c
2025-03-15 20:00:00,0.23626783,False,train,0.26918608,False,0.3360648,False,0.10355262,False,return_temp_c
2025-03-16 08:00:00,0.2824001,False,train,0.29118416,False,0.4518813,False,0.10413482,False,return_temp_c
2025-03-16 20:00:00,0.7391646,True,train,1.1180943,True,0.73756766,True,0.36183187,True,supply_temp_c
2025-03-17 08:00:00,0.6646876,True,train,0.99895,True,0.61903226,True,0.3760806,True,supply_temp_c
2025-03-17 20:00:00,0.23531103,False,train,0.20867097,False,0.35773602,False,0.13952614,False,return_temp_c
2025-03-18 08:00:00,0.17649606,False,train,0.14190058,False,0.26546016,False,0.12212741,False,return_temp_c
2025-03-18 20:00:00,0.20370749,False,train,0.15453652,False,0.3290969,False,0.12748902,False,return_temp_c
2025-03-19 08:00:00,0.17640126,False,train,0.113791704,False,0.28725716,False,0.12815492,False,return_temp_c
2025-03-19 20:00:00,0.40124002,True,train,0.4480609,True,0.5703304,True,0.18532874,False,return_temp_c
2025-03-20 08:00:00,0.40781152,True,train,0.4594179,True,0.5764131,True,0.1876036,False,return_temp_c
2025-03-20 20:00:00,0.13011856,False,train,0.085763626,False,0.2190811,False,0.08551094,False,return_temp_c
2025-03-21 08:00:00,0.17733502,False,train,0.1297222,False,0.21488003,False,0.1874029,False,return_temp_c
2025-03-21 20:00:00,0.2133748,False,train,0.16931361,False,0.27906522,False,0.1917456,False,return_temp_c
2025-03-22 08:00:00,0.2168964,False,train,0.17664063,False,0.2891336,False,0.18491499,False,return_temp_c
2025-03-22 20:00:00,0.16769642,False,train,0.11882175,False,0.22345231,False,0.16081515,False,return_temp_c
2025-03-23 08:00:00,0.17975442,False,train,0.16161884,False,0.26170677,False,0.11593767,False,return_temp_c
2025-03-23 20:00:00,0.17233977,False,train,0.15440167,False,0.2547912,False,0.10782642,False,return_temp_c
2025-03-24 08:00:00,0.15096407,False,train,0.101177834,False,0.2587954,False,0.092918925,False,return_temp_c
2025-03-24 20:00:00,0.15196067,False,test,0.11344099,False,0.2746624,False,0.06777857,False,return_temp_c
2025-03-25 08:00:00,0.13861454,False,test,0.09887892,False,0.23046613,False,0.086498566,False,return_temp_c
2025-03-25 20:00:00,0.14596865,False,test,0.11158791,False,0.23523839,False,0.09107959,False,return_temp_c
2025-03-26 08:00:00,0.16356799,False,test,0.11431167,False,0.2680435,False,0.10834878,False,return_temp_c
2025-03-26 20:00:00,0.15217848,False,test,0.09429396,False,0.27254525,False,0.08969631,False,return_temp_c
2025-03-27 08:00:00,0.13130127,False,test,0.07847482,False,0.21093303,False,0.104496,False,return_temp_c
2025-03-27 20:00:00,0.13531205,False,test,0.08206616,False,0.22994854,False,0.093921445,False,return_temp_c
2025-03-28 08:00:00,0.16948809,False,test,0.08619136,False,0.24119128,False,0.18108161,False,return_temp_c
2025-03-28 20:00:00,0.15079026,False,test,0.08885267,False,0.22376274,False,0.13975538,False,return_temp_c
2025-03-29 08:00:00,0.13682644,False,test,0.083473325,False,0.17308874,False,0.15391724,False,return_temp_c
2025-03-29 20:00:00,0.1723875,False,test,0.1140322,False,0.19635172,False,0.20677851,False,stabilized_flow_log_feature
2025-03-30 08:00:00,0.15211065,False,test,0.11880925,False,0.21815406,False,0.11936871,False,return_temp_c
2025-03-30 20:00:00,0.12732394,False,test,0.09204135,False,0.21791022,False,0.072020255,False,return_temp_c
2025-03-31 08:00:00,0.13109165,False,test,0.09052557,False,0.21128525,False,0.091464095,False,return_temp_c
2025-03-31 20:00:00,0.124342255,False,test,0.08200253,False,0.19877692,False,0.09224731,False,return_temp_c
2025-04-01 08:00:00,0.11529826,False,test,0.06454476,False,0.18175001,False,0.09960002,False,return_temp_c
2025-04-01 20:00:00,0.12367925,False,test,0.07530356,False,0.19589336,False,0.09984085,False,return_temp_c
2025-04-02 08:00:00,0.19596158,False,test,0.18396668,False,0.2460984,False,0.1578197,False,return_temp_c
2025-04-02 20:00:00,0.2157851,False,test,0.19952685,False,0.3016579,False,0.1461706,False,return_temp_c
2025-04-03 08:00:00,0.16106987,False,test,0.101473995,False,0.26050934,False,0.1212263,False,return_temp_c
2025-04-03 20:00:00,0.13001528,False,test,0.07878535,False,0.2179211,False,0.09333938,False,return_temp_c
2025-04-04 08:00:00,0.18368815,False,test,0.10026576,False,0.24771084,False,0.20308788,False,return_temp_c
2025-04-04 20:00:00,0.16680421,False,test,0.10909393,False,0.22687674,False,0.16444199,False,return_temp_c
2025-04-05 08:00:00,0.15725857,False,test,0.09923478,False,0.18895864,False,0.18358226,False,return_temp_c
2025-04-05 20:00:00,0.17151347,False,test,0.10540259,False,0.20833534,False,0.2008025,False,return_temp_c
2025-04-06 08:00:00,0.1639731,False,test,0.123266675,False,0.21940738,False,0.14924519,False,return_temp_c
2025-04-06 20:00:00,0.15931073,False,test,0.12360393,False,0.20355582,False,0.15077244,False,return_temp_c
2025-04-07 08:00:00,0.13843542,False,test,0.09556835,False,0.19283693,False,0.12690097,False,return_temp_c
2025-04-07 20:00:00,0.132878,False,test,0.11438138,False,0.17896974,False,0.105282895,False,return_temp_c
2025-04-08 08:00:00,0.14826137,False,test,0.13090146,False,0.19647932,False,0.11740336,False,return_temp_c
2025-04-08 20:00:00,0.14763829,False,test,0.14761817,False,0.18870431,False,0.10659242,False,return_temp_c
2025-04-09 08:00:00,0.15066163,False,test,0.13300548,False,0.20298834,False,0.11599103,False,return_temp_c
2025-04-09 20:00:00,0.13778895,False,test,0.12029487,False,0.18546425,False,0.10760769,False,return_temp_c
2025-04-10 08:00:00,0.14372624,False,test,0.11763689,False,0.21085937,False,0.10268244,False,return_temp_c
2025-04-10 20:00:00,0.12902586,False,test,0.10786567,False,0.18174149,False,0.0974704,False,return_temp_c
2025-04-11 08:00:00,0.14415246,False,test,0.117649466,False,0.2160924,False,0.098715544,False,return_temp_c
2025-04-11 20:00:00,0.15326573,False,test,0.14176308,False,0.2092057,False,0.1088284,False,return_temp_c
2025-04-12 08:00:00,0.14994238,False,test,0.13267031,False,0.21009564,False,0.10706118,False,return_temp_c
2025-04-12 20:00:00,0.13184913,False,test,0.11487659,False,0.190295,False,0.09037578,False,return_temp_c
2025-04-13 08:00:00,0.14891696,False,test,0.13208961,False,0.20273292,False,0.111928314,False,return_temp_c
2025-04-13 20:00:00,0.14223059,False,test,0.12641011,False,0.1950594,False,0.105222285,False,return_temp_c
2025-04-14 08:00:00,0.15309374,False,test,0.10335227,False,0.25055423,False,0.10537467,False,return_temp_c
2025-04-14 20:00:00,0.14526337,False,test,0.115760475,False,0.21754749,False,0.10248219,False,return_temp_c
2025-04-15 08:00:00,0.14717042,False,test,0.13439092,False,0.21540636,False,0.09171394,False,return_temp_c
2025-04-15 20:00:00,0.14383298,False,test,0.13014896,False,0.21625555,False,0.08509442,False,return_temp_c
2025-04-16 08:00:00,0.15320134,False,test,0.11179596,False,0.25292638,False,0.09488171,False,return_temp_c
2025-04-16 20:00:00,0.15870695,False,test,0.10879593,False,0.26288173,False,0.1044432,False,return_temp_c
2025-04-17 08:00:00,0.15115793,False,test,0.10486656,False,0.23893459,False,0.109672666,False,return_temp_c
2025-04-17 20:00:00,0.15293655,False,test,0.117014326,False,0.23073483,False,0.11106052,False,return_temp_c
2025-04-18 08:00:00,0.15289432,False,test,0.13372858,False,0.22128737,False,0.10366704,False,return_temp_c
2025-04-18 20:00:00,0.14736953,False,test,0.115448415,False,0.23031618,False,0.09634402,False,return_temp_c
2025-04-19 08:00:00,0.14924428,False,test,0.08496683,False,0.25034544,False,0.11242059,False,return_temp_c
2025-04-19 20:00:00,0.13875681,False,test,0.10186061,False,0.21911794,False,0.095291905,False,return_temp_c
2025-04-20 08:00:00,0.13920143,False,test,0.11624357,False,0.21554367,False,0.08581702,False,return_temp_c
2025-04-20 20:00:00,0.12963581,False,test,0.11209949,False,0.19079375,False,0.08601413,False,return_temp_c
2025-04-21 08:00:00,0.13712305,False,test,0.09966459,False,0.21725784,False,0.09444669,False,return_temp_c
2025-04-21 20:00:00,0.13221465,False,test,0.103459276,False,0.20153308,False,0.091651626,False,return_temp_c
2025-04-22 08:00:00,0.13565361,False,test,0.10356253,False,0.20405237,False,0.09934599,False,return_temp_c
2025-04-22 20:00:00,0.14094837,False,test,0.11159924,False,0.21939051,False,0.09185538,False,return_temp_c
2025-04-23 08:00:00,0.15411822,False,test,0.12326452,False,0.24440444,False,0.09468571,False,return_temp_c
2025-04-23 20:00:00,0.14507931,False,test,0.1194843,False,0.2150641,False,0.10068956,False,return_temp_c
2025-04-24 08:00:00,0.1467432,False,test,0.1037778,False,0.2146561,False,0.12179572,False,return_temp_c
2025-04-24 20:00:00,0.14937726,False,test,0.12679543,False,0.19757895,False,0.12375736,False,return_temp_c
2025-04-25 08:00:00,0.18793993,False,test,0.1455298,False,0.2636164,False,0.15467353,False,return_temp_c
2025-04-25 20:00:00,0.16584995,False,test,0.12385702,False,0.22482222,False,0.14887062,False,return_temp_c
2025-04-26 08:00:00,0.17930768,False,test,0.12604064,False,0.277149,False,0.13473342,False,return_temp_c
2025-04-26 20:00:00,0.18874355,False,test,0.1508604,False,0.28960165,False,0.1257686,False,return_temp_c
2025-04-27 08:00:00,0.21696617,False,test,0.15403387,False,0.33609354,False,0.16077106,False,return_temp_c
2025-04-29 08:00:00,0.19411355,False,test,0.11221374,False,0.2927902,False,0.17733668,False,return_temp_c
2025-04-29 20:00:00,0.17816329,False,test,0.12367966,False,0.25629655,False,0.15451372,False,return_temp_c
2025-04-30 08:00:00,0.18163605,False,test,0.107724525,False,0.26890936,False,0.16827424,False,return_temp_c
2025-04-30 20:00:00,0.17384598,False,test,0.12784855,False,0.2463501,False,0.14733927,False,return_temp_c
2025-05-01 08:00:00,0.20578639,False,test,0.13593239,False,0.29890475,False,0.18252207,False,return_temp_c
2025-05-01 20:00:00,0.18793577,False,test,0.1681083,False,0.23376416,False,0.1619348,False,return_temp_c
2025-05-02 08:00:00,0.15837142,False,test,0.1600874,False,0.18700182,False,0.12802501,False,return_temp_c
2025-05-02 20:00:00,0.16811532,False,test,0.13690072,False,0.20761043,False,0.15983482,False,return_temp_c
2025-05-03 08:00:00,0.18560179,False,test,0.15758024,False,0.21415533,False,0.18506984,False,return_temp_c
2025-05-03 20:00:00,0.15335022,False,test,0.15913203,False,0.17543812,False,0.12548049,False,return_temp_c
2025-05-04 08:00:00,0.18363534,False,test,0.15184431,False,0.27701136,False,0.122050345,False,return_temp_c
2025-05-04 20:00:00,0.16756366,False,test,0.1397738,False,0.24136911,False,0.121548064,False,return_temp_c
2025-05-05 08:00:00,0.15189363,False,test,0.11865785,False,0.22973312,False,0.10728991,False,return_temp_c
2025-05-05 20:00:00,0.14017087,False,test,0.10919734,False,0.21313888,False,0.09817639,False,return_temp_c
2025-05-06 08:00:00,0.16671987,False,test,0.13475205,False,0.27123526,False,0.09417225,False,return_temp_c
2025-05-06 20:00:00,0.16981854,False,test,0.15544271,False,0.24561517,False,0.108397745,False,return_temp_c
2025-05-07 08:00:00,0.16082208,False,test,0.1304778,False,0.24669528,False,0.10529313,False,return_temp_c
2025-05-07 20:00:00,0.15393516,False,test,0.12893252,False,0.23759685,False,0.09527612,False,return_temp_c
2025-05-08 08:00:00,0.15321848,False,test,0.13379934,False,0.22216785,False,0.10368824,False,return_temp_c
2025-05-08 20:00:00,0.14696711,False,test,0.12122371,False,0.22828954,False,0.0913881,False,return_temp_c
2025-05-09 08:00:00,0.15053344,False,test,0.11787226,False,0.26056466,False,0.0731634,False,return_temp_c
2025-05-09 20:00:00,0.15823406,False,test,0.12427741,False,0.26904148,False,0.08138328,False,return_temp_c
2025-05-10 08:00:00,0.16217571,False,test,0.12735915,False,0.2638402,False,0.09532783,False,return_temp_c
2025-05-10 20:00:00,0.15414998,False,test,0.12325888,False,0.25424382,False,0.08494723,False,return_temp_c
2025-05-11 08:00:00,0.17165296,False,test,0.15838526,False,0.26247218,False,0.09410146,False,return_temp_c
2025-05-11 20:00:00,0.17668284,False,test,0.17573597,False,0.24777848,False,0.106534116,False,return_temp_c
2025-05-12 08:00:00,0.1783213,False,test,0.17555636,False,0.2507153,False,0.10869223,False,return_temp_c
2025-05-12 20:00:00,0.17603311,False,test,0.18670404,False,0.24311732,False,0.098278016,False,return_temp_c
2025-05-13 08:00:00,0.17619601,False,test,0.1665013,False,0.27231565,False,0.089771055,False,return_temp_c
2025-05-13 20:00:00,0.17195189,False,test,0.16099665,False,0.25188813,False,0.10297086,False,return_temp_c
2025-05-14 08:00:00,0.16480488,False,test,0.16892582,False,0.22307324,False,0.10241553,False,return_temp_c
2025-05-14 20:00:00,0.16714905,False,test,0.17943276,False,0.22456686,False,0.09744754,False,return_temp_c
2025-05-15 08:00:00,0.18109907,False,test,0.1866044,False,0.2373053,False,0.11938748,False,return_temp_c
2025-05-15 20:00:00,0.1918289,False,test,0.17675044,False,0.26999518,False,0.1287411,False,return_temp_c
2025-05-16 08:00:00,0.18334125,False,test,0.14801678,False,0.26912498,False,0.13288201,False,return_temp_c
2025-05-16 20:00:00,0.17445539,False,test,0.14866495,False,0.2528195,False,0.121881686,False,return_temp_c
2025-05-17 08:00:00,0.19090524,False,test,0.18804248,False,0.22066021,False,0.16401304,False,return_temp_c
2025-05-17 20:00:00,0.2101865,False,test,0.19055207,False,0.24959737,False,0.19041002,False,return_temp_c
2025-05-18 08:00:00,0.22825056,False,test,0.20549111,False,0.28044865,False,0.19881184,False,return_temp_c
2025-05-18 20:00:00,0.21711582,False,test,0.21738385,False,0.252478,False,0.18148571,False,return_temp_c
2025-05-19 08:00:00,0.20833993,False,test,0.2115938,False,0.26767358,False,0.14575247,False,return_temp_c
2025-05-19 20:00:00,0.15336078,False,test,0.15644784,False,0.17559683,False,0.12803768,False,return_temp_c
2025-05-20 08:00:00,0.16768031,False,test,0.151096,False,0.20752172,False,0.14442322,False,return_temp_c
2025-05-20 20:00:00,0.15986258,False,test,0.1662734,False,0.1675445,False,0.14576982,False,return_temp_c
2025-05-21 08:00:00,0.16902255,False,test,0.13883184,False,0.20986249,False,0.15837333,False,return_temp_c
2025-05-21 20:00:00,0.14545265,False,test,0.12160071,False,0.16472642,False,0.1500308,False,return_temp_c
2025-05-22 08:00:00,0.14014597,False,test,0.13949205,False,0.15632354,False,0.12462234,False,return_temp_c
2025-05-22 20:00:00,0.1416713,False,test,0.115806065,False,0.176391,False,0.13281685,False,return_temp_c
2025-05-23 08:00:00,0.15492669,False,test,0.107823156,False,0.21966918,False,0.13728768,False,return_temp_c
2025-05-23 20:00:00,0.15720673,False,test,0.10801513,False,0.2191547,False,0.14445035,False,return_temp_c
2025-05-24 08:00:00,0.14243665,False,test,0.10032594,False,0.18255742,False,0.14442661,False,return_temp_c
2025-05-24 20:00:00,0.15214181,False,test,0.08846912,False,0.20172988,False,0.16622645,False,return_temp_c
2025-05-25 08:00:00,0.15383133,False,test,0.119915545,False,0.18856283,False,0.15301564,False,return_temp_c
2025-05-25 20:00:00,0.1524784,False,test,0.15095897,False,0.16096552,False,0.14551072,False,return_temp_c
2025-05-26 08:00:00,0.15393156,False,test,0.14208618,False,0.17342974,False,0.14627881,False,return_temp_c
2025-05-26 20:00:00,0.14408301,False,test,0.16396223,False,0.14263502,False,0.12565178,False,supply_temp_c
2025-05-27 08:00:00,0.14528243,False,test,0.17108603,False,0.12861529,False,0.13614598,False,supply_temp_c
2025-05-27 20:00:00,0.14818583,False,test,0.1679972,False,0.13498388,False,0.14157647,False,supply_temp_c
2025-05-28 08:00:00,0.15720016,False,test,0.15805753,False,0.1466621,False,0.16688085,False,stabilized_flow_log_feature
2025-05-28 20:00:00,0.15898801,False,test,0.14880608,False,0.14590348,False,0.18225445,False,stabilized_flow_log_feature
2025-05-29 08:00:00,0.13829353,False,test,0.067240246,False,0.18654932,False,0.161091,False,return_temp_c
2025-05-29 20:00:00,0.15755957,False,test,0.03222823,False,0.24076463,False,0.19968586,False,return_temp_c
2025-05-30 08:00:00,0.18346661,False,test,0.045541897,False,0.27674475,False,0.22811319,False,return_temp_c
2025-05-30 20:00:00,0.16524994,False,test,0.096733846,False,0.2120412,False,0.18697478,False,return_temp_c
2025-05-31 08:00:00,0.12814051,False,test,0.14243525,False,0.12043875,False,0.1215475,False,supply_temp_c
2025-05-31 20:00:00,0.12749583,False,test,0.145414,False,0.11837057,False,0.11870288,False,supply_temp_c
2025-06-01 08:00:00,0.12823293,False,test,0.15332374,False,0.11224157,False,0.11913348,False,supply_temp_c
2025-06-01 20:00:00,0.13065124,False,test,0.1454654,False,0.12216118,False,0.12432707,False,supply_temp_c
2025-06-02 08:00:00,0.12939867,False,test,0.14249456,False,0.123595476,False,0.12210598,False,supply_temp_c
2025-06-02 20:00:00,0.12914783,False,test,0.16010058,False,0.12628256,False,0.10106034,False,supply_temp_c
2025-06-03 08:00:00,0.13674162,False,test,0.2191317,False,0.109123565,False,0.08196964,False,supply_temp_c
2025-06-03 20:00:00,0.14502212,False,test,0.25205037,False,0.112781085,False,0.07023494,False,supply_temp_c
2025-06-04 08:00:00,0.1427377,False,test,0.24833302,False,0.107665084,False,0.07221506,False,supply_temp_c
2025-06-04 20:00:00,0.1357707,False,test,0.23235051,False,0.10260897,False,0.07235263,False,supply_temp_c
2025-06-05 08:00:00,0.13466129,False,test,0.23512165,False,0.09794739,False,0.07091486,False,supply_temp_c
2025-06-05 20:00:00,0.1384458,False,test,0.24689956,False,0.09883136,False,0.06960648,False,supply_temp_c
2025-06-06 08:00:00,0.13297711,False,test,0.21912652,False,0.10873449,False,0.071070306,False,supply_temp_c
2025-06-06 20:00:00,0.12781256,False,test,0.19709392,False,0.11089867,False,0.07544507,False,supply_temp_c
2025-06-07 08:00:00,0.12855837,False,test,0.20395195,False,0.111420654,False,0.070302494,False,supply_temp_c
2025-06-07 20:00:00,0.13503733,False,test,0.23517446,False,0.10106816,False,0.06886936,False,supply_temp_c
2025-06-08 08:00:00,0.13582271,False,test,0.23617125,False,0.10415963,False,0.06713731,False,supply_temp_c
2025-06-08 20:00:00,0.1305847,False,test,0.21713956,False,0.104612194,False,0.07000235,False,supply_temp_c
2025-06-09 08:00:00,0.13395454,False,test,0.22249992,False,0.108638264,False,0.07072546,False,supply_temp_c
2025-06-09 20:00:00,0.15843461,False,test,0.27213055,False,0.13288422,False,0.07028907,False,supply_temp_c
2025-06-10 08:00:00,0.17611206,False,test,0.3120317,False,0.14239599,False,0.07390844,False,supply_temp_c
2025-06-10 20:00:00,0.1702806,False,test,0.30449298,False,0.13667503,False,0.06967383,False,supply_temp_c
2025-06-11 08:00:00,0.16281323,False,test,0.27753332,False,0.13726543,False,0.07364092,False,supply_temp_c
2025-06-11 20:00:00,0.15665439,False,test,0.25339064,False,0.14009427,False,0.076478265,False,supply_temp_c
2025-06-12 08:00:00,0.15718646,False,test,0.26508358,False,0.13407326,False,0.07240259,False,supply_temp_c
2025-06-12 20:00:00,0.15800677,False,test,0.27296725,False,0.1309278,False,0.07012526,False,supply_temp_c
2025-06-13 08:00:00,0.16158932,False,test,0.2862782,False,0.13212782,False,0.06636197,False,supply_temp_c
2025-06-13 20:00:00,0.16132253,False,test,0.29593715,False,0.12284758,False,0.06518296,False,supply_temp_c
2025-06-14 08:00:00,0.15645567,False,test,0.2743071,False,0.1309253,False,0.06413459,False,supply_temp_c
2025-06-14 20:00:00,0.15427984,False,test,0.26612675,False,0.13176344,False,0.06494932,False,supply_temp_c
2025-06-15 08:00:00,0.15547168,False,test,0.27039704,False,0.12767552,False,0.068342514,False,supply_temp_c
2025-06-15 20:00:00,0.15544364,False,test,0.26504532,False,0.13195345,False,0.06933223,False,supply_temp_c
2025-06-16 08:00:00,0.14985442,False,test,0.2598761,False,0.120585024,False,0.069102146,False,supply_temp_c
2025-06-16 20:00:00,0.1517434,False,test,0.25990102,False,0.12429295,False,0.07103621,False,supply_temp_c
2025-06-17 08:00:00,0.14394592,False,test,0.24167295,False,0.1196377,False,0.07052709,False,supply_temp_c
2025-06-17 20:00:00,0.14305466,False,test,0.23425187,False,0.12099656,False,0.07391562,False,supply_temp_c
2025-06-18 08:00:00,0.13857599,False,test,0.21916865,False,0.12506856,False,0.07149078,False,supply_temp_c
2025-06-18 20:00:00,0.1389444,False,test,0.16542885,False,0.13021527,False,0.12118911,False,supply_temp_c
2025-06-19 08:00:00,0.12372,False,test,0.11190879,False,0.11129237,False,0.14795886,False,stabilized_flow_log_feature
2025-06-19 20:00:00,0.15412228,False,test,0.19337676,False,0.12276298,False,0.14622705,False,supply_temp_c
2025-06-20 08:00:00,0.15062542,False,test,0.19476242,False,0.10425246,False,0.15286139,False,supply_temp_c
2025-06-20 20:00:00,0.08994143,False,test,0.096004166,False,0.041033432,False,0.13278669,False,stabilized_flow_log_feature
2025-06-21 08:00:00,0.08483603,False,test,0.09193889,False,0.039076697,False,0.12349247,False,stabilized_flow_log_feature
2025-06-21 20:00:00,0.08437319,False,test,0.080750845,False,0.04241973,False,0.12994899,False,stabilized_flow_log_feature
2025-06-22 08:00:00,0.09860519,False,test,0.08056286,False,0.06962073,False,0.14563201,False,stabilized_flow_log_feature
2025-06-22 20:00:00,0.11691659,False,test,0.070813924,False,0.12406719,False,0.15586866,False,stabilized_flow_log_feature
2025-06-23 08:00:00,0.123472705,False,test,0.078562655,False,0.1322004,False,0.15965508,False,stabilized_flow_log_feature
2025-06-23 20:00:00,0.12098132,False,test,0.092161246,False,0.1164768,False,0.15430595,False,stabilized_flow_log_feature
2025-06-24 08:00:00,0.12323247,False,test,0.112327576,False,0.10627305,False,0.1510968,False,stabilized_flow_log_feature
2025-06-24 20:00:00,0.123704925,False,test,0.11357031,False,0.10932067,False,0.14822377,False,stabilized_flow_log_feature
2025-06-25 08:00:00,0.11709539,False,test,0.076470934,False,0.11962476,False,0.1551905,False,stabilized_flow_log_feature
2025-06-25 20:00:00,0.10841252,False,test,0.073821366,False,0.11497579,False,0.1364404,False,stabilized_flow_log_feature
2025-06-26 08:00:00,0.10283412,False,test,0.06906233,False,0.10863948,False,0.13080055,False,stabilized_flow_log_feature
2025-06-26 20:00:00,0.10552638,False,test,0.0769855,False,0.099378906,False,0.14021473,False,stabilized_flow_log_feature
2025-06-27 08:00:00,0.10530654,False,test,0.07272694,False,0.099541426,False,0.14365125,False,stabilized_flow_log_feature
2025-06-27 20:00:00,0.1035692,False,test,0.061578017,False,0.102306545,False,0.14682303,False,stabilized_flow_log_feature
2025-06-28 08:00:00,0.112719364,False,test,0.079260334,False,0.11352903,False,0.14536874,False,stabilized_flow_log_feature
2025-06-28 20:00:00,0.10924385,False,test,0.09022967,False,0.096347034,False,0.14115481,False,stabilized_flow_log_feature
2025-06-29 08:00:00,0.1065699,False,test,0.0853137,False,0.09341095,False,0.14098507,False,stabilized_flow_log_feature
2025-06-29 20:00:00,0.14728859,False,test,0.20450915,False,0.12060348,False,0.11675311,False,supply_temp_c
2025-06-30 08:00:00,0.20299658,False,test,0.3325095,False,0.18180971,False,0.0946706,False,supply_temp_c
2025-06-30 20:00:00,0.24828294,False,test,0.30817288,False,0.2834413,False,0.15323456,False,supply_temp_c
2025-07-01 08:00:00,0.24575335,False,test,0.28166714,False,0.279465,False,0.17612793,False,supply_temp_c
2025-07-01 20:00:00,0.18919094,False,test,0.25120053,False,0.15520947,False,0.16116281,False,supply_temp_c
2025-07-02 08:00:00,0.1459034,False,test,0.14829542,False,0.122062586,False,0.16735218,False,stabilized_flow_log_feature
2025-07-02 20:00:00,0.14566898,False,test,0.15099931,False,0.1132383,False,0.17276935,False,stabilized_flow_log_feature
2025-07-03 08:00:00,0.13691507,False,test,0.13308978,False,0.118053846,False,0.1596016,False,stabilized_flow_log_feature
2025-07-03 20:00:00,0.12558141,False,test,0.09943789,False,0.11950036,False,0.15780596,False,stabilized_flow_log_feature
2025-07-04 08:00:00,0.12354594,False,test,0.109481744,False,0.11843429,False,0.14272177,False,stabilized_flow_log_feature
2025-07-04 20:00:00,0.11642718,False,test,0.1733305,False,0.08291667,False,0.09303438,False,supply_temp_c
2025-07-05 08:00:00,0.10998215,False,test,0.21657167,False,0.056995075,False,0.05637973,False,supply_temp_c
2025-07-05 20:00:00,0.109730616,False,test,0.21224739,False,0.058326263,False,0.058618177,False,supply_temp_c
2025-07-06 08:00:00,0.10786769,False,test,0.21698795,False,0.0500277,False,0.056587443,False,supply_temp_c
2025-07-06 20:00:00,0.090232454,False,test,0.16437761,False,0.042831674,False,0.06348807,False,supply_temp_c
2025-07-07 08:00:00,0.07085003,False,test,0.07746071,False,0.03859129,False,0.096498094,False,stabilized_flow_log_feature
2025-07-07 20:00:00,0.11395182,False,test,0.14141677,False,0.10802645,False,0.09241221,False,supply_temp_c
2025-07-08 08:00:00,0.17728537,False,test,0.24735354,False,0.18175922,False,0.10274338,False,supply_temp_c
2025-07-08 20:00:00,0.15240648,False,test,0.22756325,False,0.13165464,False,0.09800155,False,supply_temp_c
2025-07-09 08:00:00,0.10377176,False,test,0.20528702,False,0.049028333,False,0.056999918,False,supply_temp_c
2025-07-09 20:00:00,0.11279549,False,test,0.19506763,False,0.06319984,False,0.080118984,False,supply_temp_c
2025-07-10 08:00:00,0.14615788,False,test,0.16152771,False,0.11398071,False,0.16296521,False,stabilized_flow_log_feature
2025-07-10 20:00:00,0.16751458,False,test,0.162208,False,0.1242364,False,0.21609928,False,stabilized_flow_log_feature
2025-07-11 08:00:00,0.16860819,False,test,0.16490808,False,0.12982903,False,0.21108747,False,stabilized_flow_log_feature
2025-07-11 20:00:00,0.16825427,False,test,0.16637395,False,0.1266791,False,0.21170974,False,stabilized_flow_log_feature
2025-07-12 08:00:00,0.16302963,False,test,0.15860714,False,0.122095525,False,0.20838626,False,stabilized_flow_log_feature
2025-07-12 20:00:00,0.1609552,False,test,0.15720282,False,0.11865088,False,0.20701188,False,stabilized_flow_log_feature
2025-07-13 08:00:00,0.16189612,False,test,0.15708496,False,0.1188333,False,0.2097701,False,stabilized_flow_log_feature
2025-07-13 20:00:00,0.16173977,False,test,0.15776698,False,0.11864376,False,0.20880856,False,stabilized_flow_log_feature
2025-07-14 08:00:00,0.15708703,False,test,0.15099783,False,0.11720013,False,0.20306309,False,stabilized_flow_log_feature
2025-07-14 20:00:00,0.1571977,False,test,0.15403584,False,0.11594957,False,0.20160766,False,stabilized_flow_log_feature
2025-07-15 08:00:00,0.16239414,False,test,0.15919049,False,0.120731354,False,0.20726061,False,stabilized_flow_log_feature
