window_start,reconstruction_mse,is_reconstruction_anomaly,split,supply_temp_c_reconstruction_mse,is_supply_temp_c_channel_anomaly,return_temp_c_reconstruction_mse,is_return_temp_c_channel_anomaly,stabilized_flow_log_feature_reconstruction_mse,is_stabilized_flow_log_feature_channel_anomaly,dominant_anomalous_feature
2024-01-03 17:45:00,0.33229536,True,train,0.132017,False,0.43945932,True,0.4254097,False,return_temp_c
2024-01-04 05:45:00,0.286636,True,train,0.076594815,False,0.39103648,True,0.39227661,False,stabilized_flow_log_feature
2024-01-04 17:45:00,0.24910998,False,train,0.06029881,False,0.28150257,False,0.40552858,False,stabilized_flow_log_feature
2024-01-05 05:45:00,0.118383855,False,train,0.04111398,False,0.11715727,False,0.19688036,False,stabilized_flow_log_feature
2024-01-05 17:45:00,0.025263373,False,train,0.017394343,False,0.030721879,False,0.0276739,False,return_temp_c
2024-01-06 05:45:00,0.024471268,False,train,0.0115842065,False,0.025230275,False,0.036599323,False,stabilized_flow_log_feature
2024-01-06 17:45:00,0.032832284,False,train,0.012871311,False,0.029685257,False,0.05594028,False,stabilized_flow_log_feature
2024-01-07 05:45:00,0.117972866,False,train,0.026666261,False,0.08359169,False,0.24366064,False,stabilized_flow_log_feature
2024-01-07 17:45:00,0.22741254,False,train,0.060880616,False,0.16197221,False,0.4593847,False,stabilized_flow_log_feature
2024-01-08 05:45:00,0.14036432,False,train,0.052126307,False,0.10366728,False,0.26529938,False,stabilized_flow_log_feature
2024-01-08 17:45:00,0.042521123,False,train,0.04066469,False,0.03792615,False,0.04897253,False,stabilized_flow_log_feature
2024-01-09 05:45:00,0.037423614,False,train,0.037161347,False,0.03709874,False,0.038010757,False,stabilized_flow_log_feature
2024-01-09 17:45:00,0.016002754,False,train,0.0125481775,False,0.019351346,False,0.016108742,False,return_temp_c
2024-01-10 05:45:00,0.025388036,False,train,0.018237727,False,0.025824301,False,0.03210209,False,stabilized_flow_log_feature
2024-01-10 17:45:00,0.03778774,False,train,0.026890652,False,0.03169429,False,0.054778278,False,stabilized_flow_log_feature
2024-01-11 05:45:00,0.03236538,False,train,0.02196637,False,0.029091286,False,0.046038494,False,stabilized_flow_log_feature
2024-01-11 17:45:00,0.05197846,False,train,0.020638661,False,0.03197113,False,0.103325605,False,stabilized_flow_log_feature
2024-01-12 05:45:00,0.052037593,False,train,0.02338916,False,0.030821836,False,0.10190179,False,stabilized_flow_log_feature
2024-01-12 17:45:00,0.023503773,False,train,0.012796546,False,0.01959281,False,0.038121957,False,stabilized_flow_log_feature
2024-01-13 05:45:00,0.023170076,False,train,0.010103528,False,0.013787427,False,0.04561928,False,stabilized_flow_log_feature
2024-01-13 17:45:00,0.11855337,False,train,0.047619555,False,0.06458879,False,0.24345176,False,stabilized_flow_log_feature
2024-01-14 05:45:00,0.12677252,False,train,0.058296327,False,0.078076534,False,0.24394466,False,stabilized_flow_log_feature
2024-01-14 17:45:00,0.031130195,False,train,0.022984551,False,0.033019226,False,0.03738681,False,stabilized_flow_log_feature
2024-01-15 05:45:00,0.05155477,False,train,0.020394722,False,0.029801004,False,0.10446858,False,stabilized_flow_log_feature
2024-01-15 17:45:00,0.06550682,False,train,0.036919083,False,0.03690789,False,0.1226935,False,stabilized_flow_log_feature
2024-01-16 05:45:00,0.037041914,False,train,0.032850545,False,0.030363133,False,0.047912057,False,stabilized_flow_log_feature
2024-01-16 17:45:00,0.024138816,False,train,0.014838964,False,0.025607834,False,0.031969648,False,stabilized_flow_log_feature
2024-01-17 05:45:00,0.018435689,False,train,0.012792595,False,0.016884109,False,0.025630368,False,stabilized_flow_log_feature
2024-01-17 17:45:00,0.052666735,False,train,0.024540337,False,0.0419244,False,0.09153548,False,stabilized_flow_log_feature
2024-01-18 05:45:00,0.10915998,False,train,0.030390566,False,0.16157587,False,0.13551353,False,return_temp_c
2024-01-18 17:45:00,0.08726214,False,train,0.023584083,False,0.14904852,False,0.08915382,False,return_temp_c
2024-01-19 05:45:00,0.040528577,False,train,0.029374084,False,0.047424242,False,0.044787396,False,return_temp_c
2024-01-19 17:45:00,0.028529309,False,train,0.0133710345,False,0.036342878,False,0.03587402,False,return_temp_c
2024-01-20 05:45:00,0.024688605,False,train,0.012006808,False,0.028422425,False,0.033636585,False,stabilized_flow_log_feature
2024-01-20 17:45:00,0.023109384,False,train,0.015142991,False,0.02529298,False,0.02889218,False,stabilized_flow_log_feature
2024-01-21 05:45:00,0.03311412,False,train,0.016911665,False,0.03686448,False,0.045566205,False,stabilized_flow_log_feature
2024-01-21 17:45:00,0.030585889,False,train,0.012463588,False,0.047271077,False,0.03202299,False,return_temp_c
2024-01-22 05:45:00,0.18815674,False,train,0.15754545,False,0.2766755,False,0.13024929,False,return_temp_c
2024-01-22 17:45:00,0.20935886,False,train,0.20833762,True,0.24635963,False,0.17337926,False,return_temp_c
2024-01-23 05:45:00,0.14613596,False,train,0.045376997,False,0.23632896,False,0.15670188,False,return_temp_c
2024-01-23 17:45:00,0.043705735,False,train,0.030035399,False,0.05150843,False,0.049573373,False,return_temp_c
2024-01-24 05:45:00,0.035655048,False,train,0.02809566,False,0.04128391,False,0.037585575,False,return_temp_c
2024-01-24 17:45:00,0.041563325,False,train,0.02156301,False,0.04007378,False,0.06305318,False,stabilized_flow_log_feature
2024-01-25 05:45:00,0.0335489,False,train,0.016918736,False,0.029648082,False,0.05407988,False,stabilized_flow_log_feature
2024-01-25 17:45:00,0.026448257,False,train,0.016041031,False,0.031802543,False,0.031501193,False,return_temp_c
2024-01-26 05:45:00,0.0279607,False,train,0.018215086,False,0.03187681,False,0.033790212,False,stabilized_flow_log_feature
2024-01-26 17:45:00,0.034140714,False,train,0.018406844,False,0.0384396,False,0.045575697,False,stabilized_flow_log_feature
2024-01-27 05:45:00,0.027037648,False,train,0.019804826,False,0.026402345,False,0.034905776,False,stabilized_flow_log_feature
2024-01-27 17:45:00,0.019082736,False,train,0.017218517,False,0.018917298,False,0.021112397,False,stabilized_flow_log_feature
2024-01-28 05:45:00,0.027004778,False,train,0.021827986,False,0.02463811,False,0.034548234,False,stabilized_flow_log_feature
2024-01-28 17:45:00,0.030926475,False,train,0.024845645,False,0.024763698,False,0.04317008,False,stabilized_flow_log_feature
2024-01-29 05:45:00,0.031165255,False,train,0.022977687,False,0.031088263,False,0.039429817,False,stabilized_flow_log_feature
2024-01-29 17:45:00,0.026870131,False,train,0.015951024,False,0.032439876,False,0.03221949,False,return_temp_c
2024-01-30 05:45:00,0.021634392,False,train,0.01265522,False,0.024564981,False,0.027682967,False,stabilized_flow_log_feature
2024-01-30 17:45:00,0.037871197,False,train,0.018153047,False,0.029355355,False,0.06610519,False,stabilized_flow_log_feature
2024-01-31 05:45:00,0.09498569,False,train,0.03749719,False,0.037215963,False,0.21024396,False,stabilized_flow_log_feature
2024-01-31 17:45:00,0.075958386,False,train,0.02737428,False,0.03352852,False,0.16697235,False,stabilized_flow_log_feature
2024-02-01 05:45:00,0.019187693,False,train,0.016672892,False,0.022413699,False,0.018476484,False,return_temp_c
2024-02-01 17:45:00,0.01840887,False,train,0.016134372,False,0.024465622,False,0.014626608,False,return_temp_c
2024-02-02 05:45:00,0.01920822,False,train,0.017871926,False,0.025139771,False,0.0146129625,False,return_temp_c
2024-02-02 17:45:00,0.020280905,False,train,0.015969975,False,0.023576567,False,0.021296168,False,return_temp_c
2024-02-03 05:45:00,0.02684347,False,train,0.02038459,False,0.02802719,False,0.032118633,False,stabilized_flow_log_feature
2024-02-03 17:45:00,0.120078,False,train,0.03889155,False,0.079449706,False,0.2418927,False,stabilized_flow_log_feature
2024-02-04 05:45:00,0.12222726,False,train,0.04432429,False,0.081818394,False,0.24053912,False,stabilized_flow_log_feature
2024-02-04 17:45:00,0.025974015,False,train,0.020061519,False,0.029320931,False,0.028539596,False,return_temp_c
2024-02-05 05:45:00,0.028085805,False,train,0.016075743,False,0.032117743,False,0.03606393,False,stabilized_flow_log_feature
2024-02-05 17:45:00,0.025855651,False,train,0.015971057,False,0.030162217,False,0.031433675,False,stabilized_flow_log_feature
2024-02-06 05:45:00,0.016646883,False,train,0.017420456,False,0.012967381,False,0.019552812,False,stabilized_flow_log_feature
2024-02-06 17:45:00,0.018473193,False,train,0.015313066,False,0.014118089,False,0.025988428,False,stabilized_flow_log_feature
2024-02-07 05:45:00,0.020286014,False,train,0.015436326,False,0.02035056,False,0.02507115,False,stabilized_flow_log_feature
2024-02-07 17:45:00,0.034472205,False,train,0.025017872,False,0.02684533,False,0.05155341,False,stabilized_flow_log_feature
2024-02-08 05:45:00,0.031787526,False,train,0.023294648,False,0.022707961,False,0.049359962,False,stabilized_flow_log_feature
2024-02-08 17:45:00,0.062809356,False,train,0.018204045,False,0.059162974,False,0.11106104,False,stabilized_flow_log_feature
2024-02-09 05:45:00,0.07104716,False,train,0.023021648,False,0.07066669,False,0.119453125,False,stabilized_flow_log_feature
2024-02-09 17:45:00,0.021981172,False,train,0.013126231,False,0.03128095,False,0.021536335,False,return_temp_c
2024-02-10 05:45:00,0.014110691,False,train,0.0110059185,False,0.018293053,False,0.013033104,False,return_temp_c
2024-02-10 17:45:00,0.017515773,False,train,0.0117225535,False,0.01815461,False,0.022670163,False,stabilized_flow_log_feature
2024-02-11 05:45:00,0.014999726,False,train,0.007512508,False,0.016390732,False,0.021095937,False,stabilized_flow_log_feature
2024-02-11 17:45:00,0.013870502,False,train,0.007236254,False,0.014294454,False,0.020080797,False,stabilized_flow_log_feature
2024-02-12 05:45:00,0.01689377,False,train,0.011837795,False,0.017630799,False,0.02121272,False,stabilized_flow_log_feature
2024-02-12 17:45:00,0.070895515,False,train,0.020751033,False,0.043906525,False,0.14802898,False,stabilized_flow_log_feature
2024-02-13 05:45:00,0.07462469,False,train,0.023934959,False,0.045409888,False,0.15452923,False,stabilized_flow_log_feature
2024-02-13 17:45:00,0.024824884,False,train,0.017913057,False,0.029731283,False,0.026830321,False,return_temp_c
2024-02-14 05:45:00,0.025658084,False,train,0.01680768,False,0.033151526,False,0.027015045,False,return_temp_c
2024-02-14 17:45:00,0.029025726,False,train,0.021893522,False,0.033683334,False,0.031500325,False,return_temp_c
2024-02-15 05:45:00,0.029269755,False,train,0.026256934,False,0.029094875,False,0.032457445,False,stabilized_flow_log_feature
2024-02-15 17:45:00,0.025611505,False,train,0.02135844,False,0.025313275,False,0.030162798,False,stabilized_flow_log_feature
2024-02-16 05:45:00,0.019358225,False,train,0.017353252,False,0.016418857,False,0.024302559,False,stabilized_flow_log_feature
2024-02-16 17:45:00,0.020537928,False,train,0.01636315,False,0.02173668,False,0.023513952,False,stabilized_flow_log_feature
2024-02-17 05:45:00,0.026201883,False,train,0.023240147,False,0.03110036,False,0.024265148,False,return_temp_c
2024-02-17 17:45:00,0.020949576,False,train,0.015337327,False,0.02949299,False,0.018018411,False,return_temp_c
2024-02-18 05:45:00,0.01707334,False,train,0.01646358,False,0.019365868,False,0.01539057,False,return_temp_c
2024-02-18 17:45:00,0.040679857,False,train,0.014091344,False,0.027245244,False,0.08070298,False,stabilized_flow_log_feature
2024-02-19 05:45:00,0.03897597,False,train,0.014609017,False,0.020019975,False,0.08229893,False,stabilized_flow_log_feature
2024-02-19 17:45:00,0.062933296,False,train,0.02702296,False,0.02699539,False,0.13478154,False,stabilized_flow_log_feature
2024-02-20 05:45:00,0.07072472,False,train,0.033351336,False,0.038455788,False,0.14036703,False,stabilized_flow_log_feature
2024-02-20 17:45:00,0.022823952,False,train,0.021451885,False,0.026807629,False,0.02021234,False,return_temp_c
2024-02-21 05:45:00,0.023577211,False,train,0.023715273,False,0.026978144,False,0.020038215,False,return_temp_c
2024-02-21 17:45:00,0.02255436,False,train,0.025046436,False,0.023160666,False,0.019455986,False,supply_temp_c
2024-02-22 05:45:00,0.055203777,False,train,0.028698817,False,0.06623074,False,0.07068177,False,stabilized_flow_log_feature
2024-02-22 17:45:00,0.0732344,False,train,0.05209601,False,0.083500594,False,0.084106594,False,stabilized_flow_log_feature
2024-02-23 05:45:00,0.053552564,False,train,0.052455354,False,0.05520211,False,0.053000223,False,return_temp_c
2024-02-23 17:45:00,0.04100679,False,train,0.024765946,False,0.04509585,False,0.053158578,False,stabilized_flow_log_feature
2024-02-24 05:45:00,0.036776736,False,train,0.025378548,False,0.043278098,False,0.041673552,False,return_temp_c
2024-02-24 17:45:00,0.040960092,False,train,0.029659295,False,0.04186046,False,0.05136053,False,stabilized_flow_log_feature
2024-02-25 05:45:00,0.032762103,False,train,0.02458751,False,0.028434038,False,0.045264766,False,stabilized_flow_log_feature
2024-02-25 17:45:00,0.24489911,False,train,0.26085937,True,0.2572951,False,0.21654288,False,supply_temp_c
2024-02-26 05:45:00,0.1258001,False,train,0.10803846,False,0.09803649,False,0.17132533,False,stabilized_flow_log_feature
2024-02-26 17:45:00,0.14235751,False,train,0.100467466,False,0.15489793,False,0.1717071,False,stabilized_flow_log_feature
2024-02-27 05:45:00,0.12544644,False,train,0.106056936,False,0.10967526,False,0.16060714,False,stabilized_flow_log_feature
2024-02-27 17:45:00,0.20366636,False,train,0.15108456,False,0.3235027,True,0.1364118,False,return_temp_c
2024-02-28 05:45:00,0.2735604,False,train,0.19757886,True,0.45527935,True,0.16782303,False,return_temp_c
2024-02-28 17:45:00,0.105154485,False,train,0.03444296,False,0.15719956,False,0.12382096,False,return_temp_c
2024-02-29 05:45:00,0.123304315,False,train,0.047069613,False,0.18166596,False,0.14117736,False,return_temp_c
2024-02-29 17:45:00,0.042243205,False,train,0.02717135,False,0.060629155,False,0.038929116,False,return_temp_c
2024-03-01 05:45:00,0.027601259,False,train,0.012616388,False,0.024214298,False,0.04597309,False,stabilized_flow_log_feature
2024-03-01 17:45:00,0.08646251,False,train,0.034055896,False,0.07292404,False,0.1524076,False,stabilized_flow_log_feature
2024-03-02 05:45:00,0.09661183,False,train,0.046637658,False,0.103847146,False,0.13935071,False,stabilized_flow_log_feature
2024-03-02 17:45:00,0.06761631,False,train,0.023433186,False,0.09525261,False,0.08416312,False,return_temp_c
2024-03-03 05:45:00,0.047513947,False,train,0.026311057,False,0.047179643,False,0.06905115,False,stabilized_flow_log_feature
2024-03-03 17:45:00,0.08825168,False,train,0.04703756,False,0.06963562,False,0.14808188,False,stabilized_flow_log_feature
2024-03-04 05:45:00,0.21335477,False,train,0.10732331,False,0.3443943,True,0.18834674,False,return_temp_c
2024-03-04 17:45:00,0.16261265,False,train,0.09556673,False,0.31132123,True,0.08094997,False,return_temp_c
2024-03-05 05:45:00,0.04606571,False,train,0.029539635,False,0.049799655,False,0.05885784,False,stabilized_flow_log_feature
2024-03-05 17:45:00,0.024123691,False,train,0.019174134,False,0.025659889,False,0.027537048,False,stabilized_flow_log_feature
2024-03-06 05:45:00,0.02476164,False,train,0.026376018,False,0.02025103,False,0.027657872,False,stabilized_flow_log_feature
2024-03-06 17:45:00,0.03444134,False,train,0.032231916,False,0.029146025,False,0.041946087,False,stabilized_flow_log_feature
2024-03-07 05:45:00,0.031085767,False,train,0.019466314,False,0.034594934,False,0.039196044,False,stabilized_flow_log_feature
2024-03-07 17:45:00,0.038138032,False,train,0.027752265,False,0.050422594,False,0.036239225,False,return_temp_c
2024-03-08 05:45:00,0.036340795,False,train,0.024536029,False,0.04686347,False,0.037622903,False,return_temp_c
2024-03-08 17:45:00,0.06532895,False,train,0.046030406,False,0.08194208,False,0.068014346,False,return_temp_c
2024-03-09 05:45:00,0.06916672,False,train,0.055517673,False,0.067628264,False,0.08435423,False,stabilized_flow_log_feature
2024-03-09 17:45:00,0.09334433,False,train,0.028948078,False,0.09827479,False,0.1528101,False,stabilized_flow_log_feature
2024-03-10 05:45:00,0.07627473,False,train,0.024206737,False,0.05109635,False,0.15352115,False,stabilized_flow_log_feature
2024-03-10 17:45:00,0.09779326,False,train,0.06593969,False,0.10710464,False,0.12033547,False,stabilized_flow_log_feature
2024-03-11 05:45:00,0.062116377,False,train,0.043916624,False,0.05349559,False,0.088936925,False,stabilized_flow_log_feature
2024-03-11 17:45:00,0.03520551,False,train,0.028248532,False,0.022988373,False,0.054379616,False,stabilized_flow_log_feature
2024-03-12 05:45:00,0.03499722,False,train,0.023865595,False,0.026035117,False,0.055090938,False,stabilized_flow_log_feature
2024-03-12 17:45:00,0.02841864,False,train,0.018698895,False,0.016163424,False,0.050393596,False,stabilized_flow_log_feature
2024-03-13 05:45:00,0.02927961,False,train,0.019075131,False,0.019730387,False,0.049033303,False,stabilized_flow_log_feature
2024-03-13 17:45:00,0.029472835,False,train,0.026478505,False,0.02617755,False,0.035762455,False,stabilized_flow_log_feature
2024-03-14 05:45:00,0.031652518,False,train,0.028587485,False,0.02452878,False,0.041841302,False,stabilized_flow_log_feature
2024-03-14 17:45:00,0.032025088,False,train,0.025758812,False,0.024835905,False,0.04548054,False,stabilized_flow_log_feature
2024-03-15 05:45:00,0.0430165,False,train,0.025572741,False,0.05853462,False,0.04494213,False,return_temp_c
2024-03-15 17:45:00,0.034050837,False,train,0.022327647,False,0.058498174,False,0.021326698,False,return_temp_c
2024-03-16 05:45:00,0.018145105,False,train,0.018129399,False,0.017460536,False,0.01884538,False,stabilized_flow_log_feature
2024-03-16 17:45:00,0.045379218,False,train,0.028304959,False,0.051130306,False,0.056702394,False,stabilized_flow_log_feature
2024-03-17 05:45:00,0.04832811,False,train,0.028003387,False,0.0564092,False,0.060571734,False,stabilized_flow_log_feature
2024-03-17 17:45:00,0.026875656,False,train,0.016082563,False,0.035168633,False,0.02937577,False,return_temp_c
2024-03-18 05:45:00,0.032677233,False,train,0.016646508,False,0.03621727,False,0.045167923,False,stabilized_flow_log_feature
2024-03-18 17:45:00,0.03183736,False,train,0.016418835,False,0.03121533,False,0.04787791,False,stabilized_flow_log_feature
2024-03-19 05:45:00,0.020439275,False,train,0.016888134,False,0.019116808,False,0.025312876,False,stabilized_flow_log_feature
2024-03-19 17:45:00,0.016202098,False,train,0.011190474,False,0.017280348,False,0.020135468,False,stabilized_flow_log_feature
2024-03-20 05:45:00,0.015729545,False,train,0.011483093,False,0.017595515,False,0.018110024,False,stabilized_flow_log_feature
2024-03-20 17:45:00,0.012245191,False,train,0.00859288,False,0.013060725,False,0.015081967,False,stabilized_flow_log_feature
2024-03-21 05:45:00,0.01571282,False,train,0.016172366,False,0.015683321,False,0.015282776,False,supply_temp_c
2024-03-21 17:45:00,0.034139533,False,train,0.023446279,False,0.032065187,False,0.046907127,False,stabilized_flow_log_feature
2024-03-22 05:45:00,0.033051524,False,train,0.01772418,False,0.029774988,False,0.051655408,False,stabilized_flow_log_feature
2024-03-22 17:45:00,0.019698301,False,train,0.01002437,False,0.01909733,False,0.029973203,False,stabilized_flow_log_feature
2024-03-23 05:45:00,0.017095868,False,train,0.010432135,False,0.016672865,False,0.024182597,False,stabilized_flow_log_feature
2024-03-23 17:45:00,0.02704341,False,train,0.013773542,False,0.027259963,False,0.040096723,False,stabilized_flow_log_feature
2024-03-24 05:45:00,0.039107848,False,train,0.02069019,False,0.037870664,False,0.058762684,False,stabilized_flow_log_feature
2024-03-24 17:45:00,0.03147481,False,train,0.01925101,False,0.03158458,False,0.043588843,False,stabilized_flow_log_feature
2024-03-25 05:45:00,0.030872516,False,train,0.02020449,False,0.032261994,False,0.04015106,False,stabilized_flow_log_feature
2024-03-25 17:45:00,0.036227204,False,train,0.024969934,False,0.041499164,False,0.042212512,False,stabilized_flow_log_feature
2024-03-26 05:45:00,0.038293745,False,train,0.026313439,False,0.043336358,False,0.04523145,False,stabilized_flow_log_feature
2024-03-26 17:45:00,0.06416592,False,train,0.030132955,False,0.07234548,False,0.090019345,False,stabilized_flow_log_feature
2024-03-27 05:45:00,0.060431942,False,train,0.022922585,False,0.07469282,False,0.08368043,False,stabilized_flow_log_feature
2024-03-27 17:45:00,0.053787887,False,train,0.020704309,False,0.053037733,False,0.08762161,False,stabilized_flow_log_feature
2024-03-28 05:45:00,0.0432596,False,train,0.022235239,False,0.033338297,False,0.074205264,False,stabilized_flow_log_feature
2024-03-28 17:45:00,0.020836651,False,train,0.02177493,False,0.017684368,False,0.023050657,False,stabilized_flow_log_feature
2024-03-29 05:45:00,0.020418668,False,train,0.020359784,False,0.020292064,False,0.020604156,False,stabilized_flow_log_feature
2024-03-29 17:45:00,0.020138621,False,train,0.019349312,False,0.017828353,False,0.023238199,False,stabilized_flow_log_feature
2024-03-30 05:45:00,0.026167406,False,train,0.027994411,False,0.02273787,False,0.027769938,False,supply_temp_c
2024-03-30 17:45:00,0.019968837,False,train,0.0155403875,False,0.025391288,False,0.018974833,False,return_temp_c
2024-03-31 05:45:00,0.016459156,False,train,0.014942206,False,0.020346504,False,0.01408875,False,return_temp_c
2024-03-31 17:45:00,0.019520395,False,train,0.017225347,False,0.023655912,False,0.017679924,False,return_temp_c
2024-04-01 05:45:00,0.022382267,False,train,0.020969244,False,0.023284124,False,0.022893438,False,return_temp_c
2024-04-01 17:45:00,0.08098834,False,train,0.04314642,False,0.0873878,False,0.11243081,False,stabilized_flow_log_feature
2024-04-02 05:45:00,0.078217074,False,train,0.04031346,False,0.08460122,False,0.10973653,False,stabilized_flow_log_feature
2024-04-02 17:45:00,0.020230874,False,train,0.017814688,False,0.019619593,False,0.023258343,False,stabilized_flow_log_feature
2024-04-03 05:45:00,0.022568086,False,train,0.014933254,False,0.019745925,False,0.03302508,False,stabilized_flow_log_feature
2024-04-03 17:45:00,0.023036292,False,train,0.015610387,False,0.019121347,False,0.034377135,False,stabilized_flow_log_feature
2024-04-04 05:45:00,0.02140736,False,train,0.019829242,False,0.022388548,False,0.022004286,False,return_temp_c
2024-04-04 17:45:00,0.027816739,False,train,0.022186449,False,0.03234191,False,0.028921857,False,return_temp_c
2024-04-05 05:45:00,0.026438083,False,train,0.021973582,False,0.030309632,False,0.027031036,False,return_temp_c
2024-04-05 17:45:00,0.047465324,False,train,0.034847684,False,0.0688658,False,0.038682498,False,return_temp_c
2024-04-06 05:45:00,0.050230205,False,train,0.035413753,False,0.0636383,False,0.05163857,False,return_temp_c
2024-04-06 17:45:00,0.036884815,False,train,0.020372225,False,0.047269493,False,0.043012723,False,return_temp_c
2024-04-07 05:45:00,0.031560034,False,train,0.033194423,False,0.028739592,False,0.03274608,False,supply_temp_c
2024-04-07 17:45:00,0.16450818,False,train,0.06486793,False,0.2038315,False,0.22482513,False,stabilized_flow_log_feature
2024-04-08 05:45:00,0.16115975,False,train,0.05589747,False,0.20101492,False,0.2265669,False,stabilized_flow_log_feature
2024-04-08 17:45:00,0.041169796,False,train,0.028881444,False,0.041058946,False,0.053569,False,stabilized_flow_log_feature
2024-04-09 05:45:00,0.038640935,False,train,0.02947879,False,0.03336202,False,0.053082004,False,stabilized_flow_log_feature
2024-04-09 17:45:00,0.034406953,False,train,0.024103967,False,0.02495466,False,0.054162223,False,stabilized_flow_log_feature
2024-04-10 05:45:00,0.03332652,False,train,0.02673188,False,0.019455425,False,0.053792253,False,stabilized_flow_log_feature
2024-04-10 17:45:00,0.037675172,False,train,0.028699433,False,0.030735517,False,0.053590577,False,stabilized_flow_log_feature
2024-04-11 05:45:00,0.049085267,False,train,0.025482388,False,0.06605653,False,0.055716887,False,return_temp_c
2024-04-11 17:45:00,0.05430473,False,train,0.017879339,False,0.058221627,False,0.08681322,False,stabilized_flow_log_feature
2024-04-12 05:45:00,0.035870153,False,train,0.014383742,False,0.018328426,False,0.074898295,False,stabilized_flow_log_feature
2024-04-12 17:45:00,0.015527765,False,train,0.012990597,False,0.01631143,False,0.01728127,False,stabilized_flow_log_feature
2024-04-13 05:45:00,0.018342145,False,train,0.011290598,False,0.026848614,False,0.016887225,False,return_temp_c
2024-04-13 17:45:00,0.021515667,False,train,0.019931823,False,0.020862913,False,0.023752267,False,stabilized_flow_log_feature
2024-04-14 05:45:00,0.02313117,False,train,0.021226145,False,0.021660144,False,0.026507214,False,stabilized_flow_log_feature
2024-04-14 17:45:00,0.024132295,False,train,0.020186156,False,0.030741336,False,0.021469386,False,return_temp_c
2024-04-15 05:45:00,0.021679133,False,train,0.017616918,False,0.02513281,False,0.022287667,False,return_temp_c
2024-04-15 17:45:00,0.024272151,False,train,0.019594245,False,0.030959621,False,0.02226259,False,return_temp_c
2024-04-16 05:45:00,0.026644161,False,train,0.023940654,False,0.032399934,False,0.02359189,False,return_temp_c
2024-04-16 17:45:00,0.023864323,False,train,0.024084568,False,0.025983552,False,0.021524852,False,return_temp_c
2024-04-17 05:45:00,0.024814337,False,train,0.021333514,False,0.02631618,False,0.026793316,False,stabilized_flow_log_feature
2024-04-17 17:45:00,0.027674865,False,train,0.012448207,False,0.031317193,False,0.039259195,False,stabilized_flow_log_feature
2024-04-19 05:45:00,0.04278253,False,train,0.017659444,False,0.032429982,False,0.07825818,False,stabilized_flow_log_feature
2024-04-19 17:45:00,0.051414922,False,train,0.018472852,False,0.037525125,False,0.09824679,False,stabilized_flow_log_feature
2024-04-20 05:45:00,0.042901047,False,train,0.019479096,False,0.03329846,False,0.07592558,False,stabilized_flow_log_feature
2024-04-20 17:45:00,0.07214454,False,train,0.037659943,False,0.06536078,False,0.11341292,False,stabilized_flow_log_feature
2024-04-21 05:45:00,0.071447976,False,train,0.030180408,False,0.061070483,False,0.123093,False,stabilized_flow_log_feature
2024-04-21 17:45:00,0.082737364,False,train,0.02479659,False,0.043636147,False,0.17977937,False,stabilized_flow_log_feature
2024-04-22 05:45:00,0.08266988,False,train,0.021411346,False,0.04605032,False,0.18054795,False,stabilized_flow_log_feature
2024-04-22 17:45:00,0.071375854,False,train,0.022545032,False,0.05034952,False,0.14123298,False,stabilized_flow_log_feature
2024-04-23 05:45:00,0.06939432,False,train,0.029951721,False,0.055709828,False,0.1225214,False,stabilized_flow_log_feature
2024-04-23 17:45:00,0.050272517,False,train,0.029099045,False,0.042718504,False,0.078999996,False,stabilized_flow_log_feature
2024-04-24 05:45:00,0.047535498,False,train,0.020736353,False,0.042858582,False,0.07901156,False,stabilized_flow_log_feature
2024-04-24 17:45:00,0.02065339,False,train,0.011403806,False,0.031046266,False,0.019510096,False,return_temp_c
2024-04-25 05:45:00,0.029408641,False,train,0.019929323,False,0.038118776,False,0.030177811,False,return_temp_c
2024-04-25 17:45:00,0.029870626,False,train,0.024718419,False,0.03492369,False,0.029969769,False,return_temp_c
2024-04-26 05:45:00,0.023751594,False,train,0.019570509,False,0.027242588,False,0.024441687,False,return_temp_c
2024-04-26 17:45:00,0.021606516,False,train,0.014857129,False,0.026251808,False,0.023710614,False,return_temp_c
2024-04-27 05:45:00,0.025521168,False,train,0.018389026,False,0.035261888,False,0.022912594,False,return_temp_c
2024-04-27 17:45:00,0.020604098,False,train,0.012818587,False,0.031230157,False,0.017763553,False,return_temp_c
2024-04-28 05:45:00,0.015844485,False,train,0.009672323,False,0.022972494,False,0.014888634,False,return_temp_c
2024-04-28 17:45:00,0.038667057,False,train,0.031107789,False,0.030985894,False,0.053907484,False,stabilized_flow_log_feature
2024-04-29 05:45:00,0.058204148,False,train,0.037522007,False,0.059227895,False,0.077862546,False,stabilized_flow_log_feature
2024-04-29 17:45:00,0.12803516,False,train,0.06260411,False,0.10721373,False,0.21428764,False,stabilized_flow_log_feature
2024-04-30 05:45:00,0.12671153,False,train,0.06476754,False,0.091287434,False,0.22407962,False,stabilized_flow_log_feature
2024-04-30 17:45:00,0.047881957,False,train,0.026356101,False,0.04161083,False,0.07567894,False,stabilized_flow_log_feature
2024-05-01 05:45:00,0.051285937,False,train,0.0336775,False,0.038949367,False,0.081230946,False,stabilized_flow_log_feature
2024-05-01 17:45:00,0.048294514,False,train,0.0358666,False,0.035826962,False,0.07318999,False,stabilized_flow_log_feature
2024-05-02 05:45:00,0.025812214,False,train,0.018995719,False,0.020701507,False,0.037739415,False,stabilized_flow_log_feature
2024-05-02 17:45:00,0.022197489,False,train,0.013813846,False,0.021662315,False,0.031116305,False,stabilized_flow_log_feature
2024-05-03 05:45:00,0.027533066,False,train,0.023876803,False,0.026389867,False,0.03233253,False,stabilized_flow_log_feature
2024-05-03 17:45:00,0.03226832,False,train,0.021257631,False,0.029736007,False,0.045811325,False,stabilized_flow_log_feature
2024-05-04 05:45:00,0.046940997,False,train,0.025543338,False,0.031762984,False,0.08351666,False,stabilized_flow_log_feature
2024-05-04 17:45:00,0.044742744,False,train,0.018066984,False,0.028017526,False,0.08814373,False,stabilized_flow_log_feature
2024-05-05 05:45:00,0.022517987,False,train,0.013557587,False,0.020446455,False,0.033549916,False,stabilized_flow_log_feature
2024-05-05 17:45:00,0.02688184,False,train,0.024562113,False,0.024662966,False,0.03142044,False,stabilized_flow_log_feature
2024-05-06 05:45:00,0.03583704,False,train,0.028594613,False,0.031291064,False,0.04762545,False,stabilized_flow_log_feature
2024-05-06 17:45:00,0.09984619,False,train,0.039933365,False,0.07284186,False,0.18676335,False,stabilized_flow_log_feature
2024-05-07 05:45:00,0.100175485,False,train,0.03988176,False,0.06785189,False,0.19279282,False,stabilized_flow_log_feature
2024-05-07 17:45:00,0.035671197,False,train,0.033549882,False,0.030293794,False,0.043169916,False,stabilized_flow_log_feature
2024-05-08 05:45:00,0.029215753,False,train,0.02464927,False,0.02219773,False,0.040800247,False,stabilized_flow_log_feature
2024-05-08 17:45:00,0.045692507,False,train,0.04084741,False,0.024428101,False,0.07180201,False,stabilized_flow_log_feature
2024-05-09 05:45:00,0.05017633,False,train,0.036999177,False,0.03765766,False,0.07587215,False,stabilized_flow_log_feature
2024-05-09 17:45:00,0.053772278,False,train,0.032032028,False,0.038942542,False,0.09034226,False,stabilized_flow_log_feature
2024-05-10 05:45:00,0.05545767,False,train,0.045064833,False,0.026245432,False,0.09506276,False,stabilized_flow_log_feature
2024-05-10 17:45:00,0.03713158,False,train,0.030684384,False,0.025265051,False,0.055445302,False,stabilized_flow_log_feature
2024-05-11 05:45:00,0.04956425,False,train,0.033910055,False,0.03728555,False,0.07749715,False,stabilized_flow_log_feature
2024-05-11 17:45:00,0.07280481,False,train,0.04401566,False,0.05268936,False,0.121709414,False,stabilized_flow_log_feature
2024-05-12 05:45:00,0.05980142,False,train,0.02966964,False,0.04446755,False,0.10526707,False,stabilized_flow_log_feature
2024-05-12 17:45:00,0.12311648,False,train,0.055514473,False,0.13428919,False,0.17954576,False,stabilized_flow_log_feature
2024-05-13 05:45:00,0.11183686,False,train,0.05191719,False,0.12928769,False,0.15430571,False,stabilized_flow_log_feature
2024-05-13 17:45:00,0.027344707,False,train,0.026669385,False,0.027936444,False,0.027428294,False,return_temp_c
2024-05-14 05:45:00,0.024601482,False,train,0.023112116,False,0.024704367,False,0.025987968,False,stabilized_flow_log_feature
2024-05-14 17:45:00,0.030931123,False,train,0.023518475,False,0.025582967,False,0.043691922,False,stabilized_flow_log_feature
2024-05-15 05:45:00,0.036508635,False,train,0.03512643,False,0.027515428,False,0.046884056,False,stabilized_flow_log_feature
2024-05-15 17:45:00,0.03098622,False,train,0.029114,False,0.026181178,False,0.03766348,False,stabilized_flow_log_feature
2024-05-16 05:45:00,0.029807286,False,train,0.03124726,False,0.02908247,False,0.029092139,False,supply_temp_c
2024-05-16 17:45:00,0.030467711,False,train,0.022943156,False,0.026996486,False,0.041463494,False,stabilized_flow_log_feature
2024-05-17 05:45:00,0.028457778,False,train,0.034968745,False,0.018950505,False,0.031454075,False,supply_temp_c
2024-05-17 17:45:00,0.03366548,False,train,0.04123429,False,0.025208307,False,0.034553844,False,supply_temp_c
2024-05-18 05:45:00,0.032187935,False,train,0.031393822,False,0.026099836,False,0.039070148,False,stabilized_flow_log_feature
2024-05-18 17:45:00,0.018882949,False,train,0.020665918,False,0.013797581,False,0.022185354,False,stabilized_flow_log_feature
2024-05-19 05:45:00,0.022643894,False,train,0.020075701,False,0.019109858,False,0.028746122,False,stabilized_flow_log_feature
2024-05-19 17:45:00,0.0317114,False,train,0.022221794,False,0.0298623,False,0.04305011,False,stabilized_flow_log_feature
2024-05-20 05:45:00,0.02645994,False,train,0.017304244,False,0.022666244,False,0.03940933,False,stabilized_flow_log_feature
2024-05-20 17:45:00,0.025230322,False,train,0.014530874,False,0.024759302,False,0.036400795,False,stabilized_flow_log_feature
2024-05-21 05:45:00,0.024459925,False,train,0.016856393,False,0.024888141,False,0.031635236,False,stabilized_flow_log_feature
2024-05-21 17:45:00,0.026768288,False,train,0.018409668,False,0.023206698,False,0.0386885,False,stabilized_flow_log_feature
2024-05-22 05:45:00,0.031044241,False,train,0.024397561,False,0.020428585,False,0.048306573,False,stabilized_flow_log_feature
2024-05-22 17:45:00,0.030260779,False,train,0.027675541,False,0.021660289,False,0.0414465,False,stabilized_flow_log_feature
2024-05-23 05:45:00,0.025130775,False,train,0.022115134,False,0.02352341,False,0.029753787,False,stabilized_flow_log_feature
2024-05-23 17:45:00,0.022880033,False,train,0.016708711,False,0.021750657,False,0.030180728,False,stabilized_flow_log_feature
2024-05-24 05:45:00,0.02168376,False,train,0.01849361,False,0.016014487,False,0.03054318,False,stabilized_flow_log_feature
2024-05-24 17:45:00,0.03870474,False,train,0.020753356,False,0.044323344,False,0.05103753,False,stabilized_flow_log_feature
2024-05-25 05:45:00,0.042029694,False,train,0.019803233,False,0.04809853,False,0.05818731,False,stabilized_flow_log_feature
2024-05-25 17:45:00,0.04072243,False,train,0.029082367,False,0.032395426,False,0.060689494,False,stabilized_flow_log_feature
2024-05-26 05:45:00,0.042521127,False,train,0.021893568,False,0.03990598,False,0.06576383,False,stabilized_flow_log_feature
2024-05-26 17:45:00,0.062498733,False,train,0.05578892,False,0.054608326,False,0.077098936,False,stabilized_flow_log_feature
2024-05-27 05:45:00,0.05710519,False,train,0.05423634,False,0.045239646,False,0.07183958,False,stabilized_flow_log_feature
2024-05-27 17:45:00,0.027601046,False,train,0.027121307,False,0.024448268,False,0.031233573,False,stabilized_flow_log_feature
2024-05-28 05:45:00,0.033143744,False,train,0.0229941,False,0.017391283,False,0.05904585,False,stabilized_flow_log_feature
2024-05-28 17:45:00,0.10342543,False,train,0.03589565,False,0.103057824,False,0.17132282,False,stabilized_flow_log_feature
2024-05-29 05:45:00,0.10252927,False,train,0.046612006,False,0.10882163,False,0.15215418,False,stabilized_flow_log_feature
2024-05-29 17:45:00,0.037577752,False,train,0.043588575,False,0.02366645,False,0.04547823,False,stabilized_flow_log_feature
2024-05-30 05:45:00,0.03245794,False,train,0.043664392,False,0.018386109,False,0.035323326,False,supply_temp_c
2024-05-30 17:45:00,0.036669385,False,train,0.040174875,False,0.020010354,False,0.049822915,False,stabilized_flow_log_feature
2024-05-31 05:45:00,0.03874255,False,train,0.032060143,False,0.03119926,False,0.052968238,False,stabilized_flow_log_feature
2024-05-31 17:45:00,0.04467791,False,train,0.0333145,False,0.04176034,False,0.058958888,False,stabilized_flow_log_feature
2024-06-01 05:45:00,0.04386292,False,train,0.03855702,False,0.037380572,False,0.055651158,False,stabilized_flow_log_feature
2024-06-01 17:45:00,0.042978104,False,train,0.050087932,False,0.035240818,False,0.043605577,False,supply_temp_c
2024-06-02 05:45:00,0.04538882,False,train,0.04216191,False,0.041959602,False,0.05204493,False,stabilized_flow_log_feature
2024-06-02 17:45:00,0.0536534,False,train,0.046341475,False,0.047108963,False,0.06750974,False,stabilized_flow_log_feature
2024-06-03 05:45:00,0.07880126,False,train,0.045787793,False,0.067056015,False,0.123559974,False,stabilized_flow_log_feature
2024-06-03 17:45:00,0.10608282,False,train,0.049672212,False,0.074265786,False,0.19431047,False,stabilized_flow_log_feature
2024-06-04 05:45:00,0.09752576,False,train,0.054763418,False,0.06902153,False,0.16879237,False,stabilized_flow_log_feature
2024-06-04 17:45:00,0.08645097,False,train,0.050994497,False,0.067767836,False,0.14059056,False,stabilized_flow_log_feature
2024-06-05 05:45:00,0.0844644,False,train,0.056130767,False,0.06097755,False,0.13628487,False,stabilized_flow_log_feature
2024-06-05 17:45:00,0.09468854,False,train,0.056969028,False,0.05560112,False,0.17149548,False,stabilized_flow_log_feature
2024-06-06 05:45:00,0.09522964,False,train,0.04629689,False,0.041390643,False,0.19800134,False,stabilized_flow_log_feature
2024-06-06 17:45:00,0.08808212,False,train,0.043576207,False,0.040372565,False,0.18029757,False,stabilized_flow_log_feature
2024-06-07 05:45:00,0.090993196,False,train,0.047616705,False,0.045530465,False,0.17983241,False,stabilized_flow_log_feature
2024-06-07 17:45:00,0.08477557,False,train,0.05309775,False,0.04035207,False,0.16087689,False,stabilized_flow_log_feature
2024-06-08 05:45:00,0.08782779,False,train,0.063300006,False,0.057761,False,0.14242233,False,stabilized_flow_log_feature
2024-06-08 17:45:00,0.08509741,False,train,0.057329893,False,0.074051656,False,0.12391069,False,stabilized_flow_log_feature
2024-06-09 05:45:00,0.07045754,False,train,0.030548824,False,0.04674804,False,0.13407576,False,stabilized_flow_log_feature
2024-06-09 17:45:00,0.08703412,False,train,0.036863435,False,0.05098997,False,0.17324893,False,stabilized_flow_log_feature
2024-06-10 05:45:00,0.103796095,False,train,0.036220107,False,0.04584502,False,0.22932315,False,stabilized_flow_log_feature
2024-06-10 17:45:00,0.098961204,False,train,0.027356455,False,0.03884362,False,0.23068352,False,stabilized_flow_log_feature
2024-06-11 05:45:00,0.10536541,False,train,0.030645953,False,0.033089057,False,0.2523612,False,stabilized_flow_log_feature
2024-06-11 17:45:00,0.11635305,False,train,0.041524425,False,0.045503575,False,0.2620311,False,stabilized_flow_log_feature
2024-06-12 05:45:00,0.119892016,False,train,0.036443062,False,0.04711169,False,0.2761213,False,stabilized_flow_log_feature
2024-06-12 17:45:00,0.114493065,False,train,0.04036249,False,0.039728254,False,0.26338845,False,stabilized_flow_log_feature
2024-06-13 05:45:00,0.09779011,False,train,0.035106447,False,0.032067623,False,0.22619627,False,stabilized_flow_log_feature
2024-06-13 17:45:00,0.11601547,False,train,0.0403346,False,0.0355673,False,0.27214453,False,stabilized_flow_log_feature
2024-06-14 05:45:00,0.1320031,False,train,0.04758792,False,0.033456482,False,0.31496486,False,stabilized_flow_log_feature
2024-06-14 17:45:00,0.11850974,False,train,0.03269153,False,0.04560049,False,0.2772372,False,stabilized_flow_log_feature
2024-06-15 05:45:00,0.116419844,False,train,0.0504072,False,0.046584144,False,0.25226822,False,stabilized_flow_log_feature
2024-06-15 17:45:00,0.10087413,False,train,0.03958303,False,0.042909574,False,0.22012979,False,stabilized_flow_log_feature
2024-06-16 05:45:00,0.11482755,False,train,0.029522493,False,0.055503417,False,0.25945675,False,stabilized_flow_log_feature
2024-06-16 17:45:00,0.12591998,False,train,0.053086925,False,0.05231299,False,0.27236006,False,stabilized_flow_log_feature
2024-06-17 05:45:00,0.11303696,False,train,0.060864616,False,0.04850167,False,0.2297446,False,stabilized_flow_log_feature
2024-06-17 17:45:00,0.1219753,False,train,0.04499268,False,0.052232455,False,0.26870078,False,stabilized_flow_log_feature
2024-06-18 05:45:00,0.13703853,False,train,0.03982891,False,0.046037663,False,0.32524905,False,stabilized_flow_log_feature
2024-06-18 17:45:00,0.13486807,False,train,0.05063437,False,0.03927858,False,0.31469122,False,stabilized_flow_log_feature
2024-06-19 05:45:00,0.10904671,False,train,0.04652201,False,0.03454713,False,0.246071,False,stabilized_flow_log_feature
2024-06-19 17:45:00,0.12542108,False,train,0.039568134,False,0.049069803,False,0.28762528,False,stabilized_flow_log_feature
2024-06-20 05:45:00,0.15453339,False,train,0.052372415,False,0.062284004,False,0.3489438,False,stabilized_flow_log_feature
2024-06-20 17:45:00,0.19895121,False,train,0.09345444,False,0.12648709,False,0.37691212,False,stabilized_flow_log_feature
2024-06-21 05:45:00,0.17842446,False,train,0.11084354,False,0.09681859,False,0.3276112,False,stabilized_flow_log_feature
2024-06-21 17:45:00,0.07647622,False,train,0.03090851,False,0.031503756,False,0.16701637,False,stabilized_flow_log_feature
2024-06-22 05:45:00,0.07572691,False,train,0.041414376,False,0.04173969,False,0.14402668,False,stabilized_flow_log_feature
2024-06-22 17:45:00,0.07800566,False,train,0.02866766,False,0.054717373,False,0.15063196,False,stabilized_flow_log_feature
2024-06-23 05:45:00,0.08593369,False,train,0.03893868,False,0.06096529,False,0.15789714,False,stabilized_flow_log_feature
2024-06-23 17:45:00,0.079081036,False,train,0.03495315,False,0.050236236,False,0.15205371,False,stabilized_flow_log_feature
2024-06-24 05:45:00,0.086732,False,train,0.032109812,False,0.056708947,False,0.17137723,False,stabilized_flow_log_feature
2024-06-24 17:45:00,0.09182454,False,train,0.03831224,False,0.0752741,False,0.16188729,False,stabilized_flow_log_feature
2024-06-25 05:45:00,0.09037239,False,train,0.03148988,False,0.05971865,False,0.17990865,False,stabilized_flow_log_feature
2024-06-25 17:45:00,0.084631115,False,train,0.021805616,False,0.03282848,False,0.19925924,False,stabilized_flow_log_feature
2024-06-26 05:45:00,0.08594745,False,train,0.019518532,False,0.04135153,False,0.19697227,False,stabilized_flow_log_feature
2024-06-26 17:45:00,0.09296938,False,train,0.021618718,False,0.04883418,False,0.20845525,False,stabilized_flow_log_feature
2024-06-27 05:45:00,0.092993684,False,train,0.030953059,False,0.035664782,False,0.21236317,False,stabilized_flow_log_feature
2024-06-27 17:45:00,0.11795303,False,train,0.03135648,False,0.040983956,False,0.28151864,False,stabilized_flow_log_feature
2024-06-28 05:45:00,0.1060607,False,train,0.025769345,False,0.047266047,False,0.2451467,False,stabilized_flow_log_feature
2024-06-28 17:45:00,0.084877506,False,train,0.03822442,False,0.040763054,False,0.17564505,False,stabilized_flow_log_feature
2024-06-29 05:45:00,0.08262882,False,train,0.033951867,False,0.04138536,False,0.1725492,False,stabilized_flow_log_feature
2024-06-29 17:45:00,0.07854955,False,train,0.029525144,False,0.04441443,False,0.16170907,False,stabilized_flow_log_feature
2024-06-30 05:45:00,0.0726694,False,train,0.02858352,False,0.043326315,False,0.14609836,False,stabilized_flow_log_feature
2024-06-30 17:45:00,0.08016302,False,train,0.028179983,False,0.04774171,False,0.16456735,False,stabilized_flow_log_feature
2024-07-01 05:45:00,0.084554434,False,train,0.024816677,False,0.042027,False,0.18681963,False,stabilized_flow_log_feature
2024-07-01 17:45:00,0.08852696,False,train,0.02962999,False,0.044157732,False,0.19179314,False,stabilized_flow_log_feature
2024-07-02 05:45:00,0.08292975,False,train,0.033291917,False,0.04373424,False,0.1717631,False,stabilized_flow_log_feature
2024-07-02 17:45:00,0.07774023,False,train,0.016640972,False,0.035694163,False,0.18088557,False,stabilized_flow_log_feature
2024-07-03 05:45:00,0.078967504,False,train,0.019313926,False,0.026581628,False,0.19100697,False,stabilized_flow_log_feature
2024-07-03 17:45:00,0.11758179,False,train,0.028111836,False,0.025438638,False,0.29919487,False,stabilized_flow_log_feature
2024-07-04 05:45:00,0.123118244,False,train,0.033004638,False,0.022658786,False,0.31369132,False,stabilized_flow_log_feature
2024-07-04 17:45:00,0.095551,False,train,0.036940966,False,0.026187137,False,0.22352488,False,stabilized_flow_log_feature
2024-07-05 05:45:00,0.09398531,False,train,0.031874925,False,0.03517633,False,0.21490471,False,stabilized_flow_log_feature
2024-07-05 17:45:00,0.09293645,False,train,0.040075183,False,0.047010493,False,0.19172366,False,stabilized_flow_log_feature
2024-07-06 05:45:00,0.11402108,False,train,0.055309713,False,0.03901205,False,0.24774146,False,stabilized_flow_log_feature
2024-07-06 17:45:00,0.112217516,False,train,0.05727851,False,0.036083635,False,0.24329042,False,stabilized_flow_log_feature
2024-07-07 05:45:00,0.08117241,False,train,0.024540082,False,0.04314733,False,0.17582977,False,stabilized_flow_log_feature
2024-07-07 17:45:00,0.0981212,False,train,0.02632046,False,0.04649392,False,0.22154923,False,stabilized_flow_log_feature
2024-07-08 05:45:00,0.10838304,False,train,0.023804642,False,0.0439802,False,0.25736427,False,stabilized_flow_log_feature
2024-07-08 17:45:00,0.0982037,False,train,0.021153634,False,0.04757042,False,0.225887,False,stabilized_flow_log_feature
2024-07-09 05:45:00,0.093860865,False,train,0.037761297,False,0.044788714,False,0.19903259,False,stabilized_flow_log_feature
2024-07-09 17:45:00,0.10142873,False,train,0.036299,False,0.04807802,False,0.21990913,False,stabilized_flow_log_feature
2024-07-10 05:45:00,0.10955154,False,train,0.045498386,False,0.05240613,False,0.23075008,False,stabilized_flow_log_feature
2024-07-10 17:45:00,0.09598967,False,train,0.05177849,False,0.04892235,False,0.18726814,False,stabilized_flow_log_feature
2024-07-11 05:45:00,0.08657573,False,train,0.05287552,False,0.0487528,False,0.15809889,False,stabilized_flow_log_feature
2024-07-11 17:45:00,0.10702184,False,train,0.06470212,False,0.052448127,False,0.20391525,False,stabilized_flow_log_feature
2024-07-12 05:45:00,0.10435857,False,train,0.05439953,False,0.04106547,False,0.21761073,False,stabilized_flow_log_feature
2024-07-12 17:45:00,0.08488646,False,train,0.049746618,False,0.030127859,False,0.17478491,False,stabilized_flow_log_feature
2024-07-13 05:45:00,0.08557615,False,train,0.033448413,False,0.035121612,False,0.1881584,False,stabilized_flow_log_feature
2024-07-13 17:45:00,0.095779136,False,train,0.025272934,False,0.051454306,False,0.21061017,False,stabilized_flow_log_feature
2024-07-14 05:45:00,0.10048159,False,train,0.0274738,False,0.056412924,False,0.21755807,False,stabilized_flow_log_feature
2024-07-14 17:45:00,0.10399587,False,train,0.054291964,False,0.06329899,False,0.19439669,False,stabilized_flow_log_feature
2024-07-15 05:45:00,0.10942186,False,train,0.08453115,False,0.07312632,False,0.17060812,False,stabilized_flow_log_feature
2024-07-15 17:45:00,0.11205408,False,train,0.07294819,False,0.056800652,False,0.20641343,False,stabilized_flow_log_feature
2024-07-16 05:45:00,0.17298095,False,train,0.0923812,False,0.054773938,False,0.37178767,False,stabilized_flow_log_feature
2024-07-16 17:45:00,0.17113696,False,train,0.09123332,False,0.06625705,False,0.35592052,False,stabilized_flow_log_feature
2024-07-17 05:45:00,0.111491665,False,train,0.039069206,False,0.06046316,False,0.23494263,False,stabilized_flow_log_feature
2024-07-17 17:45:00,0.15558712,False,train,0.067284405,False,0.08501425,False,0.3144627,False,stabilized_flow_log_feature
2024-07-18 05:45:00,0.15261894,False,train,0.07230355,False,0.070999674,False,0.31455356,False,stabilized_flow_log_feature
2024-07-18 17:45:00,0.10676592,False,train,0.038810775,False,0.03052911,False,0.25095788,False,stabilized_flow_log_feature
2024-07-19 05:45:00,0.098698065,False,train,0.036193572,False,0.044716407,False,0.21518421,False,stabilized_flow_log_feature
2024-07-19 17:45:00,0.117793,False,train,0.042662572,False,0.044046074,False,0.26667038,False,stabilized_flow_log_feature
2024-07-20 05:45:00,0.11946544,False,train,0.06253142,False,0.03875168,False,0.25711322,False,stabilized_flow_log_feature
2024-07-20 17:45:00,0.11876844,False,train,0.063204706,False,0.046165317,False,0.24693532,False,stabilized_flow_log_feature
2024-07-21 05:45:00,0.115837984,False,train,0.052666422,False,0.058102105,False,0.23674542,False,stabilized_flow_log_feature
2024-07-21 17:45:00,0.11334375,False,train,0.05312756,False,0.05929671,False,0.227607,False,stabilized_flow_log_feature
2024-07-22 05:45:00,0.11271947,False,train,0.04154947,False,0.049952973,False,0.24665594,False,stabilized_flow_log_feature
2024-07-22 17:45:00,0.102707356,False,train,0.056314755,False,0.041869994,False,0.20993727,False,stabilized_flow_log_feature
2024-07-23 05:45:00,0.10093222,False,train,0.05295295,False,0.041365523,False,0.20847815,False,stabilized_flow_log_feature
2024-07-23 17:45:00,0.09918326,False,train,0.05287619,False,0.045850042,False,0.19882356,False,stabilized_flow_log_feature
2024-07-24 05:45:00,0.12798606,False,train,0.049712244,False,0.052444886,False,0.28180102,False,stabilized_flow_log_feature
2024-07-24 17:45:00,0.13307922,False,train,0.0245787,False,0.066695765,False,0.30796316,False,stabilized_flow_log_feature
2024-07-25 05:45:00,0.10217525,False,train,0.052786812,False,0.058100764,False,0.1956382,False,stabilized_flow_log_feature
2024-07-25 17:45:00,0.12189746,False,train,0.07799432,False,0.05845369,False,0.22924437,False,stabilized_flow_log_feature
2024-07-26 05:45:00,0.12921913,False,train,0.053581595,False,0.06697896,False,0.26709685,False,stabilized_flow_log_feature
2024-07-26 17:45:00,0.10516105,False,train,0.030741349,False,0.047855604,False,0.2368862,False,stabilized_flow_log_feature
2024-07-27 05:45:00,0.08959668,False,train,0.040236656,False,0.039679486,False,0.1888739,False,stabilized_flow_log_feature
2024-07-27 17:45:00,0.08081006,False,train,0.050262615,False,0.043417525,False,0.14875005,False,stabilized_flow_log_feature
2024-07-28 05:45:00,0.09546763,False,train,0.052121934,False,0.04549851,False,0.18878245,False,stabilized_flow_log_feature
2024-07-28 17:45:00,0.11225198,False,train,0.048490033,False,0.049117234,False,0.23914866,False,stabilized_flow_log_feature
2024-07-29 05:45:00,0.10304774,False,train,0.043144125,False,0.04822877,False,0.21777034,False,stabilized_flow_log_feature
2024-07-29 17:45:00,0.10896066,False,train,0.05159368,False,0.045220714,False,0.23006757,False,stabilized_flow_log_feature
2024-07-30 05:45:00,0.11714891,False,train,0.049232487,False,0.044289038,False,0.25792524,False,stabilized_flow_log_feature
2024-07-30 17:45:00,0.10213534,False,train,0.044251233,False,0.05600825,False,0.2061465,False,stabilized_flow_log_feature
2024-07-31 05:45:00,0.084510714,False,train,0.041670594,False,0.0471008,False,0.16476072,False,stabilized_flow_log_feature
2024-07-31 17:45:00,0.08915149,False,train,0.0564647,False,0.042296913,False,0.16869287,False,stabilized_flow_log_feature
2024-08-01 05:45:00,0.093809545,False,train,0.052300017,False,0.04357472,False,0.18555386,False,stabilized_flow_log_feature
2024-08-01 17:45:00,0.10555037,False,train,0.06340832,False,0.050428767,False,0.20281403,False,stabilized_flow_log_feature
2024-08-02 05:45:00,0.11348229,False,train,0.048408687,False,0.054368433,False,0.23766975,False,stabilized_flow_log_feature
2024-08-02 17:45:00,0.10577985,False,train,0.0388547,False,0.055004854,False,0.22347999,False,stabilized_flow_log_feature
2024-08-03 05:45:00,0.11398181,False,train,0.04070003,False,0.052400637,False,0.24884482,False,stabilized_flow_log_feature
2024-08-03 17:45:00,0.11942527,False,train,0.032275084,False,0.041607637,False,0.28439307,False,stabilized_flow_log_feature
2024-08-04 05:45:00,0.10435146,False,train,0.04660374,False,0.038989462,False,0.22746117,False,stabilized_flow_log_feature
2024-08-04 17:45:00,0.092825465,False,train,0.053245243,False,0.03756937,False,0.18766181,False,stabilized_flow_log_feature
2024-08-05 05:45:00,0.10149064,False,train,0.048463386,False,0.04468881,False,0.21131973,False,stabilized_flow_log_feature
2024-08-05 17:45:00,0.1440567,False,train,0.07535476,False,0.073429994,False,0.2833853,False,stabilized_flow_log_feature
2024-08-06 05:45:00,0.16812769,False,train,0.06968688,False,0.11088153,False,0.32381466,False,stabilized_flow_log_feature
2024-08-06 17:45:00,0.20323004,False,train,0.1199035,False,0.09395043,False,0.3958362,False,stabilized_flow_log_feature
2024-08-07 05:45:00,0.17745069,False,train,0.07758946,False,0.093672074,False,0.3610905,False,stabilized_flow_log_feature
2024-08-07 17:45:00,0.16392872,False,train,0.06167465,False,0.1138461,False,0.31626534,False,stabilized_flow_log_feature
2024-08-08 05:45:00,0.19674365,False,train,0.11158643,False,0.13308397,False,0.34556058,False,stabilized_flow_log_feature
2024-08-08 17:45:00,0.26370558,False,train,0.17594434,False,0.34749115,True,0.26768124,False,return_temp_c
2024-08-09 05:45:00,0.25272438,False,train,0.11736087,False,0.3270215,True,0.31379083,False,return_temp_c
2024-08-09 17:45:00,0.11854163,False,train,0.026509829,False,0.04818136,False,0.28093365,False,stabilized_flow_log_feature
2024-08-10 05:45:00,0.12681076,False,train,0.056221757,False,0.057274178,False,0.26693633,False,stabilized_flow_log_feature
2024-08-10 17:45:00,0.13263719,False,train,0.08272326,False,0.06808054,False,0.24710774,False,stabilized_flow_log_feature
2024-08-11 05:45:00,0.13075826,False,train,0.07049668,False,0.06472903,False,0.25704908,False,stabilized_flow_log_feature
2024-08-11 17:45:00,0.121646434,False,train,0.07662818,False,0.053792525,False,0.2345186,False,stabilized_flow_log_feature
2024-08-12 05:45:00,0.09907115,False,train,0.04676446,False,0.047405973,False,0.20304303,False,stabilized_flow_log_feature
2024-08-12 17:45:00,0.11113855,False,train,0.047856648,False,0.0416775,False,0.24388151,False,stabilized_flow_log_feature
2024-08-13 05:45:00,0.12711515,False,train,0.08162128,False,0.048433166,False,0.25129095,False,stabilized_flow_log_feature
2024-08-13 17:45:00,0.15011603,False,train,0.06904138,False,0.08330927,False,0.29799744,False,stabilized_flow_log_feature
2024-08-14 05:45:00,0.1458286,False,train,0.07151524,False,0.07183101,False,0.29413953,False,stabilized_flow_log_feature
2024-08-14 17:45:00,0.10164469,False,train,0.030424261,False,0.045186803,False,0.22932301,False,stabilized_flow_log_feature
2024-08-15 05:45:00,0.10518258,False,train,0.046774164,False,0.043704677,False,0.22506891,False,stabilized_flow_log_feature
2024-08-15 17:45:00,0.17327979,False,train,0.082483,False,0.14649452,False,0.29086182,False,stabilized_flow_log_feature
2024-08-16 05:45:00,0.20418243,False,train,0.08236315,False,0.13171469,False,0.39846945,False,stabilized_flow_log_feature
2024-08-16 17:45:00,0.13878669,False,train,0.040414844,False,0.044902105,False,0.33104312,False,stabilized_flow_log_feature
2024-08-17 05:45:00,0.16696137,False,train,0.1174767,False,0.093822695,False,0.28958473,False,stabilized_flow_log_feature
2024-08-17 17:45:00,0.24573459,False,train,0.1819448,True,0.21226282,False,0.3429961,False,stabilized_flow_log_feature
2024-08-18 05:45:00,0.21616885,False,train,0.18101983,True,0.16252364,False,0.30496302,False,stabilized_flow_log_feature
2024-08-18 17:45:00,0.10686203,False,train,0.03655928,False,0.045037676,False,0.23898911,False,stabilized_flow_log_feature
2024-08-19 05:45:00,0.15695187,False,train,0.08548763,False,0.06242984,False,0.32293817,False,stabilized_flow_log_feature
2024-08-19 17:45:00,0.18747944,False,train,0.10306943,False,0.12916403,False,0.33020484,False,stabilized_flow_log_feature
2024-08-20 05:45:00,0.18179919,False,train,0.11338454,False,0.13532214,False,0.2966909,False,stabilized_flow_log_feature
2024-08-20 17:45:00,0.118918434,False,train,0.05144896,False,0.06558368,False,0.23972265,False,stabilized_flow_log_feature
2024-08-21 05:45:00,0.07760421,False,train,0.019047366,False,0.03187181,False,0.18189347,False,stabilized_flow_log_feature
2024-08-21 17:45:00,0.08293566,False,train,0.025324864,False,0.034972966,False,0.18850918,False,stabilized_flow_log_feature
2024-08-22 05:45:00,0.09085418,False,train,0.0468327,False,0.040196873,False,0.18553297,False,stabilized_flow_log_feature
2024-08-22 17:45:00,0.09852133,False,train,0.04045345,False,0.050937746,False,0.20417278,False,stabilized_flow_log_feature
2024-08-23 05:45:00,0.090905696,False,train,0.042969357,False,0.047370598,False,0.18237711,False,stabilized_flow_log_feature
2024-08-23 17:45:00,0.10488982,False,train,0.06408741,False,0.04510443,False,0.2054776,False,stabilized_flow_log_feature
2024-08-24 05:45:00,0.11207129,False,train,0.059453115,False,0.03783632,False,0.2389244,False,stabilized_flow_log_feature
2024-08-24 17:45:00,0.124375805,False,train,0.039066277,False,0.046221808,False,0.28783932,False,stabilized_flow_log_feature
2024-08-25 05:45:00,0.1451802,False,train,0.05116066,False,0.067344,False,0.317036,False,stabilized_flow_log_feature
2024-08-25 17:45:00,0.13714632,False,train,0.05364916,False,0.06755426,False,0.29023555,False,stabilized_flow_log_feature
2024-08-26 05:45:00,0.11268207,False,train,0.062140908,False,0.05354777,False,0.22235751,False,stabilized_flow_log_feature
2024-08-26 17:45:00,0.08839395,False,train,0.03953808,False,0.040668156,False,0.18497558,False,stabilized_flow_log_feature
2024-08-27 05:45:00,0.11565757,False,train,0.041635882,False,0.03464167,False,0.27069518,False,stabilized_flow_log_feature
2024-08-27 17:45:00,0.10215898,False,train,0.049622014,False,0.041557178,False,0.21529771,False,stabilized_flow_log_feature
2024-08-28 05:45:00,0.06377063,False,train,0.04656775,False,0.039695602,False,0.105048545,False,stabilized_flow_log_feature
2024-08-28 17:45:00,0.06762329,False,train,0.035132565,False,0.031999845,False,0.13573743,False,stabilized_flow_log_feature
2024-08-29 05:45:00,0.08024498,False,train,0.029378565,False,0.03256502,False,0.17879133,False,stabilized_flow_log_feature
2024-08-29 17:45:00,0.08120373,False,train,0.024787368,False,0.040830176,False,0.17799364,False,stabilized_flow_log_feature
2024-08-30 05:45:00,0.1263647,False,train,0.08087029,False,0.085581385,False,0.21264237,False,stabilized_flow_log_feature
2024-08-30 17:45:00,0.15341775,False,train,0.1140366,False,0.16169332,False,0.18452328,False,stabilized_flow_log_feature
2024-08-31 05:45:00,0.13550724,False,train,0.107819594,False,0.10927086,False,0.18943126,False,stabilized_flow_log_feature
2024-08-31 17:45:00,0.13718766,False,train,0.08141507,False,0.06547677,False,0.26467118,False,stabilized_flow_log_feature
2024-09-01 05:45:00,0.16484523,False,train,0.055915494,False,0.106027074,False,0.3325931,False,stabilized_flow_log_feature
2024-09-01 17:45:00,0.22732772,False,train,0.07120437,False,0.077618025,False,0.53316075,True,stabilized_flow_log_feature
2024-09-02 05:45:00,0.36387718,True,train,0.121623516,False,0.08182905,False,0.888179,True,stabilized_flow_log_feature
2024-09-02 17:45:00,0.35591215,True,train,0.12625852,False,0.11071458,False,0.8307633,True,stabilized_flow_log_feature
2024-09-03 05:45:00,0.20155875,False,train,0.14715113,False,0.09019729,False,0.36732784,False,stabilized_flow_log_feature
2024-09-03 17:45:00,0.16081062,False,train,0.1358168,False,0.1722997,False,0.17431535,False,stabilized_flow_log_feature
2024-09-04 05:45:00,0.15820791,False,train,0.14565258,False,0.13112482,False,0.19784635,False,stabilized_flow_log_feature
2024-09-04 17:45:00,0.08939466,False,train,0.06282996,False,0.0286241,False,0.17672992,False,stabilized_flow_log_feature
2024-09-05 05:45:00,0.07074771,False,train,0.050559614,False,0.028088043,False,0.13359548,False,stabilized_flow_log_feature
2024-09-05 17:45:00,0.059081778,False,train,0.045470875,False,0.022465207,False,0.10930928,False,stabilized_flow_log_feature
2024-09-06 05:45:00,0.062023837,False,train,0.041264456,False,0.022810696,False,0.121996365,False,stabilized_flow_log_feature
2024-09-06 17:45:00,0.05802248,False,train,0.052967906,False,0.020432672,False,0.10066686,False,stabilized_flow_log_feature
2024-09-07 05:45:00,0.057214584,False,train,0.055413727,False,0.019982403,False,0.09624764,False,stabilized_flow_log_feature
2024-09-07 17:45:00,0.050706293,False,train,0.028780803,False,0.015891617,False,0.107446454,False,stabilized_flow_log_feature
2024-09-08 05:45:00,0.048343047,False,train,0.031473253,False,0.0145034725,False,0.09905242,False,stabilized_flow_log_feature
2024-09-08 17:45:00,0.08758878,False,train,0.060496256,False,0.03905254,False,0.16321754,False,stabilized_flow_log_feature
2024-09-09 05:45:00,0.09388482,False,train,0.05727294,False,0.043255284,False,0.18112625,False,stabilized_flow_log_feature
2024-09-09 17:45:00,0.13810542,False,train,0.11833295,False,0.122342475,False,0.17364079,False,stabilized_flow_log_feature
2024-09-10 05:45:00,0.16707397,False,train,0.14143158,False,0.15614216,False,0.20364815,False,stabilized_flow_log_feature
2024-09-10 17:45:00,0.12101761,False,train,0.07832717,False,0.06469861,False,0.22002707,False,stabilized_flow_log_feature
2024-09-11 05:45:00,0.08099395,False,train,0.052523613,False,0.03621893,False,0.15423931,False,stabilized_flow_log_feature
2024-09-11 17:45:00,0.06370439,False,train,0.040225547,False,0.027012823,False,0.12387478,False,stabilized_flow_log_feature
2024-09-12 05:45:00,0.1378538,False,train,0.093673974,False,0.0587801,False,0.26110724,False,stabilized_flow_log_feature
2024-09-12 17:45:00,0.1523057,False,train,0.11605463,False,0.14068806,False,0.2001745,False,stabilized_flow_log_feature
2024-09-13 05:45:00,0.11137112,False,train,0.10914197,False,0.076407276,False,0.14856413,False,stabilized_flow_log_feature
2024-09-13 17:45:00,0.07822997,False,train,0.046483163,False,0.02767921,False,0.16052756,False,stabilized_flow_log_feature
2024-09-14 05:45:00,0.07514599,False,train,0.051688742,False,0.020626558,False,0.15312266,False,stabilized_flow_log_feature
2024-09-14 17:45:00,0.06841508,False,train,0.044767726,False,0.022741767,False,0.13773577,False,stabilized_flow_log_feature
2024-09-15 05:45:00,0.06721877,False,train,0.05230628,False,0.031172462,False,0.11817756,False,stabilized_flow_log_feature
2024-09-15 17:45:00,0.05159164,False,train,0.05188945,False,0.02079633,False,0.08208913,False,stabilized_flow_log_feature
2024-09-16 05:45:00,0.054694586,False,train,0.037043747,False,0.022319132,False,0.10472088,False,stabilized_flow_log_feature
2024-09-16 17:45:00,0.07490603,False,train,0.039022252,False,0.024707971,False,0.16098788,False,stabilized_flow_log_feature
2024-09-17 05:45:00,0.072329834,False,train,0.037963856,False,0.02314669,False,0.15587893,False,stabilized_flow_log_feature
2024-09-17 17:45:00,0.06036785,False,train,0.041188058,False,0.026187288,False,0.1137282,False,stabilized_flow_log_feature
2024-09-18 05:45:00,0.05378686,False,train,0.044161927,False,0.02414386,False,0.093054794,False,stabilized_flow_log_feature
2024-09-18 17:45:00,0.055013046,False,train,0.054351863,False,0.020662999,False,0.09002429,False,stabilized_flow_log_feature
2024-09-19 05:45:00,0.06272301,False,train,0.061467562,False,0.02509067,False,0.1016108,False,stabilized_flow_log_feature
2024-09-19 17:45:00,0.10802804,False,train,0.07188853,False,0.04584244,False,0.20635314,False,stabilized_flow_log_feature
2024-09-20 05:45:00,0.09121221,False,train,0.056009755,False,0.036249954,False,0.18137693,False,stabilized_flow_log_feature
2024-09-20 17:45:00,0.06822899,False,train,0.023558797,False,0.010704856,False,0.17042333,False,stabilized_flow_log_feature
2024-09-21 05:45:00,0.20350175,False,train,0.16470583,False,0.15310621,False,0.29269323,False,stabilized_flow_log_feature
2024-09-21 17:45:00,0.23468852,False,train,0.18614377,True,0.16525616,False,0.35266563,False,stabilized_flow_log_feature
2024-09-22 05:45:00,0.20416564,False,train,0.2037461,True,0.104058094,False,0.30469278,False,stabilized_flow_log_feature
2024-09-22 17:45:00,0.24287258,False,train,0.25263187,True,0.23661582,False,0.23937005,False,supply_temp_c
2024-09-23 05:45:00,0.5173868,True,train,0.5205079,True,0.7671191,True,0.26453367,False,return_temp_c
2024-09-23 17:45:00,0.11386153,False,train,0.06223047,False,0.19094549,False,0.08840863,False,return_temp_c
2024-09-24 05:45:00,0.074902445,False,train,0.03637219,False,0.035468888,False,0.15286623,False,stabilized_flow_log_feature
2024-09-24 17:45:00,0.0688713,False,train,0.041900277,False,0.028174462,False,0.13653918,False,stabilized_flow_log_feature
2024-09-25 05:45:00,0.05215673,False,train,0.03583834,False,0.024805695,False,0.09582615,False,stabilized_flow_log_feature
2024-09-25 17:45:00,0.06819652,False,train,0.04572566,False,0.02450277,False,0.1343611,False,stabilized_flow_log_feature
2024-09-26 05:45:00,0.061212335,False,train,0.033893365,False,0.023090625,False,0.12665303,False,stabilized_flow_log_feature
2024-09-26 17:45:00,0.051233098,False,train,0.02779016,False,0.020945014,False,0.10496414,False,stabilized_flow_log_feature
2024-09-27 05:45:00,0.04720569,False,train,0.027397797,False,0.016910033,False,0.09730924,False,stabilized_flow_log_feature
2024-09-27 17:45:00,0.05150207,False,train,0.031165367,False,0.017799487,False,0.10554137,False,stabilized_flow_log_feature
2024-09-28 05:45:00,0.056721084,False,train,0.028065516,False,0.01830743,False,0.12379032,False,stabilized_flow_log_feature
2024-09-28 17:45:00,0.06014157,False,train,0.027840244,False,0.016859783,False,0.13572468,False,stabilized_flow_log_feature
2024-09-29 05:45:00,0.0933787,False,train,0.058236346,False,0.051011484,False,0.17088826,False,stabilized_flow_log_feature
2024-09-29 17:45:00,0.10227397,False,train,0.085597746,False,0.110437125,False,0.110787064,False,stabilized_flow_log_feature
2024-09-30 05:45:00,0.08374914,False,train,0.06938804,False,0.07642135,False,0.105438046,False,stabilized_flow_log_feature
2024-09-30 17:45:00,0.04849675,False,train,0.027646363,False,0.014291157,False,0.10355274,False,stabilized_flow_log_feature
2024-10-01 05:45:00,0.061294183,False,train,0.037261482,False,0.03226284,False,0.11435824,False,stabilized_flow_log_feature
2024-10-01 17:45:00,0.054284953,False,train,0.032128405,False,0.025716966,False,0.105009496,False,stabilized_flow_log_feature
2024-10-02 05:45:00,0.066037655,False,train,0.050039183,False,0.029372962,False,0.1187008,False,stabilized_flow_log_feature
2024-10-02 17:45:00,0.095405035,False,train,0.061335396,False,0.03864488,False,0.18623483,False,stabilized_flow_log_feature
2024-10-03 05:45:00,0.09337192,False,train,0.05591306,False,0.037182763,False,0.18701996,False,stabilized_flow_log_feature
2024-10-03 17:45:00,0.09060995,False,train,0.058769893,False,0.04172731,False,0.17133267,False,stabilized_flow_log_feature
2024-10-04 05:45:00,0.07860603,False,train,0.053378165,False,0.03848884,False,0.14395107,False,stabilized_flow_log_feature
2024-10-04 17:45:00,0.074994005,False,train,0.053403165,False,0.03329993,False,0.1382789,False,stabilized_flow_log_feature
2024-10-05 05:45:00,0.08004165,False,train,0.049546454,False,0.03589122,False,0.15468726,False,stabilized_flow_log_feature
2024-10-05 17:45:00,0.10117588,False,train,0.05998069,False,0.040223077,False,0.20332392,False,stabilized_flow_log_feature
2024-10-06 05:45:00,0.116692506,False,train,0.07096382,False,0.036558237,False,0.24255545,False,stabilized_flow_log_feature
2024-10-06 17:45:00,0.1267682,False,train,0.07809534,False,0.04237054,False,0.25983876,False,stabilized_flow_log_feature
2024-10-07 05:45:00,0.18137935,False,train,0.13755459,False,0.16203897,False,0.24454446,False,stabilized_flow_log_feature
2024-10-07 17:45:00,0.14335404,False,train,0.10619357,False,0.14148907,False,0.18237953,False,stabilized_flow_log_feature
2024-10-08 05:45:00,0.053305183,False,train,0.023598902,False,0.02103618,False,0.11528047,False,stabilized_flow_log_feature
2024-10-08 17:45:00,0.06622344,False,train,0.03328826,False,0.026232751,False,0.13914932,False,stabilized_flow_log_feature
2024-10-09 05:45:00,0.1020673,False,train,0.052098665,False,0.035972945,False,0.21813028,False,stabilized_flow_log_feature
2024-10-09 17:45:00,0.10720298,False,train,0.057651266,False,0.041735534,False,0.22222216,False,stabilized_flow_log_feature
2024-10-10 05:45:00,0.0927593,False,train,0.059358478,False,0.04177698,False,0.17714244,False,stabilized_flow_log_feature
2024-10-10 17:45:00,0.08971375,False,train,0.070098795,False,0.037596848,False,0.1614456,False,stabilized_flow_log_feature
2024-10-11 05:45:00,0.13325697,False,train,0.07870131,False,0.049392894,False,0.27167675,False,stabilized_flow_log_feature
2024-10-11 17:45:00,0.11554653,False,train,0.065429926,False,0.038235154,False,0.24297448,False,stabilized_flow_log_feature
2024-10-12 05:45:00,0.09315935,False,train,0.044969533,False,0.042105008,False,0.19240351,False,stabilized_flow_log_feature
2024-10-12 17:45:00,0.08369323,False,train,0.042513087,False,0.036690865,False,0.1718757,False,stabilized_flow_log_feature
2024-10-13 05:45:00,0.044250056,False,train,0.036062848,False,0.01640135,False,0.08028597,False,stabilized_flow_log_feature
2024-10-13 17:45:00,0.038408235,False,train,0.028718168,False,0.017114038,False,0.069392495,False,stabilized_flow_log_feature
2024-10-14 05:45:00,0.05137504,False,train,0.041536007,False,0.02102221,False,0.0915669,False,stabilized_flow_log_feature
2024-10-14 17:45:00,0.07356593,False,train,0.041624308,False,0.021690065,False,0.15738343,False,stabilized_flow_log_feature
2024-10-15 05:45:00,0.062142327,False,train,0.040007845,False,0.018767262,False,0.12765189,False,stabilized_flow_log_feature
2024-10-15 17:45:00,0.049049336,False,train,0.040049117,False,0.0166306,False,0.09046829,False,stabilized_flow_log_feature
2024-10-16 05:45:00,0.05001329,False,train,0.043594822,False,0.018595768,False,0.08784927,False,stabilized_flow_log_feature
2024-10-16 17:45:00,0.050916914,False,train,0.042381797,False,0.022473378,False,0.08789555,False,stabilized_flow_log_feature
2024-10-17 05:45:00,0.079981595,False,train,0.04606171,False,0.024509164,False,0.16937393,False,stabilized_flow_log_feature
2024-10-17 17:45:00,0.077391066,False,train,0.041112367,False,0.020435788,False,0.17062503,False,stabilized_flow_log_feature
2024-10-18 05:45:00,0.06406339,False,train,0.041878283,False,0.019261336,False,0.13105056,False,stabilized_flow_log_feature
2024-10-18 17:45:00,0.08628588,False,train,0.051784713,False,0.022952445,False,0.18412049,False,stabilized_flow_log_feature
2024-10-19 05:45:00,0.08995614,False,train,0.05104019,False,0.02399446,False,0.1948338,False,stabilized_flow_log_feature
2024-10-19 17:45:00,0.07134932,False,train,0.043337908,False,0.028908728,False,0.14180131,False,stabilized_flow_log_feature
2024-10-20 05:45:00,0.054736204,False,train,0.034232933,False,0.02539406,False,0.104581624,False,stabilized_flow_log_feature
2024-10-20 17:45:00,0.06120835,False,train,0.029331408,False,0.022460213,False,0.13183342,False,stabilized_flow_log_feature
2024-10-21 05:45:00,0.07592126,False,train,0.032259922,False,0.026325447,False,0.16917841,False,stabilized_flow_log_feature
2024-10-21 17:45:00,0.08394319,False,train,0.052659556,False,0.028986925,False,0.1701831,False,stabilized_flow_log_feature
2024-10-22 05:45:00,0.07124644,False,train,0.051111657,False,0.02076005,False,0.14186761,False,stabilized_flow_log_feature
2024-10-22 17:45:00,0.09344403,False,train,0.0344114,False,0.023395458,False,0.22252524,False,stabilized_flow_log_feature
2024-10-23 05:45:00,0.12485193,False,train,0.06679226,False,0.049285334,False,0.2584782,False,stabilized_flow_log_feature
2024-10-23 17:45:00,0.11371415,False,train,0.04821065,False,0.050411195,False,0.24252062,False,stabilized_flow_log_feature
2024-10-24 05:45:00,0.106119126,False,train,0.057330504,False,0.028933844,False,0.23209308,False,stabilized_flow_log_feature
2024-10-24 17:45:00,0.09687132,False,train,0.042787243,False,0.032581083,False,0.2152456,False,stabilized_flow_log_feature
2024-10-25 05:45:00,0.09732248,False,train,0.026799649,False,0.03899093,False,0.22617686,False,stabilized_flow_log_feature
2024-10-25 17:45:00,0.09975835,False,train,0.03762641,False,0.03220265,False,0.22944598,False,stabilized_flow_log_feature
2024-10-26 05:45:00,0.08996746,False,train,0.04291379,False,0.039949473,False,0.18703914,False,stabilized_flow_log_feature
2024-10-26 17:45:00,0.07665741,False,train,0.03318977,False,0.054171715,False,0.14261073,False,stabilized_flow_log_feature
2024-10-27 05:45:00,0.07128693,False,train,0.034259405,False,0.036615063,False,0.14298634,False,stabilized_flow_log_feature
2024-10-27 17:45:00,0.1497725,False,train,0.10507506,False,0.06313869,False,0.28110382,False,stabilized_flow_log_feature
2024-10-28 05:45:00,0.15925077,False,train,0.10266691,False,0.06575195,False,0.30933344,False,stabilized_flow_log_feature
2024-10-28 17:45:00,0.10653653,False,train,0.064748086,False,0.06861777,False,0.18624371,False,stabilized_flow_log_feature
2024-10-29 05:45:00,0.102670476,False,train,0.045661096,False,0.075811796,False,0.18653852,False,stabilized_flow_log_feature
2024-10-29 17:45:00,0.11311523,False,train,0.04647835,False,0.065762736,False,0.2271046,False,stabilized_flow_log_feature
2024-10-30 05:45:00,0.116667576,False,train,0.048206314,False,0.07367894,False,0.22811751,False,stabilized_flow_log_feature
2024-10-30 17:45:00,0.05839744,False,train,0.04540335,False,0.017278152,False,0.11251081,False,stabilized_flow_log_feature
2024-10-31 05:45:00,0.055040076,False,train,0.04705553,False,0.020823691,False,0.097240984,False,stabilized_flow_log_feature
2024-10-31 17:45:00,0.06246811,False,train,0.050898213,False,0.023449766,False,0.11305637,False,stabilized_flow_log_feature
2024-11-01 05:45:00,0.07789043,False,train,0.060312364,False,0.03151034,False,0.14184864,False,stabilized_flow_log_feature
2024-11-01 17:45:00,0.07392223,False,train,0.037864845,False,0.035175957,False,0.14872591,False,stabilized_flow_log_feature
2024-11-02 05:45:00,0.0627892,False,train,0.028197244,False,0.030994082,False,0.12917627,False,stabilized_flow_log_feature
2024-11-02 17:45:00,0.0552517,False,train,0.039495837,False,0.029167509,False,0.09709176,False,stabilized_flow_log_feature
2024-11-03 05:45:00,0.059008017,False,train,0.0447126,False,0.023451636,False,0.1088598,False,stabilized_flow_log_feature
2024-11-03 17:45:00,0.07513783,False,train,0.04529339,False,0.028470537,False,0.15164958,False,stabilized_flow_log_feature
2024-11-04 05:45:00,0.07441413,False,train,0.04089615,False,0.025747485,False,0.15659873,False,stabilized_flow_log_feature
2024-11-04 17:45:00,0.061563432,False,train,0.05175246,False,0.022694604,False,0.11024324,False,stabilized_flow_log_feature
2024-11-05 05:45:00,0.052635487,False,train,0.060268432,False,0.024259081,False,0.07337895,False,stabilized_flow_log_feature
2024-11-05 17:45:00,0.121150225,False,train,0.06843142,False,0.041757073,False,0.25326216,False,stabilized_flow_log_feature
2024-11-06 05:45:00,0.12006875,False,train,0.061494734,False,0.042589635,False,0.25612184,False,stabilized_flow_log_feature
2024-11-06 17:45:00,0.046838522,False,train,0.038140815,False,0.01823599,False,0.08413876,False,stabilized_flow_log_feature
2024-11-07 05:45:00,0.051092222,False,train,0.046769768,False,0.023525441,False,0.08298146,False,stabilized_flow_log_feature
2024-11-07 17:45:00,0.11032255,False,train,0.07195885,False,0.04884954,False,0.21015923,False,stabilized_flow_log_feature
2024-11-08 05:45:00,0.118775405,False,train,0.072057314,False,0.049276937,False,0.23499197,False,stabilized_flow_log_feature
2024-11-08 17:45:00,0.08143506,False,train,0.04334855,False,0.029566413,False,0.17139024,False,stabilized_flow_log_feature
2024-11-09 05:45:00,0.07918635,False,train,0.042740006,False,0.028634707,False,0.1661843,False,stabilized_flow_log_feature
2024-11-09 17:45:00,0.07449552,False,train,0.051157434,False,0.03765713,False,0.134672,False,stabilized_flow_log_feature
2024-11-10 05:45:00,0.06749112,False,train,0.05140598,False,0.025336608,False,0.12573078,False,stabilized_flow_log_feature
2024-11-10 17:45:00,0.062336605,False,train,0.04797077,False,0.021784218,False,0.117254816,False,stabilized_flow_log_feature
2024-11-11 05:45:00,0.08948566,False,train,0.045297846,False,0.03679863,False,0.18636052,False,stabilized_flow_log_feature
2024-11-11 17:45:00,0.1191068,False,train,0.046128746,False,0.070101745,False,0.24108993,False,stabilized_flow_log_feature
2024-11-12 05:45:00,0.13557182,False,train,0.040939253,False,0.07350163,False,0.29227456,False,stabilized_flow_log_feature
2024-11-12 17:45:00,0.16201408,False,train,0.057958808,False,0.11409372,False,0.31398976,False,stabilized_flow_log_feature
2024-11-13 05:45:00,0.16052553,False,train,0.06411583,False,0.11346952,False,0.3039912,False,stabilized_flow_log_feature
2024-11-13 17:45:00,0.09516678,False,train,0.04347803,False,0.042701613,False,0.19932073,False,stabilized_flow_log_feature
2024-11-14 05:45:00,0.07932835,False,train,0.031361822,False,0.048882645,False,0.1577406,False,stabilized_flow_log_feature
2024-11-14 17:45:00,0.076984055,False,train,0.03151676,False,0.050973237,False,0.14846215,False,stabilized_flow_log_feature
2024-11-15 05:45:00,0.076224156,False,train,0.033770125,False,0.054359123,False,0.14054321,False,stabilized_flow_log_feature
2024-11-15 17:45:00,0.10884956,False,train,0.03749576,False,0.07107585,False,0.21797709,False,stabilized_flow_log_feature
2024-11-16 05:45:00,0.11423472,False,train,0.041257784,False,0.07067137,False,0.23077504,False,stabilized_flow_log_feature
2024-11-16 17:45:00,0.070747465,False,train,0.033595596,False,0.051561218,False,0.12708558,False,stabilized_flow_log_feature
2024-11-17 05:45:00,0.06883778,False,train,0.032321293,False,0.04386321,False,0.13032882,False,stabilized_flow_log_feature
2024-11-17 17:45:00,0.10223145,False,train,0.04140117,False,0.059040744,False,0.20625246,False,stabilized_flow_log_feature
2024-11-18 05:45:00,0.11485306,False,train,0.045918886,False,0.06896317,False,0.22967716,False,stabilized_flow_log_feature
2024-11-18 17:45:00,0.13199209,False,train,0.04484665,False,0.079240195,False,0.27188942,False,stabilized_flow_log_feature
2024-11-19 05:45:00,0.13072968,False,train,0.03581405,False,0.07375287,False,0.28262207,False,stabilized_flow_log_feature
2024-11-19 17:45:00,0.08522303,False,train,0.073477596,False,0.052817907,False,0.12937357,False,stabilized_flow_log_feature
2024-11-20 05:45:00,0.11063945,False,train,0.083408,False,0.07550858,False,0.17300181,False,stabilized_flow_log_feature
2024-11-20 17:45:00,0.09381592,False,train,0.042366218,False,0.06519529,False,0.17388628,False,stabilized_flow_log_feature
2024-11-21 05:45:00,0.07450906,False,train,0.040026397,False,0.043090362,False,0.14041041,False,stabilized_flow_log_feature
2024-11-21 17:45:00,0.063303515,False,train,0.025162486,False,0.025599381,False,0.1391487,False,stabilized_flow_log_feature
2024-11-22 05:45:00,0.06180874,False,train,0.027370283,False,0.026728367,False,0.13132755,False,stabilized_flow_log_feature
2024-11-22 17:45:00,0.055539012,False,train,0.03631391,False,0.024943424,False,0.10535971,False,stabilized_flow_log_feature
2024-11-23 05:45:00,0.09456475,False,train,0.039621312,False,0.04043265,False,0.20364028,False,stabilized_flow_log_feature
2024-11-23 17:45:00,0.12936984,False,train,0.046781767,False,0.046651457,False,0.2946763,False,stabilized_flow_log_feature
2024-11-24 05:45:00,0.11216511,False,train,0.04475169,False,0.04205559,False,0.24968804,False,stabilized_flow_log_feature
2024-11-24 17:45:00,0.13033657,False,train,0.06191581,False,0.034542292,False,0.2945516,False,stabilized_flow_log_feature
2024-11-25 05:45:00,0.15049693,False,train,0.057858657,False,0.05893423,False,0.33469796,False,stabilized_flow_log_feature
2024-11-25 17:45:00,0.1262893,False,train,0.033424273,False,0.04692697,False,0.29851663,False,stabilized_flow_log_feature
2024-11-26 05:45:00,0.11313081,False,train,0.033696126,False,0.044311438,False,0.26138484,False,stabilized_flow_log_feature
2024-11-26 17:45:00,0.12567629,False,train,0.037944216,False,0.063159585,False,0.27592504,False,stabilized_flow_log_feature
2024-11-27 05:45:00,0.1310287,False,train,0.051712155,False,0.06273623,False,0.2786377,False,stabilized_flow_log_feature
2024-11-27 17:45:00,0.12457352,False,train,0.052352432,False,0.034477603,False,0.28689054,False,stabilized_flow_log_feature
2024-11-28 05:45:00,0.1337555,False,train,0.03751098,False,0.03675937,False,0.32699612,False,stabilized_flow_log_feature
2024-11-28 17:45:00,0.12403699,False,train,0.041633062,False,0.060812306,False,0.26966557,False,stabilized_flow_log_feature
2024-11-29 05:45:00,0.12358655,False,train,0.04651536,False,0.073211305,False,0.25103298,False,stabilized_flow_log_feature
2024-11-29 17:45:00,0.1581983,False,train,0.05039492,False,0.06940381,False,0.35479617,False,stabilized_flow_log_feature
2024-11-30 05:45:00,0.16798656,False,train,0.055507194,False,0.07599471,False,0.37245774,False,stabilized_flow_log_feature
2024-11-30 17:45:00,0.102617346,False,train,0.043936286,False,0.05709183,False,0.20682387,False,stabilized_flow_log_feature
2024-12-01 05:45:00,0.13901776,False,train,0.045054477,False,0.05242607,False,0.31957272,False,stabilized_flow_log_feature
2024-12-01 17:45:00,0.22045094,False,train,0.07080294,False,0.049965337,False,0.54058456,True,stabilized_flow_log_feature
2024-12-02 05:45:00,0.2223583,False,train,0.0696755,False,0.042614337,False,0.5547851,True,stabilized_flow_log_feature
2024-12-02 17:45:00,0.27227464,False,train,0.056698307,False,0.0666893,False,0.6934364,True,stabilized_flow_log_feature
2024-12-03 05:45:00,0.30017316,True,train,0.05698489,False,0.068766624,False,0.77476805,True,stabilized_flow_log_feature
2024-12-03 17:45:00,0.2567652,False,train,0.039539624,False,0.07502809,False,0.65572786,True,stabilized_flow_log_feature
2024-12-04 05:45:00,0.24406613,False,train,0.056121226,False,0.07542411,False,0.60065305,True,stabilized_flow_log_feature
2024-12-04 17:45:00,0.25614163,False,train,0.06011511,False,0.0818503,False,0.6264594,True,stabilized_flow_log_feature
2024-12-05 05:45:00,0.21812063,False,train,0.06866344,False,0.07785951,False,0.50783896,True,stabilized_flow_log_feature
2024-12-05 17:45:00,0.20046902,False,train,0.058399167,False,0.07422518,False,0.46878275,False,stabilized_flow_log_feature
2024-12-06 05:45:00,0.25895885,False,train,0.064781494,False,0.08009022,False,0.63200486,True,stabilized_flow_log_feature
2024-12-06 17:45:00,0.2546809,False,train,0.09619787,False,0.06257174,False,0.6052731,True,stabilized_flow_log_feature
2024-12-07 05:45:00,0.23045248,False,train,0.07341216,False,0.059709918,False,0.5582354,True,stabilized_flow_log_feature
2024-12-07 17:45:00,0.23588504,False,train,0.07339349,False,0.08987629,False,0.5443854,True,stabilized_flow_log_feature
2024-12-08 05:45:00,0.27866584,False,train,0.12422811,False,0.19041306,False,0.52135634,True,stabilized_flow_log_feature
2024-12-08 17:45:00,0.28390518,True,train,0.23434176,True,0.2709423,False,0.34643152,False,stabilized_flow_log_feature
2024-12-09 05:45:00,0.18927343,False,train,0.26516724,True,0.16336101,False,0.1392921,False,supply_temp_c
2024-12-09 17:45:00,0.046000738,False,train,0.04284778,False,0.051539272,False,0.04361515,False,return_temp_c
2024-12-10 05:45:00,0.032532256,False,train,0.034741327,False,0.018062152,False,0.044793293,False,stabilized_flow_log_feature
2024-12-10 17:45:00,0.04034542,False,train,0.03727671,False,0.038907524,False,0.044852033,False,stabilized_flow_log_feature
2024-12-11 05:45:00,0.038351152,False,train,0.045950938,False,0.029333657,False,0.03976886,False,supply_temp_c
2024-12-11 17:45:00,0.041524462,False,train,0.042016875,False,0.038609568,False,0.043946948,False,stabilized_flow_log_feature
2024-12-12 05:45:00,0.044554777,False,train,0.05731864,False,0.032947112,False,0.043398574,False,supply_temp_c
2024-12-12 17:45:00,0.0510413,False,train,0.057152275,False,0.052142333,False,0.043829303,False,supply_temp_c
2024-12-13 05:45:00,0.04173461,False,train,0.05229935,False,0.027369171,False,0.0455353,False,supply_temp_c
2024-12-13 17:45:00,0.07134566,False,train,0.07539422,False,0.060621917,False,0.07802082,False,stabilized_flow_log_feature
2024-12-14 05:45:00,0.07810489,False,train,0.105733074,False,0.06283138,False,0.065750204,False,supply_temp_c
2024-12-14 17:45:00,0.1228887,False,train,0.12635045,False,0.13572416,False,0.1065915,False,return_temp_c
2024-12-15 05:45:00,0.10358396,False,train,0.16118363,False,0.10275358,False,0.0468147,False,supply_temp_c
2024-12-15 17:45:00,0.13702098,False,train,0.15153918,False,0.20376189,False,0.055761874,False,return_temp_c
2024-12-16 05:45:00,0.09565482,False,train,0.13252275,False,0.09595877,False,0.058482956,False,supply_temp_c
2024-12-16 17:45:00,0.10951754,False,train,0.13651128,False,0.13078512,False,0.061256196,False,supply_temp_c
2024-12-17 05:45:00,0.078644015,False,train,0.108395815,False,0.08313527,False,0.04440097,False,supply_temp_c
2024-12-17 17:45:00,0.08999063,False,train,0.1092807,False,0.11540381,False,0.045287386,False,return_temp_c
2024-12-18 05:45:00,0.08461207,False,train,0.11675787,False,0.08522582,False,0.051852535,False,supply_temp_c
2024-12-18 17:45:00,0.09802706,False,train,0.12542574,False,0.10974485,False,0.05891059,False,supply_temp_c
2024-12-19 05:45:00,0.0814727,False,train,0.10968804,False,0.075702064,False,0.059028,False,supply_temp_c
2024-12-19 17:45:00,0.28202644,True,train,0.24767715,True,0.5007788,True,0.09762326,False,return_temp_c
2024-12-20 05:45:00,0.2827686,True,train,0.2592487,True,0.49483368,True,0.0942235,False,return_temp_c
2024-12-20 17:45:00,0.26541728,False,train,0.29333428,True,0.40693665,True,0.095980965,False,return_temp_c
2024-12-21 05:45:00,0.37915444,True,train,0.32279426,True,0.6295121,True,0.1851571,False,return_temp_c
2024-12-21 17:45:00,0.2955318,True,train,0.12867673,False,0.56276655,True,0.19515216,False,return_temp_c
2024-12-22 05:45:00,0.08203178,False,train,0.038162865,False,0.12187793,False,0.08605451,False,return_temp_c
2024-12-22 17:45:00,0.062159855,False,train,0.03416879,False,0.104450345,False,0.047860414,False,return_temp_c
2024-12-23 05:45:00,0.056558404,False,train,0.051770136,False,0.07516266,False,0.04274242,False,return_temp_c
2024-12-23 17:45:00,0.075725436,False,train,0.05022954,False,0.080069356,False,0.09687743,False,stabilized_flow_log_feature
2024-12-24 05:45:00,0.068416156,False,train,0.039796475,False,0.06389177,False,0.101560235,False,stabilized_flow_log_feature
2024-12-24 17:45:00,0.02896398,False,train,0.024465144,False,0.031914733,False,0.030512065,False,return_temp_c
2024-12-25 05:45:00,0.025659315,False,train,0.022660391,False,0.02925802,False,0.025059542,False,return_temp_c
2024-12-25 17:45:00,0.020364173,False,train,0.017490434,False,0.024213606,False,0.019388475,False,return_temp_c
2024-12-26 05:45:00,0.01974837,False,train,0.011628275,False,0.02615012,False,0.021466717,False,return_temp_c
2024-12-26 17:45:00,0.028834693,False,train,0.020703388,False,0.03556719,False,0.030233512,False,return_temp_c
2024-12-27 05:45:00,0.030711208,False,train,0.0192983,False,0.040335417,False,0.03249991,False,return_temp_c
2024-12-27 17:45:00,0.028228322,False,train,0.014864169,False,0.04555891,False,0.024261894,False,return_temp_c
2024-12-28 05:45:00,0.028780123,False,train,0.015242488,False,0.04082253,False,0.030275347,False,return_temp_c
2024-12-28 17:45:00,0.02993693,False,train,0.012730166,False,0.04214247,False,0.03493815,False,return_temp_c
2024-12-29 05:45:00,0.036053162,False,train,0.020343004,False,0.051050637,False,0.036765836,False,return_temp_c
2024-12-29 17:45:00,0.03684108,False,train,0.019028496,False,0.054141346,False,0.03735338,False,return_temp_c
2024-12-30 05:45:00,0.036650524,False,train,0.025338208,False,0.047334358,False,0.037279,False,return_temp_c
2024-12-30 17:45:00,0.049294833,False,train,0.033331044,False,0.051622305,False,0.06293115,False,stabilized_flow_log_feature
2024-12-31 05:45:00,0.04922016,False,train,0.03593272,False,0.050006557,False,0.061721206,False,stabilized_flow_log_feature
2024-12-31 17:45:00,0.04450596,False,train,0.028148005,False,0.048965532,False,0.056404322,False,stabilized_flow_log_feature
2025-01-01 05:45:00,0.038239006,False,train,0.022951221,False,0.041068178,False,0.05069761,False,stabilized_flow_log_feature
2025-01-01 17:45:00,0.031528756,False,train,0.014830142,False,0.04098275,False,0.038773376,False,return_temp_c
2025-01-02 05:45:00,0.033149466,False,train,0.01850645,False,0.040969137,False,0.039972812,False,return_temp_c
2025-01-02 17:45:00,0.056795344,False,train,0.039495263,False,0.05109219,False,0.07979858,False,stabilized_flow_log_feature
2025-01-03 05:45:00,0.050582148,False,train,0.037000034,False,0.04436305,False,0.07038335,False,stabilized_flow_log_feature
2025-01-03 17:45:00,0.058222592,False,train,0.023408199,False,0.061059806,False,0.09019977,False,stabilized_flow_log_feature
2025-01-04 05:45:00,0.05985307,False,train,0.02752184,False,0.04830906,False,0.1037283,False,stabilized_flow_log_feature
2025-01-04 17:45:00,0.059615746,False,train,0.04255731,False,0.05990913,False,0.07638078,False,stabilized_flow_log_feature
2025-01-05 05:45:00,0.0461138,False,train,0.035066754,False,0.041455615,False,0.061819036,False,stabilized_flow_log_feature
2025-01-05 17:45:00,0.047729068,False,train,0.02947756,False,0.05484223,False,0.058867425,False,stabilized_flow_log_feature
2025-01-06 05:45:00,0.038179114,False,train,0.03227847,False,0.036085136,False,0.04617375,False,stabilized_flow_log_feature
2025-01-06 17:45:00,0.045728378,False,train,0.023088902,False,0.04073702,False,0.07335921,False,stabilized_flow_log_feature
2025-01-07 05:45:00,0.049157217,False,train,0.025378598,False,0.041829165,False,0.080263905,False,stabilized_flow_log_feature
2025-01-07 17:45:00,0.05578218,False,train,0.031196564,False,0.054808926,False,0.081341036,False,stabilized_flow_log_feature
2025-01-08 05:45:00,0.06052414,False,train,0.033753604,False,0.05303231,False,0.09478652,False,stabilized_flow_log_feature
2025-01-08 17:45:00,0.115926266,False,train,0.061650768,False,0.07630215,False,0.20982586,False,stabilized_flow_log_feature
2025-01-09 05:45:00,0.10673646,False,train,0.051208988,False,0.07846048,False,0.19053996,False,stabilized_flow_log_feature
2025-01-09 17:45:00,0.026286064,False,train,0.017788354,False,0.026551275,False,0.034518573,False,stabilized_flow_log_feature
2025-01-10 05:45:00,0.029241817,False,train,0.01550967,False,0.03107032,False,0.04114546,False,stabilized_flow_log_feature
2025-01-10 17:45:00,0.058107357,False,train,0.048765805,False,0.045433834,False,0.080122426,False,stabilized_flow_log_feature
2025-01-11 05:45:00,0.06263129,False,train,0.0508966,False,0.04044544,False,0.09655183,False,stabilized_flow_log_feature
2025-01-11 17:45:00,0.10504696,False,train,0.04596385,False,0.08582092,False,0.1833561,False,stabilized_flow_log_feature
2025-01-12 05:45:00,0.09123626,False,train,0.049386308,False,0.060355905,False,0.1639666,False,stabilized_flow_log_feature
2025-01-12 17:45:00,0.04097689,False,train,0.03062048,False,0.036105257,False,0.05620492,False,stabilized_flow_log_feature
2025-01-13 05:45:00,0.05882683,False,train,0.03982726,False,0.046923194,False,0.08973005,False,stabilized_flow_log_feature
2025-01-13 17:45:00,0.06267596,False,train,0.03912245,False,0.051928464,False,0.09697697,False,stabilized_flow_log_feature
2025-01-14 05:45:00,0.04821162,False,train,0.027939985,False,0.043029036,False,0.073665835,False,stabilized_flow_log_feature
2025-01-14 17:45:00,0.050995734,False,train,0.03012523,False,0.04192591,False,0.08093606,False,stabilized_flow_log_feature
2025-01-15 05:45:00,0.03837929,False,train,0.021835594,False,0.038121883,False,0.055180382,False,stabilized_flow_log_feature
2025-01-15 17:45:00,0.02619841,False,train,0.021216594,False,0.026915772,False,0.03046287,False,stabilized_flow_log_feature
2025-01-16 05:45:00,0.04670149,False,train,0.03713074,False,0.044653386,False,0.05832036,False,stabilized_flow_log_feature
2025-01-16 17:45:00,0.09727579,False,train,0.0572844,False,0.08122015,False,0.15332283,False,stabilized_flow_log_feature
2025-01-17 05:45:00,0.07918513,False,train,0.037310034,False,0.06506453,False,0.13518086,False,stabilized_flow_log_feature
2025-01-17 17:45:00,0.09600579,False,train,0.08453289,False,0.050642893,False,0.15284158,False,stabilized_flow_log_feature
2025-01-18 05:45:00,0.12683187,False,train,0.097638,False,0.08438242,False,0.19847517,False,stabilized_flow_log_feature
2025-01-18 17:45:00,0.13110587,False,train,0.054764237,False,0.08636039,False,0.252193,False,stabilized_flow_log_feature
2025-01-19 05:45:00,0.112559,False,train,0.036559645,False,0.06545991,False,0.23565744,False,stabilized_flow_log_feature
2025-01-19 17:45:00,0.08223996,False,train,0.04379597,False,0.07219117,False,0.13073277,False,stabilized_flow_log_feature
2025-01-20 05:45:00,0.0692832,False,train,0.036480285,False,0.08485618,False,0.08651314,False,stabilized_flow_log_feature
2025-01-20 17:45:00,0.02094887,False,train,0.01476109,False,0.019824617,False,0.028260909,False,stabilized_flow_log_feature
2025-01-21 05:45:00,0.040868066,False,train,0.017220559,False,0.036445227,False,0.06893843,False,stabilized_flow_log_feature
2025-01-21 17:45:00,0.041163396,False,train,0.017503923,False,0.040028054,False,0.06595821,False,stabilized_flow_log_feature
2025-01-22 05:45:00,0.023034906,False,train,0.017965518,False,0.024677144,False,0.026462065,False,stabilized_flow_log_feature
2025-01-22 17:45:00,0.019847188,False,train,0.014724988,False,0.020324098,False,0.024492474,False,stabilized_flow_log_feature
2025-01-23 05:45:00,0.018275896,False,train,0.011979368,False,0.018970089,False,0.023878237,False,stabilized_flow_log_feature
2025-01-23 17:45:00,0.109516166,False,train,0.03848571,False,0.11444653,False,0.17561625,False,stabilized_flow_log_feature
2025-01-24 05:45:00,0.11046049,False,train,0.04222536,False,0.11397975,False,0.17517634,False,stabilized_flow_log_feature
2025-01-24 17:45:00,0.09098729,False,train,0.07782792,False,0.04658598,False,0.14854793,False,stabilized_flow_log_feature
2025-01-25 05:45:00,0.08838761,False,train,0.0668537,False,0.059033975,False,0.13927516,False,stabilized_flow_log_feature
2025-01-25 17:45:00,0.0337232,False,train,0.026778528,False,0.03812712,False,0.03626395,False,return_temp_c
2025-01-26 05:45:00,0.0333995,False,train,0.0224818,False,0.027942074,False,0.04977462,False,stabilized_flow_log_feature
2025-01-26 17:45:00,0.021416616,False,train,0.0149025135,False,0.019745605,False,0.029601729,False,stabilized_flow_log_feature
2025-01-27 05:45:00,0.024357788,False,train,0.014352832,False,0.018631725,False,0.04008881,False,stabilized_flow_log_feature
2025-01-27 17:45:00,0.057415776,False,train,0.04217885,False,0.053528626,False,0.07653986,False,stabilized_flow_log_feature
2025-01-28 05:45:00,0.049415644,False,train,0.038765553,False,0.051215548,False,0.058265824,False,stabilized_flow_log_feature
2025-01-28 17:45:00,0.018815357,False,train,0.017378049,False,0.018681265,False,0.020386757,False,stabilized_flow_log_feature
2025-01-29 05:45:00,0.018900566,False,train,0.020014156,False,0.017476955,False,0.019210584,False,supply_temp_c
2025-01-29 17:45:00,0.030846871,False,train,0.023513088,False,0.03549701,False,0.03353052,False,return_temp_c
2025-01-30 05:45:00,0.037380155,False,train,0.028943606,False,0.037638433,False,0.045558427,False,stabilized_flow_log_feature
2025-01-30 17:45:00,0.04130944,False,train,0.029086905,False,0.022949236,False,0.07189218,False,stabilized_flow_log_feature
2025-01-31 05:45:00,0.04704545,False,train,0.0252373,False,0.031326067,False,0.08457297,False,stabilized_flow_log_feature
2025-01-31 17:45:00,0.07220871,False,train,0.045636956,False,0.050340746,False,0.120648414,False,stabilized_flow_log_feature
2025-02-01 05:45:00,0.07141523,False,train,0.057689432,False,0.047690365,False,0.10886591,False,stabilized_flow_log_feature
2025-02-01 17:45:00,0.06973377,False,train,0.063601695,False,0.089274354,False,0.056325257,False,return_temp_c
2025-02-02 05:45:00,0.059282217,False,train,0.046340644,False,0.07952369,False,0.051982313,False,return_temp_c
2025-02-02 17:45:00,0.017995592,False,train,0.017044635,False,0.019467482,False,0.017474664,False,return_temp_c
2025-02-03 05:45:00,0.019561032,False,train,0.018592004,False,0.016362136,False,0.023728961,False,stabilized_flow_log_feature
2025-02-03 17:45:00,0.027662337,False,train,0.029698798,False,0.019657567,False,0.033630643,False,stabilized_flow_log_feature
2025-02-04 05:45:00,0.025348263,False,train,0.023824414,False,0.020668775,False,0.031551603,False,stabilized_flow_log_feature
2025-02-04 17:45:00,0.049062446,False,train,0.018964455,False,0.025738196,False,0.102484696,False,stabilized_flow_log_feature
2025-02-05 05:45:00,0.0496378,False,train,0.016511353,False,0.02755867,False,0.104843356,False,stabilized_flow_log_feature
2025-02-05 17:45:00,0.020293575,False,train,0.015341721,False,0.02223102,False,0.02330798,False,stabilized_flow_log_feature
2025-02-06 05:45:00,0.021911867,False,train,0.01638835,False,0.025086373,False,0.02426088,False,return_temp_c
2025-02-06 17:45:00,0.018095503,False,train,0.0149078,False,0.021528862,False,0.017849846,False,return_temp_c
2025-02-07 05:45:00,0.015252231,False,train,0.013786025,False,0.017504876,False,0.014465793,False,return_temp_c
2025-02-07 17:45:00,0.03264858,False,train,0.01737364,False,0.038042195,False,0.0425299,False,stabilized_flow_log_feature
2025-02-08 05:45:00,0.05976706,False,train,0.019971862,False,0.079508305,False,0.07982102,False,stabilized_flow_log_feature
2025-02-08 17:45:00,0.06164606,False,train,0.028922081,False,0.08120509,False,0.074811004,False,return_temp_c
2025-02-09 05:45:00,0.045176566,False,train,0.028458482,False,0.052647505,False,0.054423716,False,stabilized_flow_log_feature
2025-02-09 17:45:00,0.026206305,False,train,0.01644942,False,0.03260941,False,0.029560084,False,return_temp_c
2025-02-10 05:45:00,0.0191031,False,train,0.017640846,False,0.022033876,False,0.017634578,False,return_temp_c
2025-02-13 17:45:00,0.03617572,False,train,0.028595045,False,0.047869697,False,0.03206242,False,return_temp_c
2025-02-14 05:45:00,0.035317317,False,train,0.02707299,False,0.046031553,False,0.032847393,False,return_temp_c
2025-02-14 17:45:00,0.023954086,False,train,0.010677467,False,0.041170076,False,0.02001471,False,return_temp_c
2025-02-15 05:45:00,0.029366676,False,train,0.015495813,False,0.042047743,False,0.030556472,False,return_temp_c
2025-02-15 17:45:00,0.030300148,False,train,0.017776823,False,0.04097632,False,0.0321473,False,return_temp_c
2025-02-16 05:45:00,0.024902336,False,train,0.012707212,False,0.036145777,False,0.025854012,False,return_temp_c
2025-02-16 17:45:00,0.025207117,False,train,0.01983167,False,0.031991392,False,0.023798287,False,return_temp_c
2025-02-17 05:45:00,0.019760326,False,train,0.013666286,False,0.023240611,False,0.02237408,False,return_temp_c
2025-02-17 17:45:00,0.019894706,False,train,0.013659497,False,0.022951,False,0.02307362,False,stabilized_flow_log_feature
2025-02-18 05:45:00,0.019655637,False,train,0.016136082,False,0.020437019,False,0.022393813,False,stabilized_flow_log_feature
2025-02-18 17:45:00,0.019276403,False,train,0.014761892,False,0.019932067,False,0.023135258,False,stabilized_flow_log_feature
2025-02-19 05:45:00,0.017633151,False,train,0.018255351,False,0.014186308,False,0.020457799,False,stabilized_flow_log_feature
2025-02-19 17:45:00,0.023079883,False,train,0.018354662,False,0.021108089,False,0.029776892,False,stabilized_flow_log_feature
2025-02-20 05:45:00,0.07427297,False,train,0.022118608,False,0.050801825,False,0.14989851,False,stabilized_flow_log_feature
2025-02-20 17:45:00,0.11785313,False,train,0.037567396,False,0.06560573,False,0.2503862,False,stabilized_flow_log_feature
2025-02-21 05:45:00,0.06816021,False,train,0.02860175,False,0.034545437,False,0.14133346,False,stabilized_flow_log_feature
2025-02-21 17:45:00,0.029995732,False,train,0.014523167,False,0.029406317,False,0.046057712,False,stabilized_flow_log_feature
2025-02-22 05:45:00,0.025485452,False,train,0.015618359,False,0.026875913,False,0.033962082,False,stabilized_flow_log_feature
2025-02-22 17:45:00,0.025908284,False,train,0.012354501,False,0.03475294,False,0.030617408,False,return_temp_c
2025-02-23 05:45:00,0.02753269,False,train,0.0077416915,False,0.045963436,False,0.028892942,False,return_temp_c
2025-02-23 17:45:00,0.023179544,False,train,0.0074906885,False,0.038511768,False,0.023536175,False,return_temp_c
2025-02-24 05:45:00,0.023856023,False,train,0.0060799937,False,0.03285688,False,0.0326312,False,return_temp_c
2025-02-24 17:45:00,0.032831717,False,train,0.008571549,False,0.03815401,False,0.0517696,False,stabilized_flow_log_feature
2025-02-25 05:45:00,0.044193894,False,train,0.01896059,False,0.040731043,False,0.07289005,False,stabilized_flow_log_feature
2025-02-25 17:45:00,0.090965725,False,train,0.03714407,False,0.05280966,False,0.18294351,False,stabilized_flow_log_feature
2025-02-26 05:45:00,0.10586849,False,train,0.046973873,False,0.057298403,False,0.21333319,False,stabilized_flow_log_feature
2025-02-26 17:45:00,0.10233762,False,train,0.049553186,False,0.058553975,False,0.1989057,False,stabilized_flow_log_feature
2025-02-27 05:45:00,0.09151102,False,train,0.050717518,False,0.04525761,False,0.17855793,False,stabilized_flow_log_feature
2025-02-27 17:45:00,0.10930622,False,train,0.06874719,False,0.07419449,False,0.184977,False,stabilized_flow_log_feature
2025-02-28 05:45:00,0.14298852,False,train,0.07377962,False,0.10230357,False,0.2528824,False,stabilized_flow_log_feature
2025-02-28 17:45:00,0.12791158,False,train,0.04060704,False,0.0909526,False,0.25217512,False,stabilized_flow_log_feature
2025-03-01 05:45:00,0.12803735,False,train,0.04053676,False,0.09417977,False,0.24939549,False,stabilized_flow_log_feature
2025-03-01 17:45:00,0.10960178,False,train,0.06423708,False,0.09326761,False,0.17130066,False,stabilized_flow_log_feature
2025-03-02 05:45:00,0.08056286,False,train,0.07079464,False,0.066391006,False,0.104502924,False,stabilized_flow_log_feature
2025-03-02 17:45:00,0.10221049,False,train,0.06077889,False,0.07362608,False,0.1722265,False,stabilized_flow_log_feature
2025-03-03 05:45:00,0.09045715,False,train,0.06378692,False,0.075175874,False,0.1324087,False,stabilized_flow_log_feature
2025-03-03 17:45:00,0.1098474,False,train,0.06682206,False,0.11413302,False,0.1485871,False,stabilized_flow_log_feature
2025-03-04 05:45:00,0.22877139,False,train,0.098543145,False,0.30313042,False,0.28464064,False,return_temp_c
2025-03-04 17:45:00,0.26526487,False,train,0.12477232,False,0.2822974,False,0.38872495,False,stabilized_flow_log_feature
2025-03-05 05:45:00,0.15450099,False,train,0.06905157,False,0.13346921,False,0.26098213,False,stabilized_flow_log_feature
2025-03-05 17:45:00,0.119823776,False,train,0.03268041,False,0.097822934,False,0.22896798,False,stabilized_flow_log_feature
2025-03-06 05:45:00,0.40683687,True,train,0.086276434,False,0.67235637,True,0.46187767,False,return_temp_c
2025-03-06 17:45:00,0.39084765,True,train,0.15976463,False,0.6325458,True,0.38023248,False,return_temp_c
2025-03-07 05:45:00,0.16162382,False,train,0.103405274,False,0.13770398,False,0.24376221,False,stabilized_flow_log_feature
2025-03-07 17:45:00,0.11843787,False,train,0.049295243,False,0.060777426,False,0.24524099,False,stabilized_flow_log_feature
2025-03-08 05:45:00,0.09826559,False,train,0.045628678,False,0.051077146,False,0.19809096,False,stabilized_flow_log_feature
2025-03-08 17:45:00,0.09167717,False,train,0.049435135,False,0.039839104,False,0.18575728,False,stabilized_flow_log_feature
2025-03-09 05:45:00,0.0786446,False,train,0.038913846,False,0.037715927,False,0.15930402,False,stabilized_flow_log_feature
2025-03-09 17:45:00,0.089736015,False,train,0.027991384,False,0.060545832,False,0.18067081,False,stabilized_flow_log_feature
2025-03-10 05:45:00,0.099771656,False,train,0.040610615,False,0.076037385,False,0.18266697,False,stabilized_flow_log_feature
2025-03-10 17:45:00,0.08759305,False,train,0.046108037,False,0.08934621,False,0.1273249,False,stabilized_flow_log_feature
2025-03-11 05:45:00,0.08384595,False,train,0.05058292,False,0.0959403,False,0.10501465,False,stabilized_flow_log_feature
2025-03-11 17:45:00,0.16238251,False,train,0.047144238,False,0.21565844,False,0.22434483,False,stabilized_flow_log_feature
2025-03-12 05:45:00,0.25216308,False,train,0.14013612,False,0.39576375,True,0.22058947,False,return_temp_c
2025-03-12 17:45:00,0.19091171,False,train,0.14574058,False,0.26937488,False,0.1576197,False,return_temp_c
2025-03-13 05:45:00,0.18116069,False,train,0.091459356,False,0.2798298,False,0.17219298,False,return_temp_c
2025-03-13 17:45:00,0.12109285,False,train,0.069345124,False,0.17580634,False,0.11812711,False,return_temp_c
2025-03-14 05:45:00,0.24057814,False,train,0.09115488,False,0.47728637,True,0.15329312,False,return_temp_c
2025-03-14 17:45:00,0.31579727,True,train,0.16200529,False,0.6088337,True,0.17655279,False,return_temp_c
2025-03-15 05:45:00,0.15964912,False,train,0.10015044,False,0.2351519,False,0.143645,False,return_temp_c
2025-03-15 17:45:00,0.18759555,False,train,0.0783049,False,0.2178006,False,0.2666811,False,stabilized_flow_log_feature
2025-03-16 05:45:00,0.16928643,False,train,0.07528364,False,0.17346728,False,0.2591084,False,stabilized_flow_log_feature
2025-03-16 17:45:00,0.39433482,True,train,0.32759523,True,0.5554343,True,0.2999748,False,return_temp_c
2025-03-17 05:45:00,0.42828047,True,train,0.35845053,True,0.58019984,True,0.34619102,False,return_temp_c
2025-03-17 17:45:00,0.09588627,False,train,0.040454824,False,0.071916945,False,0.17528702,False,stabilized_flow_log_feature
2025-03-18 05:45:00,0.10882537,False,train,0.04073951,False,0.10534973,False,0.18038689,False,stabilized_flow_log_feature
2025-03-18 17:45:00,0.087323755,False,train,0.03823515,False,0.080517046,False,0.14321908,False,stabilized_flow_log_feature
2025-03-19 05:45:00,0.0923284,False,train,0.03833221,False,0.05178733,False,0.18686564,False,stabilized_flow_log_feature
2025-03-19 17:45:00,0.2777383,False,train,0.19174065,True,0.27894965,False,0.36252463,False,stabilized_flow_log_feature
2025-03-20 05:45:00,0.2783282,False,train,0.19769965,True,0.27663973,False,0.3606453,False,stabilized_flow_log_feature
2025-03-20 17:45:00,0.13302946,False,train,0.04935482,False,0.06597867,False,0.2837549,False,stabilized_flow_log_feature
2025-03-21 05:45:00,0.12432606,False,train,0.054248612,False,0.054502357,False,0.2642272,False,stabilized_flow_log_feature
2025-03-21 17:45:00,0.084221505,False,train,0.031273898,False,0.04085815,False,0.18053246,False,stabilized_flow_log_feature
2025-03-22 05:45:00,0.1378801,False,train,0.04639608,False,0.094034374,False,0.27320984,False,stabilized_flow_log_feature
2025-03-22 17:45:00,0.13223474,False,train,0.030203493,False,0.109871835,False,0.2566289,False,stabilized_flow_log_feature
2025-03-23 05:45:00,0.120191775,False,train,0.032697648,False,0.07833848,False,0.24953918,False,stabilized_flow_log_feature
2025-03-23 17:45:00,0.119115084,False,train,0.025017329,False,0.05664673,False,0.27568123,False,stabilized_flow_log_feature
2025-03-24 05:45:00,0.10748214,False,train,0.025364824,False,0.041703578,False,0.25537804,False,stabilized_flow_log_feature
2025-03-24 17:45:00,0.11096653,False,train,0.022414053,False,0.032856908,False,0.27762863,False,stabilized_flow_log_feature
2025-03-25 05:45:00,0.10597989,False,test,0.043210015,False,0.046643913,False,0.22808574,False,stabilized_flow_log_feature
2025-03-25 17:45:00,0.10259593,False,test,0.058707487,False,0.051655274,False,0.19742505,False,stabilized_flow_log_feature
2025-03-26 05:45:00,0.09760778,False,test,0.077350415,False,0.055511594,False,0.15996136,False,stabilized_flow_log_feature
2025-03-26 17:45:00,0.112135105,False,test,0.039699916,False,0.07298354,False,0.22372185,False,stabilized_flow_log_feature
2025-03-27 05:45:00,0.13212927,False,test,0.044028074,False,0.06480252,False,0.2875572,False,stabilized_flow_log_feature
2025-03-27 17:45:00,0.13681406,False,test,0.054364253,False,0.07542471,False,0.28065324,False,stabilized_flow_log_feature
2025-03-28 05:45:00,0.11272083,False,test,0.06744836,False,0.05047423,False,0.22023992,False,stabilized_flow_log_feature
2025-03-28 17:45:00,0.10884079,False,test,0.0529352,False,0.03344704,False,0.24014014,False,stabilized_flow_log_feature
2025-03-29 05:45:00,0.110018864,False,test,0.047272425,False,0.04927818,False,0.23350601,False,stabilized_flow_log_feature
2025-03-29 17:45:00,0.096972294,False,test,0.030733487,False,0.06596819,False,0.1942152,False,stabilized_flow_log_feature
2025-03-30 05:45:00,0.112311095,False,test,0.04180782,False,0.06047943,False,0.23464604,False,stabilized_flow_log_feature
2025-03-30 17:45:00,0.1114184,False,test,0.05993734,False,0.049947485,False,0.22437038,False,stabilized_flow_log_feature
2025-03-31 05:45:00,0.12061784,False,test,0.06501498,False,0.053560883,False,0.24327768,False,stabilized_flow_log_feature
2025-03-31 17:45:00,0.14338276,False,test,0.046716172,False,0.06640052,False,0.3170316,False,stabilized_flow_log_feature
2025-04-01 05:45:00,0.13433842,False,test,0.03901756,False,0.062216084,False,0.30178162,False,stabilized_flow_log_feature
2025-04-01 17:45:00,0.10450932,False,test,0.05694014,False,0.048234705,False,0.20835312,False,stabilized_flow_log_feature
2025-04-02 05:45:00,0.26281372,False,test,0.11452069,False,0.18503731,False,0.48888314,False,stabilized_flow_log_feature
2025-04-02 17:45:00,0.30053553,True,test,0.0827289,False,0.18080688,False,0.6380708,True,stabilized_flow_log_feature
2025-04-03 05:45:00,0.15001386,False,test,0.033763353,False,0.056080554,False,0.3601977,False,stabilized_flow_log_feature
2025-04-03 17:45:00,0.120294295,False,test,0.0325047,False,0.035948135,False,0.29243007,False,stabilized_flow_log_feature
2025-04-04 05:45:00,0.10281115,False,test,0.038296673,False,0.032518897,False,0.2376179,False,stabilized_flow_log_feature
2025-04-04 17:45:00,0.12381343,False,test,0.03191812,False,0.04616781,False,0.2933544,False,stabilized_flow_log_feature
2025-04-05 05:45:00,0.13869633,False,test,0.026724095,False,0.047958296,False,0.3414066,False,stabilized_flow_log_feature
2025-04-05 17:45:00,0.13143785,False,test,0.024896897,False,0.040800713,False,0.3286159,False,stabilized_flow_log_feature
2025-04-06 05:45:00,0.13307486,False,test,0.030890243,False,0.030921238,False,0.33741316,False,stabilized_flow_log_feature
2025-04-06 17:45:00,0.09716456,False,test,0.031622443,False,0.027275687,False,0.23259552,False,stabilized_flow_log_feature
2025-04-07 05:45:00,0.098182,False,test,0.031106925,False,0.034658987,False,0.22878009,False,stabilized_flow_log_feature
2025-04-07 17:45:00,0.12745577,False,test,0.018705308,False,0.04127431,False,0.32238773,False,stabilized_flow_log_feature
2025-04-08 05:45:00,0.1072987,False,test,0.023596369,False,0.040585205,False,0.2577145,False,stabilized_flow_log_feature
2025-04-08 17:45:00,0.078504205,False,test,0.023952043,False,0.030090354,False,0.18147023,False,stabilized_flow_log_feature
2025-04-09 05:45:00,0.09811633,False,test,0.025786253,False,0.041094672,False,0.22746806,False,stabilized_flow_log_feature
2025-04-09 17:45:00,0.12796885,False,test,0.028587246,False,0.02908214,False,0.32623717,False,stabilized_flow_log_feature
2025-04-10 05:45:00,0.13367729,False,test,0.026831374,False,0.03304622,False,0.34115425,False,stabilized_flow_log_feature
2025-04-10 17:45:00,0.0717018,False,test,0.01894406,False,0.027283698,False,0.16887766,False,stabilized_flow_log_feature
2025-04-11 05:45:00,0.04211579,False,test,0.020815099,False,0.034781713,False,0.070750535,False,stabilized_flow_log_feature
2025-04-11 17:45:00,0.04410979,False,test,0.021891885,False,0.027576953,False,0.08286053,False,stabilized_flow_log_feature
2025-04-12 05:45:00,0.049160942,False,test,0.023555838,False,0.03719696,False,0.086730026,False,stabilized_flow_log_feature
2025-04-12 17:45:00,0.049181648,False,test,0.026450926,False,0.034712575,False,0.086381435,False,stabilized_flow_log_feature
2025-04-13 05:45:00,0.054949977,False,test,0.028028347,False,0.033181347,False,0.103640236,False,stabilized_flow_log_feature
2025-04-13 17:45:00,0.043275382,False,test,0.021996446,False,0.022840833,False,0.084988885,False,stabilized_flow_log_feature
2025-04-14 05:45:00,0.05134693,False,test,0.033254754,False,0.030194893,False,0.090591155,False,stabilized_flow_log_feature
2025-04-14 17:45:00,0.064655624,False,test,0.034593653,False,0.03424925,False,0.12512396,False,stabilized_flow_log_feature
2025-04-15 05:45:00,0.05584468,False,test,0.026391895,False,0.02798366,False,0.11315847,False,stabilized_flow_log_feature
2025-04-15 17:45:00,0.054684665,False,test,0.03200215,False,0.028224565,False,0.103827275,False,stabilized_flow_log_feature
2025-04-16 05:45:00,0.061367113,False,test,0.031830996,False,0.041816738,False,0.11045363,False,stabilized_flow_log_feature
2025-04-16 17:45:00,0.060872316,False,test,0.028680393,False,0.04630095,False,0.107635595,False,stabilized_flow_log_feature
2025-04-17 05:45:00,0.056719467,False,test,0.025905965,False,0.04144415,False,0.10280829,False,stabilized_flow_log_feature
2025-04-17 17:45:00,0.06885373,False,test,0.03546982,False,0.04517004,False,0.12592134,False,stabilized_flow_log_feature
2025-04-18 05:45:00,0.07138848,False,test,0.0365627,False,0.05180803,False,0.1257947,False,stabilized_flow_log_feature
2025-04-18 17:45:00,0.06573853,False,test,0.033734605,False,0.046906084,False,0.11657491,False,stabilized_flow_log_feature
2025-04-19 05:45:00,0.08764961,False,test,0.044102386,False,0.06673957,False,0.15210693,False,stabilized_flow_log_feature
2025-04-19 17:45:00,0.079636365,False,test,0.040977426,False,0.047555953,False,0.1503757,False,stabilized_flow_log_feature
2025-04-20 05:45:00,0.05481371,False,test,0.03068799,False,0.025084421,False,0.108668715,False,stabilized_flow_log_feature
2025-04-20 17:45:00,0.06429912,False,test,0.029450485,False,0.03808124,False,0.12536563,False,stabilized_flow_log_feature
2025-04-21 05:45:00,0.06853791,False,test,0.02964811,False,0.050116967,False,0.12584865,False,stabilized_flow_log_feature
2025-04-21 17:45:00,0.043262742,False,test,0.0276056,False,0.020402968,False,0.08177966,False,stabilized_flow_log_feature
2025-04-22 05:45:00,0.041066833,False,test,0.019033154,False,0.017275771,False,0.086891554,False,stabilized_flow_log_feature
2025-04-22 17:45:00,0.05674582,False,test,0.037191585,False,0.020977447,False,0.112068415,False,stabilized_flow_log_feature
2025-04-23 05:45:00,0.06381714,False,test,0.03653887,False,0.025972912,False,0.12893964,False,stabilized_flow_log_feature
2025-04-23 17:45:00,0.050523132,False,test,0.018677574,False,0.024506228,False,0.1083856,False,stabilized_flow_log_feature
2025-04-24 05:45:00,0.04438057,False,test,0.021363111,False,0.022380734,False,0.08939788,False,stabilized_flow_log_feature
2025-04-24 17:45:00,0.045540135,False,test,0.019651303,False,0.01676157,False,0.10020754,False,stabilized_flow_log_feature
2025-04-25 05:45:00,0.044278983,False,test,0.030198023,False,0.01733889,False,0.085300036,False,stabilized_flow_log_feature
2025-04-25 17:45:00,0.04161105,False,test,0.033033136,False,0.017198537,False,0.07460147,False,stabilized_flow_log_feature
2025-04-26 05:45:00,0.06262943,False,test,0.035831586,False,0.026367038,False,0.12568967,False,stabilized_flow_log_feature
2025-04-26 17:45:00,0.05824532,False,test,0.03694815,False,0.033846617,False,0.103941195,False,stabilized_flow_log_feature
2025-04-27 05:45:00,0.048160955,False,test,0.046378136,False,0.036802348,False,0.061302382,False,stabilized_flow_log_feature
2025-04-29 05:45:00,0.07072541,False,test,0.030607596,False,0.022566972,False,0.15900166,False,stabilized_flow_log_feature
2025-04-29 17:45:00,0.12047529,False,test,0.039208155,False,0.06397504,False,0.25824273,False,stabilized_flow_log_feature
2025-04-30 05:45:00,0.123171,False,test,0.042254675,False,0.068974905,False,0.25828347,False,stabilized_flow_log_feature
2025-04-30 17:45:00,0.05139029,False,test,0.0257163,False,0.020355172,False,0.1080994,False,stabilized_flow_log_feature
2025-05-01 05:45:00,0.051995914,False,test,0.028472692,False,0.029646808,False,0.09786824,False,stabilized_flow_log_feature
2025-05-01 17:45:00,0.05163928,False,test,0.034420304,False,0.02496381,False,0.09553375,False,stabilized_flow_log_feature
2025-05-02 05:45:00,0.07160787,False,test,0.038916733,False,0.030251818,False,0.1456551,False,stabilized_flow_log_feature
2025-05-02 17:45:00,0.069139116,False,test,0.034911606,False,0.028321214,False,0.14418454,False,stabilized_flow_log_feature
2025-05-03 05:45:00,0.049976613,False,test,0.025761776,False,0.020961376,False,0.1032067,False,stabilized_flow_log_feature
2025-05-03 17:45:00,0.07015628,False,test,0.044357758,False,0.02246458,False,0.1436465,False,stabilized_flow_log_feature
2025-05-04 05:45:00,0.081074804,False,test,0.050637793,False,0.02301801,False,0.16956861,False,stabilized_flow_log_feature
2025-05-04 17:45:00,0.06821284,False,test,0.034193244,False,0.021799177,False,0.1486461,False,stabilized_flow_log_feature
2025-05-05 05:45:00,0.062779486,False,test,0.036064558,False,0.024143504,False,0.12813038,False,stabilized_flow_log_feature
2025-05-05 17:45:00,0.05765031,False,test,0.035876103,False,0.02334808,False,0.11372673,False,stabilized_flow_log_feature
2025-05-06 05:45:00,0.067905426,False,test,0.034841534,False,0.040857937,False,0.12801681,False,stabilized_flow_log_feature
2025-05-06 17:45:00,0.08455954,False,test,0.03262231,False,0.03913768,False,0.18191867,False,stabilized_flow_log_feature
2025-05-07 05:45:00,0.09266741,False,test,0.03262994,False,0.04586844,False,0.19950385,False,stabilized_flow_log_feature
2025-05-07 17:45:00,0.09470023,False,test,0.042217214,False,0.06815523,False,0.17372824,False,stabilized_flow_log_feature
2025-05-08 05:45:00,0.07049772,False,test,0.037458282,False,0.062439233,False,0.11159567,False,stabilized_flow_log_feature
2025-05-08 17:45:00,0.07037726,False,test,0.038318876,False,0.06468089,False,0.10813198,False,stabilized_flow_log_feature
2025-05-09 05:45:00,0.07939883,False,test,0.04715432,False,0.06302612,False,0.12801604,False,stabilized_flow_log_feature
2025-05-09 17:45:00,0.12069452,False,test,0.09922388,False,0.13192579,False,0.13093387,False,return_temp_c
2025-05-10 05:45:00,0.12967348,False,test,0.10254434,False,0.13774143,False,0.1487347,False,stabilized_flow_log_feature
2025-05-10 17:45:00,0.08069691,False,test,0.046847176,False,0.07354667,False,0.12169688,False,stabilized_flow_log_feature
2025-05-11 05:45:00,0.10874586,False,test,0.070786275,False,0.09818234,False,0.15726896,False,stabilized_flow_log_feature
2025-05-11 17:45:00,0.095286325,False,test,0.081428714,False,0.06601787,False,0.1384124,False,stabilized_flow_log_feature
2025-05-12 05:45:00,0.06946752,False,test,0.052987635,False,0.058213025,False,0.097201906,False,stabilized_flow_log_feature
2025-05-12 17:45:00,0.057736337,False,test,0.052901868,False,0.050769832,False,0.069537304,False,stabilized_flow_log_feature
2025-05-13 05:45:00,0.050477307,False,test,0.035835937,False,0.050680876,False,0.06491511,False,stabilized_flow_log_feature
2025-05-13 17:45:00,0.06989116,False,test,0.042248737,False,0.057323676,False,0.110101074,False,stabilized_flow_log_feature
2025-05-14 05:45:00,0.081707515,False,test,0.05090965,False,0.062592395,False,0.13162051,False,stabilized_flow_log_feature
2025-05-14 17:45:00,0.08227614,False,test,0.05342467,False,0.06718322,False,0.12622057,False,stabilized_flow_log_feature
2025-05-15 05:45:00,0.07506244,False,test,0.039819647,False,0.05935377,False,0.1260139,False,stabilized_flow_log_feature
2025-05-15 17:45:00,0.060675457,False,test,0.035061467,False,0.037189115,False,0.10977578,False,stabilized_flow_log_feature
2025-05-16 05:45:00,0.06403738,False,test,0.034990028,False,0.043535035,False,0.11358708,False,stabilized_flow_log_feature
2025-05-16 17:45:00,0.050171096,False,test,0.03486216,False,0.027498247,False,0.08815288,False,stabilized_flow_log_feature
2025-05-17 05:45:00,0.048440892,False,test,0.04032929,False,0.033670004,False,0.07132339,False,stabilized_flow_log_feature
2025-05-17 17:45:00,0.05478005,False,test,0.041170556,False,0.036133885,False,0.08703569,False,stabilized_flow_log_feature
2025-05-18 05:45:00,0.06327685,False,test,0.043430727,False,0.03557514,False,0.1108247,False,stabilized_flow_log_feature
2025-05-18 17:45:00,0.07675572,False,test,0.045452382,False,0.037596583,False,0.14721821,False,stabilized_flow_log_feature
2025-05-19 05:45:00,0.067485645,False,test,0.039825626,False,0.038781162,False,0.123850144,False,stabilized_flow_log_feature
2025-05-19 17:45:00,0.042626746,False,test,0.03154184,False,0.021917326,False,0.07442106,False,stabilized_flow_log_feature
2025-05-20 05:45:00,0.042738024,False,test,0.022424078,False,0.033046007,False,0.07274399,False,stabilized_flow_log_feature
2025-05-20 17:45:00,0.0342792,False,test,0.01769253,False,0.029522581,False,0.05562249,False,stabilized_flow_log_feature
2025-05-21 05:45:00,0.03218402,False,test,0.016030317,False,0.028662302,False,0.051859435,False,stabilized_flow_log_feature
2025-05-21 17:45:00,0.033411566,False,test,0.012994126,False,0.01967519,False,0.06756539,False,stabilized_flow_log_feature
2025-05-22 05:45:00,0.07677942,False,test,0.020583425,False,0.059082627,False,0.15067218,False,stabilized_flow_log_feature
2025-05-22 17:45:00,0.08788797,False,test,0.02742082,False,0.054323852,False,0.18191926,False,stabilized_flow_log_feature
2025-05-23 05:45:00,0.074612625,False,test,0.023107925,False,0.033601824,False,0.16712813,False,stabilized_flow_log_feature
2025-05-23 17:45:00,0.06845723,False,test,0.023971042,False,0.01939536,False,0.16200529,False,stabilized_flow_log_feature
2025-05-24 05:45:00,0.07617196,False,test,0.026641602,False,0.031421278,False,0.17045297,False,stabilized_flow_log_feature
2025-05-24 17:45:00,0.06695535,False,test,0.028437704,False,0.021056458,False,0.15137187,False,stabilized_flow_log_feature
2025-05-25 05:45:00,0.06882994,False,test,0.028225487,False,0.026425436,False,0.1518389,False,stabilized_flow_log_feature
2025-05-25 17:45:00,0.08790144,False,test,0.026577279,False,0.026589515,False,0.21053755,False,stabilized_flow_log_feature
2025-05-26 05:45:00,0.081297815,False,test,0.027736098,False,0.029527625,False,0.1866297,False,stabilized_flow_log_feature
2025-05-26 17:45:00,0.07064258,False,test,0.029287232,False,0.024845907,False,0.15779461,False,stabilized_flow_log_feature
2025-05-27 05:45:00,0.07205398,False,test,0.030904843,False,0.025556622,False,0.15970047,False,stabilized_flow_log_feature
2025-05-27 17:45:00,0.06454101,False,test,0.030109374,False,0.023524927,False,0.13998874,False,stabilized_flow_log_feature
2025-05-28 05:45:00,0.07031593,False,test,0.034071047,False,0.03390852,False,0.14296822,False,stabilized_flow_log_feature
2025-05-28 17:45:00,0.0771464,False,test,0.03295662,False,0.04327968,False,0.15520293,False,stabilized_flow_log_feature
2025-05-29 05:45:00,0.05618229,False,test,0.03074968,False,0.032279264,False,0.105517924,False,stabilized_flow_log_feature
2025-05-29 17:45:00,0.07463043,False,test,0.032435123,False,0.056919068,False,0.13453712,False,stabilized_flow_log_feature
2025-05-30 05:45:00,0.073519506,False,test,0.050883118,False,0.04838799,False,0.121287405,False,stabilized_flow_log_feature
2025-05-30 17:45:00,0.083821185,False,test,0.058794945,False,0.037525505,False,0.15514308,False,stabilized_flow_log_feature
2025-05-31 05:45:00,0.14698905,False,test,0.06418158,False,0.04365481,False,0.3331308,False,stabilized_flow_log_feature
2025-05-31 17:45:00,0.15123357,False,test,0.062285136,False,0.04634485,False,0.34507072,False,stabilized_flow_log_feature
2025-06-01 05:45:00,0.11861547,False,test,0.031805072,False,0.034980442,False,0.2890609,False,stabilized_flow_log_feature
2025-06-01 17:45:00,0.10800264,False,test,0.028063796,False,0.033850227,False,0.26209393,False,stabilized_flow_log_feature
2025-06-02 05:45:00,0.10394107,False,test,0.026112339,False,0.033811603,False,0.25189927,False,stabilized_flow_log_feature
2025-06-02 17:45:00,0.1106066,False,test,0.033730015,False,0.033814766,False,0.26427504,False,stabilized_flow_log_feature
2025-06-03 05:45:00,0.14775445,False,test,0.07699203,False,0.027832782,False,0.3384385,False,stabilized_flow_log_feature
2025-06-03 17:45:00,0.23476142,False,test,0.13975279,False,0.05402468,False,0.5105068,True,stabilized_flow_log_feature
2025-06-04 05:45:00,0.24658298,False,test,0.12779294,False,0.059248984,False,0.552707,True,stabilized_flow_log_feature
2025-06-04 17:45:00,0.2168575,False,test,0.12292089,False,0.051273424,False,0.47637817,False,stabilized_flow_log_feature
2025-06-05 05:45:00,0.21659546,False,test,0.1371945,False,0.05823755,False,0.45435432,False,stabilized_flow_log_feature
2025-06-05 17:45:00,0.22591577,False,test,0.104795866,False,0.045575336,False,0.5273761,True,stabilized_flow_log_feature
2025-06-06 05:45:00,0.22674495,False,test,0.08922564,False,0.050817613,False,0.5401916,True,stabilized_flow_log_feature
2025-06-06 17:45:00,0.21779676,False,test,0.102298975,False,0.055236425,False,0.49585494,False,stabilized_flow_log_feature
2025-06-07 05:45:00,0.2464504,False,test,0.09883726,False,0.064346276,False,0.57616764,True,stabilized_flow_log_feature
2025-06-07 17:45:00,0.2566012,False,test,0.095920034,False,0.067566015,False,0.60631746,True,stabilized_flow_log_feature
2025-06-08 05:45:00,0.22503993,False,test,0.09415538,False,0.06799198,False,0.5129724,True,stabilized_flow_log_feature
2025-06-08 17:45:00,0.18595357,False,test,0.10589194,False,0.077987276,False,0.37398148,False,stabilized_flow_log_feature
2025-06-09 05:45:00,0.1969114,False,test,0.120939046,False,0.060699742,False,0.4090954,False,stabilized_flow_log_feature
2025-06-09 17:45:00,0.24057364,False,test,0.08154519,False,0.04533218,False,0.59484357,True,stabilized_flow_log_feature
2025-06-10 05:45:00,0.20902249,False,test,0.083623655,False,0.042218592,False,0.50122523,True,stabilized_flow_log_feature
2025-06-10 17:45:00,0.18169877,False,test,0.07709072,False,0.047963694,False,0.42004192,False,stabilized_flow_log_feature
2025-06-11 05:45:00,0.25394997,False,test,0.0971531,False,0.047615156,False,0.6170816,True,stabilized_flow_log_feature
2025-06-11 17:45:00,0.25628045,False,test,0.08430693,False,0.0384358,False,0.6460987,True,stabilized_flow_log_feature
2025-06-12 05:45:00,0.2157282,False,test,0.10230409,False,0.055294592,False,0.48958588,False,stabilized_flow_log_feature
2025-06-12 17:45:00,0.19914077,False,test,0.10510766,False,0.059280604,False,0.43303406,False,stabilized_flow_log_feature
2025-06-13 05:45:00,0.2573171,False,test,0.10505598,False,0.054137085,False,0.61275816,True,stabilized_flow_log_feature
2025-06-13 17:45:00,0.23566931,False,test,0.093320616,False,0.0492731,False,0.56441426,True,stabilized_flow_log_feature
2025-06-14 05:45:00,0.20974362,False,test,0.08127333,False,0.05414054,False,0.49381697,False,stabilized_flow_log_feature
2025-06-14 17:45:00,0.19621769,False,test,0.08766588,False,0.05684783,False,0.4441394,False,stabilized_flow_log_feature
2025-06-15 05:45:00,0.17777322,False,test,0.09528231,False,0.040410545,False,0.3976268,False,stabilized_flow_log_feature
2025-06-15 17:45:00,0.23144585,False,test,0.09872966,False,0.106312625,False,0.48929524,False,stabilized_flow_log_feature
2025-06-16 05:45:00,0.20762834,False,test,0.07516969,False,0.10114526,False,0.44657007,False,stabilized_flow_log_feature
2025-06-16 17:45:00,0.16836046,False,test,0.05820517,False,0.040977746,False,0.40589845,False,stabilized_flow_log_feature
2025-06-17 05:45:00,0.18419081,False,test,0.05784471,False,0.04385167,False,0.4508761,False,stabilized_flow_log_feature
2025-06-17 17:45:00,0.17446361,False,test,0.06177203,False,0.046873406,False,0.41474545,False,stabilized_flow_log_feature
2025-06-18 05:45:00,0.19439581,False,test,0.06097613,False,0.053066626,False,0.46914467,False,stabilized_flow_log_feature
2025-06-18 17:45:00,0.20096903,False,test,0.055991843,False,0.053306937,False,0.49360827,False,stabilized_flow_log_feature
2025-06-19 05:45:00,0.13162974,False,test,0.04518806,False,0.03256308,False,0.31713805,False,stabilized_flow_log_feature
2025-06-19 17:45:00,0.1546806,False,test,0.1002133,False,0.11322836,False,0.2506001,False,stabilized_flow_log_feature
2025-06-20 05:45:00,0.1348938,False,test,0.10305646,False,0.104417406,False,0.19720756,False,stabilized_flow_log_feature
2025-06-20 17:45:00,0.07358864,False,test,0.037139915,False,0.030391717,False,0.15323429,False,stabilized_flow_log_feature
2025-06-21 05:45:00,0.072646044,False,test,0.029686203,False,0.021368382,False,0.16688354,False,stabilized_flow_log_feature
2025-06-21 17:45:00,0.061204944,False,test,0.027423175,False,0.02307683,False,0.13311483,False,stabilized_flow_log_feature
2025-06-22 05:45:00,0.051648982,False,test,0.02181159,False,0.02192466,False,0.11121068,False,stabilized_flow_log_feature
2025-06-22 17:45:00,0.06552222,False,test,0.027998714,False,0.033534113,False,0.13503385,False,stabilized_flow_log_feature
2025-06-23 05:45:00,0.0746669,False,test,0.025990324,False,0.027557211,False,0.17045319,False,stabilized_flow_log_feature
2025-06-23 17:45:00,0.06578624,False,test,0.020536022,False,0.017410513,False,0.15941219,False,stabilized_flow_log_feature
2025-06-24 05:45:00,0.072644554,False,test,0.024548866,False,0.03280663,False,0.16057815,False,stabilized_flow_log_feature
2025-06-24 17:45:00,0.074833944,False,test,0.03466881,False,0.027928116,False,0.1619049,False,stabilized_flow_log_feature
2025-06-25 05:45:00,0.100020975,False,test,0.026772574,False,0.041011613,False,0.23227875,False,stabilized_flow_log_feature
2025-06-25 17:45:00,0.12654841,False,test,0.029377049,False,0.04438064,False,0.30588755,False,stabilized_flow_log_feature
2025-06-26 05:45:00,0.09119839,False,test,0.02693666,False,0.031429783,False,0.21522872,False,stabilized_flow_log_feature
2025-06-26 17:45:00,0.096416764,False,test,0.047348812,False,0.036152195,False,0.20574927,False,stabilized_flow_log_feature
2025-06-27 05:45:00,0.107130796,False,test,0.05616365,False,0.03819685,False,0.22703189,False,stabilized_flow_log_feature
2025-06-27 17:45:00,0.109084874,False,test,0.03942381,False,0.030130124,False,0.2577007,False,stabilized_flow_log_feature
2025-06-28 05:45:00,0.12089985,False,test,0.036180157,False,0.035853796,False,0.29066563,False,stabilized_flow_log_feature
2025-06-28 17:45:00,0.098520756,False,test,0.029999314,False,0.034183964,False,0.23137899,False,stabilized_flow_log_feature
2025-06-29 05:45:00,0.08206612,False,test,0.029428601,False,0.036058564,False,0.18071117,False,stabilized_flow_log_feature
2025-06-29 17:45:00,0.09363045,False,test,0.074533634,False,0.045308333,False,0.16104938,False,stabilized_flow_log_feature
2025-06-30 05:45:00,0.08980341,False,test,0.12336893,False,0.05796935,False,0.088071935,False,supply_temp_c
2025-06-30 17:45:00,0.12430593,False,test,0.14122684,False,0.0685016,False,0.16318937,False,stabilized_flow_log_feature
2025-07-01 05:45:00,0.1846959,False,test,0.15962408,False,0.17415412,False,0.22030945,False,stabilized_flow_log_feature
2025-07-01 17:45:00,0.20347987,False,test,0.20234467,True,0.14576772,False,0.2623272,False,stabilized_flow_log_feature
2025-07-02 05:45:00,0.13724752,False,test,0.16982156,False,0.06033021,False,0.18159084,False,stabilized_flow_log_feature
2025-07-02 17:45:00,0.0869387,False,test,0.14183758,False,0.066921234,False,0.052057266,False,supply_temp_c
2025-07-03 05:45:00,0.11428021,False,test,0.09525106,False,0.048270058,False,0.1993195,False,stabilized_flow_log_feature
2025-07-03 17:45:00,0.105064884,False,test,0.04749265,False,0.028121352,False,0.23958065,False,stabilized_flow_log_feature
2025-07-04 05:45:00,0.07993613,False,test,0.03277125,False,0.03478096,False,0.17225619,False,stabilized_flow_log_feature
2025-07-04 17:45:00,0.12645294,False,test,0.047454137,False,0.044303004,False,0.28760165,False,stabilized_flow_log_feature
2025-07-05 05:45:00,0.221167,False,test,0.1118437,False,0.08300357,False,0.46865377,False,stabilized_flow_log_feature
2025-07-05 17:45:00,0.2449221,False,test,0.1214093,False,0.083420455,False,0.5299366,True,stabilized_flow_log_feature
2025-07-06 05:45:00,0.24078138,False,test,0.08115103,False,0.07163581,False,0.56955737,True,stabilized_flow_log_feature
2025-07-06 17:45:00,0.20433997,False,test,0.083913215,False,0.053978372,False,0.4751283,False,stabilized_flow_log_feature
2025-07-07 05:45:00,0.106561825,False,test,0.06039524,False,0.040659703,False,0.21863051,False,stabilized_flow_log_feature
2025-07-07 17:45:00,0.09574571,False,test,0.043243524,False,0.028737582,False,0.21525602,False,stabilized_flow_log_feature
2025-07-08 05:45:00,0.19816972,False,test,0.13823174,False,0.15879467,False,0.29748273,False,stabilized_flow_log_feature
2025-07-08 17:45:00,0.2300557,False,test,0.16995202,False,0.16247402,False,0.35774103,False,stabilized_flow_log_feature
2025-07-09 05:45:00,0.19577007,False,test,0.09248065,False,0.037517834,False,0.45731172,False,stabilized_flow_log_feature
2025-07-09 17:45:00,0.19547735,False,test,0.122685224,False,0.044948693,False,0.41879812,False,stabilized_flow_log_feature
2025-07-10 05:45:00,0.12893514,False,test,0.14239556,False,0.05699409,False,0.18741573,False,stabilized_flow_log_feature
2025-07-10 17:45:00,0.08030207,False,test,0.14852688,False,0.060106266,False,0.032273043,False,supply_temp_c
2025-07-11 05:45:00,0.07832473,False,test,0.1525435,False,0.05583942,False,0.026591249,False,supply_temp_c
2025-07-11 17:45:00,0.085123375,False,test,0.1539892,False,0.053476077,False,0.04790482,False,supply_temp_c
2025-07-12 05:45:00,0.11404988,False,test,0.19157623,True,0.09440676,False,0.056166653,False,supply_temp_c
2025-07-12 17:45:00,0.14162719,False,test,0.2363771,True,0.12231817,False,0.06618636,False,supply_temp_c
2025-07-13 05:45:00,0.14097768,False,test,0.23495765,True,0.12233272,False,0.06564266,False,supply_temp_c
2025-07-13 17:45:00,0.17179765,False,test,0.18650933,True,0.13638099,False,0.19250266,False,stabilized_flow_log_feature
2025-07-14 05:45:00,0.14155214,False,test,0.14805043,False,0.09870126,False,0.17790468,False,stabilized_flow_log_feature
2025-07-14 17:45:00,0.073779695,False,test,0.14940707,False,0.04665646,False,0.025275543,False,supply_temp_c
2025-07-15 05:45:00,0.075623974,False,test,0.15094931,False,0.045757756,False,0.030164873,False,supply_temp_c
