window_start,reconstruction_mse,is_reconstruction_anomaly,split,supply_temp_c_reconstruction_mse,is_supply_temp_c_channel_anomaly,return_temp_c_reconstruction_mse,is_return_temp_c_channel_anomaly,derived_flow_kg_s_reconstruction_mse,is_derived_flow_kg_s_channel_anomaly,dominant_anomalous_feature
2023-09-13 18:45:00,0.07216504,False,train,0.09122866,False,0.09488868,False,0.030377775,False,return_temp_c
2023-09-14 06:45:00,0.063409954,False,train,0.07798783,False,0.085157566,False,0.027084447,False,return_temp_c
2023-09-14 18:45:00,0.084075026,False,train,0.11568776,False,0.10135448,False,0.035182856,False,supply_temp_c
2023-09-15 06:45:00,0.09949478,False,train,0.13112779,False,0.12553738,False,0.04181917,False,supply_temp_c
2023-09-15 18:45:00,0.07925187,False,train,0.09790897,False,0.097825445,False,0.04202121,False,supply_temp_c
2023-09-16 06:45:00,0.09888549,False,train,0.12553553,False,0.050260324,False,0.120860614,False,supply_temp_c
2023-09-16 18:45:00,0.097441345,False,train,0.110829294,False,0.05157748,False,0.12991728,False,derived_flow_kg_s
2023-09-17 06:45:00,0.10054371,False,train,0.15952186,False,0.077242255,False,0.06486697,False,supply_temp_c
2023-09-17 18:45:00,0.1123293,False,train,0.16245867,False,0.11637408,False,0.058155105,False,supply_temp_c
2023-09-18 06:45:00,0.11702371,False,train,0.1980235,False,0.09968322,False,0.05336438,False,supply_temp_c
2023-09-18 18:45:00,0.058949776,False,train,0.06773289,False,0.07383119,False,0.035285246,False,return_temp_c
2023-09-19 06:45:00,0.044049658,False,train,0.05917987,False,0.05050425,False,0.022464857,False,supply_temp_c
2023-09-19 18:45:00,0.036393806,False,train,0.04005808,False,0.045883328,False,0.023240006,False,return_temp_c
2023-09-20 06:45:00,0.042368524,False,train,0.025829354,False,0.067318864,False,0.03395735,False,return_temp_c
2023-09-21 18:45:00,0.20264655,False,train,0.3032138,False,0.1798811,False,0.12484479,False,supply_temp_c
2023-09-22 06:45:00,0.042652562,False,train,0.06824321,False,0.021229545,False,0.038484927,False,supply_temp_c
2023-09-22 18:45:00,0.049789242,False,train,0.09363366,False,0.014998372,False,0.040735703,False,supply_temp_c
2023-09-23 06:45:00,0.061144967,False,train,0.109171726,False,0.029861288,False,0.044401888,False,supply_temp_c
2023-09-23 18:45:00,0.07818353,False,train,0.10291073,False,0.08418146,False,0.04745844,False,supply_temp_c
2023-09-24 06:45:00,0.06978388,False,train,0.08269156,False,0.09505319,False,0.031606905,False,return_temp_c
2023-09-24 18:45:00,0.053042315,False,train,0.07689938,False,0.06450378,False,0.017723786,False,supply_temp_c
2023-09-25 06:45:00,0.056162544,False,train,0.083249785,False,0.06910782,False,0.016130028,False,supply_temp_c
2023-10-11 06:45:00,0.11697948,False,train,0.11870686,False,0.15862252,False,0.07360908,False,return_temp_c
2023-10-11 18:45:00,0.11709639,False,train,0.15913092,False,0.105867624,False,0.086290605,False,supply_temp_c
2023-10-12 06:45:00,0.10415974,False,train,0.14075337,False,0.09657771,False,0.07514813,False,supply_temp_c
2023-10-12 18:45:00,0.094325565,False,train,0.14809157,False,0.06373219,False,0.07115292,False,supply_temp_c
2023-10-13 06:45:00,0.11698592,False,train,0.1529799,False,0.112856336,False,0.08512152,False,supply_temp_c
2023-10-13 18:45:00,0.12737589,False,train,0.13995856,False,0.12979797,False,0.112371124,False,supply_temp_c
2023-10-14 06:45:00,0.13609678,False,train,0.14707278,False,0.13903861,False,0.12217898,False,supply_temp_c
2023-10-14 18:45:00,0.098977834,False,train,0.10354038,False,0.10224522,False,0.09114789,False,supply_temp_c
2023-10-15 06:45:00,0.09564035,False,train,0.10675449,False,0.10411376,False,0.07605279,False,supply_temp_c
2023-10-15 18:45:00,0.102969825,False,train,0.120209455,False,0.11559937,False,0.07310065,False,supply_temp_c
2023-10-16 06:45:00,0.09384365,False,train,0.11597052,False,0.0848082,False,0.08075223,False,supply_temp_c
2023-10-16 18:45:00,0.23635612,False,train,0.1600306,False,0.10331047,False,0.44572726,False,derived_flow_kg_s
2023-10-17 06:45:00,0.23655619,False,train,0.14616096,False,0.0948042,False,0.46870336,False,derived_flow_kg_s
2023-10-17 18:45:00,0.14118524,False,train,0.15577818,False,0.13012847,False,0.13764907,False,supply_temp_c
2023-10-22 18:45:00,0.15099126,False,train,0.18416415,False,0.20902903,False,0.059780642,False,return_temp_c
2023-10-27 06:45:00,0.1422297,False,train,0.16064528,False,0.12615097,False,0.13989288,False,supply_temp_c
2023-10-27 18:45:00,0.17063354,False,train,0.1788646,False,0.18797372,False,0.14506222,False,return_temp_c
2023-11-01 06:45:00,0.17284994,False,train,0.24099194,False,0.17533351,False,0.10222437,False,supply_temp_c
2023-11-02 06:45:00,0.16460104,False,train,0.25374088,False,0.1695834,False,0.07047894,False,supply_temp_c
2023-11-02 18:45:00,0.1818807,False,train,0.25683284,False,0.22944294,False,0.059366357,False,supply_temp_c
2023-11-03 06:45:00,0.13204731,False,train,0.2027133,False,0.13933392,False,0.054094728,False,supply_temp_c
2023-11-03 18:45:00,0.13933975,False,train,0.22050832,False,0.14542575,False,0.05208513,False,supply_temp_c
2023-11-04 06:45:00,0.1362133,False,train,0.22123952,False,0.124403894,False,0.06299645,False,supply_temp_c
2023-11-04 18:45:00,0.12480099,False,train,0.1959482,False,0.11917255,False,0.05928218,False,supply_temp_c
2023-11-05 06:45:00,0.14018068,False,train,0.22658002,False,0.1386789,False,0.055283133,False,supply_temp_c
2023-11-05 18:45:00,0.13568181,False,train,0.18390952,False,0.14962645,False,0.0735095,False,supply_temp_c
2023-11-06 06:45:00,0.11174888,False,train,0.15910049,False,0.09989647,False,0.07624965,False,supply_temp_c
2023-11-06 18:45:00,0.09814873,False,train,0.12671717,False,0.10511165,False,0.0626174,False,supply_temp_c
2023-11-07 06:45:00,0.36926657,False,train,0.4779096,False,0.2388847,False,0.3910055,False,supply_temp_c
2023-11-07 18:45:00,0.47700086,False,train,0.49883607,False,0.39200363,False,0.540163,False,derived_flow_kg_s
2023-11-08 06:45:00,0.3510061,False,train,0.47592822,False,0.31150472,False,0.2655854,False,supply_temp_c
2023-11-08 18:45:00,0.16476488,False,train,0.269521,False,0.1556925,False,0.0690811,False,supply_temp_c
2023-11-09 06:45:00,0.15419643,False,train,0.2790439,False,0.1275666,False,0.055978764,False,supply_temp_c
2023-11-09 18:45:00,0.120551735,False,train,0.19841583,False,0.10297385,False,0.060265537,False,supply_temp_c
2023-11-10 06:45:00,0.13135782,False,train,0.20566924,False,0.11881626,False,0.06958795,False,supply_temp_c
2023-11-10 18:45:00,0.14068833,False,train,0.18924828,False,0.16935723,False,0.06345953,False,supply_temp_c
2023-11-11 06:45:00,0.13915786,False,train,0.22622137,False,0.12168786,False,0.06956439,False,supply_temp_c
2023-11-11 18:45:00,0.107778974,False,train,0.14069185,False,0.106142275,False,0.07650281,False,supply_temp_c
2023-11-12 06:45:00,0.08060436,False,train,0.12813641,False,0.061770737,False,0.051905945,False,supply_temp_c
2023-11-13 06:45:00,0.14152601,False,train,0.20886762,False,0.1354647,False,0.08024567,False,supply_temp_c
2023-11-13 18:45:00,0.16975254,False,train,0.22863857,False,0.17916101,False,0.101458065,False,supply_temp_c
2023-11-14 06:45:00,0.14622778,False,train,0.20638303,False,0.14520015,False,0.087100126,False,supply_temp_c
2023-11-14 18:45:00,0.11356309,False,train,0.13581847,False,0.14435416,False,0.060516614,False,return_temp_c
2023-11-15 06:45:00,0.1429423,False,train,0.16491498,False,0.18827365,False,0.0756383,False,return_temp_c
2023-11-15 18:45:00,0.12286442,False,train,0.10613505,False,0.17540117,False,0.08705706,False,return_temp_c
2023-11-16 06:45:00,0.14814892,False,train,0.15671219,False,0.18146904,False,0.106265575,False,return_temp_c
2023-11-16 18:45:00,0.18071452,False,train,0.16625924,False,0.2562642,False,0.119620115,False,return_temp_c
2023-11-17 06:45:00,0.16006845,False,train,0.14200158,False,0.2291647,False,0.10903903,False,return_temp_c
2023-11-17 18:45:00,0.1707579,False,train,0.17390151,False,0.25229615,False,0.08607605,False,return_temp_c
2023-11-18 18:45:00,0.15001506,False,train,0.1481016,False,0.21767753,False,0.08426606,False,return_temp_c
2023-11-19 06:45:00,0.11390388,False,train,0.11736254,False,0.1344183,False,0.089930825,False,return_temp_c
2023-11-20 06:45:00,0.15993991,False,train,0.13575642,False,0.23180157,False,0.11226172,False,return_temp_c
2023-11-20 18:45:00,0.16700494,False,train,0.11154277,False,0.29065698,False,0.098815106,False,return_temp_c
2023-11-21 06:45:00,0.1541701,False,train,0.14542751,False,0.23953061,False,0.07755216,False,return_temp_c
2023-11-21 18:45:00,0.14945462,False,train,0.20451324,False,0.1690389,False,0.07481176,False,supply_temp_c
2023-11-22 06:45:00,0.16074984,False,train,0.20224394,False,0.19818135,False,0.081824206,False,supply_temp_c
2023-11-22 18:45:00,0.14865848,False,train,0.15792318,False,0.18977237,False,0.0982799,False,return_temp_c
2023-11-23 06:45:00,0.13988121,False,train,0.15134977,False,0.17206831,False,0.09622555,False,return_temp_c
2023-11-23 18:45:00,0.17074919,False,train,0.22824419,False,0.20402451,False,0.079978906,False,supply_temp_c
2023-11-24 06:45:00,0.15446971,False,train,0.2105033,False,0.19691826,False,0.05598758,False,supply_temp_c
2023-11-24 18:45:00,0.15215279,False,train,0.24492085,False,0.17640929,False,0.035128307,False,supply_temp_c
2023-11-25 06:45:00,0.16634244,False,train,0.24346709,False,0.19664793,False,0.058912337,False,supply_temp_c
2024-05-02 18:45:00,0.10448883,False,train,0.114403136,False,0.1540284,False,0.045034945,False,return_temp_c
2024-05-03 06:45:00,0.11898211,False,train,0.106381565,False,0.20403816,False,0.046526577,False,return_temp_c
2024-05-03 18:45:00,0.12664212,False,train,0.12899823,False,0.21091092,False,0.040017195,False,return_temp_c
2024-05-04 06:45:00,0.09653742,False,train,0.115110844,False,0.14049749,False,0.034003954,False,return_temp_c
2024-05-04 18:45:00,0.07149796,False,train,0.095876426,False,0.0965238,False,0.022093639,False,return_temp_c
2024-05-05 06:45:00,0.11008617,False,train,0.11966611,False,0.18167002,False,0.028922379,False,return_temp_c
2024-05-05 18:45:00,0.16652407,False,train,0.19469607,False,0.26826862,False,0.036607526,False,return_temp_c
2024-05-06 06:45:00,0.19058155,False,train,0.22507243,False,0.2327805,False,0.11389175,False,return_temp_c
2024-05-06 18:45:00,0.15000771,False,train,0.14827396,False,0.19370306,False,0.10804615,False,return_temp_c
2024-05-07 06:45:00,0.12935355,False,train,0.15689968,False,0.17186958,False,0.059291378,False,return_temp_c
2024-05-07 18:45:00,0.11631906,False,train,0.14445181,False,0.15980773,False,0.04469763,False,return_temp_c
2024-05-08 06:45:00,0.114923716,False,train,0.13297206,False,0.15911461,False,0.052684467,False,return_temp_c
2024-05-08 18:45:00,0.11607417,False,train,0.16047722,False,0.13245304,False,0.05529223,False,supply_temp_c
2024-05-09 06:45:00,0.12825643,False,train,0.1880988,False,0.14173399,False,0.054936513,False,supply_temp_c
2024-05-09 18:45:00,0.1319463,False,train,0.16401798,False,0.17588346,False,0.055937465,False,return_temp_c
2024-05-10 06:45:00,0.11672179,False,train,0.1445516,False,0.15197085,False,0.053642895,False,return_temp_c
2024-05-10 18:45:00,0.10228102,False,train,0.1303498,False,0.1310495,False,0.045443755,False,return_temp_c
2024-05-11 06:45:00,0.13369845,False,train,0.18237816,False,0.17600763,False,0.04270951,False,supply_temp_c
2024-05-11 18:45:00,0.15063718,False,train,0.20618422,False,0.19283237,False,0.05289491,False,supply_temp_c
2024-05-12 06:45:00,0.15049538,False,train,0.17479056,False,0.23144281,False,0.0452528,False,return_temp_c
2024-05-12 18:45:00,0.15461414,False,train,0.16963899,False,0.23473783,False,0.05946554,False,return_temp_c
2024-05-13 06:45:00,0.12228441,False,train,0.14881845,False,0.14998297,False,0.068051815,False,return_temp_c
2024-05-13 18:45:00,0.096673526,False,train,0.100668244,False,0.15236978,False,0.03698257,False,return_temp_c
2024-05-14 06:45:00,0.112141356,False,train,0.11167068,False,0.16691305,False,0.05784032,False,return_temp_c
2024-05-14 18:45:00,0.12328014,False,train,0.14365909,False,0.16883618,False,0.05734518,False,return_temp_c
2024-05-15 06:45:00,0.1028081,False,train,0.10086343,False,0.16917916,False,0.03838173,False,return_temp_c
2024-05-15 18:45:00,0.08125126,False,train,0.06509983,False,0.13473852,False,0.04391546,False,return_temp_c
2024-05-16 06:45:00,0.12894696,False,train,0.1329328,False,0.20901676,False,0.04489127,False,return_temp_c
2024-05-16 18:45:00,0.15591046,False,train,0.13622181,False,0.27530608,False,0.056203473,False,return_temp_c
2024-05-17 06:45:00,0.116081744,False,train,0.086004525,False,0.19112615,False,0.07111455,False,return_temp_c
2024-05-17 18:45:00,0.08796259,False,train,0.08821716,False,0.12793691,False,0.047733694,False,return_temp_c
2024-05-18 06:45:00,0.11925861,False,train,0.12326976,False,0.19769222,False,0.03681389,False,return_temp_c
2024-05-18 18:45:00,0.113790035,False,train,0.12018644,False,0.18436213,False,0.03682154,False,return_temp_c
2024-05-19 06:45:00,0.091766305,False,train,0.09185945,False,0.14953358,False,0.03390586,False,return_temp_c
2024-05-19 18:45:00,0.09635547,False,train,0.098825105,False,0.14710972,False,0.04313157,False,return_temp_c
2024-05-20 06:45:00,0.09593147,False,train,0.1135722,False,0.13224466,False,0.041977603,False,return_temp_c
2024-05-20 18:45:00,0.10979642,False,train,0.1316949,False,0.16235198,False,0.035342354,False,return_temp_c
2024-05-21 06:45:00,0.10951698,False,train,0.10431928,False,0.19352138,False,0.03071027,False,return_temp_c
2024-05-21 18:45:00,0.10362838,False,train,0.11734489,False,0.15743314,False,0.0361071,False,return_temp_c
2024-05-22 06:45:00,0.11910799,False,train,0.12682307,False,0.18598711,False,0.044513796,False,return_temp_c
2024-05-22 18:45:00,0.12184746,False,train,0.088211186,False,0.23434679,False,0.042984392,False,return_temp_c
2024-05-23 06:45:00,0.108066924,False,train,0.08428631,False,0.20442449,False,0.03548998,False,return_temp_c
2024-05-23 18:45:00,0.10663669,False,train,0.10848092,False,0.16805007,False,0.043379065,False,return_temp_c
2024-05-24 06:45:00,0.12352048,False,train,0.12753955,False,0.19791086,False,0.045111045,False,return_temp_c
2024-05-24 18:45:00,0.13616113,False,train,0.07504799,False,0.29910845,False,0.034326937,False,return_temp_c
2024-05-25 06:45:00,0.14343148,False,train,0.076853074,False,0.30125424,False,0.052187145,False,return_temp_c
2024-05-25 18:45:00,0.11473355,False,train,0.106875956,False,0.19711138,False,0.040213298,False,return_temp_c
2024-05-26 06:45:00,0.097801484,False,train,0.17315298,False,0.09124499,False,0.029006498,False,supply_temp_c
2024-05-26 18:45:00,0.12929644,False,train,0.18186705,False,0.15616919,False,0.049853057,False,supply_temp_c
2024-05-27 06:45:00,0.14284301,False,train,0.16562405,False,0.210132,False,0.052772943,False,return_temp_c
2024-05-27 18:45:00,0.12547281,False,train,0.1676203,False,0.1710126,False,0.037785534,False,return_temp_c
2024-05-28 06:45:00,0.11644623,False,train,0.15706566,False,0.14711566,False,0.04515739,False,supply_temp_c
2024-05-28 18:45:00,0.16794915,False,train,0.25737593,False,0.17132549,False,0.07514609,False,supply_temp_c
2024-05-29 06:45:00,0.1632835,False,train,0.19519384,False,0.22657917,False,0.06807749,False,return_temp_c
2024-05-29 18:45:00,0.112942666,False,train,0.11175549,False,0.17400259,False,0.053069934,False,return_temp_c
2024-05-30 06:45:00,0.1330385,False,train,0.15752746,False,0.16811316,False,0.07347491,False,return_temp_c
2024-05-30 18:45:00,0.16905777,False,train,0.15319796,False,0.2755483,False,0.07842701,False,return_temp_c
2024-05-31 06:45:00,0.17663652,False,train,0.14744295,False,0.3013365,False,0.081130035,False,return_temp_c
2024-05-31 18:45:00,0.13644958,False,train,0.1446606,False,0.19720562,False,0.067482494,False,return_temp_c
2024-06-01 06:45:00,0.1361373,False,train,0.17210303,False,0.16835696,False,0.0679519,False,supply_temp_c
2024-06-01 18:45:00,0.14850017,False,train,0.19285955,False,0.18329497,False,0.069345996,False,supply_temp_c
2024-06-02 06:45:00,0.16029148,False,train,0.17390577,False,0.24665199,False,0.060316667,False,return_temp_c
2024-06-02 18:45:00,0.147355,False,train,0.1461345,False,0.23639017,False,0.05954035,False,return_temp_c
2024-06-03 06:45:00,0.09198309,False,train,0.1279308,False,0.092214584,False,0.05580385,False,supply_temp_c
2024-06-03 18:45:00,0.10156576,False,train,0.15027435,False,0.09573779,False,0.05868518,False,supply_temp_c
2024-06-04 06:45:00,0.14013998,False,train,0.17090331,False,0.18150346,False,0.068013154,False,return_temp_c
2024-06-04 18:45:00,0.15536918,False,train,0.16200638,False,0.24275191,False,0.06134923,False,return_temp_c
2024-06-05 06:45:00,0.16591266,False,train,0.22628093,False,0.2058999,False,0.06555713,False,supply_temp_c
2024-06-05 18:45:00,0.16849609,False,train,0.20730285,False,0.14465691,False,0.15352854,False,supply_temp_c
2024-06-06 06:45:00,0.10119487,False,train,0.07019002,False,0.08804083,False,0.14535375,False,derived_flow_kg_s
2024-06-06 18:45:00,0.07678703,False,train,0.083881736,False,0.077971235,False,0.06850811,False,supply_temp_c
2024-06-07 06:45:00,0.09675084,False,train,0.12364402,False,0.08717585,False,0.079432644,False,supply_temp_c
2024-06-07 18:45:00,0.10821158,False,train,0.162169,False,0.07956151,False,0.08290426,False,supply_temp_c
2024-06-08 06:45:00,0.12982333,False,train,0.18434142,False,0.12603728,False,0.079091266,False,supply_temp_c
2024-06-08 18:45:00,0.10734411,False,train,0.14541239,False,0.11679528,False,0.059824675,False,supply_temp_c
2024-06-09 06:45:00,0.055973306,False,train,0.084529795,False,0.037098903,False,0.0462912,False,supply_temp_c
2024-06-09 18:45:00,0.047083568,False,train,0.072375596,False,0.034539383,False,0.03433572,False,supply_temp_c
2024-06-10 06:45:00,0.06849413,False,train,0.0950703,False,0.07502123,False,0.035390873,False,supply_temp_c
2024-06-10 18:45:00,0.073746875,False,train,0.10654974,False,0.08240554,False,0.03228536,False,supply_temp_c
2024-06-11 06:45:00,0.061322108,False,train,0.08486516,False,0.07572907,False,0.0233721,False,supply_temp_c
2024-06-11 18:45:00,0.08298835,False,train,0.11786717,False,0.1026702,False,0.028427662,False,supply_temp_c
2024-06-12 06:45:00,0.082484834,False,train,0.12863922,False,0.09258821,False,0.026227051,False,supply_temp_c
2024-06-12 18:45:00,0.051243663,False,train,0.09451284,False,0.042833194,False,0.016384954,False,supply_temp_c
2024-06-13 06:45:00,0.054615658,False,train,0.0913268,False,0.057040974,False,0.015479197,False,supply_temp_c
2024-06-13 18:45:00,0.069661416,False,train,0.097605444,False,0.091396905,False,0.0199819,False,supply_temp_c
2024-06-14 06:45:00,0.06653095,False,train,0.104880564,False,0.067921035,False,0.026791245,False,supply_temp_c
2024-06-14 18:45:00,0.04874372,False,train,0.078625046,False,0.047165792,False,0.020440321,False,supply_temp_c
2024-06-15 06:45:00,0.048602767,False,train,0.07726764,False,0.046542328,False,0.021998346,False,supply_temp_c
2024-06-15 18:45:00,0.06019154,False,train,0.09226989,False,0.064181305,False,0.024123406,False,supply_temp_c
2024-06-16 06:45:00,0.063003525,False,train,0.10565383,False,0.061188925,False,0.022167832,False,supply_temp_c
2024-06-16 18:45:00,0.061547603,False,train,0.10924518,False,0.052469883,False,0.022927744,False,supply_temp_c
2024-06-17 06:45:00,0.06728949,False,train,0.122320004,False,0.05418195,False,0.025366507,False,supply_temp_c
2024-06-17 18:45:00,0.06258574,False,train,0.110179484,False,0.055620402,False,0.021957336,False,supply_temp_c
2024-06-18 06:45:00,0.05772045,False,train,0.10351437,False,0.04809993,False,0.021547042,False,supply_temp_c
2024-06-18 18:45:00,0.057610035,False,train,0.07851524,False,0.07160833,False,0.022706525,False,supply_temp_c
2024-06-19 06:45:00,0.060499966,False,train,0.09491169,False,0.067587905,False,0.019000309,False,supply_temp_c
2024-06-19 18:45:00,0.06486787,False,train,0.12007258,False,0.051938917,False,0.02259208,False,supply_temp_c
2024-06-20 06:45:00,0.08699482,False,train,0.1437822,False,0.07001827,False,0.047183987,False,supply_temp_c
2024-06-20 18:45:00,0.18415986,False,train,0.19148791,False,0.18099451,False,0.17999713,False,supply_temp_c
2024-06-21 06:45:00,0.18615127,False,train,0.21584606,False,0.16074933,False,0.18185835,False,supply_temp_c
2024-06-21 18:45:00,0.08472338,False,train,0.106036924,False,0.06727166,False,0.080861606,False,supply_temp_c
2024-06-22 06:45:00,0.07336693,False,train,0.09741694,False,0.055921417,False,0.06676245,False,supply_temp_c
2024-06-22 18:45:00,0.061708927,False,train,0.09138855,False,0.05741697,False,0.036321256,False,supply_temp_c
2024-06-23 06:45:00,0.04995365,False,train,0.07555013,False,0.03900029,False,0.03531052,False,supply_temp_c
2024-06-23 18:45:00,0.06845453,False,train,0.106943786,False,0.057000857,False,0.04141892,False,supply_temp_c
2024-06-24 06:45:00,0.06617305,False,train,0.093771584,False,0.06541064,False,0.039336953,False,supply_temp_c
2024-06-24 18:45:00,0.07051907,False,train,0.07665532,False,0.09593161,False,0.03897028,False,return_temp_c
2024-06-25 06:45:00,0.07177456,False,train,0.08769248,False,0.08753643,False,0.040094756,False,supply_temp_c
2024-06-25 18:45:00,0.068356305,False,train,0.07123627,False,0.095733464,False,0.038099162,False,return_temp_c
2024-06-26 06:45:00,0.06686062,False,train,0.07185952,False,0.08885512,False,0.039867263,False,return_temp_c
2024-06-26 18:45:00,0.068263166,False,train,0.07172277,False,0.09214553,False,0.0409212,False,return_temp_c
2024-06-27 06:45:00,0.070076674,False,train,0.08398709,False,0.08548975,False,0.040753204,False,return_temp_c
2024-06-27 18:45:00,0.085673295,False,train,0.09841294,False,0.12455704,False,0.034049895,False,return_temp_c
2024-06-28 06:45:00,0.10214864,False,train,0.08980357,False,0.17564897,False,0.040993396,False,return_temp_c
2024-06-28 18:45:00,0.10248742,False,train,0.07798471,False,0.18274589,False,0.04673168,False,return_temp_c
2024-06-29 06:45:00,0.10029887,False,train,0.07827327,False,0.17242126,False,0.050202068,False,return_temp_c
2024-06-29 18:45:00,0.08259039,False,train,0.06836101,False,0.13119604,False,0.04821414,False,return_temp_c
2024-06-30 06:45:00,0.070062496,False,train,0.059464872,False,0.10785437,False,0.04286826,False,return_temp_c
2024-06-30 18:45:00,0.06258755,False,train,0.06531718,False,0.08455226,False,0.037893225,False,return_temp_c
2024-07-01 06:45:00,0.05155559,False,train,0.06873493,False,0.055105586,False,0.030826256,False,supply_temp_c
2024-07-01 18:45:00,0.056507256,False,train,0.06640486,False,0.06588293,False,0.037233982,False,supply_temp_c
2024-07-02 06:45:00,0.07442024,False,train,0.09419275,False,0.08725547,False,0.041812494,False,supply_temp_c
2024-07-02 18:45:00,0.09488793,False,train,0.1012933,False,0.13619177,False,0.047178715,False,return_temp_c
2024-07-03 06:45:00,0.09064428,False,train,0.09561986,False,0.1187422,False,0.057570774,False,return_temp_c
2024-07-03 18:45:00,0.07875159,False,train,0.1051312,False,0.06895728,False,0.062166277,False,supply_temp_c
2024-07-04 06:45:00,0.06750514,False,train,0.08211306,False,0.0837734,False,0.036628943,False,return_temp_c
2024-07-04 18:45:00,0.048181884,False,train,0.05276202,False,0.061244607,False,0.030539023,False,return_temp_c
2024-07-05 06:45:00,0.054630503,False,train,0.07125028,False,0.06186846,False,0.03077277,False,supply_temp_c
2024-07-05 18:45:00,0.056334395,False,train,0.0705499,False,0.067673475,False,0.030779814,False,supply_temp_c
2024-07-06 06:45:00,0.08102451,False,train,0.060927507,False,0.14474766,False,0.037398368,False,return_temp_c
2024-07-06 18:45:00,0.09092581,False,train,0.055210665,False,0.18175833,False,0.03580844,False,return_temp_c
2024-07-07 06:45:00,0.08236208,False,train,0.07561689,False,0.13292703,False,0.038542304,False,return_temp_c
2024-07-07 18:45:00,0.09210552,False,train,0.0919219,False,0.14747386,False,0.03692083,False,return_temp_c
2024-07-08 06:45:00,0.07602269,False,train,0.08635635,False,0.113284945,False,0.028426757,False,return_temp_c
2024-07-08 18:45:00,0.0619304,False,train,0.09468323,False,0.06495141,False,0.026156573,False,supply_temp_c
2024-07-09 06:45:00,0.0583481,False,train,0.0914672,False,0.06041054,False,0.023166561,False,supply_temp_c
2024-07-09 18:45:00,0.06585312,False,train,0.0772854,False,0.090214044,False,0.030059911,False,return_temp_c
2024-07-10 06:45:00,0.06178999,False,train,0.0675563,False,0.086576305,False,0.031237355,False,return_temp_c
2024-07-10 18:45:00,0.040311474,False,train,0.05511561,False,0.037991565,False,0.027827268,False,supply_temp_c
2024-07-11 06:45:00,0.049548488,False,train,0.0639647,False,0.060007367,False,0.024673387,False,supply_temp_c
2024-07-11 18:45:00,0.06638022,False,train,0.065569304,False,0.10090521,False,0.032666128,False,return_temp_c
2024-07-12 06:45:00,0.059157014,False,train,0.060191553,False,0.08617947,False,0.031100018,False,return_temp_c
2024-07-12 18:45:00,0.056517422,False,train,0.055166233,False,0.08935114,False,0.025034904,False,return_temp_c
2024-07-13 06:45:00,0.05607044,False,train,0.05618092,False,0.083285734,False,0.028744662,False,return_temp_c
2024-07-13 18:45:00,0.05438106,False,train,0.07026145,False,0.06902803,False,0.023853725,False,supply_temp_c
2024-07-14 06:45:00,0.0437337,False,train,0.07029673,False,0.038633514,False,0.022270858,False,supply_temp_c
2024-07-14 18:45:00,0.055029377,False,train,0.06747887,False,0.06889608,False,0.028713189,False,return_temp_c
2024-07-15 06:45:00,0.05967458,False,train,0.077376865,False,0.07279656,False,0.028850319,False,supply_temp_c
2024-07-15 18:45:00,0.049753852,False,train,0.081513174,False,0.036462594,False,0.03128579,False,supply_temp_c
2024-07-16 06:45:00,0.055666354,False,train,0.08876019,False,0.042640716,False,0.035598163,False,supply_temp_c
2024-07-16 18:45:00,0.06368146,False,train,0.09889976,False,0.06319812,False,0.028946504,False,supply_temp_c
2024-07-17 06:45:00,0.059659615,False,train,0.090408355,False,0.059486628,False,0.029083876,False,supply_temp_c
2024-07-17 18:45:00,0.075941354,False,train,0.07122848,False,0.07947407,False,0.0771215,False,return_temp_c
2024-07-18 06:45:00,0.06519563,False,train,0.057204645,False,0.064338535,False,0.07404372,False,derived_flow_kg_s
2024-07-18 18:45:00,0.047007136,False,train,0.072344206,False,0.04230274,False,0.026374457,False,supply_temp_c
2024-07-19 06:45:00,0.047145914,False,train,0.07336304,False,0.041497793,False,0.026576912,False,supply_temp_c
2024-07-19 18:45:00,0.045772567,False,train,0.07186682,False,0.03876104,False,0.026689852,False,supply_temp_c
2024-07-20 06:45:00,0.053033046,False,train,0.07728969,False,0.05427594,False,0.027533518,False,supply_temp_c
2024-07-20 18:45:00,0.052176192,False,train,0.08349946,False,0.04529379,False,0.027735317,False,supply_temp_c
2024-07-21 06:45:00,0.049664557,False,train,0.08005435,False,0.042871144,False,0.026068173,False,supply_temp_c
2024-07-21 18:45:00,0.061241522,False,train,0.08234242,False,0.07106832,False,0.03031381,False,supply_temp_c
2024-07-22 06:45:00,0.063655764,False,train,0.0842781,False,0.07037153,False,0.036317695,False,supply_temp_c
2024-07-22 18:45:00,0.12218478,False,train,0.07540152,False,0.053877834,False,0.237275,False,derived_flow_kg_s
2024-07-23 06:45:00,2.251007,False,train,0.9318401,True,0.24629124,False,5.5748897,False,derived_flow_kg_s
2024-07-23 18:45:00,2.3827717,False,train,0.9277859,True,0.24651952,False,5.97401,False,derived_flow_kg_s
2024-07-24 06:45:00,0.6737894,False,train,0.09897638,False,0.08796632,False,1.8344254,False,derived_flow_kg_s
2024-07-24 18:45:00,0.61377573,False,train,0.11273914,False,0.09244701,False,1.6361412,False,derived_flow_kg_s
2024-07-25 06:45:00,0.22400236,False,train,0.07020689,False,0.07108576,False,0.53071445,False,derived_flow_kg_s
2024-07-25 18:45:00,0.44956842,False,train,0.17453866,False,0.09554163,False,1.078625,False,derived_flow_kg_s
2024-07-26 06:45:00,0.7462315,False,train,0.20228039,False,0.1856317,False,1.8507825,False,derived_flow_kg_s
2024-07-26 18:45:00,1.3548907,False,train,0.64581305,False,0.60456747,False,2.814292,False,derived_flow_kg_s
2024-07-27 06:45:00,1.3230165,False,train,0.69978863,False,0.4100618,False,2.8591993,False,derived_flow_kg_s
2024-07-27 18:45:00,0.22031698,False,train,0.08928635,False,0.07001267,False,0.50165194,False,derived_flow_kg_s
2024-07-28 06:45:00,5.7148886,True,train,2.5136852,True,0.6340705,False,13.99691,True,derived_flow_kg_s
2024-07-28 18:45:00,5.81334,True,train,2.4975452,True,0.6427088,False,14.299767,True,derived_flow_kg_s
2024-07-29 06:45:00,2.1837413,False,train,0.2214597,False,0.29182917,False,6.0379357,False,derived_flow_kg_s
2024-07-29 18:45:00,10.830531,True,train,3.0823543,True,1.1850456,True,28.224197,True,derived_flow_kg_s
2024-07-30 06:45:00,9.602615,True,train,3.104028,True,1.0994506,True,24.604368,True,derived_flow_kg_s
2024-07-30 18:45:00,5.1017666,True,train,0.5796588,False,0.9867794,True,13.738861,True,derived_flow_kg_s
2024-07-31 06:45:00,4.68928,True,train,0.38228074,False,0.7385549,True,12.947005,True,derived_flow_kg_s
2024-07-31 18:45:00,0.8465434,False,train,0.18174647,False,0.28697652,False,2.070907,False,derived_flow_kg_s
2024-08-01 06:45:00,0.42624247,False,train,0.099989854,False,0.09198433,False,1.0867531,False,derived_flow_kg_s
2024-08-01 18:45:00,0.49307382,False,train,0.1271801,False,0.10690191,False,1.2451395,False,derived_flow_kg_s
2024-08-02 06:45:00,6.1972866,True,train,0.7892813,False,3.6349516,True,14.167626,True,derived_flow_kg_s
2024-08-02 18:45:00,4.3746037,False,train,1.6222658,True,2.9591668,True,8.542378,False,derived_flow_kg_s
2024-08-03 06:45:00,0.18852086,False,train,0.04913236,False,0.05818509,False,0.45824513,False,derived_flow_kg_s
2024-08-03 18:45:00,0.26491168,False,train,0.09369305,False,0.05714913,False,0.6438929,False,derived_flow_kg_s
2024-08-04 06:45:00,1.1609454,False,train,0.14470772,False,0.26644772,False,3.0716808,False,derived_flow_kg_s
2024-08-04 18:45:00,1.0717125,False,train,0.12646446,False,0.2532675,False,2.8354053,False,derived_flow_kg_s
2024-08-05 06:45:00,0.4120671,False,train,0.08727697,False,0.075638704,False,1.0732856,False,derived_flow_kg_s
2024-08-05 18:45:00,0.47555223,False,train,0.1553472,False,0.090357415,False,1.180952,False,derived_flow_kg_s
2024-08-06 06:45:00,0.220566,False,train,0.14595966,False,0.12509923,False,0.39063916,False,derived_flow_kg_s
2024-08-06 18:45:00,0.2021419,False,train,0.1748703,False,0.11898448,False,0.3125709,False,derived_flow_kg_s
2024-08-07 06:45:00,0.29461208,False,train,0.1667053,False,0.115231186,False,0.6018998,False,derived_flow_kg_s
2024-08-07 18:45:00,0.26420602,False,train,0.13879947,False,0.11908566,False,0.5347329,False,derived_flow_kg_s
2024-08-09 06:45:00,1.0039706,False,train,0.52505594,False,0.291726,False,2.1951303,False,derived_flow_kg_s
2024-08-09 18:45:00,1.0046465,False,train,0.40129665,False,0.20323195,False,2.4094107,False,derived_flow_kg_s
2024-08-10 06:45:00,0.1968132,False,train,0.070882775,False,0.0773752,False,0.44218162,False,derived_flow_kg_s
2024-08-10 18:45:00,0.16543214,False,train,0.109884344,False,0.06738882,False,0.31902325,False,derived_flow_kg_s
2024-08-11 06:45:00,0.1775839,False,train,0.077294834,False,0.06939052,False,0.38606635,False,derived_flow_kg_s
2024-08-11 18:45:00,0.26911524,False,train,0.064660944,False,0.05904484,False,0.68364,False,derived_flow_kg_s
2024-08-12 06:45:00,0.5604476,False,train,0.0874683,False,0.082531564,False,1.5113429,False,derived_flow_kg_s
2024-08-12 18:45:00,0.5799292,False,train,0.102392025,False,0.12370864,False,1.513687,False,derived_flow_kg_s
2024-08-13 06:45:00,0.27735302,False,train,0.098443806,False,0.10036532,False,0.6332498,False,derived_flow_kg_s
2024-08-13 18:45:00,0.47547328,False,train,0.09409923,False,0.120179355,False,1.2121413,False,derived_flow_kg_s
2024-08-14 06:45:00,0.4348446,False,train,0.12459743,False,0.11130648,False,1.0686299,False,derived_flow_kg_s
2024-08-14 18:45:00,0.3026097,False,train,0.076050304,False,0.07124081,False,0.76053804,False,derived_flow_kg_s
2024-08-15 06:45:00,0.30932036,False,train,0.074694045,False,0.06700156,False,0.78626555,False,derived_flow_kg_s
2024-08-15 18:45:00,0.16031392,False,train,0.08798803,False,0.0845376,False,0.30841616,False,derived_flow_kg_s
2024-08-16 06:45:00,0.18701069,False,train,0.08952272,False,0.0901908,False,0.38131854,False,derived_flow_kg_s
2024-08-16 18:45:00,0.15674204,False,train,0.07689298,False,0.063492164,False,0.32984093,False,derived_flow_kg_s
2024-08-17 06:45:00,0.16436689,False,train,0.14561297,False,0.11426643,False,0.23322125,False,derived_flow_kg_s
2024-08-17 18:45:00,0.19001082,False,train,0.17376597,False,0.16501342,False,0.23125307,False,derived_flow_kg_s
2024-08-18 06:45:00,0.19986078,False,train,0.1365049,False,0.13659258,False,0.32648486,False,derived_flow_kg_s
2024-08-18 18:45:00,0.20289499,False,train,0.056151297,False,0.06779304,False,0.4847406,False,derived_flow_kg_s
2024-08-19 06:45:00,0.18776827,False,train,0.055579532,False,0.0939067,False,0.4138186,False,derived_flow_kg_s
2024-08-19 18:45:00,0.16860421,False,train,0.10969732,False,0.15021804,False,0.2458973,False,derived_flow_kg_s
2024-08-20 06:45:00,0.27808678,False,train,0.13329266,False,0.1363268,False,0.564641,False,derived_flow_kg_s
2024-08-20 18:45:00,0.34617332,False,train,0.093434334,False,0.077976994,False,0.8671086,False,derived_flow_kg_s
2024-08-21 06:45:00,0.23324469,False,train,0.07612136,False,0.06848947,False,0.55512327,False,derived_flow_kg_s
2024-08-21 18:45:00,0.31117707,False,train,0.06937545,False,0.10176733,False,0.7623884,False,derived_flow_kg_s
2024-08-22 06:45:00,0.6081725,False,train,0.13530019,False,0.098195024,False,1.5910219,False,derived_flow_kg_s
2024-08-22 18:45:00,0.69146556,False,train,0.15262128,False,0.09039646,False,1.831379,False,derived_flow_kg_s
2024-08-23 06:45:00,0.53264666,False,train,0.08683863,False,0.06229279,False,1.4488086,False,derived_flow_kg_s
2024-08-23 18:45:00,0.3966855,False,train,0.08087907,False,0.07874265,False,1.0304347,False,derived_flow_kg_s
2024-08-24 06:45:00,0.5848478,False,train,0.09219738,False,0.13447759,False,1.5278684,False,derived_flow_kg_s
2024-08-24 18:45:00,0.6354101,False,train,0.1580788,False,0.13613649,False,1.6120151,False,derived_flow_kg_s
2024-08-25 06:45:00,0.27255952,False,train,0.1627242,False,0.06333709,False,0.5916173,False,derived_flow_kg_s
2024-08-25 18:45:00,0.16341442,False,train,0.06947163,False,0.050327614,False,0.3704441,False,derived_flow_kg_s
2024-08-26 06:45:00,5.0164065,True,train,0.38233662,False,1.2342159,True,13.432667,True,derived_flow_kg_s
2024-08-26 18:45:00,3.475688,False,train,2.0193799,True,0.66822386,False,7.73946,False,derived_flow_kg_s
2024-08-27 06:45:00,0.16472071,False,train,0.08576914,False,0.053435627,False,0.35495737,False,derived_flow_kg_s
2024-08-27 18:45:00,0.17251664,False,train,0.07838309,False,0.053739186,False,0.38542768,False,derived_flow_kg_s
2024-08-28 06:45:00,0.50797534,False,train,0.059934337,False,0.07304749,False,1.3909441,False,derived_flow_kg_s
2024-08-28 18:45:00,0.5198738,False,train,0.060836565,False,0.05859645,False,1.4401884,False,derived_flow_kg_s
2024-08-29 06:45:00,0.29177415,False,train,0.07373745,False,0.056432325,False,0.74515265,False,derived_flow_kg_s
2024-08-29 18:45:00,0.24856836,False,train,0.07432885,False,0.053229094,False,0.6181471,False,derived_flow_kg_s
2024-08-30 06:45:00,0.16470906,False,train,0.091821514,False,0.09219193,False,0.31011373,False,derived_flow_kg_s
2024-08-30 18:45:00,0.18688369,False,train,0.19017585,False,0.1578425,False,0.2126327,False,derived_flow_kg_s
2024-08-31 06:45:00,0.2383681,False,train,0.1670482,False,0.13069986,False,0.41735622,False,derived_flow_kg_s
2024-08-31 18:45:00,0.23003796,False,train,0.110256515,False,0.08295519,False,0.49690214,False,derived_flow_kg_s
2024-09-01 06:45:00,0.2529719,False,train,0.1391197,False,0.10513863,False,0.5146573,False,derived_flow_kg_s
2024-09-01 18:45:00,0.8923929,False,train,0.16297784,False,0.13542382,False,2.378777,False,derived_flow_kg_s
2024-09-02 06:45:00,0.8347597,False,train,0.1509808,False,0.14812231,False,2.2051759,False,derived_flow_kg_s
2024-09-02 18:45:00,0.40584776,False,train,0.124872364,False,0.15502724,False,0.9376435,False,derived_flow_kg_s
2024-09-03 06:45:00,0.44815582,False,train,0.18585221,False,0.14515142,False,1.0134641,False,derived_flow_kg_s
2024-09-03 18:45:00,0.31843865,False,train,0.24411078,False,0.17185088,False,0.5393544,False,derived_flow_kg_s
2024-09-04 06:45:00,0.34035146,False,train,0.30170402,False,0.17347163,False,0.5458787,False,derived_flow_kg_s
2024-09-04 18:45:00,0.21631068,False,train,0.06966204,False,0.061977725,False,0.51729226,False,derived_flow_kg_s
2024-09-05 06:45:00,0.2751955,False,train,0.057122808,False,0.051374715,False,0.71708894,False,derived_flow_kg_s
2024-09-05 18:45:00,0.2539941,False,train,0.070344344,False,0.043675512,False,0.6479625,False,derived_flow_kg_s
2024-09-06 06:45:00,0.38841832,False,train,0.09719937,False,0.06991845,False,0.9981372,False,derived_flow_kg_s
2024-09-06 18:45:00,0.4560309,False,train,0.091862805,False,0.043369632,False,1.2328602,False,derived_flow_kg_s
2024-09-07 06:45:00,0.41284668,False,train,0.05295232,False,0.044253763,False,1.141334,False,derived_flow_kg_s
2024-09-07 18:45:00,0.3169731,False,train,0.04402904,False,0.0369757,False,0.86991453,False,derived_flow_kg_s
2024-09-08 06:45:00,0.17529832,False,train,0.037753697,False,0.027576908,False,0.4605643,False,derived_flow_kg_s
2024-09-08 18:45:00,0.18644436,False,train,0.06318035,False,0.048982475,False,0.44717026,False,derived_flow_kg_s
2024-09-09 06:45:00,0.20497487,False,train,0.069540165,False,0.045335446,False,0.50004905,False,derived_flow_kg_s
2024-09-09 18:45:00,0.17859335,False,train,0.05952072,False,0.068737306,False,0.40752205,False,derived_flow_kg_s
2024-09-10 06:45:00,0.22326419,False,train,0.07772193,False,0.11314287,False,0.47892782,False,derived_flow_kg_s
2024-09-10 18:45:00,0.23271479,False,train,0.09734247,False,0.094977595,False,0.50582427,False,derived_flow_kg_s
2024-09-11 06:45:00,0.16036397,False,train,0.08285154,False,0.074326254,False,0.32391408,False,derived_flow_kg_s
2024-09-11 18:45:00,0.18071046,False,train,0.06351874,False,0.03793053,False,0.44068208,False,derived_flow_kg_s
2024-09-12 06:45:00,0.21981052,False,train,0.14495641,False,0.123789154,False,0.39068595,False,derived_flow_kg_s
2024-09-12 18:45:00,0.18049036,False,train,0.18721695,False,0.17367916,False,0.18057506,False,supply_temp_c
2024-09-13 06:45:00,0.243744,False,train,0.22885163,False,0.1703924,False,0.33198792,False,derived_flow_kg_s
2024-09-13 18:45:00,0.19522454,False,train,0.05790882,False,0.046978135,False,0.48078668,False,derived_flow_kg_s
2024-09-14 06:45:00,0.176933,False,train,0.05567078,False,0.03410819,False,0.4410201,False,derived_flow_kg_s
2024-09-14 18:45:00,0.39711133,False,train,0.072418354,False,0.07710297,False,1.0418127,False,derived_flow_kg_s
2024-09-15 06:45:00,0.40285033,False,train,0.074620426,False,0.09434154,False,1.039589,False,derived_flow_kg_s
2024-09-15 18:45:00,0.18394126,False,train,0.077313274,False,0.04185466,False,0.4326558,False,derived_flow_kg_s
2024-09-16 06:45:00,0.20450991,False,train,0.087551534,False,0.061772,False,0.46420622,False,derived_flow_kg_s
2024-09-16 18:45:00,0.20226721,False,train,0.07708428,False,0.044549514,False,0.48516783,False,derived_flow_kg_s
2024-09-17 06:45:00,0.31065738,False,train,0.0692446,False,0.03760453,False,0.825123,False,derived_flow_kg_s
2024-09-17 18:45:00,0.30407402,False,train,0.080333255,False,0.058764607,False,0.7731243,False,derived_flow_kg_s
2024-09-18 06:45:00,0.21088368,False,train,0.07714183,False,0.043424655,False,0.5120846,False,derived_flow_kg_s
2024-09-18 18:45:00,0.18019381,False,train,0.07523707,False,0.037096065,False,0.4282483,False,derived_flow_kg_s
2024-09-19 06:45:00,0.19663881,False,train,0.05077285,False,0.042560756,False,0.49658284,False,derived_flow_kg_s
2024-09-19 18:45:00,0.28959492,False,train,0.041431118,False,0.048402924,False,0.77895075,False,derived_flow_kg_s
2024-09-20 06:45:00,0.24957961,False,train,0.034652606,False,0.041991178,False,0.672095,False,derived_flow_kg_s
2024-09-20 18:45:00,0.23652524,False,train,0.03678289,False,0.0229465,False,0.6498463,False,derived_flow_kg_s
2024-09-21 06:45:00,0.29689544,False,train,0.15110256,False,0.1096372,False,0.6299466,False,derived_flow_kg_s
2024-09-21 18:45:00,0.40740764,False,train,0.42079386,False,0.2506148,False,0.55081433,False,derived_flow_kg_s
2024-09-22 06:45:00,0.49492422,False,train,0.6317449,False,0.3011022,False,0.5519257,False,supply_temp_c
2024-09-22 18:45:00,0.5064958,False,train,0.5821358,False,0.35472903,False,0.5826227,False,derived_flow_kg_s
2024-09-23 06:45:00,0.49487072,False,train,0.64977187,False,0.44743976,False,0.38740054,False,supply_temp_c
2024-09-23 18:45:00,0.19447032,False,train,0.124051176,False,0.0880543,False,0.37130556,False,derived_flow_kg_s
2024-09-24 06:45:00,0.21453978,False,train,0.06967109,False,0.07324866,False,0.5006996,False,derived_flow_kg_s
2024-09-24 18:45:00,0.13965718,False,train,0.078605026,False,0.04936224,False,0.2910042,False,derived_flow_kg_s
2024-09-25 06:45:00,0.16480733,False,train,0.08846726,False,0.051028684,False,0.35492608,False,derived_flow_kg_s
2024-09-25 18:45:00,0.1283347,False,train,0.08544538,False,0.04236157,False,0.25719717,False,derived_flow_kg_s
2024-09-26 06:45:00,0.115644656,False,train,0.059382647,False,0.03454647,False,0.25300482,False,derived_flow_kg_s
2024-09-26 18:45:00,0.11700279,False,train,0.0637482,False,0.04072709,False,0.24653308,False,derived_flow_kg_s
2024-09-27 06:45:00,0.0980235,False,train,0.07462964,False,0.03794292,False,0.18149793,False,derived_flow_kg_s
2024-09-27 18:45:00,0.10941798,False,train,0.07988546,False,0.04692537,False,0.20144314,False,derived_flow_kg_s
2024-09-28 06:45:00,0.10656605,False,train,0.05809477,False,0.030027078,False,0.23157631,False,derived_flow_kg_s
2024-09-28 18:45:00,0.089719445,False,train,0.05347049,False,0.03335234,False,0.1823355,False,derived_flow_kg_s
2024-09-29 06:45:00,0.11236993,False,train,0.14409189,False,0.06969001,False,0.12332791,False,supply_temp_c
2024-09-29 18:45:00,0.2015436,False,train,0.14102072,False,0.102336146,False,0.36127397,False,derived_flow_kg_s
2024-09-30 06:45:00,0.2372365,False,train,0.10754139,False,0.063902855,False,0.5402653,False,derived_flow_kg_s
2024-09-30 18:45:00,0.2242638,False,train,0.055341676,False,0.046096534,False,0.57135314,False,derived_flow_kg_s
2024-10-01 06:45:00,0.3392189,False,train,0.07101369,False,0.052128296,False,0.8945148,False,derived_flow_kg_s
2024-10-01 18:45:00,0.3704859,False,train,0.059160307,False,0.07418861,False,0.9781088,False,derived_flow_kg_s
2024-10-02 06:45:00,0.3760587,False,train,0.05993673,False,0.08888724,False,0.979352,False,derived_flow_kg_s
2024-10-02 18:45:00,0.53094655,False,train,0.11394163,False,0.117260285,False,1.361638,False,derived_flow_kg_s
2024-10-03 06:45:00,0.42658728,False,train,0.0776163,False,0.089383714,False,1.112762,False,derived_flow_kg_s
2024-10-03 18:45:00,0.7342221,False,train,0.08850687,False,0.122929,False,1.9912306,False,derived_flow_kg_s
2024-10-04 06:45:00,0.7874847,False,train,0.089979924,False,0.14484546,False,2.1276286,False,derived_flow_kg_s
2024-10-04 18:45:00,0.28531334,False,train,0.06631937,False,0.051047247,False,0.73857355,False,derived_flow_kg_s
2024-10-05 06:45:00,0.83032876,False,train,0.30438548,False,0.17082894,False,2.0157716,False,derived_flow_kg_s
2024-10-05 18:45:00,0.73939455,False,train,0.30617023,False,0.18800569,False,1.724008,False,derived_flow_kg_s
2024-10-06 06:45:00,0.14019614,False,train,0.05808553,False,0.041299276,False,0.32120362,False,derived_flow_kg_s
2024-10-06 18:45:00,0.12830009,False,train,0.06554711,False,0.051062588,False,0.26829055,False,derived_flow_kg_s
2024-10-07 06:45:00,0.46832433,False,train,0.10929301,False,0.17543328,False,1.120247,False,derived_flow_kg_s
2024-10-07 18:45:00,1.1240115,False,train,0.2202056,False,0.3111435,False,2.840685,False,derived_flow_kg_s
2024-10-08 06:45:00,0.9012597,False,train,0.10316655,False,0.19373386,False,2.4068792,False,derived_flow_kg_s
2024-10-08 18:45:00,0.19460042,False,train,0.057980906,False,0.039271846,False,0.4865485,False,derived_flow_kg_s
2024-10-09 06:45:00,0.17975245,False,train,0.05817132,False,0.0498781,False,0.431208,False,derived_flow_kg_s
2024-10-09 18:45:00,0.15303312,False,train,0.06441339,False,0.056483973,False,0.338202,False,derived_flow_kg_s
2024-10-10 06:45:00,0.18303332,False,train,0.06583765,False,0.06660097,False,0.4166613,False,derived_flow_kg_s
2024-10-10 18:45:00,0.27110702,False,train,0.10872468,False,0.097782694,False,0.6068136,False,derived_flow_kg_s
2024-10-11 06:45:00,0.24000876,False,train,0.097763866,False,0.08153448,False,0.5407279,False,derived_flow_kg_s
2024-10-11 18:45:00,0.16342938,False,train,0.058232058,False,0.051641602,False,0.3804145,False,derived_flow_kg_s
2024-10-12 06:45:00,0.33798748,False,train,0.067229144,False,0.09718251,False,0.8495508,False,derived_flow_kg_s
2024-10-12 18:45:00,0.36537087,False,train,0.11163711,False,0.12174218,False,0.86273336,False,derived_flow_kg_s
2024-10-13 06:45:00,0.28007442,False,train,0.07901721,False,0.06225733,False,0.6989488,False,derived_flow_kg_s
2024-10-13 18:45:00,0.3402953,False,train,0.09158262,False,0.09699616,False,0.8323073,False,derived_flow_kg_s
2024-10-14 06:45:00,0.3271916,False,train,0.07117038,False,0.08941112,False,0.82099336,False,derived_flow_kg_s
2024-10-14 18:45:00,0.26336044,False,train,0.059148073,False,0.055845883,False,0.6750874,False,derived_flow_kg_s
2024-10-15 06:45:00,0.18579082,False,train,0.06755078,False,0.04059148,False,0.44923016,False,derived_flow_kg_s
2024-10-15 18:45:00,0.19703846,False,train,0.06637855,False,0.043459665,False,0.48127714,False,derived_flow_kg_s
2024-10-16 06:45:00,0.2648673,False,train,0.067528136,False,0.027925625,False,0.6991482,False,derived_flow_kg_s
2024-10-16 18:45:00,0.23358339,False,train,0.07354732,False,0.039154604,False,0.5880483,False,derived_flow_kg_s
2024-10-17 06:45:00,0.12670021,False,train,0.06327044,False,0.040298715,False,0.27653143,False,derived_flow_kg_s
2024-10-17 18:45:00,0.16659209,False,train,0.069051564,False,0.053292494,False,0.3774322,False,derived_flow_kg_s
2024-10-18 06:45:00,0.47363675,False,train,0.078534506,False,0.13681716,False,1.2055584,False,derived_flow_kg_s
2024-10-18 18:45:00,0.4104798,False,train,0.0916824,False,0.15021758,False,0.98953944,False,derived_flow_kg_s
2024-10-19 06:45:00,0.09690286,False,train,0.057719152,False,0.034856856,False,0.19813256,False,derived_flow_kg_s
2024-10-19 18:45:00,0.03778398,False,train,0.047220144,False,0.02338007,False,0.04275172,False,supply_temp_c
2024-10-20 06:45:00,0.045187954,False,train,0.05202302,False,0.030175768,False,0.053365085,False,derived_flow_kg_s
2024-10-20 18:45:00,0.058524787,False,train,0.07030243,False,0.040091623,False,0.06518031,False,supply_temp_c
2024-10-21 06:45:00,0.057282235,False,train,0.055451628,False,0.03540077,False,0.08099431,False,derived_flow_kg_s
2024-10-21 18:45:00,0.07158804,False,train,0.07705423,False,0.05879773,False,0.07891216,False,derived_flow_kg_s
2024-10-22 06:45:00,0.08064052,False,train,0.104845226,False,0.06626421,False,0.07081209,False,supply_temp_c
2024-10-22 18:45:00,0.0742822,False,train,0.09384451,False,0.062001944,False,0.06700015,False,supply_temp_c
2024-10-23 06:45:00,0.07295564,False,train,0.08277968,False,0.06371039,False,0.072376855,False,supply_temp_c
2024-10-23 18:45:00,0.07203283,False,train,0.07808441,False,0.061481353,False,0.076532744,False,supply_temp_c
2024-10-24 06:45:00,0.078064755,False,train,0.07693534,False,0.06144696,False,0.095811956,False,derived_flow_kg_s
2024-10-24 18:45:00,0.06911494,False,train,0.078940876,False,0.053441275,False,0.07496267,False,supply_temp_c
2024-10-25 06:45:00,0.05646795,False,train,0.07090845,False,0.045710493,False,0.05278492,False,supply_temp_c
2024-10-25 18:45:00,0.052820396,False,train,0.07613189,False,0.037140597,False,0.04518869,False,supply_temp_c
2024-10-26 06:45:00,0.048910107,False,train,0.071475714,False,0.037821647,False,0.037432965,False,supply_temp_c
2024-10-26 18:45:00,0.040395297,False,train,0.05984083,False,0.036067367,False,0.025277706,False,supply_temp_c
2024-10-27 06:45:00,0.055555675,False,train,0.09131836,False,0.03672308,False,0.038625587,False,supply_temp_c
2024-10-27 18:45:00,0.10101456,False,train,0.10940751,False,0.11659708,False,0.07703911,False,return_temp_c
2024-10-28 06:45:00,0.11133798,False,train,0.15962839,False,0.09414383,False,0.08024173,False,supply_temp_c
2024-10-28 18:45:00,0.06966323,False,train,0.10243425,False,0.06523281,False,0.04132261,False,supply_temp_c
2024-10-29 06:45:00,0.06446179,False,train,0.089175306,False,0.06414396,False,0.040066104,False,supply_temp_c
2024-10-29 18:45:00,0.07392345,False,train,0.08537046,False,0.08040548,False,0.05599445,False,supply_temp_c
2024-10-30 06:45:00,0.08533581,False,train,0.09172583,False,0.08307465,False,0.08120697,False,supply_temp_c
2024-10-30 18:45:00,0.098387785,False,train,0.121170044,False,0.07240523,False,0.10158807,False,supply_temp_c
2024-10-31 06:45:00,0.0936516,False,train,0.11455428,False,0.070348136,False,0.0960524,False,supply_temp_c
2024-10-31 18:45:00,0.060220316,False,train,0.06609564,False,0.0526448,False,0.061920483,False,supply_temp_c
2024-11-01 06:45:00,0.065550275,False,train,0.08068024,False,0.045231264,False,0.07073932,False,supply_temp_c
2024-11-01 18:45:00,0.096277446,False,train,0.14395936,False,0.061762866,False,0.0831101,False,supply_temp_c
2024-11-02 06:45:00,0.11254692,False,train,0.16011511,False,0.0971226,False,0.0804031,False,supply_temp_c
2024-11-02 18:45:00,0.09853497,False,train,0.12927495,False,0.09662351,False,0.06970643,False,supply_temp_c
2024-11-03 06:45:00,0.08771521,False,train,0.119401835,False,0.07391622,False,0.069827534,False,supply_temp_c
2024-11-03 18:45:00,0.088839374,False,train,0.1106177,False,0.05999742,False,0.09590299,False,supply_temp_c
2024-11-04 06:45:00,0.07110794,False,train,0.06953922,False,0.051700603,False,0.09208399,False,derived_flow_kg_s
2024-11-04 18:45:00,0.08234577,False,train,0.07799252,False,0.06928804,False,0.09975675,False,derived_flow_kg_s
2024-11-05 06:45:00,0.0995643,False,train,0.11671212,False,0.09167004,False,0.090310805,False,supply_temp_c
2024-11-05 18:45:00,0.089276895,False,train,0.11340058,False,0.06584374,False,0.08858639,False,supply_temp_c
2024-11-06 06:45:00,0.12896392,False,train,0.12149254,False,0.07562285,False,0.1897764,False,derived_flow_kg_s
2024-11-06 18:45:00,0.13174315,False,train,0.12376664,False,0.08061863,False,0.1908442,False,derived_flow_kg_s
2024-11-07 06:45:00,0.114849895,False,train,0.14085919,False,0.07571381,False,0.1279767,False,supply_temp_c
2024-11-07 18:45:00,0.12620439,False,train,0.1480597,False,0.103226565,False,0.12732686,False,supply_temp_c
2024-11-08 06:45:00,0.0994955,False,train,0.107067935,False,0.09275357,False,0.098665,False,supply_temp_c
2024-11-08 18:45:00,0.07313075,False,train,0.08517302,False,0.06081122,False,0.073408,False,supply_temp_c
2024-11-09 06:45:00,0.090650745,False,train,0.11955005,False,0.069100134,False,0.08330204,False,supply_temp_c
2024-11-09 18:45:00,0.08747547,False,train,0.115613155,False,0.067151494,False,0.079661734,False,supply_temp_c
2024-11-10 06:45:00,0.06410964,False,train,0.081709325,False,0.04721157,False,0.06340802,False,supply_temp_c
2024-11-10 18:45:00,0.073602185,False,train,0.06514036,False,0.044298988,False,0.11136722,False,derived_flow_kg_s
2024-11-11 06:45:00,0.3399358,False,train,0.09916902,False,0.10167703,False,0.8189614,False,derived_flow_kg_s
2024-11-11 18:45:00,0.32503954,False,train,0.18162696,False,0.10516584,False,0.6883259,False,derived_flow_kg_s
2024-11-12 06:45:00,0.14076225,False,train,0.14070491,False,0.072101764,False,0.20948009,False,derived_flow_kg_s
2024-11-12 18:45:00,0.11298096,False,train,0.12804304,False,0.068872415,False,0.14202744,False,derived_flow_kg_s
2024-11-13 06:45:00,0.09759033,False,train,0.10889778,False,0.064818256,False,0.11905495,False,derived_flow_kg_s
2024-11-13 18:45:00,0.07790054,False,train,0.10840335,False,0.07056176,False,0.054736495,False,supply_temp_c
2024-11-14 06:45:00,0.05586011,False,train,0.07005845,False,0.057082873,False,0.040439006,False,supply_temp_c
2024-11-14 18:45:00,0.05698673,False,train,0.087703176,False,0.0492985,False,0.03395852,False,supply_temp_c
2024-11-15 06:45:00,0.064059824,False,train,0.102282785,False,0.052107166,False,0.037789524,False,supply_temp_c
2024-11-15 18:45:00,0.06646763,False,train,0.1123415,False,0.053934287,False,0.033127103,False,supply_temp_c
2024-11-16 06:45:00,0.06953099,False,train,0.11422473,False,0.06042306,False,0.03394516,False,supply_temp_c
2024-11-16 18:45:00,0.04751877,False,train,0.060808297,False,0.046953853,False,0.034794156,False,supply_temp_c
2024-11-17 06:45:00,0.044224497,False,train,0.0642656,False,0.035533912,False,0.032873984,False,supply_temp_c
2024-11-17 18:45:00,0.061214957,False,train,0.09791326,False,0.05081586,False,0.03491575,False,supply_temp_c
2024-11-18 06:45:00,0.08220308,False,train,0.10698434,False,0.062375855,False,0.07724908,False,supply_temp_c
2024-11-18 18:45:00,0.11370521,False,train,0.13185672,False,0.10500128,False,0.10425764,False,supply_temp_c
2024-11-19 06:45:00,0.09640533,False,train,0.11702504,False,0.09147084,False,0.0807201,False,supply_temp_c
2024-11-19 18:45:00,0.1437357,False,train,0.2566048,False,0.09022907,False,0.084373236,False,supply_temp_c
2024-11-20 06:45:00,0.16632092,False,train,0.28266677,False,0.11184812,False,0.104447804,False,supply_temp_c
2024-11-20 18:45:00,0.08541397,False,train,0.10705218,False,0.07930044,False,0.06988929,False,supply_temp_c
2024-11-21 06:45:00,0.085028104,False,train,0.10664164,False,0.07883626,False,0.0696064,False,supply_temp_c
2024-11-21 18:45:00,0.08008402,False,train,0.09971473,False,0.0773296,False,0.06320771,False,supply_temp_c
2024-11-22 06:45:00,0.052611265,False,train,0.06759805,False,0.044701178,False,0.045534566,False,supply_temp_c
2024-11-22 18:45:00,0.0492013,False,train,0.073672436,False,0.037648544,False,0.03628293,False,supply_temp_c
2024-11-23 06:45:00,0.053906307,False,train,0.07462865,False,0.043824267,False,0.043265995,False,supply_temp_c
2024-11-23 18:45:00,0.04970024,False,train,0.05829687,False,0.045368712,False,0.04543516,False,supply_temp_c
2024-11-24 06:45:00,0.05180451,False,train,0.05279317,False,0.046992462,False,0.055627886,False,derived_flow_kg_s
2024-11-24 18:45:00,0.08584709,False,train,0.11069713,False,0.07751736,False,0.0693268,False,supply_temp_c
2024-11-25 06:45:00,0.0835005,False,train,0.1081147,False,0.07433093,False,0.06805586,False,supply_temp_c
2024-11-25 18:45:00,0.05488445,False,train,0.06278822,False,0.04415874,False,0.057706386,False,supply_temp_c
2024-11-26 06:45:00,0.04606865,False,train,0.057443794,False,0.035782073,False,0.04498008,False,supply_temp_c
2024-11-26 18:45:00,0.05354642,False,train,0.08178849,False,0.04642923,False,0.032421548,False,supply_temp_c
2024-11-27 06:45:00,0.06788477,False,train,0.09062719,False,0.06327879,False,0.049748357,False,supply_temp_c
2024-11-27 18:45:00,0.062209766,False,train,0.07595719,False,0.059633195,False,0.05103892,False,supply_temp_c
2024-11-28 06:45:00,0.04859764,False,train,0.05840235,False,0.040059183,False,0.047331393,False,supply_temp_c
2024-11-28 18:45:00,0.06091549,False,train,0.08035506,False,0.048387136,False,0.054004263,False,supply_temp_c
2024-11-29 06:45:00,0.07622513,False,train,0.10197962,False,0.0645776,False,0.062118188,False,supply_temp_c
2024-11-29 18:45:00,0.07404801,False,train,0.10708449,False,0.067543395,False,0.04751617,False,supply_temp_c
2024-11-30 06:45:00,0.07405792,False,train,0.103934705,False,0.07072876,False,0.0475103,False,supply_temp_c
2024-11-30 18:45:00,0.052728035,False,train,0.07512035,False,0.04604253,False,0.03702122,False,supply_temp_c
2024-12-01 06:45:00,0.044794925,False,train,0.05693275,False,0.043876987,False,0.033575024,False,supply_temp_c
2024-12-01 18:45:00,0.049128074,False,train,0.06451726,False,0.03866558,False,0.044201378,False,supply_temp_c
2024-12-02 06:45:00,0.060026057,False,train,0.08084687,False,0.03743279,False,0.061798524,False,supply_temp_c
2024-12-02 18:45:00,0.057738915,False,train,0.07861433,False,0.04779051,False,0.046811912,False,supply_temp_c
2024-12-03 06:45:00,0.04338998,False,train,0.0578248,False,0.046681598,False,0.025663534,False,supply_temp_c
2024-12-03 18:45:00,0.050382297,False,train,0.06307822,False,0.05152474,False,0.036543947,False,supply_temp_c
2024-12-04 06:45:00,0.068228096,False,train,0.08892534,False,0.05946815,False,0.056290805,False,supply_temp_c
2024-12-04 18:45:00,0.066683725,False,train,0.083474435,False,0.0668192,False,0.04975754,False,supply_temp_c
2024-12-05 06:45:00,0.05430045,False,train,0.07336821,False,0.05732004,False,0.03221311,False,supply_temp_c
2024-12-05 18:45:00,0.052455526,False,train,0.06580269,False,0.050763775,False,0.040800113,False,supply_temp_c
2024-12-06 06:45:00,0.060527783,False,train,0.08262094,False,0.053709645,False,0.045252755,False,supply_temp_c
2024-12-06 18:45:00,0.055779185,False,train,0.07030004,False,0.06266582,False,0.0343717,False,supply_temp_c
2024-12-07 06:45:00,0.04926443,False,train,0.06678902,False,0.05077518,False,0.030229097,False,supply_temp_c
2024-12-07 18:45:00,0.09388222,False,train,0.12011834,False,0.089899875,False,0.07162845,False,supply_temp_c
2024-12-08 06:45:00,0.1983333,False,train,0.23183735,False,0.17065902,False,0.19250351,False,supply_temp_c
2024-12-08 18:45:00,0.21340446,False,train,0.20747049,False,0.20609099,False,0.2266518,False,derived_flow_kg_s
2024-12-09 06:45:00,0.16479132,False,train,0.19625129,False,0.13450119,False,0.1636214,False,supply_temp_c
2024-12-09 18:45:00,0.06774965,False,train,0.09563031,False,0.05174926,False,0.055869367,False,supply_temp_c
2024-12-10 06:45:00,0.053943675,False,train,0.08197492,False,0.035761066,False,0.04409504,False,supply_temp_c
2024-12-10 18:45:00,0.055867,False,train,0.07351664,False,0.04463337,False,0.049450997,False,supply_temp_c
2024-12-11 06:45:00,0.057406444,False,train,0.07334682,False,0.04439311,False,0.05447941,False,supply_temp_c
2024-12-11 18:45:00,0.06504649,False,train,0.08778571,False,0.05897345,False,0.048380304,False,supply_temp_c
2024-12-12 06:45:00,0.05509766,False,train,0.07070167,False,0.05315119,False,0.041440114,False,supply_temp_c
2024-12-12 18:45:00,0.0659359,False,train,0.098210536,False,0.055014778,False,0.04458241,False,supply_temp_c
2024-12-13 06:45:00,0.08389268,False,train,0.12871923,False,0.076447606,False,0.0465112,False,supply_temp_c
2024-12-13 18:45:00,0.0828306,False,train,0.12324327,False,0.077507876,False,0.047740653,False,supply_temp_c
2024-12-14 06:45:00,0.07283611,False,train,0.107709415,False,0.06672131,False,0.044077594,False,supply_temp_c
2024-12-14 18:45:00,0.111596376,False,train,0.13611364,False,0.09030221,False,0.10837329,False,supply_temp_c
2024-12-15 06:45:00,0.12532249,False,train,0.14162771,False,0.11867851,False,0.11566123,False,supply_temp_c
2024-12-15 18:45:00,0.05376455,False,train,0.06318165,False,0.06419701,False,0.033914983,False,return_temp_c
2024-12-16 06:45:00,0.05677051,False,train,0.0699432,False,0.04958577,False,0.050782572,False,supply_temp_c
2024-12-16 18:45:00,0.055162862,False,train,0.06294715,False,0.049569864,False,0.052971583,False,supply_temp_c
2024-12-17 06:45:00,0.042621575,False,train,0.036572535,False,0.040464263,False,0.05082792,False,derived_flow_kg_s
2024-12-17 18:45:00,0.06915657,False,train,0.0843289,False,0.065125465,False,0.058015358,False,supply_temp_c
2024-12-18 06:45:00,0.08724341,False,train,0.10618638,False,0.07410297,False,0.08144088,False,supply_temp_c
2024-12-18 18:45:00,0.06332914,False,train,0.07546952,False,0.0495573,False,0.0649606,False,supply_temp_c
2024-12-19 06:45:00,0.058223646,False,train,0.078869544,False,0.04179947,False,0.054001912,False,supply_temp_c
2024-12-19 18:45:00,0.06026103,False,train,0.08727225,False,0.052455794,False,0.041055042,False,supply_temp_c
2024-12-20 06:45:00,0.03913415,False,train,0.05764697,False,0.03628118,False,0.023474291,False,supply_temp_c
2024-12-20 18:45:00,0.037187222,False,train,0.05230334,False,0.03441115,False,0.024847182,False,supply_temp_c
2024-12-21 06:45:00,0.041907966,False,train,0.052676406,False,0.04891287,False,0.024134621,False,supply_temp_c
2024-12-21 18:45:00,0.038799375,False,train,0.052929014,False,0.04474247,False,0.018726643,False,supply_temp_c
2024-12-22 06:45:00,0.04197887,False,train,0.0537934,False,0.04244739,False,0.029695816,False,supply_temp_c
2024-12-22 18:45:00,0.056172498,False,train,0.08115068,False,0.04886208,False,0.038504723,False,supply_temp_c
2024-12-23 06:45:00,0.06996043,False,train,0.107299216,False,0.05420941,False,0.04837267,False,supply_temp_c
2024-12-23 18:45:00,0.07419409,False,train,0.10200294,False,0.06885703,False,0.051722303,False,supply_temp_c
2024-12-24 06:45:00,0.06557545,False,train,0.08965981,False,0.05681114,False,0.05025543,False,supply_temp_c
2024-12-24 18:45:00,0.040825143,False,train,0.06346361,False,0.027283631,False,0.031728204,False,supply_temp_c
2024-12-25 06:45:00,0.0387931,False,train,0.053471003,False,0.033722144,False,0.029186135,False,supply_temp_c
2024-12-25 18:45:00,0.034607112,False,train,0.041891824,False,0.028072966,False,0.03385654,False,supply_temp_c
2024-12-26 06:45:00,0.041812584,False,train,0.056146894,False,0.030423151,False,0.03886771,False,supply_temp_c
2024-12-26 18:45:00,0.053146545,False,train,0.075312294,False,0.04873678,False,0.03539056,False,supply_temp_c
2024-12-27 06:45:00,0.047620196,False,train,0.06797493,False,0.04386847,False,0.031017186,False,supply_temp_c
2024-12-27 18:45:00,0.03785107,False,train,0.04759303,False,0.03450516,False,0.03145501,False,supply_temp_c
2024-12-28 06:45:00,0.0390582,False,train,0.047225866,False,0.034923393,False,0.03502534,False,supply_temp_c
2024-12-28 18:45:00,0.039009616,False,train,0.046728868,False,0.041326083,False,0.028973877,False,supply_temp_c
2024-12-29 06:45:00,0.04423316,False,train,0.048548102,False,0.04923949,False,0.034911882,False,return_temp_c
2024-12-29 18:45:00,0.04633885,False,train,0.055522013,False,0.047584027,False,0.035910506,False,supply_temp_c
2024-12-30 06:45:00,0.045803558,False,train,0.060008805,False,0.04684462,False,0.030557258,False,supply_temp_c
2024-12-30 18:45:00,0.057485387,False,train,0.080696546,False,0.050495923,False,0.041263685,False,supply_temp_c
2024-12-31 06:45:00,0.066514015,False,train,0.103663355,False,0.058332134,False,0.037546564,False,supply_temp_c
2024-12-31 18:45:00,0.060922537,False,train,0.08899393,False,0.061733227,False,0.03204045,False,supply_temp_c
2025-01-01 06:45:00,0.05640282,False,train,0.078490056,False,0.062131528,False,0.028586896,False,supply_temp_c
2025-01-01 18:45:00,0.033916753,False,train,0.04294457,False,0.037530188,False,0.021275511,False,supply_temp_c
2025-01-02 06:45:00,0.046060856,False,train,0.059859544,False,0.03514119,False,0.04318184,False,supply_temp_c
2025-01-02 18:45:00,0.081065506,False,train,0.11441153,False,0.06926429,False,0.059520707,False,supply_temp_c
2025-01-03 06:45:00,0.0853841,False,train,0.12687133,False,0.077041455,False,0.052239496,False,supply_temp_c
2025-01-03 18:45:00,0.094329946,False,train,0.12908374,False,0.08686354,False,0.06704256,False,supply_temp_c
2025-01-04 06:45:00,0.1071326,False,train,0.15555388,False,0.095354535,False,0.070489384,False,supply_temp_c
2025-01-04 18:45:00,0.1290207,False,train,0.1415952,False,0.11947403,False,0.12599288,False,supply_temp_c
2025-01-05 06:45:00,0.13541722,False,train,0.16043146,False,0.0993048,False,0.1465154,False,supply_temp_c
2025-01-05 18:45:00,0.07280862,False,train,0.09757999,False,0.06055656,False,0.060289275,False,supply_temp_c
2025-01-06 06:45:00,0.07882573,False,train,0.0967094,False,0.07064339,False,0.06912441,False,supply_temp_c
2025-01-06 18:45:00,0.0824915,False,train,0.10553125,False,0.07426106,False,0.0676822,False,supply_temp_c
2025-01-07 06:45:00,0.08493433,False,train,0.114328235,False,0.083757155,False,0.05671759,False,supply_temp_c
2025-01-07 18:45:00,0.08841757,False,train,0.10356321,False,0.096471995,False,0.065217495,False,supply_temp_c
2025-01-08 06:45:00,0.09540134,False,train,0.12347295,False,0.08747509,False,0.07525598,False,supply_temp_c
2025-01-08 18:45:00,0.1452791,False,train,0.1703465,False,0.1627902,False,0.10270061,False,supply_temp_c
2025-01-09 06:45:00,0.36317718,False,train,0.23066254,False,0.20325924,False,0.6556098,False,derived_flow_kg_s
2025-01-09 18:45:00,0.26089543,False,train,0.08761016,False,0.09113241,False,0.6039437,False,derived_flow_kg_s
2025-01-10 06:45:00,0.20897181,False,train,0.08075238,False,0.055230495,False,0.49093258,False,derived_flow_kg_s
2025-01-10 18:45:00,0.24997732,False,train,0.14448088,False,0.09330987,False,0.5121412,False,derived_flow_kg_s
2025-01-11 06:45:00,0.2762077,False,train,0.1815566,False,0.14426094,False,0.5028055,False,derived_flow_kg_s
2025-01-11 18:45:00,0.2759241,False,train,0.18113787,False,0.13443993,False,0.51219445,False,derived_flow_kg_s
2025-01-12 06:45:00,0.13627821,False,train,0.12392334,False,0.09649467,False,0.1884166,False,derived_flow_kg_s
2025-01-12 18:45:00,0.12460312,False,train,0.077977486,False,0.07693703,False,0.21889484,False,derived_flow_kg_s
2025-01-13 06:45:00,0.17099008,False,train,0.13239072,False,0.105528094,False,0.2750514,False,derived_flow_kg_s
2025-01-13 18:45:00,0.19083673,False,train,0.112603486,False,0.1297913,False,0.33011544,False,derived_flow_kg_s
2025-01-14 06:45:00,0.20240895,False,train,0.14682029,False,0.078778125,False,0.38162842,False,derived_flow_kg_s
2025-01-14 18:45:00,0.21618623,False,train,0.107097276,False,0.1075604,False,0.43390104,False,derived_flow_kg_s
2025-01-15 06:45:00,0.22506115,False,train,0.11499279,False,0.07614094,False,0.4840497,False,derived_flow_kg_s
2025-01-15 18:45:00,0.54452926,False,train,0.09695676,False,0.1314661,False,1.4051648,False,derived_flow_kg_s
2025-01-16 06:45:00,0.54768115,False,train,0.17754018,False,0.18590598,False,1.2795974,False,derived_flow_kg_s
2025-01-16 18:45:00,0.14750892,False,train,0.15403013,False,0.14423946,False,0.14425717,False,supply_temp_c
2025-01-17 06:45:00,0.18103588,False,train,0.092502005,False,0.06223191,False,0.3883737,False,derived_flow_kg_s
2025-01-17 18:45:00,0.19319698,False,train,0.11991945,False,0.08438325,False,0.37528828,False,derived_flow_kg_s
2025-01-18 06:45:00,0.37014043,False,train,0.17173493,False,0.13626903,False,0.8024175,False,derived_flow_kg_s
2025-01-18 18:45:00,0.37319148,False,train,0.14511006,False,0.15369458,False,0.8207698,False,derived_flow_kg_s
2025-01-19 06:45:00,2.157833,False,train,0.47797084,False,0.6341293,False,5.361399,False,derived_flow_kg_s
2025-01-19 18:45:00,2.1646128,False,train,0.41006026,False,0.6759673,True,5.4078107,False,derived_flow_kg_s
2025-01-20 06:45:00,0.17260845,False,train,0.15572631,False,0.11631443,False,0.2457846,False,derived_flow_kg_s
2025-01-20 18:45:00,0.21681441,False,train,0.056327686,False,0.16348206,False,0.43063346,False,derived_flow_kg_s
2025-01-21 06:45:00,0.3160453,False,train,0.082201295,False,0.4729638,False,0.3929709,False,return_temp_c
2025-01-21 18:45:00,0.21784262,False,train,0.09311509,False,0.4568311,False,0.103581704,False,return_temp_c
2025-01-22 06:45:00,0.16393945,False,train,0.08915735,False,0.30209532,False,0.100565694,False,return_temp_c
2025-01-22 18:45:00,0.16321461,False,train,0.07549091,False,0.3055351,False,0.108617805,False,return_temp_c
2025-01-23 06:45:00,0.14310226,False,train,0.07108509,False,0.26205778,False,0.09616395,False,return_temp_c
2025-01-23 18:45:00,0.11322144,False,train,0.08797029,False,0.17132111,False,0.0803729,False,return_temp_c
2025-01-24 06:45:00,0.1427396,False,train,0.2227977,False,0.12832913,False,0.077091955,False,supply_temp_c
2025-01-24 18:45:00,0.16587324,False,train,0.20738344,False,0.19836597,False,0.091870345,False,supply_temp_c
2025-01-25 06:45:00,0.18740948,False,train,0.22911222,False,0.24269623,False,0.090419926,False,return_temp_c
2025-01-25 18:45:00,0.13337487,False,train,0.13872595,False,0.19487841,False,0.066520244,False,return_temp_c
2025-01-26 06:45:00,0.11730334,False,train,0.13973872,False,0.1603247,False,0.051846594,False,return_temp_c
2025-01-26 18:45:00,0.11827806,False,train,0.08979982,False,0.1954134,False,0.06962096,False,return_temp_c
2025-01-27 06:45:00,0.17076084,False,train,0.12757178,False,0.28975654,False,0.094954185,False,return_temp_c
2025-01-27 18:45:00,0.2259174,False,train,0.16954805,False,0.37079346,False,0.13741057,False,return_temp_c
2025-01-28 06:45:00,0.20738773,False,train,0.113456845,False,0.37085035,False,0.137856,False,return_temp_c
2025-01-28 18:45:00,0.1702093,False,train,0.056222316,False,0.3370417,False,0.11736385,False,return_temp_c
2025-01-29 06:45:00,0.15840203,False,train,0.09754185,False,0.25194326,False,0.125721,False,return_temp_c
2025-01-29 18:45:00,0.1912205,False,train,0.13652684,False,0.30436027,False,0.13277441,False,return_temp_c
2025-01-30 06:45:00,0.23224348,False,train,0.16731167,False,0.3969425,False,0.13247634,False,return_temp_c
2025-01-30 18:45:00,0.16736336,False,train,0.14001726,False,0.26709896,False,0.094973885,False,return_temp_c
2025-01-31 06:45:00,0.12925252,False,train,0.15458392,False,0.16897453,False,0.06419912,False,return_temp_c
2025-01-31 18:45:00,0.15341641,False,train,0.20659925,False,0.18521123,False,0.06843879,False,supply_temp_c
2025-02-01 06:45:00,0.11267049,False,train,0.13222617,False,0.12500715,False,0.080778144,False,supply_temp_c
2025-02-01 18:45:00,0.13282593,False,train,0.15212192,False,0.17613174,False,0.07022412,False,return_temp_c
2025-02-02 06:45:00,0.11966533,False,train,0.12507524,False,0.15839165,False,0.075529166,False,return_temp_c
2025-02-02 18:45:00,0.106987886,False,train,0.06340314,False,0.15421297,False,0.10334757,False,return_temp_c
2025-02-03 06:45:00,0.120103866,False,train,0.099395655,False,0.15562288,False,0.10529307,False,return_temp_c
2025-02-03 18:45:00,0.1866712,False,train,0.11179771,False,0.31706658,False,0.13114934,False,return_temp_c
2025-02-04 06:45:00,0.20762318,False,train,0.061507713,False,0.36029944,False,0.20106249,False,return_temp_c
2025-02-04 18:45:00,0.17059404,False,train,0.065288045,False,0.25288492,False,0.19360916,False,return_temp_c
2025-02-05 06:45:00,0.16476385,False,train,0.09445405,False,0.25734004,False,0.14249747,False,return_temp_c
2025-02-05 18:45:00,0.2199646,False,train,0.099136434,False,0.42118135,False,0.13957605,False,return_temp_c
2025-02-06 06:45:00,0.22625528,False,train,0.14080416,False,0.37277257,False,0.16518916,False,return_temp_c
2025-02-06 18:45:00,0.13644819,False,train,0.09816587,False,0.1919167,False,0.11926199,False,return_temp_c
2025-02-07 06:45:00,0.13172321,False,train,0.14120036,False,0.15600878,False,0.097960435,False,return_temp_c
2025-02-07 18:45:00,0.12267736,False,train,0.14773183,False,0.14792787,False,0.0723724,False,return_temp_c
2025-02-08 06:45:00,0.05421544,False,train,0.06663472,False,0.053202223,False,0.04280937,False,supply_temp_c
2025-02-08 18:45:00,0.06602493,False,train,0.09243035,False,0.060848925,False,0.04479551,False,supply_temp_c
2025-02-09 06:45:00,0.08758426,False,train,0.113037676,False,0.098289736,False,0.051425356,False,supply_temp_c
2025-02-09 18:45:00,0.11248149,False,train,0.09521541,False,0.16093366,False,0.08129539,False,return_temp_c
2025-02-10 06:45:00,0.14705215,False,train,0.13625552,False,0.19628607,False,0.10861484,False,return_temp_c
2025-02-10 18:45:00,0.13407685,False,train,0.09916115,False,0.21326505,False,0.0898044,False,return_temp_c
2025-02-11 06:45:00,0.13678831,False,train,0.06949634,False,0.23258083,False,0.10828776,False,return_temp_c
2025-02-11 18:45:00,0.19323221,False,train,0.08495439,False,0.34114072,False,0.15360151,False,return_temp_c
2025-02-12 06:45:00,0.16033736,False,train,0.07604104,False,0.25742325,False,0.1475478,False,return_temp_c
2025-02-12 18:45:00,0.19481441,False,train,0.09400302,False,0.38106057,False,0.10937964,False,return_temp_c
2025-02-13 06:45:00,0.1903362,False,train,0.1485318,False,0.34663972,False,0.07583713,False,return_temp_c
2025-02-13 18:45:00,0.10122864,False,train,0.14610232,False,0.10723192,False,0.050351653,False,supply_temp_c
2025-02-14 06:45:00,0.110083334,False,train,0.15430313,False,0.10865884,False,0.06728804,False,supply_temp_c
2025-02-14 18:45:00,0.09964499,False,train,0.12677814,False,0.115826935,False,0.056329925,False,supply_temp_c
2025-02-15 06:45:00,0.10425258,False,train,0.15721072,False,0.111290604,False,0.044256408,False,supply_temp_c
2025-02-15 18:45:00,0.10408203,False,train,0.14303127,False,0.116417795,False,0.05279703,False,supply_temp_c
2025-02-16 06:45:00,0.11036381,False,train,0.09310035,False,0.15128444,False,0.08670664,False,return_temp_c
2025-02-16 18:45:00,0.11140435,False,train,0.110944964,False,0.13301398,False,0.090254135,False,return_temp_c
2025-02-17 06:45:00,0.11766497,False,train,0.10704407,False,0.14850588,False,0.097444974,False,return_temp_c
2025-02-17 18:45:00,0.1724877,False,train,0.08995519,False,0.28808352,False,0.13942437,False,return_temp_c
2025-02-18 06:45:00,0.17254151,False,train,0.088960744,False,0.30875218,False,0.11991165,False,return_temp_c
2025-02-18 18:45:00,0.14473347,False,train,0.08157986,False,0.2432738,False,0.10934672,False,return_temp_c
2025-02-19 06:45:00,0.16839947,False,train,0.107570775,False,0.2592275,False,0.1384001,False,return_temp_c
2025-02-19 18:45:00,0.13285819,False,train,0.09961679,False,0.21292228,False,0.08603551,False,return_temp_c
2025-02-20 06:45:00,0.11460076,False,train,0.25144497,False,0.058048293,False,0.03430902,False,supply_temp_c
2025-02-20 18:45:00,0.09831108,False,train,0.19418459,False,0.06699233,False,0.03375632,False,supply_temp_c
2025-02-21 06:45:00,0.062249348,False,train,0.07692126,False,0.07408406,False,0.035742734,False,supply_temp_c
2025-02-21 18:45:00,0.04574235,False,train,0.053935632,False,0.05339439,False,0.02989704,False,supply_temp_c
2025-02-22 06:45:00,0.06065305,False,train,0.067202605,False,0.07786883,False,0.036887728,False,return_temp_c
2025-02-22 18:45:00,0.068041354,False,train,0.067939065,False,0.08341751,False,0.05276749,False,return_temp_c
2025-02-23 06:45:00,0.100287095,False,train,0.05714908,False,0.17084561,False,0.072866626,False,return_temp_c
2025-02-23 18:45:00,0.1506064,False,train,0.05493286,False,0.29988673,False,0.096999586,False,return_temp_c
2025-02-24 06:45:00,0.14752778,False,train,0.04678747,False,0.27648148,False,0.11931438,False,return_temp_c
2025-02-24 18:45:00,0.15313369,False,train,0.06791604,False,0.23522483,False,0.15626018,False,return_temp_c
2025-02-25 06:45:00,0.16707437,False,train,0.09886193,False,0.24798124,False,0.15437993,False,return_temp_c
2025-02-25 18:45:00,0.13671488,False,train,0.07678962,False,0.2326775,False,0.10067754,False,return_temp_c
2025-02-26 06:45:00,0.16833721,False,train,0.099586226,False,0.25939044,False,0.14603502,False,return_temp_c
2025-02-26 18:45:00,0.21833181,False,train,0.12906824,False,0.35437787,False,0.17154936,False,return_temp_c
2025-02-27 06:45:00,0.23906446,False,train,0.13610716,False,0.44462022,False,0.13646601,False,return_temp_c
2025-02-27 18:45:00,0.1824557,False,train,0.14242645,False,0.32701543,False,0.0779252,False,return_temp_c
2025-02-28 06:45:00,0.13539523,False,train,0.15195864,False,0.14295535,False,0.11127168,False,supply_temp_c
2025-02-28 18:45:00,0.15799731,False,train,0.1500578,False,0.15746835,False,0.1664658,False,derived_flow_kg_s
2025-03-01 06:45:00,0.1374675,False,train,0.111609854,False,0.20687301,False,0.09391964,False,return_temp_c
2025-03-01 18:45:00,0.09857026,False,train,0.080133535,False,0.18087505,False,0.03470219,False,return_temp_c
2025-03-02 06:45:00,0.20169811,False,train,0.1149229,False,0.41597745,False,0.074194,False,return_temp_c
2025-03-02 18:45:00,0.26252064,False,train,0.1665803,False,0.5136445,False,0.10733714,False,return_temp_c
2025-03-03 06:45:00,0.18059532,False,train,0.14922744,False,0.27950105,False,0.113057435,False,return_temp_c
2025-03-03 18:45:00,0.15725283,False,train,0.12361457,False,0.21772055,False,0.13042335,False,return_temp_c
2025-03-04 06:45:00,0.15343003,False,train,0.12361952,False,0.24235874,False,0.09431181,False,return_temp_c
2025-03-04 18:45:00,0.10266947,False,train,0.11630004,False,0.14846717,False,0.043241158,False,return_temp_c
2025-03-05 06:45:00,0.04896903,False,train,0.061467346,False,0.056025047,False,0.029414682,False,supply_temp_c
2025-03-05 18:45:00,0.086170286,False,train,0.091483474,False,0.1242897,False,0.042737693,False,return_temp_c
2025-03-06 06:45:00,0.1513972,False,train,0.11561971,False,0.2554686,False,0.08310333,False,return_temp_c
2025-03-06 18:45:00,0.17186081,False,train,0.14005813,False,0.29697227,False,0.078552015,False,return_temp_c
2025-03-07 06:45:00,0.12637115,False,train,0.117576145,False,0.23028,False,0.031257298,False,return_temp_c
2025-03-07 18:45:00,0.16925107,False,train,0.10541593,False,0.36683443,False,0.035502832,False,return_temp_c
2025-03-08 06:45:00,0.21091507,False,train,0.098950095,False,0.47283664,False,0.06095841,False,return_temp_c
2025-03-08 18:45:00,0.16922651,False,train,0.08742544,False,0.36681208,False,0.05344205,False,return_temp_c
2025-03-09 06:45:00,0.15755117,False,train,0.081877545,False,0.31519473,False,0.075581245,False,return_temp_c
2025-03-09 18:45:00,0.16550213,False,train,0.10568351,False,0.2745175,False,0.1163054,False,return_temp_c
2025-03-10 06:45:00,0.14959642,False,train,0.12321503,False,0.2477173,False,0.07785693,False,return_temp_c
2025-03-10 18:45:00,0.11145874,False,train,0.1097972,False,0.18023233,False,0.04434671,False,return_temp_c
2025-03-11 06:45:00,0.10814726,False,train,0.1094257,False,0.16089074,False,0.054125343,False,return_temp_c
2025-03-11 18:45:00,0.13071305,False,train,0.11264822,False,0.21395986,False,0.06553109,False,return_temp_c
2025-03-12 06:45:00,0.13187698,False,train,0.10720273,False,0.22586398,False,0.06256422,False,return_temp_c
2025-03-12 18:45:00,0.12342265,False,train,0.14336734,False,0.16577207,False,0.061128587,False,return_temp_c
2025-03-13 06:45:00,0.123358265,False,train,0.16577674,False,0.15580419,False,0.048493862,False,supply_temp_c
2025-03-13 18:45:00,0.11648578,False,train,0.15594192,False,0.16038865,False,0.033126753,False,return_temp_c
2025-03-14 06:45:00,0.10146059,False,train,0.14656979,False,0.12127262,False,0.036539357,False,supply_temp_c
2025-03-14 18:45:00,0.0822483,False,train,0.09332607,False,0.11593735,False,0.03748148,False,return_temp_c
2025-03-15 06:45:00,0.07603228,False,train,0.09713093,False,0.084436804,False,0.0465291,False,supply_temp_c
2025-03-15 18:45:00,0.089324936,False,train,0.110497415,False,0.09934333,False,0.05813408,False,supply_temp_c
2025-03-16 06:45:00,0.13527691,False,train,0.09559762,False,0.24603027,False,0.06420285,False,return_temp_c
2025-03-17 18:45:00,0.10635171,False,train,0.08166346,False,0.17001343,False,0.06737826,False,return_temp_c
2025-03-18 06:45:00,0.07934425,False,train,0.093708076,False,0.10414609,False,0.04017857,False,return_temp_c
2025-03-18 18:45:00,0.08418564,False,train,0.064020365,False,0.14109619,False,0.04744038,False,return_temp_c
2025-03-19 06:45:00,0.107004866,False,train,0.04928605,False,0.21880859,False,0.05291995,False,return_temp_c
2025-03-19 18:45:00,0.22941476,False,train,0.17850041,False,0.37027934,False,0.13946448,False,return_temp_c
2025-03-20 06:45:00,0.25034976,False,train,0.18863314,False,0.40407094,False,0.1583452,False,return_temp_c
2025-03-20 18:45:00,0.13794948,False,train,0.097760804,False,0.2725515,False,0.043536127,False,return_temp_c
2025-03-21 06:45:00,0.08085039,False,train,0.10630348,False,0.10701981,False,0.029227903,False,return_temp_c
2025-03-21 18:45:00,0.071332015,False,train,0.084326595,False,0.1011937,False,0.028475739,False,return_temp_c
2025-03-22 06:45:00,0.082959116,False,train,0.0993028,False,0.12386275,False,0.02571181,False,return_temp_c
2025-03-22 18:45:00,0.077368826,False,train,0.08764547,False,0.11326728,False,0.031193733,False,return_temp_c
2025-03-23 06:45:00,0.11094793,False,train,0.0825701,False,0.19838971,False,0.05188398,False,return_temp_c
2025-03-23 18:45:00,0.124867596,False,train,0.08849272,False,0.23655204,False,0.049558043,False,return_temp_c
2025-03-24 06:45:00,0.09293336,False,train,0.07218864,False,0.16491355,False,0.04169788,False,return_temp_c
2025-03-24 18:45:00,0.1196638,False,train,0.09130796,False,0.23375039,False,0.033933084,False,return_temp_c
2025-03-25 06:45:00,0.16936904,False,train,0.1475596,False,0.31753954,False,0.043007936,False,return_temp_c
2025-03-25 18:45:00,0.1341252,False,train,0.107489325,False,0.2566182,False,0.0382681,False,return_temp_c
2025-03-26 06:45:00,0.07788733,False,train,0.0815829,False,0.11600182,False,0.036077242,False,return_temp_c
2025-03-26 18:45:00,0.07633025,False,train,0.07519094,False,0.11784951,False,0.035950307,False,return_temp_c
2025-03-27 06:45:00,0.08401416,False,train,0.0702197,False,0.14555341,False,0.03626934,False,return_temp_c
2025-03-27 18:45:00,0.10825742,False,train,0.09286439,False,0.19720559,False,0.034702316,False,return_temp_c
2025-03-28 06:45:00,0.105769426,False,train,0.110015154,False,0.164766,False,0.04252711,False,return_temp_c
2025-03-28 18:45:00,0.083970755,False,train,0.08095176,False,0.14022069,False,0.030739812,False,return_temp_c
2025-03-29 06:45:00,0.08765023,False,train,0.054165866,False,0.16916399,False,0.039620828,False,return_temp_c
2025-03-29 18:45:00,0.11995753,False,train,0.07644225,False,0.22177945,False,0.061650857,False,return_temp_c
2025-03-30 06:45:00,0.12630029,False,train,0.1040413,False,0.20604531,False,0.068814285,False,return_temp_c
2025-03-30 18:45:00,0.12875275,False,train,0.09301347,False,0.24463761,False,0.048607152,False,return_temp_c
2025-03-31 06:45:00,0.14560479,False,train,0.07918333,False,0.30774942,False,0.049881577,False,return_temp_c
2025-03-31 18:45:00,0.16965073,False,train,0.08331137,False,0.36477652,False,0.060864348,False,return_temp_c
2025-04-01 06:45:00,0.16071565,False,train,0.10756287,False,0.32111207,False,0.053472023,False,return_temp_c
2025-04-01 18:45:00,0.107360244,False,train,0.09961318,False,0.19012453,False,0.032343026,False,return_temp_c
2025-04-02 06:45:00,0.12067922,False,train,0.14612313,False,0.15916438,False,0.056750137,False,return_temp_c
2025-04-02 18:45:00,0.13839012,False,train,0.14194347,False,0.21504195,False,0.05818494,False,return_temp_c
2025-04-03 06:45:00,0.10625222,False,train,0.09443752,False,0.18429577,False,0.04002337,False,return_temp_c
2025-04-03 18:45:00,0.12357945,False,train,0.08230611,False,0.24427068,False,0.044161577,False,return_temp_c
2025-04-04 06:45:00,0.12263535,False,train,0.062376935,False,0.26325122,False,0.042277873,False,return_temp_c
2025-04-04 18:45:00,0.10216547,False,train,0.052187607,False,0.21481532,False,0.03949349,False,return_temp_c
2025-04-05 06:45:00,0.10783926,False,train,0.07038862,False,0.21416925,False,0.03895994,False,return_temp_c
2025-04-05 18:45:00,0.12813196,False,train,0.063438155,False,0.26959458,False,0.05136323,False,return_temp_c
2025-04-06 06:45:00,0.1638509,False,train,0.066707015,False,0.35835496,False,0.0664908,False,return_temp_c
2025-04-06 18:45:00,0.15656094,False,train,0.07716701,False,0.3343308,False,0.058185026,False,return_temp_c
2025-04-07 06:45:00,0.20355676,False,train,0.080776714,False,0.4801698,False,0.049723804,False,return_temp_c
2025-04-07 18:45:00,0.22150876,False,train,0.10562346,False,0.50110143,False,0.05780129,False,return_temp_c
2025-04-08 06:45:00,0.21347438,False,train,0.10770741,False,0.46312523,False,0.06959052,False,return_temp_c
2025-04-08 18:45:00,0.200733,False,train,0.07641008,False,0.45993018,False,0.06585875,False,return_temp_c
2025-04-09 06:45:00,0.17013258,False,train,0.08990558,False,0.36999038,False,0.050501835,False,return_temp_c
2025-04-09 18:45:00,0.15781298,False,test,0.09310693,False,0.33754373,False,0.042788234,False,return_temp_c
2025-04-10 06:45:00,0.17197707,False,test,0.06897371,False,0.39605895,False,0.050898522,False,return_temp_c
2025-04-10 18:45:00,0.24878356,False,test,0.10407463,False,0.5797045,False,0.062571526,False,return_temp_c
2025-04-11 06:45:00,0.20582274,False,test,0.08363339,False,0.47030368,False,0.06353112,False,return_temp_c
2025-04-11 18:45:00,0.12185834,False,test,0.072582446,False,0.25073516,False,0.042257447,False,return_temp_c
2025-04-12 06:45:00,0.115435995,False,test,0.1082378,False,0.20145094,False,0.036619272,False,return_temp_c
2025-04-12 18:45:00,0.14339592,False,test,0.095568925,False,0.29588756,False,0.03873131,False,return_temp_c
2025-04-13 06:45:00,0.19126275,False,test,0.113734804,False,0.40043366,False,0.059619784,False,return_temp_c
2025-04-13 18:45:00,0.18908972,False,test,0.10045376,False,0.40507045,False,0.061744947,False,return_temp_c
2025-04-14 06:45:00,0.13956296,False,test,0.06968717,False,0.30374727,False,0.04525441,False,return_temp_c
2025-04-14 18:45:00,0.14373359,False,test,0.09362612,False,0.29688406,False,0.040690582,False,return_temp_c
2025-04-15 06:45:00,0.17007017,False,test,0.1173993,False,0.33776534,False,0.055045877,False,return_temp_c
2025-04-15 18:45:00,0.17010799,False,test,0.09757913,False,0.3464884,False,0.06625641,False,return_temp_c
2025-04-16 06:45:00,0.15971303,False,test,0.094462715,False,0.31161913,False,0.07305729,False,return_temp_c
2025-04-16 18:45:00,0.15820962,False,test,0.12312359,False,0.28786358,False,0.063641705,False,return_temp_c
2025-04-17 06:45:00,0.17227894,False,test,0.1545929,False,0.3002315,False,0.06201239,False,return_temp_c
2025-04-17 18:45:00,0.14848225,False,test,0.11221429,False,0.2882843,False,0.044948157,False,return_temp_c
2025-04-18 06:45:00,0.12452749,False,test,0.10808704,False,0.21961945,False,0.045875996,False,return_temp_c
2025-04-18 18:45:00,0.111150995,False,test,0.092514254,False,0.19904572,False,0.04189301,False,return_temp_c
2025-04-19 06:45:00,0.083256446,False,test,0.05999316,False,0.16859506,False,0.021181146,False,return_temp_c
2025-04-19 18:45:00,0.10731051,False,test,0.056182336,False,0.23468621,False,0.031062974,False,return_temp_c
2025-04-20 06:45:00,0.16243222,False,test,0.07743386,False,0.34085485,False,0.06900802,False,return_temp_c
2025-04-20 18:45:00,0.1704694,False,test,0.09920877,False,0.3459506,False,0.066248834,False,return_temp_c
2025-04-21 06:45:00,0.18772388,False,test,0.1054587,False,0.4006424,False,0.057070505,False,return_temp_c
2025-04-21 18:45:00,0.19201402,False,test,0.09712901,False,0.41735658,False,0.061556447,False,return_temp_c
2025-04-22 06:45:00,0.201901,False,test,0.07895291,False,0.44623244,False,0.08051761,False,return_temp_c
2025-04-22 18:45:00,0.18824716,False,test,0.06715969,False,0.42132363,False,0.07625812,False,return_temp_c
2025-04-23 06:45:00,0.18983811,False,test,0.06897894,False,0.4352819,False,0.06525349,False,return_temp_c
2025-04-23 18:45:00,0.16008854,False,test,0.07111457,False,0.35250974,False,0.05664131,False,return_temp_c
2025-04-24 06:45:00,0.18173133,False,test,0.12475318,False,0.36092374,False,0.059517127,False,return_temp_c
2025-04-24 18:45:00,0.22017989,False,test,0.14974333,False,0.45442924,False,0.056367066,False,return_temp_c
2025-04-25 06:45:00,0.18677038,False,test,0.14323284,False,0.35088274,False,0.066195495,False,return_temp_c
2025-04-25 18:45:00,0.19539462,False,test,0.13244379,False,0.37811944,False,0.0756207,False,return_temp_c
2025-04-26 06:45:00,0.21746114,False,test,0.17474149,False,0.39702192,False,0.08062003,False,return_temp_c
2025-04-26 18:45:00,0.19514617,False,test,0.18846692,False,0.32998464,False,0.06698697,False,return_temp_c
2025-04-27 06:45:00,0.17169674,False,test,0.18693163,False,0.25599787,False,0.07216074,False,return_temp_c
2025-04-29 06:45:00,0.21846415,False,test,0.11923644,False,0.45691124,False,0.07924478,False,return_temp_c
2025-04-29 18:45:00,0.26522872,False,test,0.14112706,False,0.5715178,False,0.08304129,False,return_temp_c
2025-04-30 06:45:00,0.20512651,False,test,0.12233136,False,0.40893927,False,0.08410895,False,return_temp_c
2025-04-30 18:45:00,0.1757819,False,test,0.117087044,False,0.33078074,False,0.07947792,False,return_temp_c
2025-05-01 06:45:00,0.23380338,False,test,0.1412939,False,0.48878598,False,0.07133022,False,return_temp_c
2025-05-01 18:45:00,0.19219573,False,test,0.12584236,False,0.38940468,False,0.061340142,False,return_temp_c
2025-05-02 06:45:00,0.10018163,False,test,0.08480925,False,0.1767749,False,0.03896075,False,return_temp_c
2025-05-02 18:45:00,0.10827157,False,test,0.08127269,False,0.20083003,False,0.042712,False,return_temp_c
2025-05-03 06:45:00,0.10333412,False,test,0.061722826,False,0.20852084,False,0.039758693,False,return_temp_c
2025-05-03 18:45:00,0.090560235,False,test,0.06878381,False,0.16660507,False,0.03629184,False,return_temp_c
2025-05-04 06:45:00,0.16352034,False,test,0.11936292,False,0.31663004,False,0.054568026,False,return_temp_c
2025-05-04 18:45:00,0.19757944,False,test,0.11785225,False,0.42128575,False,0.05360036,False,return_temp_c
2025-05-05 06:45:00,0.14572246,False,test,0.10016205,False,0.2829061,False,0.054099306,False,return_temp_c
2025-05-05 18:45:00,0.15061086,False,test,0.09427333,False,0.29641593,False,0.061143365,False,return_temp_c
2025-05-06 06:45:00,0.17504734,False,test,0.08784503,False,0.3861939,False,0.051103007,False,return_temp_c
2025-05-06 18:45:00,0.16790777,False,test,0.067503266,False,0.3872238,False,0.048996206,False,return_temp_c
2025-05-07 06:45:00,0.12409589,False,test,0.05995248,False,0.25980863,False,0.052526552,False,return_temp_c
2025-05-07 18:45:00,0.122208476,False,test,0.081920125,False,0.23457657,False,0.050128747,False,return_temp_c
2025-05-08 06:45:00,0.13690017,False,test,0.08089321,False,0.28364488,False,0.046162445,False,return_temp_c
2025-05-08 18:45:00,0.1397787,False,test,0.080823004,False,0.2842481,False,0.05426499,False,return_temp_c
2025-05-09 06:45:00,0.1422801,False,test,0.095876455,False,0.2896814,False,0.04128244,False,return_temp_c
2025-05-09 18:45:00,0.14494975,False,test,0.10626394,False,0.2724924,False,0.056092933,False,return_temp_c
2025-05-10 06:45:00,0.11406967,False,test,0.09890556,False,0.18340294,False,0.059900492,False,return_temp_c
2025-05-10 18:45:00,0.12053891,False,test,0.096912585,False,0.20504685,False,0.059657287,False,return_temp_c
2025-05-11 06:45:00,0.14363304,False,test,0.13608359,False,0.23529689,False,0.059518605,False,return_temp_c
2025-05-11 18:45:00,0.10931953,False,test,0.0948098,False,0.19173177,False,0.041417047,False,return_temp_c
2025-05-12 06:45:00,0.090587564,False,test,0.060907613,False,0.17312898,False,0.037726086,False,return_temp_c
2025-05-12 18:45:00,0.08188209,False,test,0.06447843,False,0.15933254,False,0.02183529,False,return_temp_c
2025-05-13 06:45:00,0.09753626,False,test,0.06569196,False,0.2001767,False,0.026740124,False,return_temp_c
2025-05-13 18:45:00,0.116553515,False,test,0.07215552,False,0.2464966,False,0.031008422,False,return_temp_c
2025-05-14 06:45:00,0.100190274,False,test,0.07366084,False,0.19842453,False,0.02848547,False,return_temp_c
2025-05-14 18:45:00,0.09669581,False,test,0.08269251,False,0.18307406,False,0.02432085,False,return_temp_c
2025-05-15 06:45:00,0.092878684,False,test,0.08736812,False,0.15913166,False,0.032136295,False,return_temp_c
2025-05-15 18:45:00,0.103390604,False,test,0.085107274,False,0.19084775,False,0.034216788,False,return_temp_c
2025-05-16 06:45:00,0.12273341,False,test,0.10560033,False,0.21739691,False,0.04520297,False,return_temp_c
2025-05-16 18:45:00,0.09301692,False,test,0.08665549,False,0.15652709,False,0.035868183,False,return_temp_c
2025-05-17 06:45:00,0.11777976,False,test,0.11086189,False,0.19960451,False,0.042872887,False,return_temp_c
2025-05-17 18:45:00,0.15140189,False,test,0.14069836,False,0.26662222,False,0.046885002,False,return_temp_c
2025-05-18 06:45:00,0.13256903,False,test,0.17154735,False,0.1833841,False,0.04277566,False,return_temp_c
2025-05-18 18:45:00,0.11288366,False,test,0.1464554,False,0.14498918,False,0.0472064,False,supply_temp_c
2025-05-19 06:45:00,0.11454116,False,test,0.09205195,False,0.16225718,False,0.08931434,False,return_temp_c
2025-05-19 18:45:00,0.12992647,False,test,0.091640435,False,0.22563483,False,0.072504126,False,return_temp_c
2025-05-20 06:45:00,0.15756856,False,test,0.102712125,False,0.2693082,False,0.10068535,False,return_temp_c
2025-05-20 18:45:00,0.18711488,False,test,0.12330448,False,0.32866824,False,0.10937192,False,return_temp_c
2025-05-21 06:45:00,0.25491756,False,test,0.18238027,False,0.5257947,False,0.056577638,False,return_temp_c
2025-05-21 18:45:00,0.25320742,False,test,0.16267146,False,0.5503158,False,0.046635013,False,return_temp_c
2025-05-22 06:45:00,0.17081487,False,test,0.12130023,False,0.30228347,False,0.08886089,False,return_temp_c
2025-05-22 18:45:00,0.15112238,False,test,0.09629006,False,0.2892702,False,0.06780683,False,return_temp_c
2025-05-23 06:45:00,0.15464558,False,test,0.08524115,False,0.3276634,False,0.05103216,False,return_temp_c
2025-05-23 18:45:00,0.12379876,False,test,0.07023615,False,0.2521941,False,0.048965972,False,return_temp_c
2025-05-24 06:45:00,0.09962299,False,test,0.083232865,False,0.16515402,False,0.05048207,False,return_temp_c
2025-05-24 18:45:00,0.13005984,False,test,0.11432379,False,0.21868616,False,0.05716956,False,return_temp_c
2025-05-25 06:45:00,0.13165528,False,test,0.119952984,False,0.21699609,False,0.058016762,False,return_temp_c
2025-05-25 18:45:00,0.12792914,False,test,0.15171753,False,0.17393099,False,0.05813885,False,return_temp_c
2025-05-26 06:45:00,0.16230962,False,test,0.12629296,False,0.19167572,False,0.1689602,False,return_temp_c
2025-05-26 18:45:00,0.18533963,False,test,0.12300334,False,0.27670303,False,0.15631254,False,return_temp_c
2025-05-27 06:45:00,0.18042894,False,test,0.14179023,False,0.33349147,False,0.06600515,False,return_temp_c
2025-05-27 18:45:00,0.18786037,False,test,0.14681706,False,0.3506136,False,0.06615041,False,return_temp_c
2025-05-28 06:45:00,0.112451285,False,test,0.09899181,False,0.19284643,False,0.045515668,False,return_temp_c
2025-05-28 18:45:00,0.06345612,False,test,0.091365,False,0.05565977,False,0.043343574,False,supply_temp_c
2025-05-29 06:45:00,0.068680726,False,test,0.07641328,False,0.08333781,False,0.04629107,False,return_temp_c
2025-05-29 18:45:00,0.056974947,False,test,0.06648739,False,0.0631685,False,0.041268963,False,supply_temp_c
2025-05-30 06:45:00,0.07127762,False,test,0.121447675,False,0.048899423,False,0.043485772,False,supply_temp_c
2025-05-30 18:45:00,0.08859286,False,test,0.14706813,False,0.07132656,False,0.047383863,False,supply_temp_c
2025-05-31 06:45:00,0.07205007,False,test,0.117640235,False,0.06383114,False,0.034678835,False,supply_temp_c
2025-05-31 18:45:00,0.07140628,False,test,0.10972682,False,0.08073562,False,0.0237564,False,supply_temp_c
2025-06-01 06:45:00,0.06387662,False,test,0.101443015,False,0.06488294,False,0.02530391,False,supply_temp_c
2025-06-01 18:45:00,0.06965458,False,test,0.10834071,False,0.07481682,False,0.025806196,False,supply_temp_c
2025-06-02 06:45:00,0.06693826,False,test,0.095517844,False,0.07599493,False,0.029302016,False,supply_temp_c
2025-06-02 18:45:00,0.0618336,False,test,0.07524388,False,0.075258866,False,0.034998056,False,return_temp_c
2025-06-03 06:45:00,0.071114324,False,test,0.08617435,False,0.09515344,False,0.03201519,False,return_temp_c
2025-06-03 18:45:00,0.06673237,False,test,0.10815779,False,0.07142673,False,0.020612583,False,supply_temp_c
2025-06-04 06:45:00,0.068493105,False,test,0.13627797,False,0.044757072,False,0.024444258,False,supply_temp_c
2025-06-04 18:45:00,0.07205958,False,test,0.14800219,False,0.046594232,False,0.021582313,False,supply_temp_c
2025-06-05 06:45:00,0.06822719,False,test,0.1399662,False,0.042820375,False,0.021894969,False,supply_temp_c
2025-06-05 18:45:00,0.06897512,False,test,0.11393746,False,0.07040745,False,0.022580417,False,supply_temp_c
2025-06-06 06:45:00,0.06950589,False,test,0.11271319,False,0.07139188,False,0.024412597,False,supply_temp_c
2025-06-06 18:45:00,0.068591654,False,test,0.110858046,False,0.05890544,False,0.036011476,False,supply_temp_c
2025-06-07 06:45:00,0.074063554,False,test,0.12985103,False,0.056921605,False,0.03541803,False,supply_temp_c
2025-06-07 18:45:00,0.06977747,False,test,0.11785724,False,0.066900484,False,0.024574665,False,supply_temp_c
2025-06-08 06:45:00,0.06324456,False,test,0.08886734,False,0.07291958,False,0.027946772,False,supply_temp_c
2025-06-08 18:45:00,0.061915353,False,test,0.11206791,False,0.047535922,False,0.02614223,False,supply_temp_c
2025-06-09 06:45:00,0.07654654,False,test,0.1328991,False,0.072545744,False,0.024194794,False,supply_temp_c
2025-06-09 18:45:00,0.09002193,False,test,0.15139726,False,0.08517649,False,0.033492047,False,supply_temp_c
2025-06-10 06:45:00,0.0727998,False,test,0.13148631,False,0.058507428,False,0.028405704,False,supply_temp_c
2025-06-10 18:45:00,0.0877557,False,test,0.14033453,False,0.070703365,False,0.052229214,False,supply_temp_c
2025-06-11 06:45:00,0.08633013,False,test,0.1578186,False,0.046765357,False,0.054406445,False,supply_temp_c
2025-06-11 18:45:00,0.06581029,False,test,0.13971163,False,0.037215825,False,0.02050343,False,supply_temp_c
2025-06-12 06:45:00,0.07986429,False,test,0.14882787,False,0.065561436,False,0.025203556,False,supply_temp_c
2025-06-12 18:45:00,0.07320151,False,test,0.1268814,False,0.069336385,False,0.023386717,False,supply_temp_c
2025-06-13 06:45:00,0.078689374,False,test,0.13290466,False,0.08098384,False,0.022179646,False,supply_temp_c
2025-06-13 18:45:00,0.09698478,False,test,0.1460258,False,0.11461803,False,0.030310519,False,supply_temp_c
2025-06-14 06:45:00,0.087614164,False,test,0.1347994,False,0.101398915,False,0.026644198,False,supply_temp_c
2025-06-14 18:45:00,0.07755411,False,test,0.1266858,False,0.083135754,False,0.022840763,False,supply_temp_c
2025-06-15 06:45:00,0.062374618,False,test,0.11062644,False,0.055215016,False,0.021282395,False,supply_temp_c
2025-06-15 18:45:00,0.060183372,False,test,0.11925495,False,0.04294155,False,0.018353613,False,supply_temp_c
2025-06-16 06:45:00,0.067457944,False,test,0.15170537,False,0.03130645,False,0.019361988,False,supply_temp_c
2025-06-16 18:45:00,0.06469841,False,test,0.13527478,False,0.03805706,False,0.020763388,False,supply_temp_c
2025-06-17 06:45:00,0.04278545,False,test,0.073219396,False,0.03797796,False,0.01715899,False,supply_temp_c
2025-06-17 18:45:00,0.06136993,False,test,0.112956144,False,0.050085265,False,0.021068351,False,supply_temp_c
2025-06-18 06:45:00,0.06875869,False,test,0.12826402,False,0.053281527,False,0.02473052,False,supply_temp_c
2025-06-18 18:45:00,0.057459667,False,test,0.08883577,False,0.05069835,False,0.03284489,False,supply_temp_c
2025-06-19 06:45:00,0.0546749,False,test,0.06995181,False,0.057403147,False,0.036669746,False,supply_temp_c
2025-06-19 18:45:00,0.05966395,False,test,0.07661198,False,0.06770548,False,0.03467441,False,supply_temp_c
2025-06-20 06:45:00,0.07109187,False,test,0.071929775,False,0.07191709,False,0.06942874,False,supply_temp_c
2025-06-20 18:45:00,0.081958376,False,test,0.06991631,False,0.080543004,False,0.09541581,False,derived_flow_kg_s
2025-06-21 06:45:00,0.07934123,False,test,0.07682242,False,0.088476084,False,0.072725184,False,return_temp_c
2025-06-21 18:45:00,0.07783735,False,test,0.08080551,False,0.07808273,False,0.074623786,False,supply_temp_c
2025-06-22 06:45:00,0.08155543,False,test,0.08426594,False,0.0868398,False,0.07356056,False,return_temp_c
2025-06-22 18:45:00,0.10494142,False,test,0.08299207,False,0.16690882,False,0.064923376,False,return_temp_c
2025-06-23 06:45:00,0.10376373,False,test,0.07197898,False,0.17617606,False,0.06313614,False,return_temp_c
2025-06-23 18:45:00,0.06341717,False,test,0.043454748,False,0.07803869,False,0.06875806,False,return_temp_c
2025-06-24 06:45:00,0.08204535,False,test,0.06830644,False,0.09684225,False,0.08098731,False,return_temp_c
2025-06-24 18:45:00,0.06892033,False,test,0.074176274,False,0.07122126,False,0.061363447,False,supply_temp_c
2025-06-25 06:45:00,0.051702756,False,test,0.053562928,False,0.06014056,False,0.041404776,False,return_temp_c
2025-06-25 18:45:00,0.053907767,False,test,0.042959314,False,0.07726733,False,0.04149664,False,return_temp_c
2025-06-26 06:45:00,0.055739027,False,test,0.04226687,False,0.08545364,False,0.039496552,False,return_temp_c
2025-06-26 18:45:00,0.050624594,False,test,0.04332075,False,0.07498292,False,0.033570126,False,return_temp_c
2025-06-27 06:45:00,0.05572559,False,test,0.043966085,False,0.083628595,False,0.039582085,False,return_temp_c
2025-06-27 18:45:00,0.05307356,False,test,0.050516948,False,0.067708686,False,0.04099504,False,return_temp_c
2025-06-28 06:45:00,0.060767967,False,test,0.07490166,False,0.06468533,False,0.04271693,False,supply_temp_c
2025-06-28 18:45:00,0.05581333,False,test,0.06704063,False,0.06250445,False,0.03789492,False,supply_temp_c
2025-06-29 06:45:00,0.049869884,False,test,0.0588923,False,0.057294358,False,0.03342301,False,supply_temp_c
2025-06-29 18:45:00,0.04720714,False,test,0.066129334,False,0.047640488,False,0.027851589,False,supply_temp_c
2025-06-30 06:45:00,0.041520722,False,test,0.05418733,False,0.04872336,False,0.021651475,False,supply_temp_c
2025-06-30 18:45:00,0.0663552,False,test,0.08512037,False,0.0697021,False,0.044243157,False,supply_temp_c
2025-07-01 06:45:00,0.123475365,False,test,0.1304478,False,0.112433106,False,0.12754516,False,supply_temp_c
2025-07-01 18:45:00,0.13153204,False,test,0.16643967,False,0.10022884,False,0.12792762,False,supply_temp_c
2025-07-02 06:45:00,0.12727864,False,test,0.21841347,False,0.078713425,False,0.084709026,False,supply_temp_c
2025-07-02 18:45:00,0.13197714,False,test,0.22012681,False,0.08525285,False,0.09055176,False,supply_temp_c
2025-07-03 06:45:00,0.08585099,False,test,0.12441046,False,0.07205546,False,0.061087053,False,supply_temp_c
2025-07-03 18:45:00,0.053770516,False,test,0.062976114,False,0.06469134,False,0.03364409,False,return_temp_c
2025-07-04 06:45:00,0.052300196,False,test,0.06892138,False,0.060493305,False,0.027485924,False,supply_temp_c
2025-07-04 18:45:00,0.060767785,False,test,0.103872836,False,0.052752305,False,0.025678193,False,supply_temp_c
2025-07-05 06:45:00,0.058018446,False,test,0.10265369,False,0.051688757,False,0.019712882,False,supply_temp_c
2025-07-05 18:45:00,0.05730343,False,test,0.090939164,False,0.058355626,False,0.0226155,False,supply_temp_c
2025-07-06 06:45:00,0.058224015,False,test,0.10135672,False,0.048815936,False,0.024499377,False,supply_temp_c
2025-07-06 18:45:00,0.07159865,False,test,0.091003925,False,0.087726854,False,0.036065184,False,supply_temp_c
2025-07-07 06:45:00,0.059463125,False,test,0.045643296,False,0.09190869,False,0.04083738,False,return_temp_c
2025-07-07 18:45:00,0.055409297,False,test,0.056557547,False,0.08160818,False,0.028062165,False,return_temp_c
2025-07-08 06:45:00,0.10581925,False,test,0.120931804,False,0.14591573,False,0.050610214,False,return_temp_c
2025-07-08 18:45:00,0.11607763,False,test,0.11414489,False,0.18657143,False,0.047516573,False,return_temp_c
2025-07-09 06:45:00,0.0763745,False,test,0.07763523,False,0.13070951,False,0.020778764,False,return_temp_c
2025-07-09 18:45:00,0.06897289,False,test,0.101200365,False,0.06445805,False,0.04126026,False,supply_temp_c
2025-07-10 06:45:00,0.12236444,False,test,0.18499397,False,0.09254393,False,0.08955544,False,supply_temp_c
2025-07-10 18:45:00,0.15984946,False,test,0.2659605,False,0.09208843,False,0.12149941,False,supply_temp_c
2025-07-11 06:45:00,0.15855347,False,test,0.26531884,False,0.09139323,False,0.11894832,False,supply_temp_c
2025-07-11 18:45:00,0.15790708,False,test,0.26484385,False,0.09099425,False,0.11788317,False,supply_temp_c
2025-07-12 06:45:00,0.15416124,False,test,0.25764504,False,0.09006366,False,0.11477506,False,supply_temp_c
2025-07-12 18:45:00,0.15220155,False,test,0.25764853,False,0.087703444,False,0.11125264,False,supply_temp_c
2025-07-13 06:45:00,0.15350193,False,test,0.26128313,False,0.087012656,False,0.11221003,False,supply_temp_c
2025-07-13 18:45:00,0.15307873,False,test,0.26041386,False,0.08628092,False,0.112541415,False,supply_temp_c
2025-07-14 06:45:00,0.15094553,False,test,0.25664413,False,0.08619457,False,0.10999789,False,supply_temp_c
2025-07-14 18:45:00,0.14941433,False,test,0.2559792,False,0.08505342,False,0.10721036,False,supply_temp_c
2025-07-15 06:45:00,0.15128548,False,test,0.25872087,False,0.08519995,False,0.10993566,False,supply_temp_c
