file,sheet,column,dtype,non_null_rows,missing_rows,missing_pct,is_numeric,candidate_categories,matched_keywords,datetime_min,datetime_max,inferred_time_step,sample_values
D:\Downloads\KTH\Masters Thesis\thesis-heat-detection\Data\Abat Oliba Building\Abat_Oliba\Abat_Oliba_Data.xlsx,START Page,Unnamed: 0,str,2,42,0.9545,False,,,,,,"In this file, it can be found: | For each area, schematic representation is available to understand better each parameter"
D:\Downloads\KTH\Masters Thesis\thesis-heat-detection\Data\Abat Oliba Building\Abat_Oliba\Abat_Oliba_Data.xlsx,START Page,Unnamed: 1,str,8,36,0.8182,False,,,,,,- DC internal temperatures | - DH internal temperatures | - Ground floor parameters | - First floor parameters | -DHW temperatures
D:\Downloads\KTH\Masters Thesis\thesis-heat-detection\Data\Abat Oliba Building\Abat_Oliba\Abat_Oliba_Data.xlsx,START Page,Unnamed: 2,str,6,38,0.8636,False,,,,,,DC Internal Temp | DH Internal Temperatures | Ground floor | First floor | DHW temperatures
D:\Downloads\KTH\Masters Thesis\thesis-heat-detection\Data\Abat Oliba Building\Abat_Oliba\Abat_Oliba_Data.xlsx,START Page,Unnamed: 3,str,34,10,0.2273,False,,,,,,Type | Temperature | Temperature | Temperature | Temperature
D:\Downloads\KTH\Masters Thesis\thesis-heat-detection\Data\Abat Oliba Building\Abat_Oliba\Abat_Oliba_Data.xlsx,START Page,Unnamed: 4,str,34,10,0.2273,False,,,,,,Name | Supply Temperature | Return Temperature | T Sortida Besc Primari | T Sortida Besc ACS
D:\Downloads\KTH\Masters Thesis\thesis-heat-detection\Data\Abat Oliba Building\Abat_Oliba\Abat_Oliba_Data.xlsx,START Page,Unnamed: 5,str,34,10,0.2273,False,,,,,,Document Tab | DC internal Temperatures | DC internal Temperatures | DH internal Temperatures | DH internal Temperatures
D:\Downloads\KTH\Masters Thesis\thesis-heat-detection\Data\Abat Oliba Building\Abat_Oliba\Abat_Oliba_Data.xlsx,START Page,Unnamed: 6,str,34,10,0.2273,False,,,,,,Path | /Montserrat ASP Abat Oliba Produccio/Applications/Potencia SubEstacio Fred/Logs/Supply Temperature | /Montserrat ASP Abat Oliba Produccio/Applications/Potencia SubEstacio Fred/Logs/Return Temperature | /Montserrat ASP Abat Oliba Produccio/Applications/Potencia SubEstacio Calor/Logs/T Sortida Besc Primari | /Montserrat ASP Abat Oliba Produccio/Applications/Potencia SubEstacio Calor/Logs/T Sortida Besc ACS
D:\Downloads\KTH\Masters Thesis\thesis-heat-detection\Data\Abat Oliba Building\Abat_Oliba\Abat_Oliba_Data.xlsx,START Page,Unnamed: 7,str,34,10,0.2273,False,,,,,,Timeframe | from 18/12/2020 - up today | from 18/12/2020 - up today | from 15/10/2023 - up today | from 15/10/2023 - up today
D:\Downloads\KTH\Masters Thesis\thesis-heat-detection\Data\Abat Oliba Building\Abat_Oliba\Abat_Oliba_Data.xlsx,START Page,Unnamed: 8,str,34,10,0.2273,False,,,,,,Data sampling  | 15 min | 15 min | 15 min | 15 min
D:\Downloads\KTH\Masters Thesis\thesis-heat-detection\Data\Abat Oliba Building\Abat_Oliba\Abat_Oliba_Data.xlsx,START Page,Unnamed: 9,str,34,10,0.2273,False,,,,,,Status | ok  | ok  | ok  | ok 
D:\Downloads\KTH\Masters Thesis\thesis-heat-detection\Data\Abat Oliba Building\Abat_Oliba\Abat_Oliba_Data.xlsx,START Page,Unnamed: 10,str,1,43,0.9773,False,,,,,,Comments
D:\Downloads\KTH\Masters Thesis\thesis-heat-detection\Data\Abat Oliba Building\Abat_Oliba\Abat_Oliba_Data.xlsx,DC Internal Temperatures,Unnamed: 0,str,4973,27,0.0054,False,,,,,,Time stamp | 06/02/2025 15:15:00 | 06/02/2025 15:00:00 | 06/02/2025 14:45:00 | 06/02/2025 14:30:00
D:\Downloads\KTH\Masters Thesis\thesis-heat-detection\Data\Abat Oliba Building\Abat_Oliba\Abat_Oliba_Data.xlsx,DC Internal Temperatures,Unnamed: 1,object,4973,27,0.0054,False,,,,,,Return Temperature | 24.25 | 24.25 | 24.25 | 24.25
D:\Downloads\KTH\Masters Thesis\thesis-heat-detection\Data\Abat Oliba Building\Abat_Oliba\Abat_Oliba_Data.xlsx,DC Internal Temperatures,Unnamed: 2,object,4973,27,0.0054,False,,,,,,Supply Temperature | 23.670000076293945 | 23.670000076293945 | 23.670000076293945 | 23.670000076293945
D:\Downloads\KTH\Masters Thesis\thesis-heat-detection\Data\Abat Oliba Building\Abat_Oliba\Abat_Oliba_Data.xlsx,DH Internal Temperatures,Unnamed: 0,str,4973,27,0.0054,False,,,,,,Time stamp | 06/02/2025 15:06:47 | 06/02/2025 14:51:47 | 06/02/2025 14:36:47 | 06/02/2025 14:21:47
D:\Downloads\KTH\Masters Thesis\thesis-heat-detection\Data\Abat Oliba Building\Abat_Oliba\Abat_Oliba_Data.xlsx,DH Internal Temperatures,Unnamed: 1,object,4973,27,0.0054,False,,,,,,T In Heat Exchanger DHW | 75.41000366210938 | 76.58000183105469 | 77.45999908447266 | 72.25
D:\Downloads\KTH\Masters Thesis\thesis-heat-detection\Data\Abat Oliba Building\Abat_Oliba\Abat_Oliba_Data.xlsx,DH Internal Temperatures,Unnamed: 2,object,4973,27,0.0054,False,,,,,,T In Primary Heat Exchanger | 65.9800033569336 | 49.63999938964844 | 70.88999938964844 | 48.349998474121094
D:\Downloads\KTH\Masters Thesis\thesis-heat-detection\Data\Abat Oliba Building\Abat_Oliba\Abat_Oliba_Data.xlsx,DH Internal Temperatures,Unnamed: 3,object,4973,27,0.0054,False,,,,,,T External | 7.5 | 7.449999809265137 | 7.449999809265137 | 7.329999923706055
D:\Downloads\KTH\Masters Thesis\thesis-heat-detection\Data\Abat Oliba Building\Abat_Oliba\Abat_Oliba_Data.xlsx,DH Internal Temperatures,Unnamed: 4,object,4973,27,0.0054,False,,,,,,T Imp Climatization circuit | 30.3700008392334 | 29.93000030517578 | 30.420000076293945 | 31.510000228881836
D:\Downloads\KTH\Masters Thesis\thesis-heat-detection\Data\Abat Oliba Building\Abat_Oliba\Abat_Oliba_Data.xlsx,DH Internal Temperatures,Unnamed: 5,object,4973,27,0.0054,False,,,,,,T Imp Radiators Circuit | 32.720001220703125 | 32.689998626708984 | 32.65999984741211 | 32.65999984741211
D:\Downloads\KTH\Masters Thesis\thesis-heat-detection\Data\Abat Oliba Building\Abat_Oliba\Abat_Oliba_Data.xlsx,DH Internal Temperatures,Unnamed: 6,object,4973,27,0.0054,False,,,,,,T Out Heat Exchanger DHW | 66.68000030517578 | 74.0199966430664 | 71.51000213623047 | 62.66999816894531
D:\Downloads\KTH\Masters Thesis\thesis-heat-detection\Data\Abat Oliba Building\Abat_Oliba\Abat_Oliba_Data.xlsx,DH Internal Temperatures,Unnamed: 7,object,4973,27,0.0054,False,,,,,,T Out Primary Heat Exchanger | 79.36000061035156 | 78.95999908447266 | 79.36000061035156 | 73.98999786376953
D:\Downloads\KTH\Masters Thesis\thesis-heat-detection\Data\Abat Oliba Building\Abat_Oliba\Abat_Oliba_Data.xlsx,Ground floor,Unnamed: 0,str,4970,30,0.006,False,,,,,,Time stamp | 06/02/2025 15:21:34 | 06/02/2025 15:15:00 | 06/02/2025 15:06:34 | 06/02/2025 15:00:00
D:\Downloads\KTH\Masters Thesis\thesis-heat-detection\Data\Abat Oliba Building\Abat_Oliba\Abat_Oliba_Data.xlsx,Ground floor,Unnamed: 1,object,4970,30,0.006,False,,,,,,Air quality [ppm] | 427.6000061035156 | 427.6000061035156 | 432.0000305175781 | 432.0000305175781
D:\Downloads\KTH\Masters Thesis\thesis-heat-detection\Data\Abat Oliba Building\Abat_Oliba\Abat_Oliba_Data.xlsx,Ground floor,Unnamed: 2,object,4970,30,0.006,False,,,,,,Outdoor Temperature | 7.590000152587891 | 7.590000152587891 | 7.5 | 7.5
D:\Downloads\KTH\Masters Thesis\thesis-heat-detection\Data\Abat Oliba Building\Abat_Oliba\Abat_Oliba_Data.xlsx,Ground floor,Unnamed: 3,object,4970,30,0.006,False,,,,,,Humidity | 73.70999908447266 | 72.94999694824219 | 72.94999694824219 | 73.3499984741211
D:\Downloads\KTH\Masters Thesis\thesis-heat-detection\Data\Abat Oliba Building\Abat_Oliba\Abat_Oliba_Data.xlsx,Ground floor,Unnamed: 4,object,4970,30,0.006,False,,,,,,Return Temperature | 6.46999979019165 | 6.46999979019165 | 6.210000038146973 | 6.210000038146973
D:\Downloads\KTH\Masters Thesis\thesis-heat-detection\Data\Abat Oliba Building\Abat_Oliba\Abat_Oliba_Data.xlsx,Ground floor,Unnamed: 5,object,4970,30,0.006,False,,,,,,Room Temperature | 9.8 | 9.8 | 9.8 | 9.8
D:\Downloads\KTH\Masters Thesis\thesis-heat-detection\Data\Abat Oliba Building\Abat_Oliba\Abat_Oliba_Data.xlsx,Ground floor,Unnamed: 6,object,4970,30,0.006,False,,,,,,SetPoint Temp Cool | 24.700000000000003 | 24.700000000000003 | 24.700000000000003 | 24.700000000000003
D:\Downloads\KTH\Masters Thesis\thesis-heat-detection\Data\Abat Oliba Building\Abat_Oliba\Abat_Oliba_Data.xlsx,Ground floor,Unnamed: 7,object,4970,30,0.006,False,,,,,,SetPoint Temp Heat | 20 | 20 | 20 | 20
D:\Downloads\KTH\Masters Thesis\thesis-heat-detection\Data\Abat Oliba Building\Abat_Oliba\Abat_Oliba_Data.xlsx,Ground floor,Unnamed: 8,object,4970,30,0.006,False,,,,,,Supply Temperature | 6.25 | 6.25 | 6.210000038146973 | 6.210000038146973
D:\Downloads\KTH\Masters Thesis\thesis-heat-detection\Data\Abat Oliba Building\Abat_Oliba\Abat_Oliba_Data.xlsx,First floor,Unnamed: 0,str,4970,30,0.006,False,,,,,,Time stamp | 06/02/2025 15:21:34 | 06/02/2025 15:15:00 | 06/02/2025 15:06:34 | 06/02/2025 15:00:00
D:\Downloads\KTH\Masters Thesis\thesis-heat-detection\Data\Abat Oliba Building\Abat_Oliba\Abat_Oliba_Data.xlsx,First floor,Unnamed: 1,object,4970,30,0.006,False,,,,,,Air quality [ppm] | 427.1999816894531 | 427.1999816894531 | 431 | 431
D:\Downloads\KTH\Masters Thesis\thesis-heat-detection\Data\Abat Oliba Building\Abat_Oliba\Abat_Oliba_Data.xlsx,First floor,Unnamed: 2,object,4970,30,0.006,False,,,,,,Outdoor Temperature | 7.590000152587891 | 7.590000152587891 | 7.5 | 7.5
D:\Downloads\KTH\Masters Thesis\thesis-heat-detection\Data\Abat Oliba Building\Abat_Oliba\Abat_Oliba_Data.xlsx,First floor,Unnamed: 3,object,4970,30,0.006,False,,,,,,Humidity | 74.33999633789062 | 74.0999984741211 | 74.0999984741211 | 73.7699966430664
D:\Downloads\KTH\Masters Thesis\thesis-heat-detection\Data\Abat Oliba Building\Abat_Oliba\Abat_Oliba_Data.xlsx,First floor,Unnamed: 4,object,4970,30,0.006,False,,,,,,Return Temperature | 6.039999961853027 | 6.039999961853027 | 6.130000114440918 | 6.130000114440918
D:\Downloads\KTH\Masters Thesis\thesis-heat-detection\Data\Abat Oliba Building\Abat_Oliba\Abat_Oliba_Data.xlsx,First floor,Unnamed: 5,object,4970,30,0.006,False,,,,,,Room Temperature | 9.700000000000001 | 9.700000000000001 | 9.700000000000001 | 9.700000000000001
D:\Downloads\KTH\Masters Thesis\thesis-heat-detection\Data\Abat Oliba Building\Abat_Oliba\Abat_Oliba_Data.xlsx,First floor,Unnamed: 6,object,4970,30,0.006,False,,,,,,SetPoint Temp Cool | 23.700000000000003 | 23.700000000000003 | 23.700000000000003 | 23.700000000000003
D:\Downloads\KTH\Masters Thesis\thesis-heat-detection\Data\Abat Oliba Building\Abat_Oliba\Abat_Oliba_Data.xlsx,First floor,Unnamed: 7,object,4970,30,0.006,False,,,,,,SetPoint Temp Heat | 22 | 22 | 22 | 22
D:\Downloads\KTH\Masters Thesis\thesis-heat-detection\Data\Abat Oliba Building\Abat_Oliba\Abat_Oliba_Data.xlsx,First floor,Unnamed: 8,object,4970,30,0.006,False,,,,,,Supply Temperature | 6.590000152587891 | 6.590000152587891 | 6.53000020980835 | 6.53000020980835
D:\Downloads\KTH\Masters Thesis\thesis-heat-detection\Data\Abat Oliba Building\Abat_Oliba\Abat_Oliba_Data.xlsx,DHW temperatures,Unnamed: 0,str,4971,29,0.0058,False,,,,,,Time stamp | 06/02/2025 16:06:47 | 06/02/2025 15:51:47 | 06/02/2025 15:36:47 | 06/02/2025 15:21:47
D:\Downloads\KTH\Masters Thesis\thesis-heat-detection\Data\Abat Oliba Building\Abat_Oliba\Abat_Oliba_Data.xlsx,DHW temperatures,Unnamed: 1,object,4971,29,0.0058,False,,,,,,Temperature tank 1 DHW rooms | 62.209999084472656 | 62.25 | 61.08000183105469 | 61.41999816894531
D:\Downloads\KTH\Masters Thesis\thesis-heat-detection\Data\Abat Oliba Building\Abat_Oliba\Abat_Oliba_Data.xlsx,DHW temperatures,Unnamed: 2,object,4971,29,0.0058,False,,,,,,Temperature tank 2 DHW rooms | 68.44999694824219 | 68.43000030517578 | 68.11000061035156 | 68.19999694824219
D:\Downloads\KTH\Masters Thesis\thesis-heat-detection\Data\Abat Oliba Building\Abat_Oliba\Abat_Oliba_Data.xlsx,DHW temperatures,Unnamed: 3,object,4971,29,0.0058,False,,,,,,Temperature tank 3 DHW kitchen | 62.34000015258789 | 62.900001525878906 | 63.31999969482422 | 64.26000213623047
D:\Downloads\KTH\Masters Thesis\thesis-heat-detection\Data\Abat Oliba Building\Abat_Oliba\Abat_Oliba_Data.xlsx,DHW temperatures,Unnamed: 4,object,4971,29,0.0058,False,,,,,,Outdoor temperature | 7.609999656677246 | 7.670000076293945 | 7.590000152587891 | 7.529999732971191
D:\Downloads\KTH\Masters Thesis\thesis-heat-detection\Data\Abat Oliba Building\Abat_Oliba\Abat_Oliba_Data.xlsx,DHW temperatures,Unnamed: 5,object,4971,29,0.0058,False,,,,,,Supply temperature DHW Rooms | 64.51000213623047 | 65.08999633789062 | 64.05000305175781 | 64.19999694824219
D:\Downloads\KTH\Masters Thesis\thesis-heat-detection\Data\Abat Oliba Building\Abat_Oliba\Abat_Oliba_Data.xlsx,DHW temperatures,Unnamed: 6,object,4971,29,0.0058,False,,,,,,Return temperature DHW Kitchen | 59.27000045776367 | 59.650001525878906 | 59.5099983215332 | 58.7400016784668
D:\Downloads\KTH\Masters Thesis\thesis-heat-detection\Data\Abat Oliba Building\Abat_Oliba\Abat_Oliba_Data.xlsx,DHW temperatures,Unnamed: 7,object,4971,29,0.0058,False,,,,,,Return temperature DHW Rooms | 61.470001220703125 | 60.9900016784668 | 60.970001220703125 | 61.099998474121094
D:\Downloads\KTH\Masters Thesis\thesis-heat-detection\Data\Abat Oliba Building\Abat_Oliba\Abat_Oliba_Data.xlsx,Outdoor humidity,Time stamp,str,5000,0,0.0,False,timestamp_candidate,time,2024-12-16T14:00:00,2025-02-06T16:00:00,0 days 00:15:00,06/02/2025 16:00:00 | 06/02/2025 15:45:00 | 06/02/2025 15:30:00 | 06/02/2025 15:15:00 | 06/02/2025 15:00:00
D:\Downloads\KTH\Masters Thesis\thesis-heat-detection\Data\Abat Oliba Building\Abat_Oliba\Abat_Oliba_Data.xlsx,Outdoor humidity,Outdoor Humidity,float64,5000,0,0.0,True,,,,,,70.3800048828125 | 70.05000305175781 | 70.30000305175781 | 70.08000183105469 | 69.75999450683594
D:\Downloads\KTH\Masters Thesis\thesis-heat-detection\Data\DHC network\data\District Heating_updated_16_07_2025_1.xlsx,INFO,Unnamed: 0,str,4,31,0.8857,False,,,,,,"In this folder information regarding the power, suply and return temperature for each generation plant and each building |  is available, except otherwise stated in the comments. | Also, information regarding the pipes and pumps can be found in the files Montserrat_Heat_2024. There is a .dwg |  file and .pdf file with the same information."
D:\Downloads\KTH\Masters Thesis\thesis-heat-detection\Data\DHC network\data\District Heating_updated_16_07_2025_1.xlsx,INFO,Unnamed: 1,str,2,33,0.9429,False,,,,,,Area | District heating 
D:\Downloads\KTH\Masters Thesis\thesis-heat-detection\Data\DHC network\data\District Heating_updated_16_07_2025_1.xlsx,INFO,Unnamed: 2,float64,0,35,1.0,True,,,,,,
D:\Downloads\KTH\Masters Thesis\thesis-heat-detection\Data\DHC network\data\District Heating_updated_16_07_2025_1.xlsx,INFO,Unnamed: 3,str,15,20,0.5714,False,,,,,,File name | prod_bm | prod_gas_hostatgeria | cons_abat_cisneros | cons_abat_garriga
D:\Downloads\KTH\Masters Thesis\thesis-heat-detection\Data\DHC network\data\District Heating_updated_16_07_2025_1.xlsx,INFO,Unnamed: 4,str,15,20,0.5714,False,,,,,,Content | Power and suply and return temperature for the Biomass generation | Power and suply and return temperature for the gas generation | Power and suply and return temperature for the Abat Cisneros/Venerable consumption | Power and suply and return temperature for the Abat Garriga consumption
D:\Downloads\KTH\Masters Thesis\thesis-heat-detection\Data\DHC network\data\District Heating_updated_16_07_2025_1.xlsx,INFO,Unnamed: 5,str,29,6,0.1714,False,,,,,,Information | Power | Temperatures | Power | Temperatures
D:\Downloads\KTH\Masters Thesis\thesis-heat-detection\Data\DHC network\data\District Heating_updated_16_07_2025_1.xlsx,INFO,Unnamed: 6,object,28,7,0.2,False,,,,,,Timeframe  | 2024-05-01 00:00:00 | 27/11/2023 | 2024-03-01 00:00:00 | 2022-09-01 00:00:00
D:\Downloads\KTH\Masters Thesis\thesis-heat-detection\Data\DHC network\data\District Heating_updated_16_07_2025_1.xlsx,INFO,Unnamed: 7,datetime64[us],27,8,0.2286,False,,,2025-06-02T00:00:00,2025-06-02T00:00:00,,2025-06-02 00:00:00 | 2025-06-02 00:00:00 | 2025-06-02 00:00:00 | 2025-06-02 00:00:00 | 2025-06-02 00:00:00
D:\Downloads\KTH\Masters Thesis\thesis-heat-detection\Data\DHC network\data\District Heating_updated_16_07_2025_1.xlsx,INFO,Unnamed: 8,str,29,6,0.1714,False,,,,,,Status | ok  | ok  | ok  | ok 
D:\Downloads\KTH\Masters Thesis\thesis-heat-detection\Data\DHC network\data\District Heating_updated_16_07_2025_1.xlsx,INFO,Unnamed: 9,str,2,33,0.9429,False,,,,,,Comments | The only data available is the accumulated energy consumed. An extra column has been created in order to calculate the energy consumed per slot time. 
D:\Downloads\KTH\Masters Thesis\thesis-heat-detection\Data\DHC network\data\District Heating_updated_16_07_2025_1.xlsx,prod_bm,Time stamp,str,5000,0,0.0,False,timestamp_candidate,time,2025-07-06T01:36:57,2025-07-16T11:26:57,0 days 00:05:00,16/07/2025 11:26:57 | 16/07/2025 11:24:15 | 16/07/2025 11:23:56 | 16/07/2025 11:21:57 | 16/07/2025 11:16:57
D:\Downloads\KTH\Masters Thesis\thesis-heat-detection\Data\DHC network\data\District Heating_updated_16_07_2025_1.xlsx,prod_bm,Power Interval Trend Log,object,5000,0,0.0,False,power_or_energy_candidate;return_temperature_candidate,power;tr,,,,0 | 0 | 0 | 0 | 0
D:\Downloads\KTH\Masters Thesis\thesis-heat-detection\Data\DHC network\data\District Heating_updated_16_07_2025_1.xlsx,prod_bm,Return Temperature Interval Trend Log,object,5000,0,0.0,False,return_temperature_candidate,ret;return;tr,,,,60 | 60 | 60.02000045776367 | 60.02000045776367 | 60.02000045776367
D:\Downloads\KTH\Masters Thesis\thesis-heat-detection\Data\DHC network\data\District Heating_updated_16_07_2025_1.xlsx,prod_bm,Supply Temperature Interval Trend Log,object,5000,0,0.0,False,return_temperature_candidate;supply_temperature_candidate,sup;supply;tr,,,,64.3499984741211 | 64.3499984741211 | 64.3499984741211 | 64.23999786376953 | 64.23999786376953
D:\Downloads\KTH\Masters Thesis\thesis-heat-detection\Data\DHC network\data\District Heating_updated_16_07_2025_1.xlsx,bm_02,Time stamp,str,5000,0,0.0,False,timestamp_candidate,time,2025-07-06T01:38:56,2025-07-16T11:31:57,0 days 00:05:00,16/07/2025 11:31:57 | 16/07/2025 11:26:57 | 16/07/2025 11:24:15 | 16/07/2025 11:23:56 | 16/07/2025 11:21:57
D:\Downloads\KTH\Masters Thesis\thesis-heat-detection\Data\DHC network\data\District Heating_updated_16_07_2025_1.xlsx,bm_02,Power Interval Trend Log,object,5000,0,0.0,False,power_or_energy_candidate;return_temperature_candidate,power;tr,,,,0 | 0 | 0 | 0 | 0
D:\Downloads\KTH\Masters Thesis\thesis-heat-detection\Data\DHC network\data\District Heating_updated_16_07_2025_1.xlsx,bm_02,Return Temperature Interval Trend Log,object,5000,0,0.0,False,return_temperature_candidate,ret;return;tr,,,,29.290000915527344 | 29.290000915527344 | 29.290000915527344 | 29.31999969482422 | 29.31999969482422
D:\Downloads\KTH\Masters Thesis\thesis-heat-detection\Data\DHC network\data\District Heating_updated_16_07_2025_1.xlsx,bm_02,Supply Temperature Interval Trend Log,object,5000,0,0.0,False,return_temperature_candidate;supply_temperature_candidate,sup;supply;tr,,,,28.90999984741211 | 28.90999984741211 | 28.90999984741211 | 28.90999984741211 | 28.950000762939453
D:\Downloads\KTH\Masters Thesis\thesis-heat-detection\Data\DHC network\data\District Heating_updated_16_07_2025_1.xlsx,bm_01,Time stamp,str,5000,0,0.0,False,timestamp_candidate,time,2025-07-06T01:39:15,2025-07-16T11:36:57,0 days 00:05:00,16/07/2025 11:36:57 | 16/07/2025 11:31:57 | 16/07/2025 11:26:57 | 16/07/2025 11:24:15 | 16/07/2025 11:23:56
D:\Downloads\KTH\Masters Thesis\thesis-heat-detection\Data\DHC network\data\District Heating_updated_16_07_2025_1.xlsx,bm_01,Power Interval Trend Log,object,5000,0,0.0,False,power_or_energy_candidate;return_temperature_candidate,power;tr,,,,0 | 0 | 0 | 0 | 0
D:\Downloads\KTH\Masters Thesis\thesis-heat-detection\Data\DHC network\data\District Heating_updated_16_07_2025_1.xlsx,bm_01,Return Temperature Interval Trend Log,object,5000,0,0.0,False,return_temperature_candidate,ret;return;tr,,,,29.18000030517578 | 29.18000030517578 | 29.18000030517578 | 29.18000030517578 | 29.200000762939453
D:\Downloads\KTH\Masters Thesis\thesis-heat-detection\Data\DHC network\data\District Heating_updated_16_07_2025_1.xlsx,bm_01,Supply Temperature Interval Trend Log,object,5000,0,0.0,False,return_temperature_candidate;supply_temperature_candidate,sup;supply;tr,,,,34.619998931884766 | 34.619998931884766 | 34.619998931884766 | 34.619998931884766 | 34.619998931884766
D:\Downloads\KTH\Masters Thesis\thesis-heat-detection\Data\DHC network\data\District Heating_updated_16_07_2025_1.xlsx,prod_gas_hostatgeria,Time stamp,str,5000,0,0.0,False,timestamp_candidate,time,2025-07-06T01:53:56,2025-07-16T11:51:57,0 days 00:05:00,16/07/2025 11:51:57 | 16/07/2025 11:46:57 | 16/07/2025 11:41:57 | 16/07/2025 11:39:15 | 16/07/2025 11:38:56
D:\Downloads\KTH\Masters Thesis\thesis-heat-detection\Data\DHC network\data\District Heating_updated_16_07_2025_1.xlsx,prod_gas_hostatgeria,Power Interval Trend Log,int64,5000,0,0.0,True,power_or_energy_candidate;return_temperature_candidate,power;tr,,,,0 | 0 | 0 | 0 | 0
D:\Downloads\KTH\Masters Thesis\thesis-heat-detection\Data\DHC network\data\District Heating_updated_16_07_2025_1.xlsx,prod_gas_hostatgeria,Return Temperature Interval Trend Log,float64,5000,0,0.0,True,return_temperature_candidate,ret;return;tr,,,,29.260000228881836 | 29.260000228881836 | 29.260000228881836 | 29.260000228881836 | 28.959999084472656
D:\Downloads\KTH\Masters Thesis\thesis-heat-detection\Data\DHC network\data\District Heating_updated_16_07_2025_1.xlsx,prod_gas_hostatgeria,Supply Temperature Interval Trend Log,float64,5000,0,0.0,True,return_temperature_candidate;supply_temperature_candidate,sup;supply;tr,,,,57.59000015258789 | 57.59000015258789 | 57.59000015258789 | 57.59000015258789 | 57.59000015258789
D:\Downloads\KTH\Masters Thesis\thesis-heat-detection\Data\DHC network\data\District Heating_updated_16_07_2025_1.xlsx,gas_h_01,Time stamp,str,5000,0,0.0,False,timestamp_candidate,time,2025-07-06T02:36:57,2025-07-16T12:31:57,0 days 00:05:00,16/07/2025 12:31:57 | 16/07/2025 12:26:57 | 16/07/2025 12:24:15 | 16/07/2025 12:23:56 | 16/07/2025 12:21:57
D:\Downloads\KTH\Masters Thesis\thesis-heat-detection\Data\DHC network\data\District Heating_updated_16_07_2025_1.xlsx,gas_h_01,Power Interval Trend Log,int64,5000,0,0.0,True,power_or_energy_candidate;return_temperature_candidate,power;tr,,,,0 | 0 | 0 | 0 | 0
D:\Downloads\KTH\Masters Thesis\thesis-heat-detection\Data\DHC network\data\District Heating_updated_16_07_2025_1.xlsx,gas_h_01,Return Temperature Interval Trend Log,float64,5000,0,0.0,True,return_temperature_candidate,ret;return;tr,,,,29.729999542236328 | 29.729999542236328 | 29.729999542236328 | 29.6299991607666 | 29.6299991607666
D:\Downloads\KTH\Masters Thesis\thesis-heat-detection\Data\DHC network\data\District Heating_updated_16_07_2025_1.xlsx,gas_h_01,Supply Temperature Interval Trend Log,float64,5000,0,0.0,True,return_temperature_candidate;supply_temperature_candidate,sup;supply;tr,,,,57.66999816894531 | 57.66999816894531 | 57.66999816894531 | 57.66999816894531 | 57.650001525878906
D:\Downloads\KTH\Masters Thesis\thesis-heat-detection\Data\DHC network\data\District Heating_updated_16_07_2025_1.xlsx,gas_h_02,Time stamp,str,5000,0,0.0,False,timestamp_candidate,time,2025-07-06T02:36:57,2025-07-16T12:31:57,0 days 00:05:00,16/07/2025 12:31:57 | 16/07/2025 12:26:57 | 16/07/2025 12:24:15 | 16/07/2025 12:23:56 | 16/07/2025 12:21:57
D:\Downloads\KTH\Masters Thesis\thesis-heat-detection\Data\DHC network\data\District Heating_updated_16_07_2025_1.xlsx,gas_h_02,Power Interval Trend Log,int64,5000,0,0.0,True,power_or_energy_candidate;return_temperature_candidate,power;tr,,,,0 | 0 | 0 | 0 | 0
D:\Downloads\KTH\Masters Thesis\thesis-heat-detection\Data\DHC network\data\District Heating_updated_16_07_2025_1.xlsx,gas_h_02,Return Temperature Interval Trend Log,float64,5000,0,0.0,True,return_temperature_candidate,ret;return;tr,,,,29.729999542236328 | 29.729999542236328 | 29.729999542236328 | 29.6299991607666 | 29.6299991607666
D:\Downloads\KTH\Masters Thesis\thesis-heat-detection\Data\DHC network\data\District Heating_updated_16_07_2025_1.xlsx,gas_h_02,Supply Temperature Interval Trend Log,float64,5000,0,0.0,True,return_temperature_candidate;supply_temperature_candidate,sup;supply;tr,,,,57.66999816894531 | 57.66999816894531 | 57.66999816894531 | 57.66999816894531 | 57.650001525878906
D:\Downloads\KTH\Masters Thesis\thesis-heat-detection\Data\DHC network\data\District Heating_updated_16_07_2025_1.xlsx,cons_abat_cisneros,Time stamp,str,5000,0,0.0,False,timestamp_candidate,time,2025-07-01T15:31:57,2025-07-16T12:36:57,0 days 00:05:00,16/07/2025 12:36:57 | 16/07/2025 12:31:57 | 16/07/2025 12:26:57 | 16/07/2025 12:21:57 | 16/07/2025 12:16:57
D:\Downloads\KTH\Masters Thesis\thesis-heat-detection\Data\DHC network\data\District Heating_updated_16_07_2025_1.xlsx,cons_abat_cisneros,Power Interval Trend Log,float64,5000,0,0.0,True,power_or_energy_candidate;return_temperature_candidate,power;tr,,,,38.6 | 38.5 | 37.2 | 34.6 | 31.5
D:\Downloads\KTH\Masters Thesis\thesis-heat-detection\Data\DHC network\data\District Heating_updated_16_07_2025_1.xlsx,cons_abat_cisneros,Return Temperature Interval Trend Log,float64,5000,0,0.0,True,return_temperature_candidate,ret;return;tr,,,,62.90999984741211 | 62.90999984741211 | 62.90999984741211 | 62.90999984741211 | 62.90999984741211
D:\Downloads\KTH\Masters Thesis\thesis-heat-detection\Data\DHC network\data\District Heating_updated_16_07_2025_1.xlsx,cons_abat_cisneros,Supply Temperature Interval Trend Log,float64,5000,0,0.0,True,return_temperature_candidate;supply_temperature_candidate,sup;supply;tr,,,,66.86000061035156 | 66.86000061035156 | 66.86000061035156 | 66.86000061035156 | 66.86000061035156
D:\Downloads\KTH\Masters Thesis\thesis-heat-detection\Data\DHC network\data\District Heating_updated_16_07_2025_1.xlsx,cons_abat_garriga,Time stamp,str,5000,0,0.0,False,timestamp_candidate,time,2025-07-01T15:31:57,2025-07-16T12:36:57,0 days 00:05:00,16/07/2025 12:36:57 | 16/07/2025 12:31:57 | 16/07/2025 12:26:57 | 16/07/2025 12:21:57 | 16/07/2025 12:16:57
D:\Downloads\KTH\Masters Thesis\thesis-heat-detection\Data\DHC network\data\District Heating_updated_16_07_2025_1.xlsx,cons_abat_garriga,Power Interval Trend Log,float64,5000,0,0.0,True,power_or_energy_candidate;return_temperature_candidate,power;tr,,,,5.2 | 5.2 | 5.3 | 5.1000000000000005 | 5.0
D:\Downloads\KTH\Masters Thesis\thesis-heat-detection\Data\DHC network\data\District Heating_updated_16_07_2025_1.xlsx,cons_abat_garriga,Return Temperature Interval Trend Log,float64,5000,0,0.0,True,return_temperature_candidate,ret;return;tr,,,,64.33000183105469 | 64.33000183105469 | 64.33000183105469 | 64.33000183105469 | 64.33000183105469
D:\Downloads\KTH\Masters Thesis\thesis-heat-detection\Data\DHC network\data\District Heating_updated_16_07_2025_1.xlsx,cons_abat_garriga,Supply Temperature Interval Trend Log,float64,5000,0,0.0,True,return_temperature_candidate;supply_temperature_candidate,sup;supply;tr,,,,66.63999938964844 | 66.63999938964844 | 66.63999938964844 | 66.63999938964844 | 66.63999938964844
D:\Downloads\KTH\Masters Thesis\thesis-heat-detection\Data\DHC network\data\District Heating_updated_16_07_2025_1.xlsx,cons_abat_marcet,Time stamp,str,5000,0,0.0,False,timestamp_candidate,time,2025-07-01T15:36:57,2025-07-16T12:41:57,0 days 00:05:00,16/07/2025 12:41:57 | 16/07/2025 12:36:57 | 16/07/2025 12:31:57 | 16/07/2025 12:26:57 | 16/07/2025 12:21:57
D:\Downloads\KTH\Masters Thesis\thesis-heat-detection\Data\DHC network\data\District Heating_updated_16_07_2025_1.xlsx,cons_abat_marcet,Power Interval Trend Log,float64,5000,0,0.0,True,power_or_energy_candidate;return_temperature_candidate,power;tr,,,,17.0 | 17.1 | 17.6 | 16.9 | 16.9
D:\Downloads\KTH\Masters Thesis\thesis-heat-detection\Data\DHC network\data\District Heating_updated_16_07_2025_1.xlsx,cons_abat_marcet,Return Temperature Interval Trend Log,float64,5000,0,0.0,True,return_temperature_candidate,ret;return;tr,,,,63.75 | 63.75 | 63.75 | 63.75 | 63.75
D:\Downloads\KTH\Masters Thesis\thesis-heat-detection\Data\DHC network\data\District Heating_updated_16_07_2025_1.xlsx,cons_abat_marcet,Supply Temperature Interval Trend Log,float64,5000,0,0.0,True,return_temperature_candidate;supply_temperature_candidate,sup;supply;tr,,,,66.7300033569336 | 66.7300033569336 | 66.7300033569336 | 66.7300033569336 | 66.7300033569336
D:\Downloads\KTH\Masters Thesis\thesis-heat-detection\Data\DHC network\data\District Heating_updated_16_07_2025_2.xlsx,INFO,Unnamed: 0,str,4,31,0.8857,False,,,,,,"In this folder information regarding the power, suply and return temperature for each generation plant and each building |  is available, except otherwise stated in the comments. | Also, information regarding the pipes and pumps can be found in the files Montserrat_Heat_2024. There is a .dwg |  file and .pdf file with the same information."
D:\Downloads\KTH\Masters Thesis\thesis-heat-detection\Data\DHC network\data\District Heating_updated_16_07_2025_2.xlsx,INFO,Unnamed: 1,str,2,33,0.9429,False,,,,,,Area | District heating 
D:\Downloads\KTH\Masters Thesis\thesis-heat-detection\Data\DHC network\data\District Heating_updated_16_07_2025_2.xlsx,INFO,Unnamed: 2,float64,0,35,1.0,True,,,,,,
D:\Downloads\KTH\Masters Thesis\thesis-heat-detection\Data\DHC network\data\District Heating_updated_16_07_2025_2.xlsx,INFO,Unnamed: 3,str,15,20,0.5714,False,,,,,,File name | prod_bm | prod_gas_hostatgeria | cons_abat_cisneros | cons_abat_garriga
D:\Downloads\KTH\Masters Thesis\thesis-heat-detection\Data\DHC network\data\District Heating_updated_16_07_2025_2.xlsx,INFO,Unnamed: 4,str,15,20,0.5714,False,,,,,,Content | Power and suply and return temperature for the Biomass generation | Power and suply and return temperature for the gas generation | Power and suply and return temperature for the Abat Cisneros/Venerable consumption | Power and suply and return temperature for the Abat Garriga consumption
D:\Downloads\KTH\Masters Thesis\thesis-heat-detection\Data\DHC network\data\District Heating_updated_16_07_2025_2.xlsx,INFO,Unnamed: 5,str,29,6,0.1714,False,,,,,,Information | Power | Temperatures | Power | Temperatures
D:\Downloads\KTH\Masters Thesis\thesis-heat-detection\Data\DHC network\data\District Heating_updated_16_07_2025_2.xlsx,INFO,Unnamed: 6,object,28,7,0.2,False,,,,,,Timeframe  | 2024-05-01 00:00:00 | 27/11/2023 | 2024-03-01 00:00:00 | 2022-09-01 00:00:00
D:\Downloads\KTH\Masters Thesis\thesis-heat-detection\Data\DHC network\data\District Heating_updated_16_07_2025_2.xlsx,INFO,Unnamed: 7,datetime64[us],27,8,0.2286,False,,,2025-06-02T00:00:00,2025-06-02T00:00:00,,2025-06-02 00:00:00 | 2025-06-02 00:00:00 | 2025-06-02 00:00:00 | 2025-06-02 00:00:00 | 2025-06-02 00:00:00
D:\Downloads\KTH\Masters Thesis\thesis-heat-detection\Data\DHC network\data\District Heating_updated_16_07_2025_2.xlsx,INFO,Unnamed: 8,str,29,6,0.1714,False,,,,,,Status | ok  | ok  | ok  | ok 
D:\Downloads\KTH\Masters Thesis\thesis-heat-detection\Data\DHC network\data\District Heating_updated_16_07_2025_2.xlsx,INFO,Unnamed: 9,str,2,33,0.9429,False,,,,,,Comments | The only data available is the accumulated energy consumed. An extra column has been created in order to calculate the energy consumed per slot time. 
D:\Downloads\KTH\Masters Thesis\thesis-heat-detection\Data\DHC network\data\District Heating_updated_16_07_2025_2.xlsx,cons_abat_oliba,Time stamp,str,5000,0,0.0,False,timestamp_candidate,time,2025-06-11T18:54:15,2025-07-16T12:36:57,0 days 00:15:00,16/07/2025 12:36:57 | 16/07/2025 12:21:57 | 16/07/2025 12:06:57 | 16/07/2025 11:54:15 | 16/07/2025 11:53:56
D:\Downloads\KTH\Masters Thesis\thesis-heat-detection\Data\DHC network\data\District Heating_updated_16_07_2025_2.xlsx,cons_abat_oliba,Power Interval Trend Log,object,5000,0,0.0,False,power_or_energy_candidate;return_temperature_candidate,power;tr,,,,11 | 10 | 11 | 13 | 13
D:\Downloads\KTH\Masters Thesis\thesis-heat-detection\Data\DHC network\data\District Heating_updated_16_07_2025_2.xlsx,cons_abat_oliba,Return Temperature Interval Trend Log,object,5000,0,0.0,False,return_temperature_candidate,ret;return;tr,,,,65.6600037 | 65.6600037 | 65.6600037 | 65.6600037 | 65.3499985
D:\Downloads\KTH\Masters Thesis\thesis-heat-detection\Data\DHC network\data\District Heating_updated_16_07_2025_2.xlsx,cons_abat_oliba,Supply Temperature Interval Trend Log,object,5000,0,0.0,False,return_temperature_candidate;supply_temperature_candidate,sup;supply;tr,,,,67.1800003 | 67.1800003 | 67.1800003 | 67.1800003 | 67.1800003
D:\Downloads\KTH\Masters Thesis\thesis-heat-detection\Data\DHC network\data\District Heating_updated_16_07_2025_2.xlsx,cons_escolania_bm,Time stamp,str,5000,0,0.0,False,timestamp_candidate,time,2025-07-06T02:16:57,2025-07-16T12:46:57,0 days 00:05:00,16/07/2025 12:46:57 | 16/07/2025 12:41:57 | 16/07/2025 12:39:15 | 16/07/2025 12:38:56 | 16/07/2025 12:36:57
D:\Downloads\KTH\Masters Thesis\thesis-heat-detection\Data\DHC network\data\District Heating_updated_16_07_2025_2.xlsx,cons_escolania_bm,Power Interval Trend Log,object,5000,0,0.0,False,power_or_energy_candidate;return_temperature_candidate,power;tr,,,,0 | 0 | 0 | 0 | 0
D:\Downloads\KTH\Masters Thesis\thesis-heat-detection\Data\DHC network\data\District Heating_updated_16_07_2025_2.xlsx,cons_escolania_bm,Return Temperature Interval Trend Log,object,5000,0,0.0,False,return_temperature_candidate,ret;return;tr,,,,40.689998626708984 | 40.689998626708984 | 40.689998626708984 | 40.5099983215332 | 40.5099983215332
D:\Downloads\KTH\Masters Thesis\thesis-heat-detection\Data\DHC network\data\District Heating_updated_16_07_2025_2.xlsx,cons_escolania_bm,Supply Temperature Interval Trend Log,object,5000,0,0.0,False,return_temperature_candidate;supply_temperature_candidate,sup;supply;tr,,,,50.45000076293945 | 50.45000076293945 | 50.45000076293945 | 50.45000076293945 | 50.18000030517578
D:\Downloads\KTH\Masters Thesis\thesis-heat-detection\Data\DHC network\data\District Heating_updated_16_07_2025_2.xlsx,prod_gas_escolania,Time stamp,str,5000,0,0.0,False,timestamp_candidate,time,2025-07-03T11:56:57,2025-07-16T12:51:57,0 days 00:05:00,16/07/2025 12:51:57 | 16/07/2025 12:46:57 | 16/07/2025 12:45:00 | 16/07/2025 12:41:57 | 16/07/2025 12:36:57
D:\Downloads\KTH\Masters Thesis\thesis-heat-detection\Data\DHC network\data\District Heating_updated_16_07_2025_2.xlsx,prod_gas_escolania,Power Interval Trend Log,object,5000,0,0.0,False,power_or_energy_candidate;return_temperature_candidate,power;tr,,,,18.3999996 | 18.3999996 | 18.3999996 | 18.3999996 | 18.7999992
D:\Downloads\KTH\Masters Thesis\thesis-heat-detection\Data\DHC network\data\District Heating_updated_16_07_2025_2.xlsx,prod_gas_escolania,Return Temperature Interval Trend Log,object,5000,0,0.0,False,return_temperature_candidate,ret;return;tr,,,,66.5 | 66.5 | 66.5 | 66.2699966 | 66.2699966
D:\Downloads\KTH\Masters Thesis\thesis-heat-detection\Data\DHC network\data\District Heating_updated_16_07_2025_2.xlsx,prod_gas_escolania,Supply Temperature Interval Trend Log,object,5000,0,0.0,False,return_temperature_candidate;supply_temperature_candidate,sup;supply;tr,,,,74.0400009 | 74.0400009 | 74.0400009 | 74.1200027 | 74.1200027
D:\Downloads\KTH\Masters Thesis\thesis-heat-detection\Data\DHC network\data\District Heating_updated_16_07_2025_2.xlsx,cons_hostatgeria_DHW_radiators,Time stamp,str,5000,0,0.0,False,timestamp_candidate,time,2025-07-06T02:56:57,2025-07-16T12:54:15,0 days 00:05:00,16/07/2025 12:54:15 | 16/07/2025 12:53:56 | 16/07/2025 12:51:57 | 16/07/2025 12:46:57 | 16/07/2025 12:41:57
D:\Downloads\KTH\Masters Thesis\thesis-heat-detection\Data\DHC network\data\District Heating_updated_16_07_2025_2.xlsx,cons_hostatgeria_DHW_radiators,Power Interval Trend Log,float64,5000,0,0.0,True,power_or_energy_candidate;return_temperature_candidate,power;tr,,,,28.0 | 28.0 | 28.0 | 35.7 | 34.6
D:\Downloads\KTH\Masters Thesis\thesis-heat-detection\Data\DHC network\data\District Heating_updated_16_07_2025_2.xlsx,cons_hostatgeria_DHW_radiators,Return Temperature Interval Trend Log,float64,5000,0,0.0,True,return_temperature_candidate,ret;return;tr,,,,72.16000366210938 | 72.51000213623047 | 72.51000213623047 | 72.51000213623047 | 72.51000213623047
D:\Downloads\KTH\Masters Thesis\thesis-heat-detection\Data\DHC network\data\District Heating_updated_16_07_2025_2.xlsx,cons_hostatgeria_DHW_radiators,Supply Temperature Interval Trend Log,float64,5000,0,0.0,True,return_temperature_candidate;supply_temperature_candidate,sup;supply;tr,,,,66.55999755859375 | 66.55999755859375 | 66.5199966430664 | 66.5199966430664 | 66.5199966430664
D:\Downloads\KTH\Masters Thesis\thesis-heat-detection\Data\DHC network\data\District Heating_updated_16_07_2025_2.xlsx,cons_hostatgeria_underfloor_hea,Time stamp,str,5000,0,0.0,False,timestamp_candidate,time,2025-07-06T03:01:57,2025-07-16T12:56:57,0 days 00:05:00,16/07/2025 12:56:57 | 16/07/2025 12:54:15 | 16/07/2025 12:53:56 | 16/07/2025 12:51:57 | 16/07/2025 12:46:57
D:\Downloads\KTH\Masters Thesis\thesis-heat-detection\Data\DHC network\data\District Heating_updated_16_07_2025_2.xlsx,cons_hostatgeria_underfloor_hea,Power Interval Trend Log,int64,5000,0,0.0,True,power_or_energy_candidate;return_temperature_candidate,power;tr,,,,0 | 0 | 0 | 0 | 0
D:\Downloads\KTH\Masters Thesis\thesis-heat-detection\Data\DHC network\data\District Heating_updated_16_07_2025_2.xlsx,cons_hostatgeria_underfloor_hea,Return Temperature Interval Trend Log,float64,5000,0,0.0,True,return_temperature_candidate,ret;return;tr,,,,30.139999389648438 | 30.139999389648438 | 29.989999771118164 | 29.989999771118164 | 29.989999771118164
D:\Downloads\KTH\Masters Thesis\thesis-heat-detection\Data\DHC network\data\District Heating_updated_16_07_2025_2.xlsx,cons_hostatgeria_underfloor_hea,Supply Temperature Interval Trend Log,float64,5000,0,0.0,True,return_temperature_candidate;supply_temperature_candidate,sup;supply;tr,,,,57.810001373291016 | 57.810001373291016 | 57.810001373291016 | 57.7599983215332 | 57.7599983215332
D:\Downloads\KTH\Masters Thesis\thesis-heat-detection\Data\DHC network\data\District Heating_updated_16_07_2025_2.xlsx,cons_mirador,Time stamp,str,5000,0,0.0,False,timestamp_candidate,time,2024-12-15T10:15:00,2025-07-16T12:15:00,0 days 01:00:00,16/07/2025 12:15:00 | 16/07/2025 11:15:00 | 16/07/2025 10:15:00 | 16/07/2025 9:15:00 | 16/07/2025 8:15:00
D:\Downloads\KTH\Masters Thesis\thesis-heat-detection\Data\DHC network\data\District Heating_updated_16_07_2025_2.xlsx,cons_mirador,E Total (kWh),object,5000,0,0.0,False,power_or_energy_candidate,kw,,,,729924 | 729924 | 729924 | 729924 | 729924
D:\Downloads\KTH\Masters Thesis\thesis-heat-detection\Data\DHC network\data\District Heating_updated_16_07_2025_2.xlsx,cons_mirador,hourly (kWh),float64,4951,49,0.0098,True,power_or_energy_candidate,kw,,,,0.0 | 0.0 | 0.0 | 0.0 | 0.0
D:\Downloads\KTH\Masters Thesis\thesis-heat-detection\Data\DHC network\data\District Heating_updated_16_07_2025_2.xlsx,gen_mirador,Time stamp,str,5000,0,0.0,False,timestamp_candidate,time,2025-05-25T11:30:04,2025-07-16T13:00:04,0 days 00:15:00,16/07/2025 13:00:04 | 16/07/2025 12:45:04 | 16/07/2025 12:30:04 | 16/07/2025 12:15:04 | 16/07/2025 12:00:04
D:\Downloads\KTH\Masters Thesis\thesis-heat-detection\Data\DHC network\data\District Heating_updated_16_07_2025_2.xlsx,gen_mirador,E Total (kWh),object,5000,0,0.0,False,power_or_energy_candidate,kw,,,,0.07868699729442596 | 0.07868699729442596 | 0.07868699729442596 | 0.07868699729442596 | 0.07868699729442596
D:\Downloads\KTH\Masters Thesis\thesis-heat-detection\Data\DHC network\data\District Heating_updated_16_07_2025_2.xlsx,gen_mirador,hourly (kWh),float64,4996,4,0.0008,True,power_or_energy_candidate,kw,,,,0.0 | 0.0 | 0.0 | 0.0 | 0.0
D:\Downloads\KTH\Masters Thesis\thesis-heat-detection\Data\DHC network\data\District Heating_updated_16_07_2025_2.xlsx,cons_nostra_senyora,Time stamp,str,5000,0,0.0,False,timestamp_candidate,time,2025-07-06T03:21:57,2025-07-16T13:16:57,0 days 00:05:00,16/07/2025 13:16:57 | 16/07/2025 13:11:57 | 16/07/2025 13:09:15 | 16/07/2025 13:08:56 | 16/07/2025 13:06:57
D:\Downloads\KTH\Masters Thesis\thesis-heat-detection\Data\DHC network\data\District Heating_updated_16_07_2025_2.xlsx,cons_nostra_senyora,Power Interval Trend Log,float64,5000,0,0.0,True,power_or_energy_candidate;return_temperature_candidate,power;tr,,,,0.6 | 0.6 | 0.6 | 0.6 | 0.6
D:\Downloads\KTH\Masters Thesis\thesis-heat-detection\Data\DHC network\data\District Heating_updated_16_07_2025_2.xlsx,cons_nostra_senyora,Return Temperature Interval Trend Log,float64,5000,0,0.0,True,return_temperature_candidate,ret;return;tr,,,,57.16999816894531 | 57.16999816894531 | 57.16999816894531 | 57.119998931884766 | 57.119998931884766
D:\Downloads\KTH\Masters Thesis\thesis-heat-detection\Data\DHC network\data\District Heating_updated_16_07_2025_2.xlsx,cons_nostra_senyora,Supply Temperature Interval Trend Log,float64,5000,0,0.0,True,return_temperature_candidate;supply_temperature_candidate,sup;supply;tr,,,,65.29000091552734 | 65.29000091552734 | 65.29000091552734 | 65.29000091552734 | 65.18000030517578
D:\Downloads\KTH\Masters Thesis\thesis-heat-detection\Data\DHC network\data\District Heating_updated_16_07_2025_2.xlsx,cons_nostra_senyora,flow (kg/s),float64,54,4946,0.9892,True,flow_candidate,flow;kg/s,,,,20.36496688842773 | 20.36496688842773 | 20.36496688842773 | 20.49036497497558 | 20.214483444213865
D:\Downloads\KTH\Masters Thesis\thesis-heat-detection\Data\DHC network\data\District Heating_updated_16_07_2025_2.xlsx,cons_torre_prior,Time stamp,str,5000,0,0.0,False,timestamp_candidate,time,2025-07-06T03:23:56,2025-07-16T13:21:57,0 days 00:05:00,16/07/2025 13:21:57 | 16/07/2025 13:16:57 | 16/07/2025 13:11:57 | 16/07/2025 13:09:15 | 16/07/2025 13:08:56
D:\Downloads\KTH\Masters Thesis\thesis-heat-detection\Data\DHC network\data\District Heating_updated_16_07_2025_2.xlsx,cons_torre_prior,Power Interval Trend Log,float64,5000,0,0.0,True,power_or_energy_candidate;return_temperature_candidate,power;tr,,,,0.6 | 0.6 | 0.2 | 0.6 | 0.6
D:\Downloads\KTH\Masters Thesis\thesis-heat-detection\Data\DHC network\data\District Heating_updated_16_07_2025_2.xlsx,cons_torre_prior,Return Temperature Interval Trend Log,float64,5000,0,0.0,True,return_temperature_candidate,ret;return;tr,,,,67.30000305175781 | 67.30000305175781 | 67.30000305175781 | 67.30000305175781 | 67.02999877929688
D:\Downloads\KTH\Masters Thesis\thesis-heat-detection\Data\DHC network\data\District Heating_updated_16_07_2025_2.xlsx,cons_torre_prior,Supply Temperature Interval Trend Log,float64,5000,0,0.0,True,return_temperature_candidate;supply_temperature_candidate,sup;supply;tr,,,,67.48999786376953 | 67.48999786376953 | 67.48999786376953 | 67.48999786376953 | 67.48999786376953
D:\Downloads\KTH\Masters Thesis\thesis-heat-detection\Data\DHC network\data\District Cooling_updated_16_07_2025.xlsx,Start Page,Unnamed: 0,float64,0,11,1.0,True,,,,,,
D:\Downloads\KTH\Masters Thesis\thesis-heat-detection\Data\DHC network\data\District Cooling_updated_16_07_2025.xlsx,Start Page,Unnamed: 1,float64,0,11,1.0,True,,,,,,
D:\Downloads\KTH\Masters Thesis\thesis-heat-detection\Data\DHC network\data\District Cooling_updated_16_07_2025.xlsx,Start Page,Unnamed: 2,str,2,9,0.8182,False,,,,,,Area | District cooling
D:\Downloads\KTH\Masters Thesis\thesis-heat-detection\Data\DHC network\data\District Cooling_updated_16_07_2025.xlsx,Start Page,Unnamed: 3,float64,0,11,1.0,True,,,,,,
D:\Downloads\KTH\Masters Thesis\thesis-heat-detection\Data\DHC network\data\District Cooling_updated_16_07_2025.xlsx,Start Page,Unnamed: 4,str,8,3,0.2727,False,,,,,,Type | Energy meter | Energy meter | Energy meter | Energy meter
D:\Downloads\KTH\Masters Thesis\thesis-heat-detection\Data\DHC network\data\District Cooling_updated_16_07_2025.xlsx,Start Page,Unnamed: 5,str,8,3,0.2727,False,,,,,,Name | Abat Cisneros - Energia Fred [MWh] | Abat Oliba Produccio - Energia Fred [MWh] | Energia Refredadora R2 - Energia Fred [MWh] | Mirador - Energia Fred [MWh]
D:\Downloads\KTH\Masters Thesis\thesis-heat-detection\Data\DHC network\data\District Cooling_updated_16_07_2025.xlsx,Start Page,Unnamed: 6,str,8,3,0.2727,False,,,,,,Document Tab | DC Abat Cisneros | DC Abat Oliba | DC Refredadora R2 | DC Mirador
D:\Downloads\KTH\Masters Thesis\thesis-heat-detection\Data\DHC network\data\District Cooling_updated_16_07_2025.xlsx,Start Page,Unnamed: 7,str,1,10,0.9091,False,,,,,,Path
D:\Downloads\KTH\Masters Thesis\thesis-heat-detection\Data\DHC network\data\District Cooling_updated_16_07_2025.xlsx,Start Page,Unnamed: 8,str,8,3,0.2727,False,,,,,,Timeframe | from 12/03/2019+ - up today | from 07/09/2019 - up today | from 21/12/2018 - up today | from 31/08/2019 - up today
D:\Downloads\KTH\Masters Thesis\thesis-heat-detection\Data\DHC network\data\District Cooling_updated_16_07_2025.xlsx,Start Page,Unnamed: 9,str,8,3,0.2727,False,,,,,,Data sampling  | 1h | 1h | 1h | 1h
D:\Downloads\KTH\Masters Thesis\thesis-heat-detection\Data\DHC network\data\District Cooling_updated_16_07_2025.xlsx,Start Page,Unnamed: 10,str,8,3,0.2727,False,,,,,,Status | ok  | ok  | ok  | ok 
D:\Downloads\KTH\Masters Thesis\thesis-heat-detection\Data\DHC network\data\District Cooling_updated_16_07_2025.xlsx,Start Page,Unnamed: 11,str,2,9,0.8182,False,,,,,,"Comments | Information gat between 25/10/2023 and 16/11/2023, but no energy consumed between these dates"
D:\Downloads\KTH\Masters Thesis\thesis-heat-detection\Data\DHC network\data\District Cooling_updated_16_07_2025.xlsx,DC Abat Cisneros,Time stamp,str,5000,0,0.0,False,timestamp_candidate,time,2024-12-19T18:15:00,2025-07-16T10:15:00,0 days 01:00:00,16/07/2025 10:15:00 | 16/07/2025 9:15:00 | 16/07/2025 8:15:00 | 16/07/2025 7:15:00 | 16/07/2025 6:15:00
D:\Downloads\KTH\Masters Thesis\thesis-heat-detection\Data\DHC network\data\District Cooling_updated_16_07_2025.xlsx,DC Abat Cisneros,E Total,object,5000,0,0.0,False,,,,,,77.80000305175781 | 77.80000305175781 | 77.80000305175781 | 77.80000305175781 | 77.80000305175781
D:\Downloads\KTH\Masters Thesis\thesis-heat-detection\Data\DHC network\data\District Cooling_updated_16_07_2025.xlsx,DC Abat Oliba,Time stamp,str,5000,0,0.0,False,timestamp_candidate,time,2024-12-20T08:00:00,2025-07-16T10:00:00,0 days 01:00:00,16/07/2025 10:00:00 | 16/07/2025 9:00:00 | 16/07/2025 8:00:00 | 16/07/2025 7:00:00 | 16/07/2025 6:00:00
D:\Downloads\KTH\Masters Thesis\thesis-heat-detection\Data\DHC network\data\District Cooling_updated_16_07_2025.xlsx,DC Abat Oliba,Meter Trend Log,object,5000,0,0.0,False,return_temperature_candidate,tr,,,,168.32 | 168.32 | 168.32 | 168.32 | 168.32
D:\Downloads\KTH\Masters Thesis\thesis-heat-detection\Data\DHC network\data\District Cooling_updated_16_07_2025.xlsx,DC Refredadora R2,Time stamp,str,5000,0,0.0,False,timestamp_candidate,time,2024-12-19T22:15:04,2025-07-16T10:15:04,0 days 01:00:00,16/07/2025 10:15:04 | 16/07/2025 9:15:04 | 16/07/2025 8:15:04 | 16/07/2025 7:15:04 | 16/07/2025 6:15:04
D:\Downloads\KTH\Masters Thesis\thesis-heat-detection\Data\DHC network\data\District Cooling_updated_16_07_2025.xlsx,DC Refredadora R2,E Total,object,5000,0,0.0,False,,,,,,866.5999755859375 | 866.5999755859375 | 866.5999755859375 | 866.5999755859375 | 866.5999755859375
D:\Downloads\KTH\Masters Thesis\thesis-heat-detection\Data\DHC network\data\District Cooling_updated_16_07_2025.xlsx,DC Mirador,Time stamp,str,5000,0,0.0,False,timestamp_candidate,time,2024-12-15T08:15:00,2025-07-16T10:15:00,0 days 01:00:00,16/07/2025 10:15:00 | 16/07/2025 9:15:00 | 16/07/2025 8:15:00 | 16/07/2025 7:15:00 | 16/07/2025 6:15:00
D:\Downloads\KTH\Masters Thesis\thesis-heat-detection\Data\DHC network\data\District Cooling_updated_16_07_2025.xlsx,DC Mirador,Mirador - Energia Fred [MWh],object,5000,0,0.0,False,power_or_energy_candidate,energia,,,,654.9000244140625 | 654.7999877929688 | 654.7000122070312 | 654.7000122070312 | 654.7000122070312
D:\Downloads\KTH\Masters Thesis\thesis-heat-detection\Data\DHC network\data\District Cooling_updated_16_07_2025.xlsx,DC Museu-Cafeteria,Time stamp,str,5000,0,0.0,False,timestamp_candidate,time,2024-12-19T19:15:04,2025-07-16T11:15:04,0 days 01:00:00,16/07/2025 11:15:04 | 16/07/2025 10:15:04 | 16/07/2025 9:15:04 | 16/07/2025 8:15:04 | 16/07/2025 7:15:04
D:\Downloads\KTH\Masters Thesis\thesis-heat-detection\Data\DHC network\data\District Cooling_updated_16_07_2025.xlsx,DC Museu-Cafeteria,E Total,object,5000,0,0.0,False,,,,,,917.5 | 917.2999877929688 | 917.2000122070312 | 917 | 916.9000244140625
D:\Downloads\KTH\Masters Thesis\thesis-heat-detection\Data\DHC network\data\District Cooling_updated_16_07_2025.xlsx,DC Museu - Cafeteria - MuseuNou,Time stamp,str,4999,1,0.0002,False,timestamp_candidate,time,2024-07-13T15:15:00,2025-02-06T16:15:00,0 days 01:00:00,06/02/2025 16:15:00 | 06/02/2025 15:15:00 | 06/02/2025 14:15:00 | 06/02/2025 13:15:00 | 06/02/2025 12:15:00
D:\Downloads\KTH\Masters Thesis\thesis-heat-detection\Data\DHC network\data\District Cooling_updated_16_07_2025.xlsx,DC Museu - Cafeteria - MuseuNou,E Total,object,5000,0,0.0,False,,,,,,still all 0 (16/07/2025) | 0 | 0 | 0 | 0
D:\Downloads\KTH\Masters Thesis\thesis-heat-detection\Data\DHC network\data\District Cooling_updated_16_07_2025.xlsx,DC Refredadora R1,Time stamp,str,5000,0,0.0,False,timestamp_candidate,time,2024-12-19T23:15:04,2025-07-16T11:15:04,0 days 01:00:00,16/07/2025 11:15:04 | 16/07/2025 10:15:04 | 16/07/2025 9:15:04 | 16/07/2025 8:15:04 | 16/07/2025 7:15:04
D:\Downloads\KTH\Masters Thesis\thesis-heat-detection\Data\DHC network\data\District Cooling_updated_16_07_2025.xlsx,DC Refredadora R1,E Total,object,5000,0,0.0,False,,,,,,1407 | 1406.5999755859375 | 1406.300048828125 | 1406 | 1405.699951171875
D:\Downloads\KTH\Masters Thesis\thesis-heat-detection\Data\20250915_Modbus.xlsx,ModbusRegistresFesControls,TYPE,str,94,0,0.0,False,,,,,,modbus.point.AnalogValue | modbus.point.AnalogValue | modbus.point.AnalogValue | modbus.point.AnalogValue | modbus.point.AnalogValue
D:\Downloads\KTH\Masters Thesis\thesis-heat-detection\Data\20250915_Modbus.xlsx,ModbusRegistresFesControls,NAME (Catalan),str,94,0,0.0,False,,,,,,Calor Abat Cisneros Energia | Calor Abat Cisneros Potencia | Calor Abat Cisneros Temp Imp | Calor Abat Cisneros Temp Ret | Calor Abat Garriga Energia
D:\Downloads\KTH\Masters Thesis\thesis-heat-detection\Data\20250915_Modbus.xlsx,ModbusRegistresFesControls,NAME (English) ,str,94,0,0.0,False,,,,,,DH Abat Cisneros Total Energy | DH Abat Cisneros Power | DH Abat Ciscenros Supply Temperature | DH Abat Ciscenros Return Temperature | DH Abat Garriga Total Energy
D:\Downloads\KTH\Masters Thesis\thesis-heat-detection\Data\20250915_Modbus.xlsx,ModbusRegistresFesControls,CLASS_1,str,94,0,0.0,False,,,,,,DH | DH | DH | DH | DH
D:\Downloads\KTH\Masters Thesis\thesis-heat-detection\Data\20250915_Modbus.xlsx,ModbusRegistresFesControls,CLASS_2,str,94,0,0.0,False,,,,,,Total_E | Power | T_s | T_r | Total_E
D:\Downloads\KTH\Masters Thesis\thesis-heat-detection\Data\20250915_Modbus.xlsx,ModbusRegistresFesControls,UNITS,str,94,0,0.0,False,supply_temperature_candidate,ts,,,,kWh | W | ºC | ºC | kWh
D:\Downloads\KTH\Masters Thesis\thesis-heat-detection\Data\20250915_Modbus.xlsx,ModbusRegistresFesControls,Value 20250915,object,94,0,0.0,False,,,,,,7580829 | 73900 | 781 | 647 | 1204820
D:\Downloads\KTH\Masters Thesis\thesis-heat-detection\Data\20250915_Modbus.xlsx,ModbusRegistresFesControls,RegisterNumber,int64,94,0,0.0,True,,,,,,15 | 18 | 20 | 21 | 22
D:\Downloads\KTH\Masters Thesis\thesis-heat-detection\Data\20250915_Modbus.xlsx,ModbusRegistresFesControls,RegisterType,str,94,0,0.0,False,,,,,,32 bit unsigned | 32 bit unsigned | 16 bit unsigned | 16 bit unsigned | 32 bit unsigned
D:\Downloads\KTH\Masters Thesis\thesis-heat-detection\Data\20250915_Modbus.xlsx,ModbusRegistresFesControls,Gain,float64,48,46,0.4894,True,,,,,,0.1 | 0.1 | 0.1 | 0.1 | 0.1
D:\Downloads\KTH\Masters Thesis\thesis-heat-detection\Data\20250915_Modbus.xlsx,ModbusRegistresFesControls,Addr = Reg-1,int64,94,0,0.0,True,,,,,,14 | 17 | 19 | 20 | 21
D:\Downloads\KTH\Masters Thesis\thesis-heat-detection\Data\20250915_Modbus.xlsx,ModbusRegistresFesControls,Addr_2,float64,22,72,0.766,True,,,,,,15.0 | 18.0 | 22.0 | 25.0 | 1.0
D:\Downloads\KTH\Masters Thesis\thesis-heat-detection\Data\20250915_Modbus.xlsx,ModbusRegistresFesControls,Display,str,94,0,0.0,False,,,,,,Long | Long | Signed | Signed | Long
D:\Downloads\KTH\Masters Thesis\thesis-heat-detection\Data\old\20240606_Data_Montserrat.xlsx,START page,Unnamed: 0,float64,0,96,1.0,True,,,,,,
D:\Downloads\KTH\Masters Thesis\thesis-heat-detection\Data\old\20240606_Data_Montserrat.xlsx,START page,Unnamed: 1,float64,0,96,1.0,True,,,,,,
D:\Downloads\KTH\Masters Thesis\thesis-heat-detection\Data\old\20240606_Data_Montserrat.xlsx,START page,Unnamed: 2,str,6,90,0.9375,False,,,,,,This is the main page of the document. It serves as a guide to navigate through the document. | The document presents several datasets from the Montserrat demo. It is structured as follows: | Area | District heating  | District cooling
D:\Downloads\KTH\Masters Thesis\thesis-heat-detection\Data\old\20240606_Data_Montserrat.xlsx,START page,Unnamed: 3,str,12,84,0.875,False,,,,,,* Start page - General info and description of tabs | * DH energy meters - Historical values of thermal energy meters at district heating level per building. | * DC energy meters - Historical values of thermal energy meters at district cooling level per building. | * Thermal power - Temperatures and power of Abat Oliva building conection to the DH network | * DH internal Temperatures  - Temperature in the internal building distribution loops for the DH network
D:\Downloads\KTH\Masters Thesis\thesis-heat-detection\Data\old\20240606_Data_Montserrat.xlsx,START page,Unnamed: 4,str,78,18,0.1875,False,,,,,,Variables description | Type | Energy meter | Energy meter | Energy meter
D:\Downloads\KTH\Masters Thesis\thesis-heat-detection\Data\old\20240606_Data_Montserrat.xlsx,START page,Unnamed: 5,str,77,19,0.1979,False,,,,,,Name | Abat Cisneros - Energia Calor [MWh] | Abat Cisneros Venerable - Energia Calor [MWh] | Abat Garriga - Energia Calor [MWh] | Abat Mercet - Energia Calor [MWh]
D:\Downloads\KTH\Masters Thesis\thesis-heat-detection\Data\old\20240606_Data_Montserrat.xlsx,START page,Unnamed: 6,str,70,26,0.2708,False,,,,,,Document Tab | DH energy meters | DH energy meters | DH energy meters | DH energy meters
D:\Downloads\KTH\Masters Thesis\thesis-heat-detection\Data\old\20240606_Data_Montserrat.xlsx,START page,Unnamed: 7,str,52,44,0.4583,False,,,,,,Path | /Montserrat ASP Abat Oliba Produccio/Modbus Interface COMA/CE Sensus Calor/Log/Supply Temperature Interval Trend Log | /Montserrat ASP Abat Oliba Produccio/Modbus Interface COMA/CE Sensus Calor/Log/Return Temperature Interval Trend Log | /Montserrat ASP Abat Oliba Produccio/Modbus Interface COMA/CE Sensus Calor/Log/Power Interval Trend Log | /Montserrat ASP Abat Oliba Produccio/Applications/Potencia SubEstacio Fred/Logs/Supply Temperature
D:\Downloads\KTH\Masters Thesis\thesis-heat-detection\Data\old\20240606_Data_Montserrat.xlsx,START page,Unnamed: 8,str,60,36,0.375,False,,,,,,Timeframe | from 12/12/2018 - up today | from 12/12/2018 - up today | from 12/12/2018 - up today | from 12/12/2018 - up today
D:\Downloads\KTH\Masters Thesis\thesis-heat-detection\Data\old\20240606_Data_Montserrat.xlsx,START page,Unnamed: 9,str,60,36,0.375,False,,,,,,Data sampling  | 15 min | 15 min | 15 min | 15 min
D:\Downloads\KTH\Masters Thesis\thesis-heat-detection\Data\old\20240606_Data_Montserrat.xlsx,START page,Unnamed: 10,str,77,19,0.1979,False,,,,,,Status | ok  | ok  | ok  | ok 
D:\Downloads\KTH\Masters Thesis\thesis-heat-detection\Data\old\20240606_Data_Montserrat.xlsx,START page,Unnamed: 11,str,28,68,0.7083,False,,,,,,Comments | Data from 06/02/2019  (building connected to the DH) | Data from 09/04/2023 (building connected to the DC) | Had a 15 days retention policy. Corrected 25/10/2023 | Had a 15 days retention policy. Corrected 25/10/2023
D:\Downloads\KTH\Masters Thesis\thesis-heat-detection\Data\old\20240606_Data_Montserrat.xlsx,DH energy meters,"Energy meters, district heating side [MWh]",str,4999,1,0.0002,False,power_or_energy_candidate;return_temperature_candidate,energy;tr,,,,Time stamp | 06/06/2024 11:45:04 | 06/06/2024 11:30:04 | 06/06/2024 11:15:04 | 06/06/2024 11:15:00
D:\Downloads\KTH\Masters Thesis\thesis-heat-detection\Data\old\20240606_Data_Montserrat.xlsx,DH energy meters,Unnamed: 1,object,4999,1,0.0002,False,,,,,,Abat Cisneros - Energia Calor [MWh] | 6747.33 | 6747.33 | 6747.33 | 6747.33
D:\Downloads\KTH\Masters Thesis\thesis-heat-detection\Data\old\20240606_Data_Montserrat.xlsx,DH energy meters,Unnamed: 2,object,4999,1,0.0002,False,,,,,,Abat Cisneros Venerable - Energia Calor [MWh] | 457.29998779296875 | 457.29998779296875 | 457.29998779296875 | 457.29998779296875
D:\Downloads\KTH\Masters Thesis\thesis-heat-detection\Data\old\20240606_Data_Montserrat.xlsx,DH energy meters,Unnamed: 3,object,4999,1,0.0002,False,,,,,,Abat Garriga - Energia Calor [MWh] | 1063.85 | 1063.85 | 1063.85 | 1063.85
D:\Downloads\KTH\Masters Thesis\thesis-heat-detection\Data\old\20240606_Data_Montserrat.xlsx,DH energy meters,Unnamed: 4,object,4999,1,0.0002,False,,,,,,Abat Mercet - Energia Calor [MWh] | 0 | 0 | 0 | 0
D:\Downloads\KTH\Masters Thesis\thesis-heat-detection\Data\old\20240606_Data_Montserrat.xlsx,DH energy meters,Unnamed: 5,object,5000,0,0.0,False,,,,,,Demo building | Abat Oliba Produccio - Energia Calor [MWh] | 76666.9998 | 76666.9998 | 76666.9998
D:\Downloads\KTH\Masters Thesis\thesis-heat-detection\Data\old\20240606_Data_Montserrat.xlsx,DH energy meters,Unnamed: 6,object,4999,1,0.0002,False,,,,,,Biomassa Caldera 01 - Energia Calor [MWh] | 1966.241943359375 | 1966.241943359375 | 1966.241943359375 | 1966.241943359375
D:\Downloads\KTH\Masters Thesis\thesis-heat-detection\Data\old\20240606_Data_Montserrat.xlsx,DH energy meters,Unnamed: 7,object,4999,1,0.0002,False,,,,,,Biomassa Caldera 02 - Energia Calor [MWh] | 1026.533935546875 | 1026.533935546875 | 1026.533935546875 | 1026.533935546875
D:\Downloads\KTH\Masters Thesis\thesis-heat-detection\Data\old\20240606_Data_Montserrat.xlsx,DH energy meters,Unnamed: 8,object,4999,1,0.0002,False,,,,,,Botiga- Energia Calor [MWh] | 73.80000305175781 | 73.80000305175781 | 73.80000305175781 | 73.80000305175781
D:\Downloads\KTH\Masters Thesis\thesis-heat-detection\Data\old\20240606_Data_Montserrat.xlsx,DH energy meters,Unnamed: 9,object,4999,1,0.0002,False,,,,,,Escolania - Energia Calor [MWh] | 2872.84 | 2872.84 | 2872.84 | 2872.84
D:\Downloads\KTH\Masters Thesis\thesis-heat-detection\Data\old\20240606_Data_Montserrat.xlsx,DH energy meters,Unnamed: 10,object,4999,1,0.0002,False,,,,,,Esolania Secundari - Energia Calor [MWh] | 2872.84 | 2872.84 | 2872.84 | 2872.84
D:\Downloads\KTH\Masters Thesis\thesis-heat-detection\Data\old\20240606_Data_Montserrat.xlsx,DH energy meters,Unnamed: 11,object,4999,1,0.0002,False,,,,,,Hostatgeria ACS - Energia Calor [MWh] | 1672.93 | 1672.93 | 1672.93 | 1672.93
D:\Downloads\KTH\Masters Thesis\thesis-heat-detection\Data\old\20240606_Data_Montserrat.xlsx,DH energy meters,Unnamed: 12,object,4999,1,0.0002,False,,,,,,Hostatgeria Caldera Gas - Energia Calor [MWh] | 27.72 | 27.72 | 27.72 | 27.72
D:\Downloads\KTH\Masters Thesis\thesis-heat-detection\Data\old\20240606_Data_Montserrat.xlsx,DH energy meters,Unnamed: 13,object,4999,1,0.0002,False,,,,,,Hostatgeria Terra Radiant - Energia Calor | 394.99 | 394.99 | 394.99 | 394.99
D:\Downloads\KTH\Masters Thesis\thesis-heat-detection\Data\old\20240606_Data_Montserrat.xlsx,DH energy meters,Unnamed: 14,object,4999,1,0.0002,False,,,,,,Mirador - Energia Calderes Gas [MWh] | 0.00623099971562624 | 0.00623099971562624 | 0.00623099971562624 | 0.00623099971562624
D:\Downloads\KTH\Masters Thesis\thesis-heat-detection\Data\old\20240606_Data_Montserrat.xlsx,DH energy meters,Unnamed: 15,object,4999,1,0.0002,False,,,,,,Mirador - Energia Calor [MWh] | 0.024921000003814697 | 0.024921000003814697 | 0.024921000003814697 | 0.024921000003814697
D:\Downloads\KTH\Masters Thesis\thesis-heat-detection\Data\old\20240606_Data_Montserrat.xlsx,DH energy meters,Unnamed: 16,object,4999,1,0.0002,False,,,,,,Museu Cafeteria - Energia Calor | 4848.22 | 4848.22 | 4848.22 | 4848.22
D:\Downloads\KTH\Masters Thesis\thesis-heat-detection\Data\old\20240606_Data_Montserrat.xlsx,DH energy meters,Unnamed: 17,object,4999,1,0.0002,False,,,,,,Nostra Senyora - Energia Calor [MWh] | 1617.99 | 1617.99 | 1617.99 | 1617.99
D:\Downloads\KTH\Masters Thesis\thesis-heat-detection\Data\old\20240606_Data_Montserrat.xlsx,DH energy meters,Unnamed: 18,object,4999,1,0.0002,False,,,,,,Torre Prior - Energia Calor [MWh] | 3972.92 | 3972.92 | 3972.92 | 3972.92
D:\Downloads\KTH\Masters Thesis\thesis-heat-detection\Data\old\20240606_Data_Montserrat.xlsx,DC energy meters,"Energy meters, district cooling side [MWh]",str,4999,1,0.0002,False,power_or_energy_candidate;return_temperature_candidate,energy;tr,,,,Time stamp | 06/06/2024 11:15:04 | 06/06/2024 11:15:00 | 06/06/2024 11:00:00 | 06/06/2024 10:15:04
D:\Downloads\KTH\Masters Thesis\thesis-heat-detection\Data\old\20240606_Data_Montserrat.xlsx,DC energy meters,Unnamed: 1,object,4999,1,0.0002,False,,,,,,Abat Cisneros - Energia Fred [MWh] | 55.79999923706055 | 55.79999923706055 | 55.79999923706055 | 55.79999923706055
D:\Downloads\KTH\Masters Thesis\thesis-heat-detection\Data\old\20240606_Data_Montserrat.xlsx,DC energy meters,Unnamed: 2,object,5000,0,0.0,False,,,,,,Demo building | Abat Oliba Produccio - Energia Fred [MWh] | 125.58 | 125.58 | 125.58
D:\Downloads\KTH\Masters Thesis\thesis-heat-detection\Data\old\20240606_Data_Montserrat.xlsx,DC energy meters,Unnamed: 3,object,4999,1,0.0002,False,,,,,,Energia Refredadora R2 - Energia Fred [MWh] | 624.2000122070312 | 624.0999755859375 | 624.0999755859375 | 624.0999755859375
D:\Downloads\KTH\Masters Thesis\thesis-heat-detection\Data\old\20240606_Data_Montserrat.xlsx,DC energy meters,Unnamed: 4,object,4999,1,0.0002,False,,,,,,Mirador - Energia Fred [MWh] | 476.8999938964844 | 476.8999938964844 | 476.79998779296875 | 476.79998779296875
D:\Downloads\KTH\Masters Thesis\thesis-heat-detection\Data\old\20240606_Data_Montserrat.xlsx,DC energy meters,Unnamed: 5,object,4999,1,0.0002,False,,,,,,Museu-Cafeteria - Energia Fred [MWh] | 514.2000122070312 | 514.2000122070312 | 514.2000122070312 | 514.2000122070312
D:\Downloads\KTH\Masters Thesis\thesis-heat-detection\Data\old\20240606_Data_Montserrat.xlsx,DC energy meters,Unnamed: 6,object,4999,1,0.0002,False,,,,,,Museu-Cafeteria Antigel - Energia Fred [MWh] | 0 | 0 | 0 | 0
D:\Downloads\KTH\Masters Thesis\thesis-heat-detection\Data\old\20240606_Data_Montserrat.xlsx,DC energy meters,Unnamed: 7,object,4999,1,0.0002,False,,,,,,Refredadora R1 - Energia Fred [MWh] | 852.2999877929688 | 852.2999877929688 | 852.2999877929688 | 852.2999877929688
D:\Downloads\KTH\Masters Thesis\thesis-heat-detection\Data\old\20240606_Data_Montserrat.xlsx,Thermall power,Time stamp,str,5000,0,0.0,False,timestamp_candidate,time,2024-05-02T18:53:56,2024-06-06T11:54:15,0 days 00:15:00,06/06/2024 11:54:15 | 06/06/2024 11:53:56 | 06/06/2024 11:51:57 | 06/06/2024 11:36:57 | 06/06/2024 11:21:57
D:\Downloads\KTH\Masters Thesis\thesis-heat-detection\Data\old\20240606_Data_Montserrat.xlsx,Thermall power,Power Interval Trend Log,int64,5000,0,0.0,True,power_or_energy_candidate;return_temperature_candidate,power;tr,,,,5 | 5 | 5 | 6 | 5
D:\Downloads\KTH\Masters Thesis\thesis-heat-detection\Data\old\20240606_Data_Montserrat.xlsx,Thermall power,Return Temperature Interval Trend Log,float64,5000,0,0.0,True,return_temperature_candidate,ret;return;tr,,,,80.3700027 | 78.4700012 | 78.4700012 | 78.4700012 | 78.4700012
D:\Downloads\KTH\Masters Thesis\thesis-heat-detection\Data\old\20240606_Data_Montserrat.xlsx,Thermall power,Supply Temperature Interval Trend Log,float64,5000,0,0.0,True,return_temperature_candidate;supply_temperature_candidate,sup;supply;tr,,,,86.6100006 | 86.6100006 | 85.7799988 | 85.7799988 | 85.7799988
D:\Downloads\KTH\Masters Thesis\thesis-heat-detection\Data\old\20240606_Data_Montserrat.xlsx,DH internal Temperatures,Unnamed: 0,str,4970,30,0.006,False,,,,,,Time stamp | 06/06/2024 11:51:47 | 06/06/2024 11:36:47 | 06/06/2024 11:21:47 | 06/06/2024 11:06:47
D:\Downloads\KTH\Masters Thesis\thesis-heat-detection\Data\old\20240606_Data_Montserrat.xlsx,DH internal Temperatures,Unnamed: 1,object,4970,30,0.006,False,,,,,,T Entrada Besc ACS | 78.75 | 79.61000061035156 | 80.55999755859375 | 81.5999984741211
D:\Downloads\KTH\Masters Thesis\thesis-heat-detection\Data\old\20240606_Data_Montserrat.xlsx,DH internal Temperatures,Unnamed: 2,object,4970,30,0.006,False,,,,,,T Entrada Besc Primari | 62.25 | 63.29999923706055 | 64.19000244140625 | 60.06999969482422
D:\Downloads\KTH\Masters Thesis\thesis-heat-detection\Data\old\20240606_Data_Montserrat.xlsx,DH internal Temperatures,Unnamed: 3,object,4970,30,0.006,False,,,,,,T Exterior | 22.200000762939453 | 21.959999084472656 | 21.600000381469727 | 20.649999618530273
D:\Downloads\KTH\Masters Thesis\thesis-heat-detection\Data\old\20240606_Data_Montserrat.xlsx,DH internal Temperatures,Unnamed: 4,object,4970,30,0.006,False,,,,,,T Imp Circuit Climatitzacio | 27.8700008392334 | 27.059999465942383 | 26.309999465942383 | 25.68000030517578
D:\Downloads\KTH\Masters Thesis\thesis-heat-detection\Data\old\20240606_Data_Montserrat.xlsx,DH internal Temperatures,Unnamed: 5,object,4970,30,0.006,False,,,,,,T Imp Circuit Radiadors | 60.619998931884766 | 61.150001525878906 | 61.779998779296875 | 62.41999816894531
D:\Downloads\KTH\Masters Thesis\thesis-heat-detection\Data\old\20240606_Data_Montserrat.xlsx,DH internal Temperatures,Unnamed: 6,object,4970,30,0.006,False,,,,,,T Sortida Besc ACS | 79.25 | 77.12000274658203 | 78.9800033569336 | 78.66000366210938
D:\Downloads\KTH\Masters Thesis\thesis-heat-detection\Data\old\20240606_Data_Montserrat.xlsx,DH internal Temperatures,Unnamed: 7,object,4970,30,0.006,False,,,,,,T Sortida Besc Primari | 87.95999908447266 | 87.95999908447266 | 87.47000122070312 | 88.44999694824219
D:\Downloads\KTH\Masters Thesis\thesis-heat-detection\Data\old\20240606_Data_Montserrat.xlsx,DC internal temperature,Time stamp,str,5000,0,0.0,False,timestamp_candidate,time,2024-04-15T10:00:00,2024-06-06T11:45:00,0 days 00:15:00,06/06/2024 11:45:00 | 06/06/2024 11:30:00 | 06/06/2024 11:15:00 | 06/06/2024 11:00:00 | 06/06/2024 10:45:00
D:\Downloads\KTH\Masters Thesis\thesis-heat-detection\Data\old\20240606_Data_Montserrat.xlsx,DC internal temperature,Return Temperature,float64,5000,0,0.0,True,return_temperature_candidate,ret;return,,,,14.649999618530273 | 14.149999618530273 | 14.010000228881836 | 14.010000228881836 | 18.549999237060547
D:\Downloads\KTH\Masters Thesis\thesis-heat-detection\Data\old\20240606_Data_Montserrat.xlsx,DC internal temperature,Supply Temperature,float64,5000,0,0.0,True,supply_temperature_candidate,sup;supply,,,,10.609999656677246 | 10.609999656677246 | 10.579999923706055 | 11.029999732971191 | 10.579999923706055
D:\Downloads\KTH\Masters Thesis\thesis-heat-detection\Data\old\20240606_Data_Montserrat.xlsx,Climatizador planta B,Time stamp,str,5000,0,0.0,False,timestamp_candidate,time,2024-05-11T12:30:00,2024-06-06T13:21:34,0 days 00:06:34,06/06/2024 13:21:34 | 06/06/2024 13:15:00 | 06/06/2024 13:06:34 | 06/06/2024 13:00:00 | 06/06/2024 12:51:34
D:\Downloads\KTH\Masters Thesis\thesis-heat-detection\Data\old\20240606_Data_Montserrat.xlsx,Climatizador planta B,Return Air Quality,float64,5000,0,0.0,True,return_temperature_candidate,ret;return,,,,565.3999633789062 | 565.3999633789062 | 577.5999755859375 | 577.5999755859375 | 642.6000366210938
D:\Downloads\KTH\Masters Thesis\thesis-heat-detection\Data\old\20240606_Data_Montserrat.xlsx,Climatizador planta B,Outdoor Temperature,float64,5000,0,0.0,True,,,,,,25.760000228881836 | 25.760000228881836 | 24.899999618530273 | 24.899999618530273 | 24.530000686645508
D:\Downloads\KTH\Masters Thesis\thesis-heat-detection\Data\old\20240606_Data_Montserrat.xlsx,Climatizador planta B,Heat Recovery Speed,int64,5000,0,0.0,True,,,,,,0 | 0 | 0 | 0 | 0
D:\Downloads\KTH\Masters Thesis\thesis-heat-detection\Data\old\20240606_Data_Montserrat.xlsx,Climatizador planta B,Return Humidity,float64,5000,0,0.0,True,return_temperature_candidate,ret;return,,,,52.55000305175781 | 52.91999816894531 | 52.91999816894531 | 54.290000915527344 | 54.290000915527344
D:\Downloads\KTH\Masters Thesis\thesis-heat-detection\Data\old\20240606_Data_Montserrat.xlsx,Climatizador planta B,Return Temperature,float64,5000,0,0.0,True,return_temperature_candidate,ret;return,,,,25.520000457763672 | 25.520000457763672 | 25.209999084472656 | 25.209999084472656 | 24.84000015258789
D:\Downloads\KTH\Masters Thesis\thesis-heat-detection\Data\old\20240606_Data_Montserrat.xlsx,Climatizador planta B,Room Ambient Temperature,float64,5000,0,0.0,True,,,,,,21.3 | 21.3 | 21.400000000000002 | 21.400000000000002 | 21.400000000000002
D:\Downloads\KTH\Masters Thesis\thesis-heat-detection\Data\old\20240606_Data_Montserrat.xlsx,Climatizador planta B,Cold Temperature Setpoint,float64,5000,0,0.0,True,,,,,,23.700000000000003 | 23.700000000000003 | 23.700000000000003 | 23.700000000000003 | 23.700000000000003
D:\Downloads\KTH\Masters Thesis\thesis-heat-detection\Data\old\20240606_Data_Montserrat.xlsx,Climatizador planta B,Heat Temperature Setpoint,int64,5000,0,0.0,True,,,,,,20 | 20 | 20 | 20 | 20
D:\Downloads\KTH\Masters Thesis\thesis-heat-detection\Data\old\20240606_Data_Montserrat.xlsx,Climatizador planta B,Supply Temperature,float64,5000,0,0.0,True,supply_temperature_candidate,sup;supply,,,,24.5 | 24.5 | 24.0 | 24.0 | 23.469999313354492
D:\Downloads\KTH\Masters Thesis\thesis-heat-detection\Data\old\20240606_Data_Montserrat.xlsx,Climatizador planta B,Heat Valve Opening,float64,5000,0,0.0,True,,,,,,0.0 | 0.0 | 0.0 | 0.0 | 0.0
D:\Downloads\KTH\Masters Thesis\thesis-heat-detection\Data\old\20240606_Data_Montserrat.xlsx,Climatizador planta B,Cold Valve Opening,float64,5000,0,0.0,True,,,,,,0.0 | 0.0 | 0.0 | 0.0 | 0.0
D:\Downloads\KTH\Masters Thesis\thesis-heat-detection\Data\old\20240606_Data_Montserrat.xlsx,Climatizador planta B,Impulse Fan Speed,int64,5000,0,0.0,True,,,,,,0 | 0 | 0 | 0 | 0
D:\Downloads\KTH\Masters Thesis\thesis-heat-detection\Data\old\20240606_Data_Montserrat.xlsx,Climatizador planta B,Return Fan Speed,int64,5000,0,0.0,True,return_temperature_candidate,ret;return,,,,0 | 0 | 0 | 0 | 0
D:\Downloads\KTH\Masters Thesis\thesis-heat-detection\Data\old\20240606_Data_Montserrat.xlsx,Climatizador planta P,Time stamp,str,5000,0,0.0,False,timestamp_candidate,time,2024-05-11T11:36:34,2024-06-06T12:30:00,0 days 00:08:26,06/06/2024 12:30:00 | 06/06/2024 12:21:34 | 06/06/2024 12:15:00 | 06/06/2024 12:06:34 | 06/06/2024 12:00:00
D:\Downloads\KTH\Masters Thesis\thesis-heat-detection\Data\old\20240606_Data_Montserrat.xlsx,Climatizador planta P,Return Air Quality,float64,5000,0,0.0,True,return_temperature_candidate,ret;return,,,,558.5999755859375 | 549.2000122070312 | 549.2000122070312 | 514.4000244140625 | 514.4000244140625
D:\Downloads\KTH\Masters Thesis\thesis-heat-detection\Data\old\20240606_Data_Montserrat.xlsx,Climatizador planta P,Free Cooling Damper Opening,float64,5000,0,0.0,True,,,,,,0.0 | 0.0 | 0.0 | 20.0 | 20.0
D:\Downloads\KTH\Masters Thesis\thesis-heat-detection\Data\old\20240606_Data_Montserrat.xlsx,Climatizador planta P,Outdoor Temperature,float64,5000,0,0.0,True,,,,,,23.389999389648438 | 23.149999618530273 | 23.149999618530273 | 22.489999771118164 | 22.489999771118164
D:\Downloads\KTH\Masters Thesis\thesis-heat-detection\Data\old\20240606_Data_Montserrat.xlsx,Climatizador planta P,Heat Recovery Speed,int64,5000,0,0.0,True,,,,,,0 | 0 | 0 | 0 | 0
D:\Downloads\KTH\Masters Thesis\thesis-heat-detection\Data\old\20240606_Data_Montserrat.xlsx,Climatizador planta P,Return Humidity,float64,5000,0,0.0,True,return_temperature_candidate,ret;return,,,,52.4900016784668 | 52.4900016784668 | 53.839996337890625 | 53.839996337890625 | 55.540000915527344
D:\Downloads\KTH\Masters Thesis\thesis-heat-detection\Data\old\20240606_Data_Montserrat.xlsx,Climatizador planta P,Return Temperature,float64,5000,0,0.0,True,return_temperature_candidate,ret;return,,,,25.010000228881836 | 24.93000030517578 | 24.93000030517578 | 23.510000228881836 | 23.510000228881836
D:\Downloads\KTH\Masters Thesis\thesis-heat-detection\Data\old\20240606_Data_Montserrat.xlsx,Climatizador planta P,Room Ambient Temperature,float64,5000,0,0.0,True,,,,,,23.700000000000003 | 23.6 | 23.6 | 23.400000000000002 | 23.400000000000002
D:\Downloads\KTH\Masters Thesis\thesis-heat-detection\Data\old\20240606_Data_Montserrat.xlsx,Climatizador planta P,Cold Temperature Setpoint,float64,5000,0,0.0,True,,,,,,22.400000000000002 | 22.400000000000002 | 22.400000000000002 | 22.400000000000002 | 22.400000000000002
D:\Downloads\KTH\Masters Thesis\thesis-heat-detection\Data\old\20240606_Data_Montserrat.xlsx,Climatizador planta P,Heat Temperature Setpoint,float64,5000,0,0.0,True,,,,,,20.700000000000003 | 20.700000000000003 | 20.700000000000003 | 20.700000000000003 | 20.700000000000003
D:\Downloads\KTH\Masters Thesis\thesis-heat-detection\Data\old\20240606_Data_Montserrat.xlsx,Climatizador planta P,Supply Temperature,float64,5000,0,0.0,True,supply_temperature_candidate,sup;supply,,,,26.299999237060547 | 26.100000381469727 | 26.100000381469727 | 25.18000030517578 | 25.18000030517578
D:\Downloads\KTH\Masters Thesis\thesis-heat-detection\Data\old\20240606_Data_Montserrat.xlsx,Climatizador planta P,Heat Valve Opening,float64,5000,0,0.0,True,,,,,,0.0 | 0.0 | 0.0 | 0.0 | 0.0
D:\Downloads\KTH\Masters Thesis\thesis-heat-detection\Data\old\20240606_Data_Montserrat.xlsx,Climatizador planta P,Cold Valve Opening,float64,5000,0,0.0,True,,,,,,0.0 | 0.0 | 0.0 | 14.75 | 14.75
D:\Downloads\KTH\Masters Thesis\thesis-heat-detection\Data\old\20240606_Data_Montserrat.xlsx,Climatizador planta P,Impulse Fan Speed,int64,5000,0,0.0,True,,,,,,0 | 0 | 0 | 100 | 100
D:\Downloads\KTH\Masters Thesis\thesis-heat-detection\Data\old\20240606_Data_Montserrat.xlsx,Climatizador planta P,Return Fan Speed,int64,5000,0,0.0,True,return_temperature_candidate,ret;return,,,,0 | 0 | 0 | 100 | 100
D:\Downloads\KTH\Masters Thesis\thesis-heat-detection\Data\old\20240606_Data_Montserrat.xlsx,Electric meter,Time stamp,str,5000,0,0.0,False,timestamp_candidate,time,2023-11-11T04:00:00,2024-06-06T13:00:00,0 days 01:00:00,06/06/2024 13:00:00 | 06/06/2024 12:00:00 | 06/06/2024 11:00:00 | 06/06/2024 10:00:00 | 06/06/2024 9:00:00
D:\Downloads\KTH\Masters Thesis\thesis-heat-detection\Data\old\20240606_Data_Montserrat.xlsx,Electric meter,Bar Frankfurt [kWh],int64,5000,0,0.0,True,power_or_energy_candidate,kw,,,,236202 | 236189 | 236177 | 236165 | 236153
D:\Downloads\KTH\Masters Thesis\thesis-heat-detection\Data\old\20240606_Data_Montserrat.xlsx,Electric meter,Cuina P1 [kWh],int64,5000,0,0.0,True,power_or_energy_candidate,kw,,,,85248 | 85247 | 85246 | 85243 | 85241
D:\Downloads\KTH\Masters Thesis\thesis-heat-detection\Data\old\20240606_Data_Montserrat.xlsx,Electric meter,Fusteria [kWh],int64,5000,0,0.0,True,power_or_energy_candidate,kw,,,,74759 | 74754 | 74750 | 74746 | 74743
D:\Downloads\KTH\Masters Thesis\thesis-heat-detection\Data\old\20240606_Data_Montserrat.xlsx,Electric meter,Inferneria [kWh],float64,5000,0,0.0,True,power_or_energy_candidate,kw,,,,26342.830078125 | 26342.44921875 | 26342.189453125 | 26341.83984375 | 26341.529296875
D:\Downloads\KTH\Masters Thesis\thesis-heat-detection\Data\old\20240606_Data_Montserrat.xlsx,Electric meter,Mossos [kWh],float64,5000,0,0.0,True,power_or_energy_candidate,kw,,,,57850.8984375 | 57850.69921875 | 57850.6015625 | 57850.19921875 | 57849.80078125
D:\Downloads\KTH\Masters Thesis\thesis-heat-detection\Data\old\20240606_Data_Montserrat.xlsx,Electric meter,General [kWh],int64,5000,0,0.0,True,power_or_energy_candidate,kw,,,,444994 | 444983 | 444970 | 444956 | 444944
D:\Downloads\KTH\Masters Thesis\thesis-heat-detection\Data\old\20240606_Data_Montserrat.xlsx,Water meter,Time stamp,str,5000,0,0.0,False,timestamp_candidate,time,2023-11-11T04:00:00,2024-06-06T13:00:00,0 days 01:00:00,06/06/2024 13:00:00 | 06/06/2024 12:00:00 | 06/06/2024 11:00:00 | 06/06/2024 10:00:00 | 06/06/2024 9:00:00
D:\Downloads\KTH\Masters Thesis\thesis-heat-detection\Data\old\20240606_Data_Montserrat.xlsx,Water meter,Total (1) [m3],float64,5000,0,0.0,True,flow_candidate,m3,,,,2901.10009765625 | 2900.89990234375 | 2900.800048828125 | 2900.699951171875 | 2900.5
D:\Downloads\KTH\Masters Thesis\thesis-heat-detection\Data\old\20240606_Data_Montserrat.xlsx,Water meter,Total (2) [m3],float64,5000,0,0.0,True,flow_candidate,m3,,,,154.0 | 153.90000915527344 | 153.90000915527344 | 153.90000915527344 | 153.90000915527344
D:\Downloads\KTH\Masters Thesis\thesis-heat-detection\Data\old\20240606_Data_Montserrat.xlsx,Water meter,Total (3) [m3],float64,5000,0,0.0,True,flow_candidate,m3,,,,231.8000030517578 | 231.8000030517578 | 231.8000030517578 | 231.8000030517578 | 231.8000030517578
D:\Downloads\KTH\Masters Thesis\thesis-heat-detection\Data\old\20240606_Data_Montserrat.xlsx,Water meter,Total (4) [m3],int64,5000,0,0.0,True,flow_candidate,m3,,,,9 | 9 | 9 | 9 | 9
D:\Downloads\KTH\Masters Thesis\thesis-heat-detection\Data\old\20240606_Data_Montserrat.xlsx,Water meter,Total (5) [m3],float64,5000,0,0.0,True,flow_candidate,m3,,,,17.700000762939453 | 17.700000762939453 | 17.700000762939453 | 17.700000762939453 | 17.700000762939453
D:\Downloads\KTH\Masters Thesis\thesis-heat-detection\Data\old\20240606_Data_Montserrat.xlsx,Water meter,Total (6) [m3],float64,5000,0,0.0,True,flow_candidate,m3,,,,311.8999938964844 | 311.8999938964844 | 311.8999938964844 | 311.8999938964844 | 311.8999938964844
D:\Downloads\KTH\Masters Thesis\thesis-heat-detection\Data\old\20240606_Data_Montserrat.xlsx,Water meter,Total (7) [m3],float64,5000,0,0.0,True,flow_candidate,m3,,,,68.19999694824219 | 68.19999694824219 | 68.19999694824219 | 68.19999694824219 | 68.19999694824219
D:\Downloads\KTH\Masters Thesis\thesis-heat-detection\Data\old\20240606_Data_Montserrat.xlsx,Water meter,Total (8) [m3],float64,5000,0,0.0,True,flow_candidate,m3,,,,111.0999984741211 | 111.0999984741211 | 111.0999984741211 | 111.0999984741211 | 111.0999984741211
D:\Downloads\KTH\Masters Thesis\thesis-heat-detection\Data\old\20240606_Data_Montserrat.xlsx,Water meter,Total (9) [m3],float64,5000,0,0.0,True,flow_candidate,m3,,,,12174.7001953125 | 12174.7001953125 | 12174.7001953125 | 12174.7001953125 | 12174.7001953125
D:\Downloads\KTH\Masters Thesis\thesis-heat-detection\Data\old\20240606_Data_Montserrat.xlsx,Water meter,Total (10) [m3],int64,5000,0,0.0,True,flow_candidate,m3,,,,0 | 0 | 0 | 0 | 0
D:\Downloads\KTH\Masters Thesis\thesis-heat-detection\Data\old\20231025_Data_Montserrat v2.xlsx,START page,Unnamed: 0,float64,0,96,1.0,True,,,,,,
D:\Downloads\KTH\Masters Thesis\thesis-heat-detection\Data\old\20231025_Data_Montserrat v2.xlsx,START page,Unnamed: 1,float64,0,96,1.0,True,,,,,,
D:\Downloads\KTH\Masters Thesis\thesis-heat-detection\Data\old\20231025_Data_Montserrat v2.xlsx,START page,Unnamed: 2,str,6,90,0.9375,False,,,,,,This is the main page of the document. It serves as a guide to navigate through the document. | The document presents several datasets from the Montserrat demo. It is structured as follows: | Area | District heating  | District cooling
D:\Downloads\KTH\Masters Thesis\thesis-heat-detection\Data\old\20231025_Data_Montserrat v2.xlsx,START page,Unnamed: 3,str,12,84,0.875,False,,,,,,* Start page - General info and description of tabs | * DH energy meters - Historical values of thermal energy meters at district heating level per building. | * DC energy meters - Historical values of thermal energy meters at district cooling level per building. | * Thermal power - Temperatures and power of Abat Oliva building conection to the DH network | * DH internal Temperatures  - Temperature in the internal building distribution loops for the DH network
D:\Downloads\KTH\Masters Thesis\thesis-heat-detection\Data\old\20231025_Data_Montserrat v2.xlsx,START page,Unnamed: 4,str,78,18,0.1875,False,,,,,,Variables description | Type | Energy meter | Energy meter | Energy meter
D:\Downloads\KTH\Masters Thesis\thesis-heat-detection\Data\old\20231025_Data_Montserrat v2.xlsx,START page,Unnamed: 5,str,77,19,0.1979,False,,,,,,Name | Abat Cisneros - Energia Calor [MWh] | Abat Cisneros Venerable - Energia Calor [MWh] | Abat Garriga - Energia Calor [MWh] | Abat Mercet - Energia Calor [MWh]
D:\Downloads\KTH\Masters Thesis\thesis-heat-detection\Data\old\20231025_Data_Montserrat v2.xlsx,START page,Unnamed: 6,str,70,26,0.2708,False,,,,,,Document Tab | DH energy meters | DH energy meters | DH energy meters | DH energy meters
D:\Downloads\KTH\Masters Thesis\thesis-heat-detection\Data\old\20231025_Data_Montserrat v2.xlsx,START page,Unnamed: 7,str,52,44,0.4583,False,,,,,,Path | /Montserrat ASP Abat Oliba Produccio/Modbus Interface COMA/CE Sensus Calor/Log/Supply Temperature Interval Trend Log | /Montserrat ASP Abat Oliba Produccio/Modbus Interface COMA/CE Sensus Calor/Log/Return Temperature Interval Trend Log | /Montserrat ASP Abat Oliba Produccio/Modbus Interface COMA/CE Sensus Calor/Log/Power Interval Trend Log | /Montserrat ASP Abat Oliba Produccio/Applications/Potencia SubEstacio Fred/Logs/Supply Temperature
D:\Downloads\KTH\Masters Thesis\thesis-heat-detection\Data\old\20231025_Data_Montserrat v2.xlsx,START page,Unnamed: 8,str,60,36,0.375,False,,,,,,Timeframe | from 12/12/2018 - up today | from 12/12/2018 - up today | from 12/12/2018 - up today | from 12/12/2018 - up today
D:\Downloads\KTH\Masters Thesis\thesis-heat-detection\Data\old\20231025_Data_Montserrat v2.xlsx,START page,Unnamed: 9,str,60,36,0.375,False,,,,,,Data sampling  | 15 min | 15 min | 15 min | 15 min
D:\Downloads\KTH\Masters Thesis\thesis-heat-detection\Data\old\20231025_Data_Montserrat v2.xlsx,START page,Unnamed: 10,str,77,19,0.1979,False,,,,,,Status | ok  | ok  | ok  | ok 
D:\Downloads\KTH\Masters Thesis\thesis-heat-detection\Data\old\20231025_Data_Montserrat v2.xlsx,START page,Unnamed: 11,str,28,68,0.7083,False,,,,,,Comments | Data from 06/02/2019  (building connected to the DH) | Data from 09/04/2023 (building connected to the DC) | Had a 15 days retention policy. Corrected 25/10/2023 | Had a 15 days retention policy. Corrected 25/10/2023
D:\Downloads\KTH\Masters Thesis\thesis-heat-detection\Data\old\20231025_Data_Montserrat v2.xlsx,DH energy meters,"Energy meters, district heating side [MWh]",object,4999,1,0.0002,False,power_or_energy_candidate;return_temperature_candidate,energy;tr,,,,Time stamp | 2023-10-25 12:45:04 | 2023-10-25 12:30:04 | 2023-10-25 12:15:04 | 2023-10-25 12:15:00
D:\Downloads\KTH\Masters Thesis\thesis-heat-detection\Data\old\20231025_Data_Montserrat v2.xlsx,DH energy meters,Unnamed: 1,object,4999,1,0.0002,False,,,,,,Abat Cisneros - Energia Calor [MWh] | 6256.24 | 6256.24 | 6256.24 | 6256.24
D:\Downloads\KTH\Masters Thesis\thesis-heat-detection\Data\old\20231025_Data_Montserrat v2.xlsx,DH energy meters,Unnamed: 2,object,4999,1,0.0002,False,,,,,,Abat Cisneros Venerable - Energia Calor [MWh] | 402.989990234375 | 402.989990234375 | 402.989990234375 | 402.989990234375
D:\Downloads\KTH\Masters Thesis\thesis-heat-detection\Data\old\20231025_Data_Montserrat v2.xlsx,DH energy meters,Unnamed: 3,object,4999,1,0.0002,False,,,,,,Abat Garriga - Energia Calor [MWh] | 977.91 | 977.91 | 977.91 | 977.91
D:\Downloads\KTH\Masters Thesis\thesis-heat-detection\Data\old\20231025_Data_Montserrat v2.xlsx,DH energy meters,Unnamed: 4,object,4999,1,0.0002,False,,,,,,Abat Mercet - Energia Calor [MWh] | 5368.68 | 5368.68 | 5368.68 | 5368.68
D:\Downloads\KTH\Masters Thesis\thesis-heat-detection\Data\old\20231025_Data_Montserrat v2.xlsx,DH energy meters,Unnamed: 5,object,5000,0,0.0,False,,,,,,Demo building | Abat Oliba Produccio - Energia Calor [MWh] | 456200 | 456200 | 456200
D:\Downloads\KTH\Masters Thesis\thesis-heat-detection\Data\old\20231025_Data_Montserrat v2.xlsx,DH energy meters,Unnamed: 6,object,4999,1,0.0002,False,,,,,,Biomassa Caldera 01 - Energia Calor [MWh] | 17882.4 | 17882.4 | 17882.4 | 17882.4
D:\Downloads\KTH\Masters Thesis\thesis-heat-detection\Data\old\20231025_Data_Montserrat v2.xlsx,DH energy meters,Unnamed: 7,object,4999,1,0.0002,False,,,,,,Biomassa Caldera 02 - Energia Calor [MWh] | 15263.4 | 15263.4 | 15263.4 | 15263.4
D:\Downloads\KTH\Masters Thesis\thesis-heat-detection\Data\old\20231025_Data_Montserrat v2.xlsx,DH energy meters,Unnamed: 8,object,4999,1,0.0002,False,,,,,,Botiga- Energia Calor [MWh] | 73.80000305175781 | 73.80000305175781 | 73.80000305175781 | 73.80000305175781
D:\Downloads\KTH\Masters Thesis\thesis-heat-detection\Data\old\20231025_Data_Montserrat v2.xlsx,DH energy meters,Unnamed: 9,object,4999,1,0.0002,False,,,,,,Escolania - Energia Calor [MWh] | 2642.38 | 2642.38 | 2642.38 | 2642.38
D:\Downloads\KTH\Masters Thesis\thesis-heat-detection\Data\old\20231025_Data_Montserrat v2.xlsx,DH energy meters,Unnamed: 10,object,4999,1,0.0002,False,,,,,,Esolania Secundari - Energia Calor [MWh] | 2642.38 | 2642.38 | 2642.38 | 2642.38
D:\Downloads\KTH\Masters Thesis\thesis-heat-detection\Data\old\20231025_Data_Montserrat v2.xlsx,DH energy meters,Unnamed: 11,object,4999,1,0.0002,False,,,,,,Hostatgeria ACS - Energia Calor [MWh] | 1486.57 | 1486.57 | 1486.57 | 1486.57
D:\Downloads\KTH\Masters Thesis\thesis-heat-detection\Data\old\20231025_Data_Montserrat v2.xlsx,DH energy meters,Unnamed: 12,object,4999,1,0.0002,False,,,,,,Hostatgeria Caldera Gas - Energia Calor [MWh] | 1.86 | 1.86 | 1.86 | 1.86
D:\Downloads\KTH\Masters Thesis\thesis-heat-detection\Data\old\20231025_Data_Montserrat v2.xlsx,DH energy meters,Unnamed: 13,object,4999,1,0.0002,False,,,,,,Hostatgeria Terra Radiant - Energia Calor | 338.61 | 338.61 | 338.61 | 338.61
D:\Downloads\KTH\Masters Thesis\thesis-heat-detection\Data\old\20231025_Data_Montserrat v2.xlsx,DH energy meters,Unnamed: 14,object,4999,1,0.0002,False,,,,,,Mirador - Energia Calderes Gas [MWh] | 0.00623099971562624 | 0.00623099971562624 | 0.00623099971562624 | 0.00623099971562624
D:\Downloads\KTH\Masters Thesis\thesis-heat-detection\Data\old\20231025_Data_Montserrat v2.xlsx,DH energy meters,Unnamed: 15,object,4999,1,0.0002,False,,,,,,Mirador - Energia Calor [MWh] | 0.016450999304652214 | 0.016450999304652214 | 0.016450999304652214 | 0.016450999304652214
D:\Downloads\KTH\Masters Thesis\thesis-heat-detection\Data\old\20231025_Data_Montserrat v2.xlsx,DH energy meters,Unnamed: 16,object,4999,1,0.0002,False,,,,,,"Museu Cafeteria - Energia Calor | 4494,09 [MWh] | 4494.09 | 4494.09 | 4494.09"
D:\Downloads\KTH\Masters Thesis\thesis-heat-detection\Data\old\20231025_Data_Montserrat v2.xlsx,DH energy meters,Unnamed: 17,object,4999,1,0.0002,False,,,,,,Nostra Senyora - Energia Calor [MWh] | 1519.75 | 1519.75 | 1519.75 | 1519.75
D:\Downloads\KTH\Masters Thesis\thesis-heat-detection\Data\old\20231025_Data_Montserrat v2.xlsx,DH energy meters,Unnamed: 18,object,4999,1,0.0002,False,,,,,,Torre Prior - Energia Calor [MWh] | 3674.51 | 3674.51 | 3674.51 | 3674.51
D:\Downloads\KTH\Masters Thesis\thesis-heat-detection\Data\old\20231025_Data_Montserrat v2.xlsx,DC energy meters,"Energy meters, district cooling side [MWh]",object,4999,1,0.0002,False,power_or_energy_candidate;return_temperature_candidate,energy;tr,,,,Time stamp | 2023-10-25 12:15:04 | 2023-10-25 12:15:00 | 2023-10-25 11:15:04 | 2023-10-25 11:15:00
D:\Downloads\KTH\Masters Thesis\thesis-heat-detection\Data\old\20231025_Data_Montserrat v2.xlsx,DC energy meters,Unnamed: 1,object,4999,1,0.0002,False,,,,,,Abat Cisneros - Energia Fred [MWh] | 55 | 55 | 55 | 55
D:\Downloads\KTH\Masters Thesis\thesis-heat-detection\Data\old\20231025_Data_Montserrat v2.xlsx,DC energy meters,Unnamed: 2,object,5000,0,0.0,False,,,,,,Demo building | Abat Oliba Produccio - Energia Fred [MWh] | 124.58 | 124.58 | 124.58
D:\Downloads\KTH\Masters Thesis\thesis-heat-detection\Data\old\20231025_Data_Montserrat v2.xlsx,DC energy meters,Unnamed: 3,object,4999,1,0.0002,False,,,,,,Energia Refredadora R2 - Energia Fred [MWh] | 576.5 | 576.5 | 576.5 | 576.5
D:\Downloads\KTH\Masters Thesis\thesis-heat-detection\Data\old\20231025_Data_Montserrat v2.xlsx,DC energy meters,Unnamed: 4,object,4999,1,0.0002,False,,,,,,Mirador - Energia Fred [MWh] | 465.20001220703125 | 465.20001220703125 | 465.20001220703125 | 465.20001220703125
D:\Downloads\KTH\Masters Thesis\thesis-heat-detection\Data\old\20231025_Data_Montserrat v2.xlsx,DC energy meters,Unnamed: 5,object,4999,1,0.0002,False,,,,,,Museu-Cafeteria - Energia Fred [MWh] | 490.8999938964844 | 490.8999938964844 | 490.8999938964844 | 490.8999938964844
D:\Downloads\KTH\Masters Thesis\thesis-heat-detection\Data\old\20231025_Data_Montserrat v2.xlsx,DC energy meters,Unnamed: 6,object,4999,1,0.0002,False,,,,,,Museu-Cafeteria Antigel - Energia Fred [MWh] | 0 | 0 | 0 | 0
D:\Downloads\KTH\Masters Thesis\thesis-heat-detection\Data\old\20231025_Data_Montserrat v2.xlsx,DC energy meters,Unnamed: 7,object,4999,1,0.0002,False,,,,,,Refredadora R1 - Energia Fred [MWh] | 819.9000244140625 | 819.7999877929688 | 819.7999877929688 | 819.7999877929688
D:\Downloads\KTH\Masters Thesis\thesis-heat-detection\Data\old\20231025_Data_Montserrat v2.xlsx,Thermall power,Time stamp,datetime64[us],5000,0,0.0,False,timestamp_candidate,time,2023-09-20T22:36:57,2023-10-25T16:36:57,0 days 00:15:00,2023-10-25 16:36:57 | 2023-10-25 16:21:57 | 2023-10-25 16:06:57 | 2023-10-25 15:54:15 | 2023-10-25 15:53:56
D:\Downloads\KTH\Masters Thesis\thesis-heat-detection\Data\old\20231025_Data_Montserrat v2.xlsx,Thermall power,Power Interval Trend Log,object,5000,0,0.0,False,power_or_energy_candidate;return_temperature_candidate,power;tr,,,,23 | 44.7 | 61.7 | 61.7 | 61.7
D:\Downloads\KTH\Masters Thesis\thesis-heat-detection\Data\old\20231025_Data_Montserrat v2.xlsx,Thermall power,Return Temperature Interval Trend Log,object,5000,0,0.0,False,return_temperature_candidate,ret;return;tr,,,,66.7 | 66.7 | 66.7 | 66.7 | 67.1
D:\Downloads\KTH\Masters Thesis\thesis-heat-detection\Data\old\20231025_Data_Montserrat v2.xlsx,Thermall power,Supply Temperature Interval Trend Log,object,5000,0,0.0,False,return_temperature_candidate;supply_temperature_candidate,sup;supply;tr,,,,80.2 | 80.2 | 80.2 | 80.2 | 80.2
D:\Downloads\KTH\Masters Thesis\thesis-heat-detection\Data\old\20231025_Data_Montserrat v2.xlsx,DH internal Temperatures,Unnamed: 0,object,1028,30,0.0284,False,,,,,,Time stamp | 2023-10-25 16:51:47 | 2023-10-25 16:36:47 | 2023-10-25 16:21:47 | 2023-10-25 16:06:47
D:\Downloads\KTH\Masters Thesis\thesis-heat-detection\Data\old\20231025_Data_Montserrat v2.xlsx,DH internal Temperatures,Unnamed: 1,object,1028,30,0.0284,False,,,,,,T Entrada Besc ACS | 74.1500015258789 | 74.1500015258789 | 75.11000061035156 | 75.6500015258789
D:\Downloads\KTH\Masters Thesis\thesis-heat-detection\Data\old\20231025_Data_Montserrat v2.xlsx,DH internal Temperatures,Unnamed: 2,object,1028,30,0.0284,False,,,,,,T Entrada Besc Primari | 66.06999969482422 | 64.66999816894531 | 65.29000091552734 | 64.0999984741211
D:\Downloads\KTH\Masters Thesis\thesis-heat-detection\Data\old\20231025_Data_Montserrat v2.xlsx,DH internal Temperatures,Unnamed: 3,object,1028,30,0.0284,False,,,,,,T Exterior | 16.260000228881836 | 16.18000030517578 | 16.3700008392334 | 16.34000015258789
D:\Downloads\KTH\Masters Thesis\thesis-heat-detection\Data\old\20231025_Data_Montserrat v2.xlsx,DH internal Temperatures,Unnamed: 4,object,1028,30,0.0284,False,,,,,,T Imp Circuit Climatitzacio | 32.630001068115234 | 32.720001220703125 | 32.959999084472656 | 33.380001068115234
D:\Downloads\KTH\Masters Thesis\thesis-heat-detection\Data\old\20231025_Data_Montserrat v2.xlsx,DH internal Temperatures,Unnamed: 5,object,1028,30,0.0284,False,,,,,,T Imp Circuit Radiadors | 45.900001525878906 | 46.349998474121094 | 46.7599983215332 | 47.36000061035156
D:\Downloads\KTH\Masters Thesis\thesis-heat-detection\Data\old\20231025_Data_Montserrat v2.xlsx,DH internal Temperatures,Unnamed: 6,object,1028,30,0.0284,False,,,,,,T Sortida Besc ACS | 66.08999633789062 | 65.05999755859375 | 65.3499984741211 | 64.19999694824219
D:\Downloads\KTH\Masters Thesis\thesis-heat-detection\Data\old\20231025_Data_Montserrat v2.xlsx,DH internal Temperatures,Unnamed: 7,object,1028,30,0.0284,False,,,,,,T Sortida Besc Primari | 74.69999694824219 | 75.79000091552734 | 75.43000030517578 | 76.58999633789062
D:\Downloads\KTH\Masters Thesis\thesis-heat-detection\Data\old\20231025_Data_Montserrat v2.xlsx,DC internal temperature,Time stamp,datetime64[us],5000,0,0.0,False,timestamp_candidate,time,2023-09-03T15:15:00,2023-10-25T16:45:00,0 days 00:15:00,2023-10-25 16:45:00 | 2023-10-25 16:30:00 | 2023-10-25 16:15:00 | 2023-10-25 16:00:00 | 2023-10-25 15:45:00
D:\Downloads\KTH\Masters Thesis\thesis-heat-detection\Data\old\20231025_Data_Montserrat v2.xlsx,DC internal temperature,Return Temperature,object,5000,0,0.0,False,return_temperature_candidate,ret;return,,,,8.380000114440918 | 7.949999809265137 | 7.610000133514404 | 7.550000190734863 | 7.360000133514404
D:\Downloads\KTH\Masters Thesis\thesis-heat-detection\Data\old\20231025_Data_Montserrat v2.xlsx,DC internal temperature,Supply Temperature,object,5000,0,0.0,False,supply_temperature_candidate,sup;supply,,,,8.119999885559082 | 7.78000020980835 | 7.320000171661377 | 6.980000019073486 | 7.070000171661377
D:\Downloads\KTH\Masters Thesis\thesis-heat-detection\Data\old\20231025_Data_Montserrat v2.xlsx,Climatizador planta B,Time stamp,datetime64[us],5000,0,0.0,False,timestamp_candidate,time,2023-09-29T16:15:00,2023-10-25T17:06:34,0 days 00:06:34,2023-10-25 17:06:34 | 2023-10-25 17:00:00 | 2023-10-25 16:51:34 | 2023-10-25 16:45:00 | 2023-10-25 16:36:34
D:\Downloads\KTH\Masters Thesis\thesis-heat-detection\Data\old\20231025_Data_Montserrat v2.xlsx,Climatizador planta B,Air Quality,float64,5000,0,0.0,True,,,,,,488.79998779296875 | 488.79998779296875 | 517.2000122070312 | 517.2000122070312 | 514.5999755859375
D:\Downloads\KTH\Masters Thesis\thesis-heat-detection\Data\old\20231025_Data_Montserrat v2.xlsx,Climatizador planta B,Outdoor Temperature,float64,5000,0,0.0,True,,,,,,16.15999984741211 | 16.15999984741211 | 16.18000030517578 | 16.18000030517578 | 16.389999389648438
D:\Downloads\KTH\Masters Thesis\thesis-heat-detection\Data\old\20231025_Data_Montserrat v2.xlsx,Climatizador planta B,Return Humidity,float64,5000,0,0.0,True,return_temperature_candidate,ret;return,,,,52.470001220703125 | 52.90999984741211 | 52.90999984741211 | 53.27000045776367 | 53.27000045776367
D:\Downloads\KTH\Masters Thesis\thesis-heat-detection\Data\old\20231025_Data_Montserrat v2.xlsx,Climatizador planta B,Return Temperature,float64,5000,0,0.0,True,return_temperature_candidate,ret;return,,,,20.3799991607666 | 20.3799991607666 | 20.239999771118164 | 20.239999771118164 | 19.989999771118164
D:\Downloads\KTH\Masters Thesis\thesis-heat-detection\Data\old\20231025_Data_Montserrat v2.xlsx,Climatizador planta B,Room Temperature,float64,5000,0,0.0,True,,,,,,18.8 | 18.8 | 18.7 | 18.7 | 18.6
D:\Downloads\KTH\Masters Thesis\thesis-heat-detection\Data\old\20231025_Data_Montserrat v2.xlsx,Climatizador planta B,SetPoint Temp Cool,float64,5000,0,0.0,True,,,,,,19.5 | 19.5 | 19.5 | 19.5 | 19.5
D:\Downloads\KTH\Masters Thesis\thesis-heat-detection\Data\old\20231025_Data_Montserrat v2.xlsx,Climatizador planta B,SetPoint Temp Heat,float64,5000,0,0.0,True,,,,,,14.8 | 14.8 | 14.8 | 14.8 | 14.8
D:\Downloads\KTH\Masters Thesis\thesis-heat-detection\Data\old\20231025_Data_Montserrat v2.xlsx,Climatizador planta B,Supply Temperature,float64,5000,0,0.0,True,supply_temperature_candidate,sup;supply,,,,20.030000686645508 | 20.030000686645508 | 19.979999542236328 | 19.979999542236328 | 19.93000030517578
D:\Downloads\KTH\Masters Thesis\thesis-heat-detection\Data\old\20231025_Data_Montserrat v2.xlsx,Climatizador planta P,Time stamp,datetime64[us],5000,0,0.0,False,timestamp_candidate,time,2023-10-08T07:06:34,2023-11-03T09:45:00,0 days 00:08:26,2023-11-03 09:45:00 | 2023-11-03 09:36:34 | 2023-11-03 09:30:00 | 2023-11-03 09:21:34 | 2023-11-03 09:15:00
D:\Downloads\KTH\Masters Thesis\thesis-heat-detection\Data\old\20231025_Data_Montserrat v2.xlsx,Climatizador planta P,Air Quality,float64,5000,0,0.0,True,,,,,,569.0 | 618.800048828125 | 618.800048828125 | 589.0 | 589.0
D:\Downloads\KTH\Masters Thesis\thesis-heat-detection\Data\old\20231025_Data_Montserrat v2.xlsx,Climatizador planta P,Outdoor Temperature,float64,5000,0,0.0,True,,,,,,7.529999732971191 | 7.140000343322754 | 7.140000343322754 | 6.939999580383301 | 6.939999580383301
D:\Downloads\KTH\Masters Thesis\thesis-heat-detection\Data\old\20231025_Data_Montserrat v2.xlsx,Climatizador planta P,Return Humidity,float64,5000,0,0.0,True,return_temperature_candidate,ret;return,,,,39.69000244140625 | 39.69000244140625 | 39.709999084472656 | 39.709999084472656 | 39.84000015258789
D:\Downloads\KTH\Masters Thesis\thesis-heat-detection\Data\old\20231025_Data_Montserrat v2.xlsx,Climatizador planta P,Return Temperature,float64,5000,0,0.0,True,return_temperature_candidate,ret;return,,,,17.790000915527344 | 17.760000228881836 | 17.760000228881836 | 17.309999465942383 | 17.309999465942383
D:\Downloads\KTH\Masters Thesis\thesis-heat-detection\Data\old\20231025_Data_Montserrat v2.xlsx,Climatizador planta P,Room Temperature,float64,5000,0,0.0,True,,,,,,17.1 | 16.8 | 16.8 | 16.5 | 16.5
D:\Downloads\KTH\Masters Thesis\thesis-heat-detection\Data\old\20231025_Data_Montserrat v2.xlsx,Climatizador planta P,SetPoint Temp Cool,float64,5000,0,0.0,True,,,,,,19.5 | 19.5 | 19.5 | 19.5 | 19.5
D:\Downloads\KTH\Masters Thesis\thesis-heat-detection\Data\old\20231025_Data_Montserrat v2.xlsx,Climatizador planta P,SetPoint Temp Heat,float64,5000,0,0.0,True,,,,,,14.8 | 14.8 | 14.8 | 14.8 | 14.8
D:\Downloads\KTH\Masters Thesis\thesis-heat-detection\Data\old\20231025_Data_Montserrat v2.xlsx,Climatizador planta P,Supply Temperature,float64,5000,0,0.0,True,supply_temperature_candidate,sup;supply,,,,17.049999237060547 | 16.770000457763672 | 16.770000457763672 | 16.559999465942383 | 16.559999465942383
D:\Downloads\KTH\Masters Thesis\thesis-heat-detection\Data\old\20231025_Data_Montserrat v2.xlsx,Electric meter,Time stamp,datetime64[us],5000,0,0.0,False,timestamp_candidate,time,2023-04-08T23:00:00,2023-11-03T10:00:00,0 days 01:00:00,2023-11-03 10:00:00 | 2023-11-03 09:00:00 | 2023-11-03 08:00:00 | 2023-11-03 07:00:00 | 2023-11-03 06:00:00
D:\Downloads\KTH\Masters Thesis\thesis-heat-detection\Data\old\20231025_Data_Montserrat v2.xlsx,Electric meter,Bar Frankfurt [kWh],int64,5000,0,0.0,True,power_or_energy_candidate,kw,,,,199573 | 199564 | 199554 | 199550 | 199545
D:\Downloads\KTH\Masters Thesis\thesis-heat-detection\Data\old\20231025_Data_Montserrat v2.xlsx,Electric meter,Cuina P1 [kWh],int64,5000,0,0.0,True,power_or_energy_candidate,kw,,,,74880 | 74877 | 74875 | 74874 | 74873
D:\Downloads\KTH\Masters Thesis\thesis-heat-detection\Data\old\20231025_Data_Montserrat v2.xlsx,Electric meter,Fusteria [kWh],int64,5000,0,0.0,True,power_or_energy_candidate,kw,,,,67553 | 67551 | 67550 | 67549 | 67549
D:\Downloads\KTH\Masters Thesis\thesis-heat-detection\Data\old\20231025_Data_Montserrat v2.xlsx,Electric meter,Inferneria [kWh],float64,5000,0,0.0,True,power_or_energy_candidate,kw,,,,22329.580078125 | 22328.16015625 | 22326.66015625 | 22325.130859375 | 22325.060546875
D:\Downloads\KTH\Masters Thesis\thesis-heat-detection\Data\old\20231025_Data_Montserrat v2.xlsx,Electric meter,Mossos [kWh],float64,5000,0,0.0,True,power_or_energy_candidate,kw,,,,49454.0 | 49452.6015625 | 49451.30078125 | 49449.8984375 | 49448.6015625
D:\Downloads\KTH\Masters Thesis\thesis-heat-detection\Data\old\20231025_Data_Montserrat v2.xlsx,Electric meter,General [kWh],int64,5000,0,0.0,True,power_or_energy_candidate,kw,,,,394667 | 394653 | 394640 | 394631 | 394626
D:\Downloads\KTH\Masters Thesis\thesis-heat-detection\Data\old\20231025_Data_Montserrat v2.xlsx,Water meter,Time stamp,datetime64[us],5000,0,0.0,False,timestamp_candidate,time,2023-04-08T23:00:00,2023-11-03T10:00:00,0 days 01:00:00,2023-11-03 10:00:00 | 2023-11-03 09:00:00 | 2023-11-03 08:00:00 | 2023-11-03 07:00:00 | 2023-11-03 06:00:00
D:\Downloads\KTH\Masters Thesis\thesis-heat-detection\Data\old\20231025_Data_Montserrat v2.xlsx,Water meter,Total (1) [m3],float64,5000,0,0.0,True,flow_candidate,m3,,,,327.79998779296875 | 327.79998779296875 | 327.79998779296875 | 327.79998779296875 | 327.79998779296875
D:\Downloads\KTH\Masters Thesis\thesis-heat-detection\Data\old\20231025_Data_Montserrat v2.xlsx,Water meter,Total (2) [m3],int64,5000,0,0.0,True,flow_candidate,m3,,,,26 | 26 | 26 | 26 | 26
D:\Downloads\KTH\Masters Thesis\thesis-heat-detection\Data\old\20231025_Data_Montserrat v2.xlsx,Water meter,Total (3) [m3],float64,5000,0,0.0,True,flow_candidate,m3,,,,231.8000030517578 | 231.8000030517578 | 231.8000030517578 | 231.8000030517578 | 231.8000030517578
D:\Downloads\KTH\Masters Thesis\thesis-heat-detection\Data\old\20231025_Data_Montserrat v2.xlsx,Water meter,Total (4) [m3],int64,5000,0,0.0,True,flow_candidate,m3,,,,9 | 9 | 9 | 9 | 9
D:\Downloads\KTH\Masters Thesis\thesis-heat-detection\Data\old\20231025_Data_Montserrat v2.xlsx,Water meter,Total (5) [m3],float64,5000,0,0.0,True,flow_candidate,m3,,,,17.700000762939453 | 17.700000762939453 | 17.700000762939453 | 17.700000762939453 | 17.700000762939453
D:\Downloads\KTH\Masters Thesis\thesis-heat-detection\Data\old\20231025_Data_Montserrat v2.xlsx,Water meter,Total (6) [m3],float64,5000,0,0.0,True,flow_candidate,m3,,,,60.29999923706055 | 60.29999923706055 | 60.29999923706055 | 60.29999923706055 | 60.29999923706055
D:\Downloads\KTH\Masters Thesis\thesis-heat-detection\Data\old\20231025_Data_Montserrat v2.xlsx,Water meter,Total (7) [m3],float64,5000,0,0.0,True,flow_candidate,m3,,,,68.19999694824219 | 68.19999694824219 | 68.19999694824219 | 68.19999694824219 | 68.19999694824219
D:\Downloads\KTH\Masters Thesis\thesis-heat-detection\Data\old\20231025_Data_Montserrat v2.xlsx,Water meter,Total (8) [m3],float64,5000,0,0.0,True,flow_candidate,m3,,,,111.0999984741211 | 111.0999984741211 | 111.0999984741211 | 111.0999984741211 | 111.0999984741211
D:\Downloads\KTH\Masters Thesis\thesis-heat-detection\Data\old\20231025_Data_Montserrat v2.xlsx,Water meter,Total (9) [m3],int64,5000,0,0.0,True,flow_candidate,m3,,,,1928 | 1928 | 1928 | 1928 | 1928
D:\Downloads\KTH\Masters Thesis\thesis-heat-detection\Data\old\20231025_Data_Montserrat v2.xlsx,Water meter,Total (10) [m3],int64,5000,0,0.0,True,flow_candidate,m3,,,,0 | 0 | 0 | 0 | 0
